mtllib model.mtl
o object_0
g object_0
usemtl object_0
v 0.0011861220700666308 0.1230926513671875 -0.1670469045639038 
v -0.001016263384371996 0.11089631915092468 -0.15613995492458344 
v -0.001209385460242629 0.10317054390907288 -0.16156484186649323 
v -0.007088145241141319 0.09731768071651459 -0.15671665966510773 
v -0.002122967503964901 0.0885315015912056 -0.16344743967056274 
v -0.005656925495713949 0.07672420889139175 -0.1626652330160141 
v -0.06227520480751991 0.117706298828125 -0.147195965051651 
v -0.07115264981985092 0.10128557682037354 -0.1434498429298401 
v -0.07411517947912216 0.10603844374418259 -0.14974559843540192 
v -0.074577696621418 0.08699426054954529 -0.14535729587078094 
v 0.04295296221971512 0.16588567197322845 -0.052186235785484314 
v 0.05540536716580391 0.1649457812309265 -0.05740811675786972 
v 0.06249885633587837 0.17021335661411285 -0.0756068080663681 
v 0.06513290107250214 0.16651228070259094 -0.07133368402719498 
v -0.0845966786146164 0.2744321823120117 -0.17821238934993744 
v -0.0686032623052597 0.2647887170314789 -0.1767159253358841 
v -0.07969587296247482 0.2618330121040344 -0.17661318182945251 
v -0.07555785775184631 0.24912197887897491 -0.16774128377437592 
v -0.06072096899151802 0.25490081310272217 -0.17684021592140198 
v -0.06725317239761353 0.24261842668056488 -0.17460215091705322 
v -0.07089779525995255 0.22364653646945953 -0.16072463989257812 
v -0.06182855740189552 0.2370857447385788 -0.17367161810398102 
v -0.06088278815150261 0.22683462500572205 -0.16190043091773987 
v -0.054837800562381744 0.23556745052337646 -0.17088335752487183 
v -0.052701111882925034 0.2456773966550827 -0.17759589850902557 
v -0.047426410019397736 0.29719120264053345 -0.061517179012298584 
v -0.052388060837984085 0.2915586829185486 -0.07055065035820007 
v -0.045994751155376434 0.28111132979393005 -0.06346854567527771 
v -0.052071038633584976 0.2746438980102539 -0.07205457240343094 
v -0.05215172842144966 0.2671918272972107 -0.06281311810016632 
v -0.04792112112045288 0.26757916808128357 -0.055249594151973724 
v -0.04063979908823967 0.2470390498638153 -0.051503460854291916 
v -0.04245505854487419 0.27328914403915405 -0.05187136307358742 
v -0.03396385908126831 0.2759625315666199 -0.047299109399318695 
v -0.04885498434305191 0.28673696517944336 -0.05310681462287903 
v -0.04597446694970131 0.30259475111961365 -0.05022657662630081 
v -0.04274430125951767 0.2529745399951935 -0.06237064301967621 
v -0.045798540115356445 0.2413652241230011 -0.06605711579322815 
v -0.046367764472961426 0.23644192516803741 -0.05782407522201538 
v -0.04857632517814636 0.25919580459594727 -0.07073543220758438 
v -0.052071038633584976 0.2746438980102539 -0.07205457240343094 
v -0.000007002050097071333 -0.3920125663280487 0.026383938267827034 
v 0.000005784571840194985 -0.3920091390609741 0.026383938267827034 
v -0.000007002050097071333 -0.3896903693675995 0.025909975171089172 
v 0.000005784571840194985 -0.38969898223876953 0.025912461802363396 
v -0.07020555436611176 0.24140481650829315 -0.13515962660312653 
v -0.07428933680057526 0.2575380504131317 -0.12843133509159088 
v -0.07918793708086014 0.24964357912540436 -0.14116039872169495 
v -0.07566192001104355 0.26758086681365967 -0.14462149143218994 
v -0.07368351519107819 0.254353404045105 -0.15159836411476135 
v -0.07134974002838135 0.24459117650985718 -0.14759866893291473 
v -0.07020555436611176 0.24140481650829315 -0.13515962660312653 
v -0.06841587275266647 0.23058390617370605 -0.14112144708633423 
v -0.07951422035694122 0.24609225988388062 -0.15723206102848053 
v -0.07630301266908646 0.2260565459728241 -0.14925090968608856 
v -0.07368351519107819 0.254353404045105 -0.15159836411476135 
v -0.08237004280090332 0.2660815119743347 -0.15407754480838776 
v -0.08828936517238617 0.27678537368774414 -0.1692982316017151 
v -0.07630301266908646 0.2260565459728241 -0.14925090968608856 
v -0.07081490755081177 0.21131421625614166 -0.1475265771150589 
v -0.07969587296247482 0.2618330121040344 -0.17661318182945251 
v -0.0157279334962368 -0.2653772830963135 0.02620081603527069 
v -0.013238510116934776 -0.2793501317501068 0.030226189643144608 
v -0.010654290206730366 -0.2899025082588196 0.040586262941360474 
v -0.0025466897059231997 -0.315309077501297 0.04110828414559364 
v -0.05793260410428047 0.24307115375995636 -0.0724920779466629 
v -0.052248287945985794 0.23510093986988068 -0.0765472799539566 
v -0.05286777764558792 0.2469908595085144 -0.06645236164331436 
v -0.07295071333646774 0.15384428203105927 -0.0952945128083229 
v -0.06991983950138092 0.16313138604164124 -0.08285877853631973 
v -0.06620995700359344 0.16322262585163116 -0.0938287079334259 
v -0.06158825382590294 0.16897736489772797 -0.07233215868473053 
v -0.000007002050097071333 -0.3896903693675995 0.025909975171089172 
v 0.000005784571840194985 -0.38969898223876953 0.025912461802363396 
v -0.000007002050097071333 -0.3920125663280487 0.026383938267827034 
v 0.000005784571840194985 -0.3920091390609741 0.026383938267827034 
v -0.05522404611110687 0.18129591643810272 -0.03930388018488884 
v -0.044884517788887024 0.1921684741973877 -0.03370332717895508 
v -0.04991450905799866 0.17694415152072906 -0.03582124412059784 
v -0.033980175852775574 0.1856597512960434 -0.030128715559840202 
v -0.03340565785765648 0.17359423637390137 -0.04007697105407715 
v -0.02633686177432537 0.1754792034626007 -0.033300623297691345 
v -0.0300590917468071 0.19477644562721252 -0.0251753032207489 
v -0.030563943088054657 0.1862536370754242 -0.023910848423838615 
v 0.011702457442879677 0.1227724626660347 -0.016078026965260506 
v 0.01416763011366129 0.1395236998796463 -0.022672081366181374 
v 0.005102796480059624 0.13344188034534454 -0.020456386730074883 
v 0.005283573176711798 0.14857670664787292 -0.019829129800200462 
v 0.01965661719441414 0.15168043971061707 -0.016371354460716248 
v 0.022542426362633705 0.14113840460777283 -0.02806299924850464 
v 0.02668573334813118 0.14993663132190704 -0.022802172228693962 
v 0.008698482997715473 0.16178351640701294 -0.017934106290340424 
v -0.00125568185467273 0.1550114005804062 -0.029755013063549995 
v 0.0009198075858876109 0.13524077832698822 -0.026192832738161087 
v 0.005102796480059624 0.13344188034534454 -0.020456386730074883 
v 0.0022183111868798733 0.12466947734355927 -0.017483344301581383 
v 0.06494154036045074 0.28510674834251404 -0.08237653225660324 
v 0.07318494468927383 0.2966024577617645 -0.08382576704025269 
v 0.07035954296588898 0.2979004383087158 -0.07596725225448608 
v 0.07157250493764877 0.3084045946598053 -0.08343549072742462 
v 0.06411437690258026 0.3066917657852173 -0.07785648107528687 
v 0.06453060358762741 0.3199794888496399 -0.07546677440404892 
v 0.06298298388719559 0.31153932213783264 -0.06914118677377701 
v 0.059610843658447266 0.2948397099971771 -0.07736925780773163 
v 0.06494154036045074 0.28510674834251404 -0.08237653225660324 
v 0.025090491399168968 -0.14755229651927948 -0.04550351947546005 
v 0.023919854313135147 -0.1620880514383316 -0.01849673129618168 
v 0.02228493057191372 -0.1835387945175171 -0.05221192166209221 
v 0.023954685777425766 -0.20872503519058228 -0.016706939786672592 
v 0.02181270718574524 -0.2078419327735901 -0.03556603565812111 
v 0.02082681469619274 -0.22267206013202667 -0.017624206840991974 
v 0.025418974459171295 -0.228101447224617 -0.022793058305978775 
v 0.015330771915614605 -0.23407137393951416 -0.0012351894984021783 
v 0.021962178871035576 -0.2560454308986664 0.011660421267151833 
v 0.00546258594840765 -0.25310176610946655 0.02570365183055401 
v 0.012356339022517204 -0.2752324938774109 0.03382151573896408 
v -0.0021547137293964624 -0.2845247685909271 0.04586780443787575 
v 0.007388956379145384 -0.29287198185920715 0.044998593628406525 
v -0.0025466897059231997 -0.315309077501297 0.04110828414559364 
v 0.020702475681900978 -0.19782665371894836 -0.002817000262439251 
v 0.0060631162486970425 -0.2284715622663498 0.007767625618726015 
v -0.0050788819789886475 -0.23354977369308472 0.008107354864478111 
v -0.009178978390991688 -0.2519914507865906 0.021877145394682884 
v -0.010654290206730366 -0.2899025082588196 0.040586262941360474 
v -0.0029527752194553614 -0.1896619200706482 0.004077009856700897 
v 0.011500516906380653 -0.1851552128791809 0.0010617091320455074 
v 0.003869989886879921 -0.1773175448179245 0.008533257991075516 
v 0.010320179164409637 -0.17145606875419617 0.008696493692696095 
v 0.004290184937417507 -0.16621087491512299 0.03361104801297188 
v 0.007488604169338942 -0.1587071567773819 0.02994612045586109 
v 0.005933486390858889 -0.14777091145515442 0.06351464986801147 
v 0.006376608740538359 -0.1370825618505478 0.05577794462442398 
v 0.016317546367645264 -0.16583043336868286 -0.0015368025051429868 
v 0.014920718036592007 -0.15302300453186035 -0.007511887699365616 
v 0.010524324141442776 -0.14767107367515564 0.017679423093795776 
v 0.0072632948867976665 -0.14363260567188263 0.002916960045695305 
v 0.04899397864937782 0.3925653100013733 -0.10765981674194336 
v 0.04157288745045662 0.369668573141098 -0.09744226187467575 
v 0.04006274417042732 0.37548527121543884 -0.11524157226085663 
v 0.04157112538814545 0.35539618134498596 -0.10710381716489792 
v 0.044519100338220596 0.3608737885951996 -0.1201295256614685 
v 0.05959276482462883 0.3503575623035431 -0.13675469160079956 
v 0.050481636077165604 0.3631357252597809 -0.13022692501544952 
v 0.054142579436302185 0.36700379848480225 -0.1545548290014267 
v 0.048764701932668686 0.3869723677635193 -0.13605037331581116 
v 0.05142916738986969 0.385894775390625 -0.15808552503585815 
v 0.03648778051137924 0.39284074306488037 -0.11959341168403625 
v -0.06454284489154816 0.28329065442085266 -0.08771856129169464 
v -0.07517381757497787 0.29610323905944824 -0.09640401601791382 
v -0.07623555511236191 0.28143495321273804 -0.09006020426750183 
v -0.08709447830915451 0.2904621362686157 -0.09670977294445038 
v -0.0907973125576973 0.30693620443344116 -0.09866943210363388 
v -0.07294321805238724 0.3078881502151489 -0.09014803171157837 
v -0.08463900536298752 0.32105711102485657 -0.09439796209335327 
v -0.07709578424692154 0.3181065618991852 -0.09156578034162521 
v -0.09095647931098938 0.2880331873893738 -0.10615921020507812 
v -0.10164521634578705 0.3133416473865509 -0.11294467002153397 
v -0.09898339211940765 0.3266104459762573 -0.10456496477127075 
v -0.11387187242507935 0.3278980553150177 -0.11438644677400589 
v -0.11043447256088257 0.3183923363685608 -0.1260068267583847 
v -0.11080396175384521 0.32862451672554016 -0.1341942995786667 
v -0.09964124113321304 0.3122020661830902 -0.14167910814285278 
v -0.10225324332714081 0.32707521319389343 -0.14803451299667358 
v -0.10102792829275131 0.3191945254802704 -0.16109833121299744 
v -0.09937360882759094 0.3314838111400604 -0.16051168739795685 
v -0.1052267923951149 0.3232932388782501 -0.17687833309173584 
v -0.0879904255270958 0.3313288688659668 -0.09890060871839523 
v -0.08443133533000946 0.3441242575645447 -0.0884651318192482 
v -0.08032198250293732 0.32407820224761963 -0.08413483202457428 
v -0.07661473751068115 0.33988094329833984 -0.07744134962558746 
v -0.0735979825258255 0.32687726616859436 -0.0755280926823616 
v -0.06483561545610428 0.3360387086868286 -0.06873185932636261 
v -0.05988410860300064 0.3234137296676636 -0.06024443730711937 
v -0.06197185441851616 0.3375639021396637 -0.05926419422030449 
v -0.05522669106721878 0.32962292432785034 -0.05067402496933937 
v -0.08605347573757172 0.3452896773815155 -0.10612109303474426 
v -0.09270428121089935 0.3398206830024719 -0.10680966824293137 
v -0.10765492916107178 0.3401012718677521 -0.10814786702394485 
v -0.1157590001821518 0.33814746141433716 -0.11927025765180588 
v -0.10135067999362946 0.3481937348842621 -0.11352303624153137 
v -0.11085467040538788 0.3470816910266876 -0.12187208235263824 
v -0.09150762856006622 0.34816789627075195 -0.11697252839803696 
v -0.09439519792795181 0.35139214992523193 -0.12852828204631805 
v -0.10519901663064957 0.34239423274993896 -0.1343202441930771 
v -0.10003674775362015 0.3368598222732544 -0.14268751442432404 
v -0.1157590001821518 0.33814746141433716 -0.11927025765180588 
v -0.06441718339920044 0.23563458025455475 -0.08756940811872482 
v -0.06796657294034958 0.22460193932056427 -0.08722470700740814 
v -0.05633251368999481 0.22325749695301056 -0.08187605440616608 
v -0.0599837563931942 0.2147880643606186 -0.07356926798820496 
v -0.04654986411333084 0.22557109594345093 -0.06900861114263535 
v -0.04688628390431404 0.2034868746995926 -0.054347239434719086 
v -0.04039332643151283 0.2175612896680832 -0.05811823159456253 
v -0.04214729741215706 0.21000421047210693 -0.046864092350006104 
v -0.04341758415102959 0.22557282447814941 -0.05250027775764465 
v -0.041515905410051346 0.22239506244659424 -0.04497072473168373 
v -0.0730724036693573 0.219308540225029 -0.09039662033319473 
v -0.06320201605558395 0.2025710791349411 -0.07106024771928787 
v -0.06323596835136414 0.19350086152553558 -0.05172884464263916 
v -0.05813763290643692 0.1971365213394165 -0.03626372292637825 
v -0.07705345749855042 0.18404331803321838 -0.04492349177598953 
v -0.06901507824659348 0.18483173847198486 -0.03011380136013031 
v -0.049076326191425323 0.2121267318725586 -0.031656667590141296 
v -0.04164200648665428 0.22684839367866516 -0.036916665732860565 
v -0.03228263929486275 0.2276764065027237 -0.047181446105241776 
v -0.0607893131673336 0.1980006843805313 -0.020921234041452408 
v -0.0542990006506443 0.21160341799259186 -0.015871703624725342 
v -0.043939631432294846 0.21866300702095032 -0.02354377508163452 
v -0.07278316468000412 0.11176908761262894 -0.09033530205488205 
v -0.05656443536281586 0.12519796192646027 -0.09456119686365128 
v -0.06523112207651138 0.11723462492227554 -0.08367661386728287 
v -0.05587131157517433 0.13082531094551086 -0.08070274442434311 
v -0.023205460980534554 0.24217085540294647 -0.051578037440776825 
v -0.026460759341716766 0.23303693532943726 -0.04869614169001579 
v -0.015311706811189651 0.22920159995555878 -0.053134988993406296 
v -0.016233226284384727 0.22254310548305511 -0.045295536518096924 
v -0.002939988626167178 0.2220473289489746 -0.04270116984844208 
v -0.006921037100255489 0.20586071908473969 -0.03904121369123459 
v 0.013587381690740585 0.207845538854599 -0.0376872681081295 
v 0.00911735463887453 0.22326266765594482 -0.04832907021045685 
v -0.001322260475717485 0.23613207042217255 -0.052476245909929276 
v 0.020681751891970634 0.2505008578300476 -0.0430292971432209 
v 0.00763719342648983 0.26733988523483276 -0.0460023395717144 
v 0.013111189939081669 0.2558854818344116 -0.049934081733226776 
v 0.002737271599471569 0.2650279998779297 -0.05249778926372528 
v 0.0078206155449152 0.2491873949766159 -0.05129050835967064 
v 0.0059255496598780155 0.2815382182598114 -0.05236438289284706 
v 0.014358547516167164 0.27224594354629517 -0.0436176098883152 
v 0.01709047518670559 0.2828224301338196 -0.04969378560781479 
v 0.024461301043629646 0.2773396670818329 -0.04467988386750221 
v 0.020681751891970634 0.2505008578300476 -0.0430292971432209 
v 0.03313768655061722 0.27470070123672485 -0.04724110662937164 
v 0.02605389803647995 0.3032127618789673 -0.0436490960419178 
v 0.018917638808488846 0.2905137538909912 -0.04222472012042999 
v 0.035965293645858765 0.30371367931365967 -0.046965181827545166 
v 0.04028584808111191 0.2912350594997406 -0.05504244193434715 
v 0.03816503286361694 0.3021712899208069 -0.06022952124476433 
v 0.04176821559667587 0.29124537110328674 -0.06516304612159729 
v -0.052248287945985794 0.23510093986988068 -0.0765472799539566 
v -0.05686822906136513 0.24197804927825928 -0.0815528929233551 
v -0.06196656450629234 0.23217278718948364 -0.0786270797252655 
v -0.06441718339920044 0.23563458025455475 -0.08756940811872482 
v -0.05698904022574425 0.2575053572654724 -0.08051548153162003 
v -0.06672230362892151 0.25223949551582336 -0.08887612074613571 
v -0.0750613883137703 0.2378534972667694 -0.08826377987861633 
v -0.08133962005376816 0.2636680603027344 -0.09436730295419693 
v -0.06951992958784103 0.2668406665325165 -0.09338954836130142 
v -0.07623555511236191 0.28143495321273804 -0.09006020426750183 
v -0.08709447830915451 0.2904621362686157 -0.09670977294445038 
v -0.09095647931098938 0.2880331873893738 -0.10615921020507812 
v -0.08458036184310913 0.2664085924625397 -0.10366344451904297 
v -0.08408212661743164 0.2555205523967743 -0.1063249260187149 
v -0.07986122369766235 0.26941418647766113 -0.11396303027868271 
v -0.08211959898471832 0.2547149062156677 -0.11680266261100769 
v -0.07428933680057526 0.2575380504131317 -0.12843133509159088 
v -0.0736861601471901 0.24813561141490936 -0.12135668843984604 
v -0.07020555436611176 0.24140481650829315 -0.13515962660312653 
v -0.07562311738729477 0.23336228728294373 -0.129283145070076 
v -0.0792853832244873 0.23838886618614197 -0.10100775957107544 
v -0.0712553858757019 0.2357860654592514 -0.11213511973619461 
v -0.0765962228178978 0.22236579656600952 -0.10515410453081131 
v 0.020681751891970634 0.2505008578300476 -0.0430292971432209 
v 0.013266392983496189 0.24021874368190765 -0.04250893369317055 
v -0.001322260475717485 0.23613207042217255 -0.052476245909929276 
v 0.006869554985314608 0.2329956293106079 -0.044643424451351166 
v 0.06513290107250214 0.16651228070259094 -0.07133368402719498 
v 0.06432998925447464 0.16339649260044098 -0.0795145183801651 
v 0.06249885633587837 0.17021335661411285 -0.0756068080663681 
v 0.06828193366527557 0.17285919189453125 -0.1031571626663208 
v 0.07184058427810669 0.1810445934534073 -0.08589810878038406 
v 0.06324709206819534 0.18441687524318695 -0.06621040403842926 
v 0.046307023614645004 0.18072441220283508 -0.0564287006855011 
v 0.04295296221971512 0.16588567197322845 -0.052186235785484314 
v 0.029593145474791527 0.1774829477071762 -0.042650625109672546 
v 0.026900459080934525 0.16622135043144226 -0.0400877445936203 
v 0.03407992795109749 0.19223560392856598 -0.041242823004722595 
v 0.01692645438015461 0.1911080777645111 -0.03613031655550003 
v 0.015594881027936935 0.1775018870830536 -0.03973392769694328 
v -0.002880905522033572 0.1889614462852478 -0.03967592492699623 
v 0.0025595815386623144 0.17247875034809113 -0.03742874413728714 
v -0.009107990190386772 0.16671541333198547 -0.037250593304634094 
v -0.00125568185467273 0.1550114005804062 -0.029755013063549995 
v -0.010585065931081772 0.15307480096817017 -0.03783227503299713 
v -0.021598756313323975 0.17662912607192993 -0.03944060206413269 
v -0.022205900400877 0.15534363687038422 -0.03799799457192421 
v -0.027917994186282158 0.19492276012897491 -0.03709150105714798 
v -0.03792242333292961 0.18824361264705658 -0.04424237832427025 
v -0.036703284829854965 0.1764741986989975 -0.048648081719875336 
v -0.050552960485219955 0.18419653177261353 -0.05574178695678711 
v -0.06158825382590294 0.16897736489772797 -0.07233215868473053 
v -0.04469360038638115 0.16771383583545685 -0.05317641794681549 
v -0.03340565785765648 0.17359423637390137 -0.04007697105407715 
v -0.021598756313323975 0.17662912607192993 -0.03944060206413269 
v -0.02633686177432537 0.1754792034626007 -0.033300623297691345 
v 0.005102796480059624 0.13344188034534454 -0.020456386730074883 
v 0.006107207853347063 0.12335602939128876 -0.006187773775309324 
v 0.011702457442879677 0.1227724626660347 -0.016078026965260506 
v 0.006017701700329781 0.11279505491256714 -0.0069956653751432896 
v 0.0393696203827858 0.36418065428733826 -0.06187347695231438 
v 0.05439610779285431 0.3556148111820221 -0.06281974911689758 
v 0.0706867054104805 0.3571555018424988 -0.08557827025651932 
v 0.06320124119520187 0.3454669713973999 -0.0648912638425827 
v 0.07319861650466919 0.3349524736404419 -0.07707510143518448 
v 0.06432513892650604 0.3289722502231598 -0.06656339764595032 
v 0.07967217266559601 0.3199743330478668 -0.07905630022287369 
v 0.04792563617229462 0.3329625129699707 -0.0551634207367897 
v 0.0393696203827858 0.36418065428733826 -0.06187347695231438 
v 0.04965227097272873 0.31577232480049133 -0.06744585931301117 
v 0.04482818394899368 0.3179585337638855 -0.054601624608039856 
v 0.0351950079202652 0.3324960172176361 -0.043953195214271545 
v 0.03777790814638138 0.3144485354423523 -0.05034921318292618 
v 0.035965293645858765 0.30371367931365967 -0.046965181827545166 
v 0.03816503286361694 0.3021712899208069 -0.06022952124476433 
v 0.038932230323553085 0.3478907644748688 -0.0508662648499012 
v 0.028305664658546448 0.36294466257095337 -0.05531422421336174 
v 0.021347979083657265 0.3667559027671814 -0.06414966285228729 
v 0.01630123145878315 0.3667214810848236 -0.04877568781375885 
v 0.033088743686676025 0.3640119433403015 -0.045569807291030884 
v 0.025484230369329453 0.3624902069568634 -0.03287554904818535 
v 0.036758944392204285 0.3563171625137329 -0.0395466610789299 
v 0.03370029851794243 0.3484949767589569 -0.034869175404310226 
v 0.021399125456809998 0.3428710699081421 -0.03033752366900444 
v 0.007833843119442463 0.35050904750823975 -0.03360472247004509 
v 0.012228913605213165 0.3622199296951294 -0.03882908821105957 
v 0.002521662740036845 0.3583226203918457 -0.04549937695264816 
v 0.009200247935950756 0.3614211976528168 -0.05510292947292328 
v 0.021347979083657265 0.3667559027671814 -0.06414966285228729 
v 0.013407927937805653 0.3570074439048767 -0.06496500968933105 
v 0.022658387199044228 0.35759273171424866 -0.07372339069843292 
v -0.004372972063720226 0.34861546754837036 -0.042777400463819504 
v 0.005691863130778074 0.3337784707546234 -0.03958892077207565 
v 0.02248290181159973 0.3299672305583954 -0.038717228919267654 
v 0.02605389803647995 0.3032127618789673 -0.0436490960419178 
v -0.008694409392774105 0.33570989966392517 -0.043432001024484634 
v -0.01907714642584324 0.35229071974754333 -0.04433600977063179 
v -0.0249034371227026 0.3362039625644684 -0.04439815506339073 
v -0.036254871636629105 0.3484002947807312 -0.03559834882616997 
v -0.04442816600203514 0.33848831057548523 -0.037329308688640594 
v -0.055025190114974976 0.3483847975730896 -0.03551383316516876 
v -0.0580388642847538 0.3381715714931488 -0.038485217839479446 
v -0.06736119836568832 0.3434460163116455 -0.04191316291689873 
v -0.06848068535327911 0.3421635627746582 -0.05151091888546944 
v -0.06197185441851616 0.3375639021396637 -0.05926419422030449 
v -0.07038456946611404 0.3522166907787323 -0.0529518686234951 
v -0.06057370454072952 0.34733128547668457 -0.06201351433992386 
v -0.06321833282709122 0.3575341999530792 -0.05337528511881828 
v -0.05337042734026909 0.3525007367134094 -0.05466708168387413 
v -0.035838644951581955 0.3282302916049957 -0.04604874178767204 
v -0.020790113136172295 0.32542091608047485 -0.05258065089583397 
v -0.015393276698887348 0.3282147943973541 -0.04553666338324547 
v -0.007981444709002972 0.32510244846343994 -0.050746116787195206 
v 0.0029669897630810738 0.3259373605251312 -0.04885523393750191 
v 0.01708342134952545 0.32419353723526 -0.04308398440480232 
v 0.02605389803647995 0.3032127618789673 -0.0436490960419178 
v 0.013264629989862442 0.3143813908100128 -0.048965439200401306 
v 0.0020926494617015123 0.3105408847332001 -0.050707168877124786 
v 0.01750405691564083 0.305073618888855 -0.049069844186306 
v 0.01458165142685175 0.2960464358329773 -0.05049256235361099 
v 0.05655087158083916 0.2213897407054901 -0.15857771039009094 
v 0.051792483776807785 0.2057144045829773 -0.1560048907995224 
v 0.046645648777484894 0.21475191414356232 -0.16828235983848572 
v 0.04339476302266121 0.20062929391860962 -0.1656399369239807 
v 0.04586522653698921 0.20561456680297852 -0.1776265650987625 
v 0.04206054285168648 0.19161933660507202 -0.1777922809123993 
v 0.04313770681619644 0.17757247388362885 -0.1712438017129898 
v 0.04238991066813469 0.19031104445457458 -0.18979382514953613 
v 0.04977660998702049 0.17394885420799255 -0.19147838652133942 
v 0.05815008282661438 0.16337411105632782 -0.17990854382514954 
v 0.06250502914190292 0.15520592033863068 -0.19157367944717407 
v 0.07034807652235031 0.14995728433132172 -0.17671343684196472 
v 0.05390360206365585 0.16939911246299744 -0.1677122861146927 
v 0.06692259013652802 0.16268381476402283 -0.16887812316417694 
v 0.08330313116312027 0.15671561658382416 -0.16354355216026306 
v 0.06013553589582443 0.18123911321163177 -0.15254877507686615 
v 0.07696229219436646 0.17292632162570953 -0.15871858596801758 
v 0.0929962694644928 0.18650151789188385 -0.1499900370836258 
v 0.09800466150045395 0.1732344627380371 -0.15513567626476288 
v 0.10790282487869263 0.18204990029335022 -0.14146201312541962 
v 0.054235171526670456 0.1933373212814331 -0.1618880033493042 
v 0.06029162183403969 0.19835013151168823 -0.15256036818027496 
v 0.051792483776807785 0.2057144045829773 -0.1560048907995224 
v 0.05927089601755142 0.2095273733139038 -0.14803700149059296 
v 0.06789172440767288 0.20913316309452057 -0.14605994522571564 
v 0.07272947579622269 0.20700547099113464 -0.14140483736991882 
v 0.07510469853878021 0.22819627821445465 -0.1535687893629074 
v 0.0789548009634018 0.22588267922401428 -0.14042624831199646 
v 0.07561484724283218 0.20320799946784973 -0.13280804455280304 
v 0.0754556730389595 0.2175595611333847 -0.12619243562221527 
v 0.0684666782617569 0.2072705775499344 -0.12483517825603485 
v 0.06821844726800919 0.2234606295824051 -0.1196771040558815 
v 0.0742497593164444 0.18824705481529236 -0.12157709896564484 
v 0.06831500679254532 0.21247102320194244 -0.1156003549695015 
v 0.07298388332128525 0.20643052458763123 -0.10929466038942337 
v 0.06541024148464203 0.21713437139987946 -0.10321268439292908 
v 0.07061483711004257 0.2102004587650299 -0.0989072397351265 
v 0.07002885639667511 0.22264982759952545 -0.08886286616325378 
v 0.07193582504987717 0.1988527774810791 -0.09562595933675766 
v 0.07143097370862961 0.21890056133270264 -0.0810689851641655 
v 0.07891026884317398 0.18507617712020874 -0.10563469678163528 
v 0.09212325513362885 0.17707841098308563 -0.10940071940422058 
v 0.09417440742254257 0.17956243455410004 -0.12374887615442276 
v 0.10263782739639282 0.16928377747535706 -0.11793868243694305 
v 0.10790282487869263 0.18204990029335022 -0.14146201312541962 
v 0.09983667731285095 0.1699327677488327 -0.09651505202054977 
v 0.0896933525800705 0.18280905485153198 -0.09742817282676697 
v 0.09143189340829849 0.1978268176317215 -0.08378516137599945 
v 0.08285251259803772 0.21396522223949432 -0.08172275871038437 
v 0.07143097370862961 0.21890056133270264 -0.0810689851641655 
v 0.07986926287412643 0.21719634532928467 -0.07291963696479797 
v 0.015781830996274948 0.3863406181335449 -0.21718674898147583 
v 0.01801111176609993 0.42246654629707336 -0.20967790484428406 
v 0.009004038758575916 0.42390909790992737 -0.20519016683101654 
v 0.01513676717877388 0.4461052119731903 -0.2044411152601242 
v 0.022046834230422974 0.45708104968070984 -0.21393363177776337 
v 0.013340908102691174 0.4611608386039734 -0.21236011385917664 
v 0.005966995842754841 0.4471673369407654 -0.20766273140907288 
v 0.021817998960614204 0.4696371555328369 -0.22894136607646942 
v 0.014360751956701279 0.46754562854766846 -0.2286248356103897 
v 0.007752713747322559 0.45415979623794556 -0.21865668892860413 
v 0.01795952394604683 0.4655522108078003 -0.25455278158187866 
v 0.025600193068385124 0.4638548791408539 -0.2286389172077179 
v 0.026351075619459152 0.4622642695903778 -0.24468737840652466 
v 0.01795952394604683 0.4655522108078003 -0.25455278158187866 
v 0.09256284683942795 0.19036442041397095 -0.13583576679229736 
v 0.08622288703918457 0.20229220390319824 -0.14180339872837067 
v 0.0000035799819215753814 -0.3695255219936371 0.022383423522114754 
v 0.0000031390638923767256 -0.3671051859855652 0.022017180919647217 
v 0.0000031390638923767256 -0.36952725052833557 0.022387567907571793 
v 0.000002698146090551745 -0.36710691452026367 0.022021323442459106 
v -0.019410040229558945 0.29417523741722107 -0.05480711907148361 
v -0.026242505759000778 0.30727705359458923 -0.05574675649404526 
v -0.027558645233511925 0.2950359582901001 -0.049284450709819794 
v -0.03619755059480667 0.3100365102291107 -0.04777473211288452 
v 0.002737271599471569 0.2650279998779297 -0.05249778926372528 
v -0.0008041817927733064 0.257844477891922 -0.0463859848678112 
v 0.0078206155449152 0.2491873949766159 -0.05129050835967064 
v -0.005132673773914576 0.24962292611598969 -0.04642990231513977 
v -0.001322260475717485 0.23613207042217255 -0.052476245909929276 
v 0.04257509484887123 0.24298164248466492 -0.19878007471561432 
v 0.035186633467674255 0.23913080990314484 -0.20446597039699554 
v 0.04773736372590065 0.2503924071788788 -0.20490844547748566 
v 0.04607774689793587 0.26441171765327454 -0.21441754698753357 
v 0.03471837565302849 0.2627298831939697 -0.21651805937290192 
v 0.02476421184837818 0.25157156586647034 -0.2087250053882599 
v 0.022101949900388718 0.26338058710098267 -0.20900674164295197 
v 0.015007137320935726 0.2523617148399353 -0.2028435617685318 
v 0.00812573079019785 0.26189500093460083 -0.20941773056983948 
v 0.002811345737427473 0.24978645145893097 -0.21119342744350433 
v -0.0037376091349869967 0.2604920268058777 -0.2110069990158081 
v -0.007865042425692081 0.2491891235113144 -0.20470792055130005 
v -0.01337343081831932 0.25888592004776 -0.21159033477306366 
v -0.01646118052303791 0.24776893854141235 -0.20640988647937775 
v -0.018538786098361015 0.26450467109680176 -0.21635067462921143 
v 0.02669234573841095 0.23773816227912903 -0.19630585610866547 
v 0.029686179012060165 0.21785220503807068 -0.19561313092708588 
v 0.022527875378727913 0.22327987849712372 -0.19124554097652435 
v 0.023255832493305206 0.21126945316791534 -0.186093270778656 
v 0.01456533744931221 0.22550567984580994 -0.18976399302482605 
v 0.013104135170578957 0.21485692262649536 -0.18643216788768768 
v 0.015492147766053677 0.2050241082906723 -0.18763944506645203 
v 0.006986398249864578 0.20575743913650513 -0.18213997781276703 
v 0.05566683039069176 0.14997278153896332 -0.1703016757965088 
v 0.043732061982154846 0.1570754051208496 -0.18316496908664703 
v 0.04960685595870018 0.1449582576751709 -0.17095544934272766 
v 0.034717053174972534 0.14815667271614075 -0.17725202441215515 
v 0.03391943499445915 0.14408203959465027 -0.16615036129951477 
v 0.0030631099361926317 0.2428731918334961 -0.20031796395778656 
v 0.03413989394903183 0.12455414235591888 -0.1658131182193756 
v 0.035650476813316345 0.13577786087989807 -0.18393805623054504 
v 0.04339520260691643 0.1265888810157776 -0.164430171251297 
v 0.0568392314016819 0.13694672286510468 -0.1783234179019928 
v 0.05135773867368698 0.1259932667016983 -0.16019101440906525 
v 0.042557016015052795 0.145793154835701 -0.19228047132492065 
v 0.03536520525813103 0.1561957448720932 -0.1942078173160553 
v 0.04723956808447838 0.15812547504901886 -0.194753035902977 
v 0.060822926461696625 0.14645934104919434 -0.1794685572385788 
v 0.000004461818207346369 -0.3744643032550812 0.02316480129957199 
v 0.0000035799819215753814 -0.37196651101112366 0.022763755172491074 
v 0.0000013753920029557776 -0.3744626045227051 0.02316894382238388 
v 0.0000035799819215753814 -0.37196651101112366 0.022767897695302963 
v 0.0000035799819215753814 -0.3695255219936371 0.022383423522114754 
v 0.0000031390638923767256 -0.36952725052833557 0.022387567907571793 
v 0.0038907129783183336 0.08155110478401184 -0.17068780958652496 
v -0.0029563026037067175 0.0941106528043747 -0.17551030218601227 
v -0.002122967503964901 0.0885315015912056 -0.16344743967056274 
v -0.00556300999596715 0.09768778830766678 -0.1656755656003952 
v -0.000001711033974061138 -0.35890257358551025 0.02084718644618988 
v 9.344739737571217e-7 -0.3592606484889984 0.020896904170513153 
v -0.0000030337880616571056 -0.3621044456958771 0.021292148157954216 
v 0.0000013753920029557776 -0.3621044456958771 0.021288834512233734 
v -0.025923721492290497 0.11397595703601837 -0.17338906228542328 
v -0.015797598287463188 0.11378143727779388 -0.17690153419971466 
v -0.018455011770129204 0.10635863244533539 -0.15992586314678192 
v -0.013518493622541428 0.1027505099773407 -0.1649613082408905 
v -0.007088145241141319 0.09731768071651459 -0.15671665966510773 
v 0.0000013753920029557776 -0.3744626045227051 0.02316894382238388 
v -0.0000012701159448624821 -0.3769724369049072 0.023585733026266098 
v 0.000004461818207346369 -0.3744643032550812 0.02316480129957199 
v 0.000004461818207346369 -0.3769758641719818 0.0235807616263628 
v -0.05920465290546417 0.1433556079864502 -0.07137180119752884 
v -0.07082769274711609 0.12901264429092407 -0.0750914141535759 
v -0.05587131157517433 0.13082531094551086 -0.08070274442434311 
v -0.06523112207651138 0.11723462492227554 -0.08367661386728287 
v -0.07191278785467148 0.11976168304681778 -0.07932642847299576 
v -0.07554110884666443 0.1058594137430191 -0.0781904086470604 
v -0.07171305269002914 0.10080185532569885 -0.08579950779676437 
v -0.08092912286520004 0.09433615952730179 -0.0824875608086586 
v 0.0036530583165585995 0.022872718051075935 0.036768872290849686 
v -0.004507011268287897 0.022359730675816536 0.03848077356815338 
v 0.0006235106848180294 0.02577504888176918 0.07920100539922714 
v -0.007898552343249321 0.021259738132357597 0.0765751525759697 
v -0.003252599388360977 0.03552178665995598 0.09768805652856827 
v -0.009381800889968872 0.027785679325461388 0.09512849152088165 
v -0.008790970779955387 0.05244516208767891 0.11064498126506805 
v -0.012900326400995255 0.040331460535526276 0.11585526913404465 
v -0.011529953218996525 0.08483214676380157 0.11753402650356293 
v -0.009617691859602928 0.09918715059757233 0.14572156965732574 
v -0.006381353363394737 0.10321013629436493 0.12660478055477142 
v -0.004545812029391527 0.11444074660539627 0.15321218967437744 
v 0.0022174292244017124 0.11133012175559998 0.13736756145954132 
v 0.005398652516305447 0.11635497212409973 0.15964631736278534 
v -0.0027354026678949594 0.08764496445655823 0.11045440286397934 
v -0.0021436905954033136 0.05684513971209526 0.10871681571006775 
v 0.006170259322971106 0.04000955447554588 0.10351978987455368 
v 0.0059802234172821045 0.06393571197986603 0.11032514274120331 
v 0.008982875384390354 0.08754167705774307 0.1153249591588974 
v 0.003210817463696003 0.10074160248041153 0.12046149373054504 
v 0.009956862777471542 0.10347867757081985 0.14017818868160248 
v 0.0022174292244017124 0.11133012175559998 0.13736756145954132 
v 0.005398652516305447 0.11635497212409973 0.15964631736278534 
v 0.045558344572782516 0.39153072237968445 -0.07877623289823532 
v 0.05314698442816734 0.38733214139938354 -0.08629252761602402 
v 0.05534716695547104 0.41096222400665283 -0.09776458889245987 
v 0.06206719949841499 0.4259197413921356 -0.10569436103105545 
v 0.05792653560638428 0.4315488040447235 -0.10508119314908981 
v 0.06036745756864548 0.4625242054462433 -0.10467351227998734 
v 0.054254572838544846 0.4488457441329956 -0.10600674152374268 
v 0.04542165994644165 0.4775695204734802 -0.11234641820192337 
v 0.06757823377847672 0.4550497829914093 -0.10786448419094086 
v 0.0640588253736496 0.47285106778144836 -0.11431435495615005 
v 0.05599399283528328 0.4827682375907898 -0.11336974799633026 
v 0.04597589373588562 0.48822343349456787 -0.12373644858598709 
v 0.038126230239868164 0.4885367453098297 -0.13416363298892975 
v 0.03308962658047676 0.4866793155670166 -0.13918748497962952 
v 0.03707508370280266 0.49858301877975464 -0.15105727314949036 
v -0.0000012701159448624821 -0.3769724369049072 0.023585733026266098 
v 0.000004461818207346369 -0.37942031025886536 0.024003351107239723 
v 0.000004461818207346369 -0.3769758641719818 0.0235807616263628 
v 0.0000049027357817976736 -0.37941858172416687 0.023998379707336426 
v 0.0000049027357817976736 -0.3818854093551636 0.024438370019197464 
v 9.344739737571217e-7 -0.3818836808204651 0.02442759834229946 
v 0.045558344572782516 0.39153072237968445 -0.07877623289823532 
v 0.042369626462459564 0.37832391262054443 -0.07213163375854492 
v 0.05314698442816734 0.38733214139938354 -0.08629252761602402 
v 0.03608301654458046 0.36485716700553894 -0.07835115492343903 
v 0.03007771447300911 0.3536558151245117 -0.08492863923311234 
v 0.0331372432410717 0.3428882658481598 -0.0893326848745346 
v 0.0521809346973896 0.3296108841896057 -0.10414900630712509 
v 0.037211328744888306 0.32838696241378784 -0.08878415077924728 
v 0.022658387199044228 0.35759273171424866 -0.07372339069843292 
v 0.01337485946714878 0.34489890933036804 -0.0778755396604538 
v 0.02602611854672432 0.3316163420677185 -0.0830070972442627 
v 0.012306955642998219 0.3274332880973816 -0.07909441739320755 
v 0.014901758171617985 0.327491819858551 -0.079398512840271 
v 0.01162000559270382 0.32030826807022095 -0.07929162681102753 
v 0.012434381060302258 0.3272731900215149 -0.07468622922897339 
v -0.006032587494701147 0.2735198140144348 -0.21892432868480682 
v 0.002066194312646985 0.27016645669937134 -0.21428164839744568 
v -0.008432063274085522 0.2625422477722168 -0.22011172771453857 
v -0.0037376091349869967 0.2604920268058777 -0.2110069990158081 
v -0.01337343081831932 0.25888592004776 -0.21159033477306366 
v 0.00812573079019785 0.26189500093460083 -0.20941773056983948 
v 0.01509267557412386 0.26548245549201965 -0.2180178314447403 
v 0.022101949900388718 0.26338058710098267 -0.20900674164295197 
v 0.009181288070976734 0.27516722679138184 -0.2170574814081192 
v 0.019282279536128044 0.27503812313079834 -0.215654656291008 
v 0.018590036779642105 0.28351444005966187 -0.22074644267559052 
v 0.026217037811875343 0.2769385576248169 -0.22332091629505157 
v 0.030229391530156136 0.2728656530380249 -0.2135474979877472 
v 0.03446617349982262 0.27495893836021423 -0.22123117744922638 
v 0.03769854083657265 0.28550612926483154 -0.2295578420162201 
v -0.07851201295852661 0.13188743591308594 -0.0918748527765274 
v -0.0753193274140358 0.1144028753042221 -0.08699353039264679 
v -0.07082769274711609 0.12901264429092407 -0.0750914141535759 
v -0.07191278785467148 0.11976168304681778 -0.07932642847299576 
v -0.05698904022574425 0.2575053572654724 -0.08051548153162003 
v -0.05731002986431122 0.2532086670398712 -0.07222526520490646 
v -0.04857632517814636 0.25919580459594727 -0.07073543220758438 
v -0.05286777764558792 0.2469908595085144 -0.06645236164331436 
v -0.045798540115356445 0.2413652241230011 -0.06605711579322815 
v -0.0704277828335762 0.17143729329109192 -0.12621481716632843 
v -0.07446747273206711 0.17086061835289001 -0.1437663584947586 
v -0.06359663605690002 0.16473059356212616 -0.14353932440280914 
v -0.06758253276348114 0.15432456135749817 -0.15740109980106354 
v -0.04634219408035278 0.16064392030239105 -0.1550428718328476 
v -0.05180251970887184 0.15148591995239258 -0.1682533621788025 
v -0.033253543078899384 0.16156832873821259 -0.17309987545013428 
v -0.03848371282219887 0.15706507861614227 -0.18696247041225433 
v -0.0603669136762619 0.14600315690040588 -0.17614997923374176 
v -0.07884842902421951 0.14929969608783722 -0.16286492347717285 
v -0.07107901573181152 0.1517561823129654 -0.1520557552576065 
v -0.03895946219563484 0.1572389304637909 -0.19074755907058716 
v -0.05230472609400749 0.15233802795410156 -0.19304031133651733 
v -0.04649386927485466 0.16443279385566711 -0.20601463317871094 
v -0.03387567773461342 0.1588415801525116 -0.20140758156776428 
v -0.032347895205020905 0.1638113558292389 -0.2143537402153015 
v -0.013234101235866547 0.1406150907278061 -0.20000308752059937 
v -0.016109326854348183 0.15166838467121124 -0.20730312168598175 
v -0.0009673214517533779 0.14293040335178375 -0.20396549999713898 
v -0.03252558782696724 0.14497719705104828 -0.1962992250919342 
v -0.019356247037649155 0.1336088627576828 -0.19311736524105072 
v -0.03317461907863617 0.13413046300411224 -0.1842280775308609 
v -0.03895946219563484 0.1572389304637909 -0.19074755907058716 
v -0.03586509823799133 0.1457294523715973 -0.17865735292434692 
v 0.0000049027357817976736 -0.3818854093551636 0.024438370019197464 
v 0.0000049027357817976736 -0.3845002353191376 0.024915646761655807 
v 9.344739737571217e-7 -0.3818836808204651 0.02442759834229946 
v 4.935560014018847e-7 -0.3845002353191376 0.024904875084757805 
v 0.008695396594703197 -0.0015595386503264308 0.03659486398100853 
v 0.010309597477316856 -0.00558079918846488 0.06019441783428192 
v 0.0002950267808046192 -0.004878455772995949 0.048611320555210114 
v 0.0031310112681239843 -0.011839918792247772 0.06304731220006943 
v 0.00990571640431881 -0.019663818180561066 0.06929418444633484 
v 0.0016420312458649278 -0.026728566735982895 0.06667660921812057 
v 0.004541507922112942 -0.059707723557949066 0.06441948562860489 
v 0.0005944101139903069 -0.06825117766857147 0.05613507330417633 
v -0.00001890683597594034 -0.302372545003891 0.013715366832911968 
v -0.0000034747060908557614 -0.3041525185108185 0.014050952158868313 
v 0.000004020900178147713 -0.30238115787506104 0.013609305024147034 
v -0.0000030337880616571056 -0.30412495136260986 0.01399875059723854 
v -0.0753193274140358 0.1144028753042221 -0.08699353039264679 
v -0.07851201295852661 0.13188743591308594 -0.0918748527765274 
v -0.07278316468000412 0.11176908761262894 -0.09033530205488205 
v -0.06777257472276688 0.13347458839416504 -0.09867440164089203 
v -0.05656443536281586 0.12519796192646027 -0.09456119686365128 
v -0.0000030337880616571056 -0.30412495136260986 0.01399875059723854 
v -0.0000034747060908557614 -0.3041525185108185 0.014050952158868313 
v -0.0000025928700324584497 -0.3060099184513092 0.014261418953537941 
v -0.00006652597949141636 -0.3058308959007263 0.015283090993762016 
v -0.043308235704898834 0.2133747637271881 -0.16932806372642517 
v -0.04967509210109711 0.2189384251832962 -0.1760116070508957 
v -0.0362941138446331 0.22390131652355194 -0.18020601570606232 
v -0.05238497257232666 0.22782273590564728 -0.1775461882352829 
v -0.04640568420290947 0.23493912816047668 -0.1780831217765808 
v -0.054837800562381744 0.23556745052337646 -0.17088335752487183 
v -0.052701111882925034 0.2456773966550827 -0.17759589850902557 
v -0.04464554041624069 0.23755913972854614 -0.19055117666721344 
v -0.04561864584684372 0.25278863310813904 -0.18789216876029968 
v -0.03585231304168701 0.24775688350200653 -0.19454671442508698 
v -0.04144888371229172 0.2615489959716797 -0.19670607149600983 
v -0.05255693197250366 0.2672847807407379 -0.19213879108428955 
v -0.05793745443224907 0.25522100925445557 -0.18903151154518127 
v 0.08752536028623581 0.28837403655052185 -0.1181798130273819 
v 0.0849023386836052 0.29616349935531616 -0.12676334381103516 
v 0.08276741951704025 0.2994910180568695 -0.11536668986082077 
v 0.08719246834516525 0.3101828396320343 -0.11744566261768341 
v 0.08978506922721863 0.30769020318984985 -0.13075724244117737 
v 0.09340279549360275 0.29729965329170227 -0.13395151495933533 
v 0.03648778051137924 0.39284074306488037 -0.11959341168403625 
v 0.041026148945093155 0.3956862688064575 -0.11078532040119171 
v 0.04006274417042732 0.37548527121543884 -0.11524157226085663 
v 0.04899397864937782 0.3925653100013733 -0.10765981674194336 
v -0.03189771994948387 0.2122696042060852 -0.18276558816432953 
v -0.04019932448863983 0.20833097398281097 -0.17838142812252045 
v -0.0362941138446331 0.22390131652355194 -0.18020601570606232 
v -0.043308235704898834 0.2133747637271881 -0.16932806372642517 
v -0.07097098976373672 0.32875704765319824 -0.20631128549575806 
v -0.05822758004069328 0.3288293480873108 -0.20308302342891693 
v -0.04340876638889313 0.3264658451080322 -0.22638344764709473 
v -0.040649499744176865 0.3268376588821411 -0.21992944180965424 
v -0.0231697466224432 0.32734033465385437 -0.23152828216552734 
v -0.03623723238706589 0.32171639800071716 -0.21291279792785645 
v -0.012309054844081402 0.314605176448822 -0.21627113223075867 
v -0.028369052335619926 0.3071858286857605 -0.20506919920444489 
v -0.0045735896565020084 0.3003224730491638 -0.20670901238918304 
v -0.04847182705998421 0.31678280234336853 -0.19607052206993103 
v 0.027712630107998848 -0.263802170753479 0.004133355338126421 
v 0.024179114028811455 -0.24836096167564392 -0.023565320298075676 
v 0.02179110236465931 -0.20621518790721893 -0.05223926529288292 
v 0.014512868598103523 -0.266239732503891 -0.01574326865375042 
v 0.01970996893942356 -0.2568458914756775 -0.02900760993361473 
v 0.010892050340771675 -0.24524688720703125 -0.05116290599107742 
v 0.00835853535681963 -0.2586275637149811 -0.037466857582330704 
v -0.009398996829986572 -0.248829185962677 -0.04904332756996155 
v -0.008251727558672428 -0.2657594382762909 -0.022589219734072685 
v -0.022741615772247314 -0.2566221058368683 -0.02583818882703781 
v -0.02662169374525547 -0.2664583623409271 0.007004478480666876 
v -0.027032189071178436 -0.2502373158931732 -0.014229404740035534 
v -0.025401674211025238 -0.24444125592708588 -0.0038013854064047337 
v -0.024895058944821358 -0.22089554369449615 -0.033630408346652985 
v -0.019890639930963516 -0.22488753497600555 -0.017316794022917747 
v -0.021573184058070183 -0.1876564472913742 -0.0534772053360939 
v -0.024039236828684807 -0.20737199485301971 -0.01670362427830696 
v -0.023947086185216904 -0.16004127264022827 -0.042670510709285736 
v -0.023526890203356743 -0.1732945591211319 -0.012115628458559513 
v -0.02008199878036976 -0.2240319848060608 -0.051157932728528976 
v -0.01109961699694395 -0.1789529025554657 -0.06524839252233505 
v -0.008840353228151798 -0.22971786558628082 -0.05786053463816643 
v 0.010336934588849545 -0.22354654967784882 -0.058450501412153244 
v 0.01887575164437294 -0.22939768433570862 -0.050315238535404205 
v -0.04019932448863983 0.20833097398281097 -0.17838142812252045 
v -0.039426833391189575 0.20147280395030975 -0.16866765916347504 
v -0.043308235704898834 0.2133747637271881 -0.16932806372642517 
v -0.04747270792722702 0.20513944327831268 -0.1619940549135208 
v -0.0482703261077404 0.19254201650619507 -0.16742226481437683 
v -0.060528289526700974 0.18154381215572357 -0.153960719704628 
v -0.05714380368590355 0.19924871623516083 -0.15411733090877533 
v -0.06871216744184494 0.19566470384597778 -0.15331688523292542 
v -0.0651579275727272 0.20302380621433258 -0.15742430090904236 
v -0.037102315574884415 0.19307394325733185 -0.17555586993694305 
v -0.041902147233486176 0.17816291749477386 -0.170413538813591 
v -0.05540085211396217 0.17119629681110382 -0.16340932250022888 
v -0.06813191622495651 0.1649802029132843 -0.16626553237438202 
v -0.06007634848356247 0.16235846281051636 -0.1750471144914627 
v -0.07403051853179932 0.15198685228824615 -0.17238645255565643 
v -0.06022714078426361 0.15212972462177277 -0.18427778780460358 
v -0.05024828389286995 0.16730929911136627 -0.18571211397647858 
v -0.04649386927485466 0.16443279385566711 -0.20601463317871094 
v -0.03615875169634819 0.18606428802013397 -0.19498670101165771 
v -0.02609788440167904 0.1961897313594818 -0.18671058118343353 
v -0.025751322507858276 0.18833312392234802 -0.19795891642570496 
v -0.0334135964512825 0.17625556886196136 -0.20492833852767944 
v -0.032347895205020905 0.1638113558292389 -0.2143537402153015 
v 0.02122187614440918 0.3751736879348755 -0.2020232379436493 
v 0.03765268623828888 0.3754611611366272 -0.19380925595760345 
v 0.03822632133960724 0.3700558841228485 -0.21039797365665436 
v 0.057777948677539825 0.36626702547073364 -0.20270103216171265 
v 0.04720517620444298 0.36172589659690857 -0.22414952516555786 
v 0.06819771975278854 0.3519567549228668 -0.212809219956398 
v 0.04860420897603035 0.3504367470741272 -0.22986112534999847 
v 0.0615394189953804 0.3370509147644043 -0.21770131587982178 
v 0.04542165994644165 0.3388928472995758 -0.22374185919761658 
v 0.051065851002931595 0.3287605047225952 -0.21290947496891022 
v 0.03219103440642357 0.332662969827652 -0.20765195786952972 
v 0.04508303478360176 0.3249320387840271 -0.19842873513698578 
v 0.04741769656538963 0.3755524158477783 -0.17726032435894012 
v 0.06464745104312897 0.36409974098205566 -0.18925689160823822 
v 0.07200681418180466 0.35321512818336487 -0.19415396451950073 
v 0.07231853902339935 0.3412821888923645 -0.20405332744121552 
v 0.06840671598911285 0.3419087827205658 -0.18453216552734375 
v 0.06435555964708328 0.3298209011554718 -0.1918429732322693 
v 0.06385865062475204 0.35854125022888184 -0.1684654802083969 
v 0.0651567131280899 0.345148503780365 -0.16579322516918182 
v 0.06102398410439491 0.32545191049575806 -0.16767747700214386 
v 0.05261744186282158 0.3148203492164612 -0.18003781139850616 
v 0.05680175498127937 0.30773496627807617 -0.16299916803836823 
v 0.058012954890728 0.3025345206260681 -0.1677437722682953 
v 0.060652293264865875 0.30432653427124023 -0.16235119104385376 
v 0.06357910484075546 0.32761746644973755 -0.12724311649799347 
v 0.05713949725031853 0.33875855803489685 -0.1179436594247818 
v 0.06424268335103989 0.32026007771492004 -0.14492227137088776 
v 0.06220564618706703 0.31235697865486145 -0.14841485023498535 
v 0.05948209390044212 0.3108541965484619 -0.15778474509716034 
v 0.059507668018341064 0.30913102626800537 -0.15646807849407196 
v 0.057202547788619995 0.30208176374435425 -0.15575465559959412 
v 0.06732337921857834 0.3139303922653198 -0.13137122988700867 
v 0.06048165634274483 0.30440741777420044 -0.14605414867401123 
v -0.000006561132067872677 -0.39737653732299805 0.02753404527902603 
v -0.0000047974599510780536 -0.39982959628105164 0.028080925345420837 
v -0.0000030337880616571056 -0.39958858489990234 0.028034524992108345 
v -0.0000030337880616571056 -0.40164914727211 0.028508488088846207 
v 0.000002698146090551745 -0.40155962109565735 0.028492743149399757 
v 0.06016596034169197 0.3296315371990204 -0.19753384590148926 
v 0.04489564523100853 0.3251368999481201 -0.19875438511371613 
v 0.051065851002931595 0.3287605047225952 -0.21290947496891022 
v -0.00004712558802566491 -0.056824326515197754 -0.0037541547790169716 
v 0.00017950627079699188 -0.07574628293514252 -0.018454471603035927 
v -0.0038725300692021847 -0.07112769037485123 -0.007424884010106325 
v -0.010768488049507141 -0.09642238169908524 -0.01148754358291626 
v -0.005127382930368185 -0.08526579290628433 0.004091096110641956 
v -0.005268917419016361 -0.09204478561878204 0.006858643610030413 
v -0.006597844418138266 -0.0955788791179657 0.01651274412870407 
v -0.012440008111298084 -0.10426866263151169 0.00995349045842886 
v -0.00621689110994339 -0.09210503846406937 0.033023566007614136 
v -0.011967343278229237 -0.10272625833749771 0.03879150003194809 
v -0.004790080711245537 -0.0819210559129715 0.05182548984885216 
v -0.003216444281861186 -0.07114318013191223 0.08188734948635101 
v -0.007979240268468857 -0.09898559004068375 0.059400614351034164 
v -0.006005250383168459 -0.10967222601175308 0.04504748433828354 
v 0.0007915004389360547 -0.09980154782533646 0.06168259680271149 
v 0.004634100943803787 -0.11021275818347931 0.04398355260491371 
v 0.009400865063071251 -0.09421206265687943 0.05734815448522568 
v 0.009672470390796661 -0.11202198266983032 0.02290627546608448 
v 0.01203182339668274 -0.10298791527748108 0.021238289773464203 
v 0.011444960720837116 -0.09916806221008301 -0.005367452744394541 
v -0.007263630628585815 -0.11196345090866089 0.027481013908982277 
v -0.012440008111298084 -0.10426866263151169 0.00995349045842886 
v -0.005319622810930014 -0.1091093197464943 0.0017502815462648869 
v 0.003896004054695368 -0.1060778796672821 -0.006777741946280003 
v 0.00611602608114481 -0.09287795424461365 -0.01678648591041565 
v -0.010768488049507141 -0.09642238169908524 -0.01148754358291626 
v 0.00611602608114481 -0.09287795424461365 -0.01678648591041565 
v 0.00017950627079699188 -0.07574628293514252 -0.018454471603035927 
v 0.03453892469406128 0.1973121017217636 -0.18380217254161835 
v 0.03154641389846802 0.1858508288860321 -0.1946428418159485 
v 0.014943204820156097 0.17721612751483917 -0.18141412734985352 
v 0.02387399785220623 0.1678653210401535 -0.19866986572742462 
v 0.009545926935970783 0.15938900411128998 -0.19505630433559418 
v 0.015530066564679146 0.14864210784435272 -0.2027548998594284 
v -0.002160886535421014 0.1564505249261856 -0.19708143174648285 
v -0.0009673214517533779 0.14293040335178375 -0.20396549999713898 
v -0.01313004456460476 0.16006207466125488 -0.19953741133213043 
v -0.016109326854348183 0.15166838467121124 -0.20730312168598175 
v -0.023457666859030724 0.17234449088573456 -0.2017887383699417 
v -0.032347895205020905 0.1638113558292389 -0.2143537402153015 
v -0.0334135964512825 0.17625556886196136 -0.20492833852767944 
v 0.0026997935492545366 0.16659146547317505 -0.18527625501155853 
v -0.011667960323393345 0.17319659888744354 -0.18286998569965363 
v 0.004364259075373411 0.18859650194644928 -0.18495559692382812 
v 0.015569749288260937 0.19042982161045074 -0.18286998569965363 
v 0.014867807738482952 0.19965152442455292 -0.17944617569446564 
v 0.02628890611231327 0.20014385879039764 -0.18438385426998138 
v 0.023255832493305206 0.21126945316791534 -0.186093270778656 
v -0.0038928124122321606 0.19879770278930664 -0.18097496032714844 
v -0.017961183562874794 0.18909916281700134 -0.18790626525878906 
v -0.025751322507858276 0.18833312392234802 -0.19795891642570496 
v -0.008281710557639599 0.20313914120197296 -0.19065475463867188 
v -0.02078482136130333 0.2134401798248291 -0.19697701930999756 
v -0.02609788440167904 0.1961897313594818 -0.18671058118343353 
v -0.032766327261924744 0.2147846221923828 -0.19249260425567627 
v -0.03031791001558304 0.20297561585903168 -0.183848574757576 
v -0.03202161565423012 0.20354540646076202 -0.17494849860668182 
v 0.03453892469406128 0.1973121017217636 -0.18380217254161835 
v 0.029686179012060165 0.21785220503807068 -0.19561313092708588 
v 0.040872711688280106 0.2160068303346634 -0.18912182748317719 
v 0.04586522653698921 0.20561456680297852 -0.1776265650987625 
v -0.0006582379573956132 -0.1306512951850891 0.06619685143232346 
v 0.0012518188450485468 -0.11805214732885361 0.09831945598125458 
v 0.007268144749104977 -0.12423208355903625 0.10141513496637344 
v 0.0002196298009948805 -0.10099966078996658 0.11513768881559372 
v 0.007952890358865261 -0.10328744351863861 0.12769688665866852 
v 0.0055772243067622185 -0.07487352192401886 0.1328856199979782 
v 0.009534463286399841 -0.0806867927312851 0.15542621910572052 
v -0.002066530054435134 -0.06845775246620178 0.15281942486763 
v 0.002605878049507737 -0.07427618652582169 0.1651623547077179 
v 0.09661753475666046 0.35007181763648987 -0.07891543954610825 
v 0.09082034230232239 0.3441397547721863 -0.09088964015245438 
v 0.087785504758358 0.34775131940841675 -0.07971670478582382 
v 0.08184678107500076 0.337403804063797 -0.08121399581432343 
v 0.06432998925447464 0.16339649260044098 -0.0795145183801651 
v 0.06513290107250214 0.16651228070259094 -0.07133368402719498 
v 0.07789747416973114 0.16939911246299744 -0.07617772370576859 
v 0.07409191131591797 0.17260442674160004 -0.07041558623313904 
v 0.08457694202661514 0.18231673538684845 -0.07738085836172104 
v 0.078861765563488 0.18504691123962402 -0.06544145941734314 
v 0.06443095952272415 0.16789287328720093 -0.058151375502347946 
v 0.07025019824504852 0.17408829927444458 -0.05397270992398262 
v 0.06855089962482452 0.17920610308647156 -0.05271654203534126 
v 0.05540536716580391 0.1649457812309265 -0.05740811675786972 
v 0.07433883100748062 0.16334828734397888 -0.04634289816021919 
v 0.06399445235729218 0.14996933937072754 -0.048435959964990616 
v 0.04923824593424797 0.14832021296024323 -0.04862571135163307 
v 0.03562093526124954 0.15177683532238007 -0.04766121134161949 
v 0.026482028886675835 0.15301798284053802 -0.03396102413535118 
v 0.03453892469406128 0.1973121017217636 -0.18380217254161835 
v 0.04238991066813469 0.19031104445457458 -0.18979382514953613 
v 0.04173382371664047 0.17675995826721191 -0.20183928310871124 
v 0.035469260066747665 0.165236696600914 -0.20743320882320404 
v 0.04769371077418327 0.1652866154909134 -0.2069459855556488 
v 0.015530066564679146 0.14864210784435272 -0.2027548998594284 
v 0.02044983021914959 0.14575183391571045 -0.19925403594970703 
v -0.0009673214517533779 0.14293040335178375 -0.20396549999713898 
v 0.00009264541586162522 0.3963128626346588 -0.10386065393686295 
v 0.012310483492910862 0.3954039514064789 -0.0862378403544426 
v 0.020742598921060562 0.3994389772415161 -0.111651211977005 
v 0.03217824921011925 0.39715635776519775 -0.09821618348360062 
v 0.041026148945093155 0.3956862688064575 -0.11078532040119171 
v 0.05227837711572647 0.1217774748802185 -0.11206303536891937 
v 0.0637272521853447 0.11334763467311859 -0.10029101371765137 
v 0.0576716847717762 0.12596744298934937 -0.09562347084283829 
v 0.06932250410318375 0.12052600085735321 -0.09459268301725388 
v 0.07064349204301834 0.14112979173660278 -0.09769084304571152 
v 0.07743142545223236 0.12853409349918365 -0.10041447728872299 
v 0.08233752101659775 0.1392344981431961 -0.10724054276943207 
v 0.07478239387273788 0.10712982714176178 -0.09309207648038864 
v 0.07167788594961166 0.09790124744176865 -0.09412120282649994 
v 0.08294554799795151 0.10318947583436966 -0.0857439860701561 
v 0.08114925026893616 0.09195542335510254 -0.09245321899652481 
v 0.08506680279970169 0.11569566279649734 -0.09638330340385437 
v 0.07565055787563324 0.11313073337078094 -0.0981457531452179 
v -0.05121565982699394 0.10222891718149185 -0.024122972041368484 
v -0.047557804733514786 0.11966700851917267 -0.016431841999292374 
v -0.058164969086647034 0.11617249995470047 -0.018752770498394966 
v -0.054234184324741364 0.1258039027452469 -0.014148200862109661 
v -0.04852253198623657 0.13728067278862 -0.015447456389665604 
v -0.04351634904742241 0.1400848925113678 -0.0221865177154541 
v -0.047633200883865356 0.14966808259487152 -0.022449186071753502 
v -0.03657718002796173 0.14403729140758514 -0.025290479883551598 
v -0.03617770969867706 0.15407495200634003 -0.028997667133808136 
v -0.029428137466311455 0.1463543325662613 -0.03416237607598305 
v -0.022205900400877 0.15534363687038422 -0.03799799457192421 
v -0.020643286406993866 0.14210067689418793 -0.04291246458888054 
v -0.010585065931081772 0.15307480096817017 -0.03783227503299713 
v 0.0011345345992594957 0.13804155588150024 -0.03987644985318184 
v -0.00125568185467273 0.1550114005804062 -0.029755013063549995 
v -0.004225705284625292 0.12174132466316223 -0.05097481235861778 
v -0.01944134384393692 0.11633087694644928 -0.05804448574781418 
v 0.0020877993665635586 0.09996695816516876 -0.05953846499323845 
v -0.010434271767735481 0.09483709931373596 -0.06222895160317421 
v 0.00021742521494161338 0.08002246916294098 -0.05864274129271507 
v -0.010943091474473476 0.08020838350057602 -0.06140614300966263 
v -0.007466011680662632 0.06518030166625977 -0.05256407707929611 
v -0.021020712330937386 0.06377217173576355 -0.06123296543955803 
v -0.020098311826586723 0.08430539071559906 -0.06971541792154312 
v -0.024026891216635704 0.09967775642871857 -0.070563904941082 
v -0.029988544061779976 0.11435294896364212 -0.0665774792432785 
v -0.04088318720459938 0.12899543344974518 -0.06132576987147331 
v -0.04258469119668007 0.11830363422632217 -0.07890135049819946 
v -0.05587131157517433 0.13082531094551086 -0.08070274442434311 
v -0.05656443536281586 0.12519796192646027 -0.09456119686365128 
v -0.039437416940927505 0.10911636054515839 -0.08977515995502472 
v -0.027974430471658707 0.0911274179816246 -0.08740120381116867 
v -0.02589903026819229 0.06847167760133743 -0.08186528086662292 
v 0.010149103589355946 0.01281784474849701 0.029039625078439713 
v 0.014681299217045307 0.021776165813207626 -0.015077069401741028 
v 0.0036530583165585995 0.022872718051075935 0.036768872290849686 
v 0.006731988862156868 0.02857065014541149 0.0021645850501954556 
v -0.05793745443224907 0.25522100925445557 -0.18903151154518127 
v -0.0599961020052433 0.2676376700401306 -0.18521825969219208 
v -0.0000030337880616571056 -0.40164914727211 0.028508488088846207 
v 0.000002698146090551745 -0.40115854144096375 0.028390824794769287 
v 0.000002698146090551745 -0.40155962109565735 0.028492743149399757 
v 0.0000049027357817976736 -0.3994646370410919 0.028003865852952003 
v 0.00023285734641831368 -0.28054824471473694 0.013647421263158321 
v -0.0001965967967407778 -0.2828980088233948 0.012670492753386497 
v 0.00028268108144402504 -0.28048282861709595 0.0138264000415802 
v 0.00024432121426798403 -0.2819357216358185 0.016333764418959618 
v 0.012228031642735004 0.3039512634277344 -0.20754092931747437 
v 0.03009667433798313 0.3173302114009857 -0.21325749158859253 
v -0.0007922769873403013 0.32247212529182434 -0.22493836283683777 
v 0.01986781693994999 0.324455201625824 -0.22549186646938324 
v 0.0011530532501637936 0.3227974772453308 -0.23393040895462036 
v 0.021679550409317017 0.3224325180053711 -0.23498274385929108 
v 0.005213466938585043 0.31679826974868774 -0.2400604486465454 
v 0.019844448193907738 0.3121228814125061 -0.24155193567276 
v 0.005924226716160774 0.3034175932407379 -0.24183697998523712 
v 0.022113412618637085 0.3012520372867584 -0.24091887474060059 
v 0.023493045940995216 0.29070138931274414 -0.2333412617444992 
v 0.04181671515107155 0.2954955995082855 -0.247606560587883 
v 0.03769854083657265 0.28550612926483154 -0.2295578420162201 
v 0.05892565846443176 0.29124194383621216 -0.23976628482341766 
v 0.05176161974668503 0.28636685013771057 -0.22595174610614777 
v 0.05918227136135101 0.29244348406791687 -0.22276906669139862 
v 0.0558987557888031 0.28132304549217224 -0.21549804508686066 
v -0.005870770663022995 0.30841490626335144 -0.24570408463478088 
v -0.008896349929273129 0.318411260843277 -0.23560087382793427 
v -0.012348737567663193 0.319464772939682 -0.22692039608955383 
v -0.012072281911969185 0.29337477684020996 -0.25015783309936523 
v -0.01423498522490263 0.3093169331550598 -0.2534465789794922 
v -0.02490299567580223 0.30604279041290283 -0.2563839852809906 
v -0.026328925043344498 0.3173164427280426 -0.2524738013744354 
v -0.03648238629102707 0.3068845570087433 -0.24827608466148376 
v -0.034562185406684875 0.3156965672969818 -0.24445703625679016 
v -0.03857013210654259 0.3074784576892853 -0.23232705891132355 
v -0.027228837832808495 0.3204735219478607 -0.23924261331558228 
v -0.03484128788113594 0.32158729434013367 -0.2306458055973053 
v -0.0231697466224432 0.32734033465385437 -0.23152828216552734 
v -0.04340876638889313 0.3264658451080322 -0.22638344764709473 
v -0.013817436061799526 0.31963348388671875 -0.24556571245193481 
v -0.008896349929273129 0.318411260843277 -0.23560087382793427 
v 0.08717571198940277 0.09851235151290894 -0.0947161465883255 
v 0.08403020352125168 0.10736910998821259 -0.0968962088227272 
v 0.08294554799795151 0.10318947583436966 -0.0857439860701561 
v 0.08506680279970169 0.11569566279649734 -0.09638330340385437 
v 0.04339476302266121 0.20062929391860962 -0.1656399369239807 
v -0.001322260475717485 0.23613207042217255 -0.052476245909929276 
v -0.014666643925011158 0.24778959155082703 -0.053743187338113785 
v -0.014845656231045723 0.2381289303302765 -0.0477987602353096 
v -0.023205460980534554 0.24217085540294647 -0.051578037440776825 
v -0.02295854687690735 0.25908562541007996 -0.05359155312180519 
v -0.010541414842009544 0.26083114743232727 -0.05420803651213646 
v -0.015693100169301033 0.2716296911239624 -0.04801834002137184 
v -0.004823590163141489 0.27473685145378113 -0.054170746356248856 
v -0.012399001978337765 0.2866818606853485 -0.05459913611412048 
v 0.002737271599471569 0.2650279998779297 -0.05249778926372528 
v -0.003292282111942768 0.28845322132110596 -0.04657573625445366 
v 0.004308262374252081 0.2971877455711365 -0.0514230877161026 
v 0.01458165142685175 0.2960464358329773 -0.05049256235361099 
v 0.02602611854672432 0.3316163420677185 -0.0830070972442627 
v 0.01162000559270382 0.32030826807022095 -0.07929162681102753 
v 0.02474481239914894 0.3303975760936737 -0.07793768495321274 
v 0.0075798737816512585 0.31936320662498474 -0.07354938238859177 
v -0.0008041817927733064 0.257844477891922 -0.0463859848678112 
v -0.005132673773914576 0.24962292611598969 -0.04642990231513977 
v -0.001322260475717485 0.23613207042217255 -0.052476245909929276 
v -0.00924732070416212 0.08857625722885132 -0.1642453819513321 
v -0.013518493622541428 0.1027505099773407 -0.1649613082408905 
v -0.00556300999596715 0.09768778830766678 -0.1656755656003952 
v -0.005205866415053606 0.1122235432267189 -0.17218676209449768 
v -0.015797598287463188 0.11378143727779388 -0.17690153419971466 
v -0.008416631259024143 0.1234283298254013 -0.18005603551864624 
v 0.0011861220700666308 0.1230926513671875 -0.1670469045639038 
v -0.001209385460242629 0.10317054390907288 -0.16156484186649323 
v -0.00556300999596715 0.09768778830766678 -0.1656755656003952 
v -0.013518493622541428 0.1027505099773407 -0.1649613082408905 
v -0.00924732070416212 0.08857625722885132 -0.1642453819513321 
v -0.007088145241141319 0.09731768071651459 -0.15671665966510773 
v -0.005656925495713949 0.07672420889139175 -0.1626652330160141 
v -0.006715128663927317 0.08103467524051666 -0.17374950647354126 
v -0.0029563026037067175 0.0941106528043747 -0.17551030218601227 
v -0.07097098976373672 0.32875704765319824 -0.20631128549575806 
v -0.07717735320329666 0.3168533742427826 -0.19982245564460754 
v -0.08761652559041977 0.3333773612976074 -0.18932317197322845 
v -0.09810376167297363 0.32327431440353394 -0.18918149173259735 
v -0.1052267923951149 0.3232932388782501 -0.17687833309173584 
v -0.10803323239088058 0.31232255697250366 -0.19491544365882874 
v -0.09230700880289078 0.33173513412475586 -0.17687584459781647 
v -0.08147674053907394 0.33258378505706787 -0.17807897925376892 
v -0.07246305793523788 0.3342002332210541 -0.19193412363529205 
v -0.06183120235800743 0.32580652832984924 -0.18349558115005493 
v -0.05822758004069328 0.3288293480873108 -0.20308302342891693 
v -0.08964960277080536 0.33965542912483215 -0.16517673432826996 
v -0.09018619358539581 0.3430655896663666 -0.14743544161319733 
v -0.07740045338869095 0.34215494990348816 -0.1449802815914154 
v -0.09149880707263947 0.3417125344276428 -0.13729660212993622 
v -0.07260812073945999 0.34170565009117126 -0.12619492411613464 
v -0.08111034333705902 0.34319984912872314 -0.12842221558094025 
v -0.05936426669359207 0.3376878499984741 -0.1015596091747284 
v -0.07351023703813553 0.3401305377483368 -0.1697879433631897 
v 0.0009198075858876109 0.13524077832698822 -0.026192832738161087 
v 0.0011345345992594957 0.13804155588150024 -0.03987644985318184 
v 0.009448484517633915 0.13456426560878754 -0.03561658039689064 
v 0.018462611362338066 0.13736502826213837 -0.04482323303818703 
v -0.0482235886156559 0.11107190698385239 -0.03427423536777496 
v -0.048381440341472626 0.10981698334217072 -0.025172816589474678 
v -0.046978436410427094 0.10173486918210983 -0.031201761215925217 
v -0.05121565982699394 0.10222891718149185 -0.024122972041368484 
v -0.047557804733514786 0.11966700851917267 -0.016431841999292374 
v -0.049768127501010895 0.12663018703460693 -0.021486343815922737 
v -0.04351634904742241 0.1400848925113678 -0.0221865177154541 
v -0.04676944389939308 0.14105060696601868 -0.03303878381848335 
v -0.03657718002796173 0.14403729140758514 -0.025290479883551598 
v -0.03434304893016815 0.1384323090314865 -0.04790564998984337 
v -0.029428137466311455 0.1463543325662613 -0.03416237607598305 
v -0.04452561214566231 0.1402277648448944 -0.05405639857053757 
v -0.05252871289849281 0.15384255349636078 -0.06162158027291298 
v -0.05072888731956482 0.15189561247825623 -0.0491170734167099 
v -0.052273862063884735 0.14323510229587555 -0.03461562097072601 
v -0.05048726126551628 0.15395617485046387 -0.03611540049314499 
v -0.013238510116934776 -0.2793501317501068 0.030226189643144608 
v -0.0157279334962368 -0.2653772830963135 0.02620081603527069 
v -0.009178978390991688 -0.2519914507865906 0.021877145394682884 
v -0.014468230307102203 -0.2313893735408783 0.0009291319875046611 
v -0.0050788819789886475 -0.23354977369308472 0.008107354864478111 
v -0.019479263573884964 -0.19734810292720795 -0.0016254633665084839 
v -0.04452561214566231 0.1402277648448944 -0.05405639857053757 
v -0.052273862063884735 0.14323510229587555 -0.03461562097072601 
v 0.000002698146090551745 -0.40115854144096375 0.028390824794769287 
v -0.0000047974599510780536 -0.39982959628105164 0.028080925345420837 
v 0.0000049027357817976736 -0.3994646370410919 0.028003865852952003 
v -0.000006561132067872677 -0.39737653732299805 0.02753404527902603 
v 0.0000049027357817976736 -0.39723023772239685 0.02750255912542343 
v -0.02436860278248787 0.31718388199806213 -0.08015503734350204 
v -0.0256106685847044 0.32460325956344604 -0.08319270610809326 
v -0.037759725004434586 0.32989662885665894 -0.0841008648276329 
v -0.027515435591340065 0.32945767045021057 -0.08421272039413452 
v 0.000004020900178147713 -0.30238115787506104 0.013609305024147034 
v -0.0000030337880616571056 -0.30412495136260986 0.01399875059723854 
v -0.00001890683597594034 -0.302372545003891 0.013715366832911968 
v -0.0000034747060908557614 -0.3041525185108185 0.014050952158868313 
v -0.07428933680057526 0.2575380504131317 -0.12843133509159088 
v -0.08032286167144775 0.27694717049598694 -0.1218629702925682 
v -0.08469412475824356 0.26942452788352966 -0.13278070092201233 
v -0.08230743557214737 0.2821028530597687 -0.12951017916202545 
v -0.0799114853143692 0.2782348096370697 -0.14039310812950134 
v -0.07566192001104355 0.26758086681365967 -0.14462149143218994 
v -0.07428933680057526 0.2575380504131317 -0.12843133509159088 
v 0.0031310112681239843 -0.011839918792247772 0.06304731220006943 
v 0.0016420312458649278 -0.026728566735982895 0.06667660921812057 
v -0.010305964387953281 -0.008123351261019707 0.06339366734027863 
v -0.007862397469580173 -0.024845322594046593 0.06816810369491577 
v 0.0005944101139903069 -0.06825117766857147 0.05613507330417633 
v -0.01129185687750578 -0.038661520928144455 0.0695783942937851 
v -0.013688687235116959 -0.019567416980862617 0.07704662531614304 
v -0.006704546511173248 -0.045845046639442444 0.08363902568817139 
v -0.0033077141270041466 -0.039785612374544144 0.10506846010684967 
v -0.003216444281861186 -0.07114318013191223 0.08188734948635101 
v -0.010305964387953281 -0.008123351261019707 0.06339366734027863 
v -0.015195304527878761 0.00011196987179573625 0.07521375268697739 
v -0.013762321323156357 0.006434782408177853 0.05797126516699791 
v -0.009863724000751972 0.013625195249915123 0.02770308218896389 
v -0.011251293122768402 0.0025684505235403776 0.09479124844074249 
v -0.004339021630585194 0.007801597472280264 0.11836014688014984 
v -0.005510981660336256 0.03648234158754349 0.1290450245141983 
v 0.00959619227796793 0.3043471872806549 -0.04402528330683708 
v 0.0020926494617015123 0.3105408847332001 -0.050707168877124786 
v 0.004308262374252081 0.2971877455711365 -0.0514230877161026 
v -0.0065409657545387745 0.3002088665962219 -0.05412931740283966 
v -0.009425010532140732 0.3138253688812256 -0.052468787878751755 
v -0.0030078899580985308 0.3183251917362213 -0.04463845118880272 
v 0.002605878049507737 -0.07427618652582169 0.1651623547077179 
v -0.002066530054435134 -0.06845775246620178 0.15281942486763 
v -0.005829324014484882 -0.07992935925722122 0.1654888242483139 
v -0.009861519560217857 -0.08223435282707214 0.1513834446668625 
v -0.006626504007726908 -0.10860838741064072 0.17203150689601898 
v -0.006906046066433191 -0.13231419026851654 0.16125215590000153 
v -0.0010422775521874428 -0.12560579180717468 0.17804387211799622 
v -0.000653828727081418 -0.14040319621562958 0.17162135243415833 
v -0.006587262265384197 -0.07614737749099731 0.1337258368730545 
v -0.0075599271804094315 -0.1037694439291954 0.12579771876335144 
v -0.007507017347961664 -0.12646649777889252 0.11130372434854507 
v -0.006485851015895605 -0.1503857672214508 0.11818861961364746 
v -0.0065987263806164265 -0.13591542840003967 0.06880944967269897 
v -0.00470851082354784 -0.1546841859817505 0.07344798743724823 
v 0.0002196298009948805 -0.10099966078996658 0.11513768881559372 
v -0.003920149523764849 -0.1199439987540245 0.09768640249967575 
v 0.0012518188450485468 -0.11805214732885361 0.09831945598125458 
v -0.08032286167144775 0.27694717049598694 -0.1218629702925682 
v -0.09014519304037094 0.2847728133201599 -0.12317465245723724 
v -0.08230743557214737 0.2821028530597687 -0.12951017916202545 
v -0.0866103544831276 0.2956402003765106 -0.12874868512153625 
v -0.08425496518611908 0.29095274209976196 -0.14127805829048157 
v -0.08758477866649628 0.2818222641944885 -0.14759370684623718 
v -0.08096528053283691 0.2780919373035431 -0.15116913616657257 
v -0.0799114853143692 0.2782348096370697 -0.14039310812950134 
v -0.07566192001104355 0.26758086681365967 -0.14462149143218994 
v -0.08069896697998047 0.28273290395736694 -0.16201311349868774 
v -0.08251819014549255 0.2890694737434387 -0.1548067182302475 
v -0.09082640707492828 0.29280155897140503 -0.16405481100082397 
v -0.08679553866386414 0.30010730028152466 -0.15586568415164948 
v -0.0958806499838829 0.3052440583705902 -0.16568219661712646 
v -0.09558303654193878 0.3049600124359131 -0.1529572755098343 
v -0.08425496518611908 0.29095274209976196 -0.14127805829048157 
v -0.0896504819393158 0.3040734827518463 -0.1444234549999237 
v -0.0907677710056305 0.30570366978645325 -0.13586974143981934 
v -0.09299440681934357 0.3057553172111511 -0.12140143662691116 
v -0.0866103544831276 0.2956402003765106 -0.12874868512153625 
v -0.08599791675806046 0.28829312324523926 -0.11427375674247742 
v -0.09095647931098938 0.2880331873893738 -0.10615921020507812 
v -0.005510981660336256 0.03648234158754349 0.1290450245141983 
v -0.004339021630585194 0.007801597472280264 0.11836014688014984 
v 0.0016133716562762856 0.03165889531373978 0.12722457945346832 
v 0.00409177178516984 0.0026183719746768475 0.1170998364686966 
v -0.0033077141270041466 -0.039785612374544144 0.10506846010684967 
v 0.00527343200519681 -0.025790387764573097 0.10431773960590363 
v 0.010605012066662312 0.033063583076000214 0.11896668374538422 
v 0.010373971424996853 0.005606774240732193 0.09733424335718155 
v 0.012723182328045368 0.031732916831970215 0.10476187616586685 
v 0.006445392034947872 0.021333759650588036 0.0856417715549469 
v 0.006170259322971106 0.04000955447554588 0.10351978987455368 
v 0.0006235106848180294 0.02577504888176918 0.07920100539922714 
v 0.015417632646858692 -0.008064822293817997 0.075004942715168 
v 0.014078564010560513 0.007371240295469761 0.06958833336830139 
v 0.00830782949924469 0.019235335290431976 0.06169005483388901 
v 0.0036530583165585995 0.022872718051075935 0.036768872290849686 
v 0.010149103589355946 0.01281784474849701 0.029039625078439713 
v 0.01281445287168026 0.0026235361583530903 0.05291924998164177 
v 0.010309597477316856 -0.00558079918846488 0.06019441783428192 
v 0.00990571640431881 -0.019663818180561066 0.06929418444633484 
v 0.011575472541153431 0.004852788057178259 0.026359081268310547 
v -0.03402206301689148 0.23582394421100616 -0.1907981038093567 
v -0.0362941138446331 0.22390131652355194 -0.18020601570606232 
v -0.0030078899580985308 0.3183251917362213 -0.04463845118880272 
v -0.007981444709002972 0.32510244846343994 -0.050746116787195206 
v -0.009425010532140732 0.3138253688812256 -0.052468787878751755 
v -0.020790113136172295 0.32542091608047485 -0.05258065089583397 
v -0.0194285586476326 0.31428155303001404 -0.05420389026403427 
v -0.06183120235800743 0.32580652832984924 -0.18349558115005493 
v -0.07351023703813553 0.3401305377483368 -0.1697879433631897 
v -0.053753141313791275 0.3604675233364105 -0.18587203323841095 
v -0.06043172627687454 0.37154147028923035 -0.1774832159280777 
v -0.06862089782953262 0.36859437823295593 -0.16554133594036102 
v -0.07457240670919418 0.36665260791778564 -0.1506056934595108 
v -0.07740045338869095 0.34215494990348816 -0.1449802815914154 
v -0.07401641458272934 0.37031927704811096 -0.13525988161563873 
v -0.07260812073945999 0.34170565009117126 -0.12619492411613464 
v -0.06743482500314713 0.3588493764400482 -0.12102110683917999 
v -0.061832964420318604 0.3766799569129944 -0.12463797628879547 
v -0.04892685264348984 0.3548281192779541 -0.10459976643323898 
v -0.043911412358284 0.3703795075416565 -0.10920185595750809 
v -0.020465156063437462 0.36778876185417175 -0.08717333525419235 
v -0.038762811571359634 0.3802708387374878 -0.11378902196884155 
v -0.001150302472524345 0.3832489252090454 -0.0736728385090828 
v -0.018446633592247963 0.39119333028793335 -0.10645999014377594 
v -0.002077552955597639 0.3917132019996643 -0.08587739616632462 
v 0.00009264541586162522 0.3963128626346588 -0.10386065393686295 
v 0.012310483492910862 0.3954039514064789 -0.0862378403544426 
v 0.016691002994775772 0.38850101828575134 -0.06781541556119919 
v 0.00982458796352148 0.3756316006183624 -0.06256702542304993 
v -0.010190444067120552 0.35758069157600403 -0.07906872779130936 
v -0.043706826865673065 0.3344825208187103 -0.09409966319799423 
v -0.02343914844095707 0.3344670534133911 -0.08299549669027328 
v -0.027515435591340065 0.32945767045021057 -0.08421272039413452 
v -0.02176586352288723 0.33066096901893616 -0.07701046764850616 
v -0.02436860278248787 0.31718388199806213 -0.08015503734350204 
v -0.055607203394174576 0.34103429317474365 -0.10587499290704727 
v -0.06589999049901962 0.21664203703403473 -0.14087286591529846 
v -0.07081490755081177 0.21131421625614166 -0.1475265771150589 
v -0.05900315195322037 0.13114550709724426 -0.11584893614053726 
v -0.06309222429990768 0.13806048035621643 -0.10810311883687973 
v -0.065398670732975 0.15406633913516998 -0.12349283695220947 
v -0.06636516004800797 0.15073882043361664 -0.10775013267993927 
v -0.06834885478019714 0.16997407376766205 -0.10826552659273148 
v -0.06620995700359344 0.16322262585163116 -0.0938287079334259 
v -0.07281050086021423 0.17834711074829102 -0.09164533019065857 
v -0.06158825382590294 0.16897736489772797 -0.07233215868473053 
v -0.06629064679145813 0.18405881524085999 -0.07241170108318329 
v -0.06777257472276688 0.13347458839416504 -0.09867440164089203 
v -0.07044762372970581 0.14507703483104706 -0.09995045512914658 
v -0.04144888371229172 0.2615489959716797 -0.19670607149600983 
v -0.037622157484292984 0.27127161622047424 -0.2069675326347351 
v -0.0404515266418457 0.2557787597179413 -0.20431184768676758 
v -0.03611333668231964 0.2668406665325165 -0.22000566124916077 
v -0.04240170866250992 0.27891477942466736 -0.21925826370716095 
v -0.04920860007405281 0.28393101692199707 -0.20557381212711334 
v -0.04538143426179886 0.29172393679618835 -0.22416113317012787 
v -0.05075930804014206 0.29732546210289 -0.22326043248176575 
v -0.03658203035593033 0.29204756021499634 -0.23384258151054382 
v -0.029048506170511246 0.29534927010536194 -0.2503136396408081 
v -0.02449779212474823 0.28301864862442017 -0.23605744540691376 
v -0.025988977402448654 0.26277637481689453 -0.22144412994384766 
v -0.01927070878446102 0.27350088953971863 -0.22927281260490417 
v -0.013541861437261105 0.28238174319267273 -0.23302391171455383 
v 0.003044150536879897 0.28997668623924255 -0.2358560860157013 
v 0.013376622460782528 0.2845662236213684 -0.22967302799224854 
v 0.0019418555311858654 0.2878558933734894 -0.22760896384716034 
v -0.012524222955107689 0.27861523628234863 -0.22290661931037903 
v -0.01927070878446102 0.27350088953971863 -0.22927281260490417 
v -0.025988977402448654 0.26277637481689453 -0.22144412994384766 
v 0.018590036779642105 0.28351444005966187 -0.22074644267559052 
v 0.007977141067385674 0.28380364179611206 -0.22270113229751587 
v -0.07566192001104355 0.26758086681365967 -0.14462149143218994 
v -0.08069896697998047 0.28273290395736694 -0.16201311349868774 
v -0.08237004280090332 0.2660815119743347 -0.15407754480838776 
v -0.08828936517238617 0.27678537368774414 -0.1692982316017151 
v -0.018538786098361015 0.26450467109680176 -0.21635067462921143 
v -0.006032587494701147 0.2735198140144348 -0.21892432868480682 
v -0.0011811667354777455 0.28164151310920715 -0.22567002475261688 
v 0.0031909761019051075 0.27492448687553406 -0.22541150450706482 
v 0.002066194312646985 0.27016645669937134 -0.21428164839744568 
v 0.0019418555311858654 0.2878558933734894 -0.22760896384716034 
v 0.007977141067385674 0.28380364179611206 -0.22270113229751587 
v -0.08458036184310913 0.2664085924625397 -0.10366344451904297 
v -0.0894000381231308 0.27510008215904236 -0.1110314205288887 
v -0.07986122369766235 0.26941418647766113 -0.11396303027868271 
v -0.08599791675806046 0.28829312324523926 -0.11427375674247742 
v 0.0032200769055634737 0.2333347499370575 -0.19510602951049805 
v 0.0007244808948598802 0.22111432254314423 -0.19719991087913513 
v -0.00962474662810564 0.2195151150226593 -0.19085444509983063 
v 0.0010728061897680163 0.21292203664779663 -0.1933477222919464 
v -0.00047657970571890473 0.21008683741092682 -0.18622833490371704 
v 0.008980229496955872 0.2182670682668686 -0.19428570568561554 
v 0.0032200769055634737 0.2333347499370575 -0.19510602951049805 
v 0.01456533744931221 0.22550567984580994 -0.18976399302482605 
v 0.013104135170578957 0.21485692262649536 -0.18643216788768768 
v -0.00047657970571890473 0.21008683741092682 -0.18622833490371704 
v 0.0010728061897680163 0.21292203664779663 -0.1933477222919464 
v 0.006986398249864578 0.20575743913650513 -0.18213997781276703 
v -0.0038928124122321606 0.19879770278930664 -0.18097496032714844 
v -0.008281710557639599 0.20313914120197296 -0.19065475463867188 
v -0.00962474662810564 0.2195151150226593 -0.19085444509983063 
v -0.02078482136130333 0.2134401798248291 -0.19697701930999756 
v -0.006246432662010193 0.2328527420759201 -0.20324957370758057 
v -0.018637550994753838 0.23204195499420166 -0.20652838051319122 
v -0.010912226513028145 0.23981937766075134 -0.20783177018165588 
v 0.0030631099361926317 0.2428731918334961 -0.20031796395778656 
v 0.0032200769055634737 0.2333347499370575 -0.19510602951049805 
v 0.06117963045835495 0.30722367763519287 -0.16407054662704468 
v 0.06220564618706703 0.31235697865486145 -0.14841485023498535 
v 0.06048165634274483 0.30440741777420044 -0.14605414867401123 
v 0.063282810151577 0.3103584051132202 -0.1340269148349762 
v 0.06787320226430893 0.28210458159446716 -0.19700022041797638 
v 0.05770784243941307 0.2780592143535614 -0.19745181500911713 
v 0.06380309164524078 0.2901746332645416 -0.19996415078639984 
v 0.05538420379161835 0.2851411998271942 -0.2062731683254242 
v 0.06750988960266113 0.29481562972068787 -0.20872004330158234 
v 0.0558987557888031 0.28132304549217224 -0.21549804508686066 
v 0.05918227136135101 0.29244348406791687 -0.22276906669139862 
v 0.0503268726170063 0.2736007273197174 -0.20499461889266968 
v 0.05831189826130867 0.26768243312835693 -0.1998705118894577 
v 0.04607774689793587 0.26441171765327454 -0.21441754698753357 
v 0.0479767806828022 0.25982755422592163 -0.19673258066177368 
v -0.023544086143374443 0.24082297086715698 -0.20828916132450104 
v -0.032634492963552475 0.23785866796970367 -0.20493662357330322 
v -0.020891083404421806 0.24922871589660645 -0.21638382971286774 
v -0.025988977402448654 0.26277637481689453 -0.22144412994384766 
v -0.032766327261924744 0.2147846221923828 -0.19249260425567627 
v -0.0362941138446331 0.22390131652355194 -0.18020601570606232 
v -0.03189771994948387 0.2122696042060852 -0.18276558816432953 
v -0.03402206301689148 0.23582394421100616 -0.1907981038093567 
v -0.03585231304168701 0.24775688350200653 -0.19454671442508698 
v -0.0404515266418457 0.2557787597179413 -0.20431184768676758 
v -0.04144888371229172 0.2615489959716797 -0.19670607149600983 
v -0.03611333668231964 0.2668406665325165 -0.22000566124916077 
v 0.0849146842956543 0.25535184144973755 -0.15174171328544617 
v 0.09045393764972687 0.26747414469718933 -0.1497223973274231 
v 0.08054474741220474 0.26014602184295654 -0.14505484700202942 
v 0.08251212537288666 0.27431854605674744 -0.14467120170593262 
v 0.07816952466964722 0.26445305347442627 -0.13597413897514343 
v 0.08210118860006332 0.27800413966178894 -0.13559547066688538 
v 0.08483003079891205 0.27091357111930847 -0.1261684149503708 
v 0.08028901368379593 0.28393274545669556 -0.12604163587093353 
v 0.07631943374872208 0.2717088758945465 -0.1164993941783905 
v 0.07818759977817535 0.2828172445297241 -0.11142086237668991 
v 0.0731448233127594 0.263101726770401 -0.10090003907680511 
v 0.07397903501987457 0.25905463099479675 -0.12132520228624344 
v 0.07303459197282791 0.2489326298236847 -0.12576571106910706 
v 0.08071538060903549 0.24701322615146637 -0.13221558928489685 
v 0.08404210954904556 0.24738849699497223 -0.14252428710460663 
v 0.0789548009634018 0.22588267922401428 -0.14042624831199646 
v 0.08098919689655304 0.24977441132068634 -0.15840205550193787 
v 0.07510469853878021 0.22819627821445465 -0.1535687893629074 
v 0.06965583562850952 0.24996204674243927 -0.1591842621564865 
v 0.06428325176239014 0.2346791923046112 -0.15696358680725098 
v 0.06696667522192001 0.24257194995880127 -0.1687902957201004 
v 0.057974155992269516 0.23426777124404907 -0.1636197865009308 
v 0.05483746528625488 0.239809051156044 -0.17074331641197205 
v 0.07310778647661209 0.23104868829250336 -0.13514968752861023 
v 0.08618497103452682 0.2818739116191864 -0.15015244483947754 
v 0.09343013912439346 0.2804606258869171 -0.1583896279335022 
v 0.0849146842956543 0.25535184144973755 -0.15174171328544617 
v 0.07064349204301834 0.14112979173660278 -0.09769084304571152 
v 0.06484542042016983 0.14923600852489471 -0.09001877158880234 
v 0.0576716847717762 0.12596744298934937 -0.09562347084283829 
v 0.05507379770278931 0.1343766301870346 -0.07669726014137268 
v 0.03907641023397446 0.10931776463985443 -0.08803094178438187 
v 0.035163264721632004 0.11493651568889618 -0.07167341560125351 
v 0.02527744136750698 0.0945582240819931 -0.07520410418510437 
v 0.019031396135687828 0.10416897386312485 -0.06414137780666351 
v 0.014378388412296772 0.0834808275103569 -0.06407260149717331 
v 0.038908861577510834 0.13265174627304077 -0.056727830320596695 
v 0.028120480477809906 0.11787499487400055 -0.06216349080204964 
v 0.014343556016683578 0.12082036584615707 -0.053621381521224976 
v 0.018462611362338066 0.13736502826213837 -0.04482323303818703 
v 0.02514384314417839 0.14588093757629395 -0.04212860390543938 
v 0.03562093526124954 0.15177683532238007 -0.04766121134161949 
v 0.026482028886675835 0.15301798284053802 -0.03396102413535118 
v 0.022542426362633705 0.14113840460777283 -0.02806299924850464 
v 0.009448484517633915 0.13456426560878754 -0.03561658039689064 
v 0.012274769134819508 0.13178931176662445 -0.026998238638043404 
v 0.004522107541561127 0.11617249995470047 -0.01966920867562294 
v 0.011702457442879677 0.1227724626660347 -0.016078026965260506 
v 0.01416763011366129 0.1395236998796463 -0.022672081366181374 
v 0.05283305048942566 0.11564058065414429 -0.1575005203485489 
v 0.04863948002457619 0.10126319527626038 -0.16259977221488953 
v 0.054509423673152924 0.09836602956056595 -0.16238847374916077 
v 0.0489860437810421 0.08321744948625565 -0.15614326298236847 
v 0.056643906980752945 0.08666030317544937 -0.16029293835163116 
v 0.05625016614794731 0.10668569803237915 -0.16889303922653198 
v 0.05283305048942566 0.11564058065414429 -0.1575005203485489 
v 0.04923824593424797 0.14832021296024323 -0.04862571135163307 
v 0.05021664500236511 0.13613592088222504 -0.05583956092596054 
v 0.05868888273835182 0.14033104479312897 -0.04731568321585655 
v 0.06383880972862244 0.13404439389705658 -0.06030658259987831 
v 0.06766421347856522 0.1351805329322815 -0.05163189768791199 
v 0.07415584474802017 0.13727723062038422 -0.055354826152324677 
v 0.06363774836063385 0.14032933115959167 -0.07024406641721725 
v 0.054123178124427795 0.13552309572696686 -0.06594774127006531 
v -0.03375398367643356 0.3850770890712738 -0.1931314617395401 
v -0.04173283651471138 0.3994114398956299 -0.1925746351480484 
v -0.03236773610115051 0.4237111210823059 -0.17886698246002197 
v -0.039049409329891205 0.4331841766834259 -0.18029384315013885 
v -0.04620903730392456 0.4454028606414795 -0.177290141582489 
v -0.041434332728385925 0.4674302935600281 -0.174598827958107 
v -0.03420989215373993 0.44525137543678284 -0.17515814304351807 
v -0.03347223624587059 0.46095770597457886 -0.16917145252227783 
v -0.03234613314270973 0.4470967650413513 -0.1678026020526886 
v -0.0361173041164875 0.4569140672683716 -0.16100387275218964 
v -0.037539705634117126 0.4291973412036896 -0.16869251430034637 
v -0.0461609773337841 0.4358592629432678 -0.162598118185997 
v -0.0494268536567688 0.4170405864715576 -0.16878284513950348 
v -0.04307190328836441 0.47812727093696594 -0.1632336527109146 
v -0.048916712403297424 0.4709489047527313 -0.15758422017097473 
v -0.043722257018089294 0.4549877941608429 -0.1598670333623886 
v -0.04964158311486244 0.4599609971046448 -0.16336622834205627 
v -0.071213498711586 0.48550185561180115 -0.15760990977287292 
v -0.060152627527713776 0.47332102060317993 -0.15847910940647125 
v -0.0778290256857872 0.48044946789741516 -0.15602974593639374 
v -0.07964164018630981 0.4859907627105713 -0.16132289171218872 
v 0.06916024535894394 0.24435018002986908 -0.10609457641839981 
v 0.07397903501987457 0.25905463099479675 -0.12132520228624344 
v 0.07930753380060196 0.2575707733631134 -0.10956809669733047 
v 0.07631943374872208 0.2717088758945465 -0.1164993941783905 
v -0.037539705634117126 0.4291973412036896 -0.16869251430034637 
v -0.0361173041164875 0.42889606952667236 -0.17338906228542328 
v 0.000002698146090551745 -0.3167172074317932 0.015963377431035042 
v -3.8828000015200814e-7 -0.31920814514160156 0.01620698720216751 
v -0.000006561132067872677 -0.31667590141296387 0.015926918014883995 
v -8.291979725072451e-7 -0.31917887926101685 0.016126612201333046 
v -0.007565218489617109 0.3204924762248993 -0.07879114896059036 
v -0.015372112393379211 0.32703906297683716 -0.08005642890930176 
v -0.0256106685847044 0.32460325956344604 -0.08319270610809326 
v -0.015036573633551598 0.32962292432785034 -0.08014260232448578 
v -0.006615480873733759 0.3447095453739166 -0.07853510975837708 
v 0.0022033199202269316 0.3567871153354645 -0.07378387451171875 
v 0.0063788131810724735 0.36425983905792236 -0.06824298202991486 
v -0.007565218489617109 0.3204924762248993 -0.07879114896059036 
v 0.01337485946714878 0.34489890933036804 -0.0778755396604538 
v 0.0020714853890240192 0.3610287010669708 -0.07208357751369476 
v 0.022658387199044228 0.35759273171424866 -0.07372339069843292 
v 0.021347979083657265 0.3667559027671814 -0.06414966285228729 
v 0.03132154420018196 0.3806082606315613 -0.0639980286359787 
v 0.045558344572782516 0.39153072237968445 -0.07877623289823532 
v 0.033410172909498215 0.3931557536125183 -0.08049724996089935 
v 0.03217824921011925 0.39715635776519775 -0.09821618348360062 
v 0.046941064298152924 0.40145477652549744 -0.09135034680366516 
v 0.06968449801206589 0.23124493658542633 -0.09740414470434189 
v 0.06765980273485184 0.22905699908733368 -0.11000477522611618 
v 0.06821844726800919 0.2234606295824051 -0.1196771040558815 
v 0.03834845498204231 0.3107887804508209 -0.05895843729376793 
v 0.04028584808111191 0.2912350594997406 -0.05504244193434715 
v 0.03313768655061722 0.27470070123672485 -0.04724110662937164 
v 0.04176821559667587 0.29124537110328674 -0.06516304612159729 
v 0.033787600696086884 0.2714695930480957 -0.057998910546302795 
v 0.04508171230554581 0.28136953711509705 -0.0685255378484726 
v 0.04415181651711464 0.2682006061077118 -0.059226907789707184 
v 0.05194813013076782 0.29283425211906433 -0.0713195949792862 
v 0.057547345757484436 0.2840394675731659 -0.06847499310970306 
v 0.059610843658447266 0.2948397099971771 -0.07736925780773163 
v 0.06494154036045074 0.28510674834251404 -0.08237653225660324 
v -0.07787973433732986 0.18559260666370392 -0.08250413835048676 
v -0.08099658042192459 0.18437039852142334 -0.07020097970962524 
v 0.034604620188474655 0.2544980049133301 -0.05102701112627983 
v 0.03518001735210419 0.2568666934967041 -0.06052036210894585 
v 0.031997911632061005 0.24337929487228394 -0.056147802621126175 
v 0.038481611758470535 0.24641072750091553 -0.06428804248571396 
v 0.04277968034148216 0.25937482714653015 -0.06725859642028809 
v 0.0515349879860878 0.24738334119319916 -0.06567595899105072 
v 0.05311744287610054 0.2671574056148529 -0.07536071538925171 
v 0.04415181651711464 0.2682006061077118 -0.059226907789707184 
v 0.0474979430437088 0.26996850967407227 -0.06865894049406052 
v 0.04508171230554581 0.28136953711509705 -0.0685255378484726 
v 0.04932202026247978 0.18406742811203003 -0.05236024037003517 
v 0.03407992795109749 0.19223560392856598 -0.041242823004722595 
v 0.000002698146090551745 -0.40155962109565735 0.028492743149399757 
v 0.0000049027357817976736 -0.3994646370410919 0.028003865852952003 
v -0.0000030337880616571056 -0.39958858489990234 0.028034524992108345 
v 0.0000049027357817976736 -0.39723023772239685 0.02750255912542343 
v -0.000006561132067872677 -0.39737653732299805 0.02753404527902603 
v 0.05626560002565384 0.08889472484588623 -0.13901099562644958 
v 0.048760734498500824 0.08582885563373566 -0.14410194754600525 
v 0.05342961475253105 0.07927709072828293 -0.13570649921894073 
v 0.0478515587747097 0.07170624285936356 -0.146749347448349 
v 0.0489860437810421 0.08321744948625565 -0.15614326298236847 
v 0.0470314547419548 0.08702352643013 -0.16341926157474518 
v 0.04863948002457619 0.10126319527626038 -0.16259977221488953 
v 0.04210066795349121 0.10960524529218674 -0.16762113571166992 
v -0.011500411666929722 0.0026028791908174753 0.020469341427087784 
v -0.0085070189088583 -0.001714467303827405 0.040052641183137894 
v -0.0736861601471901 0.24813561141490936 -0.12135668843984604 
v -0.0774335265159607 0.23893973231315613 -0.12173619121313095 
v -0.0712553858757019 0.2357860654592514 -0.11213511973619461 
v -0.075093574821949 0.22955793142318726 -0.12087112665176392 
v -0.06680784374475479 0.21869398653507233 -0.11587462574243546 
v -0.06680784374475479 0.21869398653507233 -0.11587462574243546 
v -0.068374864757061 0.22660739719867706 -0.1312643438577652 
v -0.07020555436611176 0.24140481650829315 -0.13515962660312653 
v 0.06732337921857834 0.3139303922653198 -0.13137122988700867 
v 0.06220564618706703 0.31235697865486145 -0.14841485023498535 
v 0.06619948148727417 0.30960097908973694 -0.15036456286907196 
v 0.06117963045835495 0.30722367763519287 -0.16407054662704468 
v 0.04769371077418327 0.1652866154909134 -0.2069459855556488 
v 0.04173382371664047 0.17675995826721191 -0.20183928310871124 
v -0.07884842902421951 0.14929969608783722 -0.16286492347717285 
v -0.07107901573181152 0.1517561823129654 -0.1520557552576065 
v -0.063900426030159 0.1457449495792389 -0.1490338146686554 
v -0.07380962371826172 0.1564522385597229 -0.13818073272705078 
v -0.06036338582634926 0.15159952640533447 -0.13266634941101074 
v -0.07678317278623581 0.15444333851337433 -0.1304299384355545 
v -0.065398670732975 0.15406633913516998 -0.12349283695220947 
v -0.07807902991771698 0.16308146715164185 -0.1444060504436493 
v -0.08457771688699722 0.16739881038665771 -0.13356870412826538 
v -0.06758253276348114 0.15432456135749817 -0.15740109980106354 
v -0.07446747273206711 0.17086061835289001 -0.1437663584947586 
v -0.08457771688699722 0.16739881038665771 -0.13356870412826538 
v -0.011500411666929722 0.0026028791908174753 0.020469341427087784 
v -0.004448810126632452 -0.005499891936779022 -0.016053996980190277 
v -0.0085070189088583 -0.001714467303827405 0.040052641183137894 
v 0.0001279188581975177 -0.00625732121989131 0.015237517654895782 
v 0.0002950267808046192 -0.004878455772995949 0.048611320555210114 
v 0.008695396594703197 -0.0015595386503264308 0.03659486398100853 
v 0.00889204628765583 -0.0012858313275501132 -0.007341194432228804 
v 0.013760662637650967 -0.005721956491470337 -0.021060440689325333 
v 0.016535799950361252 0.0075313332490623 -0.013664294965565205 
v 0.013760662637650967 -0.005721956491470337 -0.021060440689325333 
v 0.011575472541153431 0.004852788057178259 0.026359081268310547 
v 0.010149103589355946 0.01281784474849701 0.029039625078439713 
v 0.014681299217045307 0.021776165813207626 -0.015077069401741028 
v 0.027371801435947418 0.014077931642532349 -0.030916720628738403 
v 0.021635016426444054 0.03344057500362396 -0.03419717773795128 
v 0.02614428475499153 0.0444473996758461 -0.05322613567113876 
v 0.01648641750216484 0.059935104101896286 -0.05350123345851898 
v 0.02195688709616661 0.07381671667098999 -0.07004271447658539 
v 0.027165891602635384 0.052854862064123154 -0.06978004425764084 
v 0.027618274092674255 0.022920917719602585 -0.06373121589422226 
v 0.03147013485431671 0.022905424237251282 -0.0782119482755661 
v 0.03051334246993065 0.006431339308619499 -0.057716358453035355 
v 0.03315664455294609 0.009958549402654171 -0.08271128684282303 
v 0.035253651440143585 -0.012655876576900482 -0.08303029835224152 
v 0.03296440467238426 0.014664938673377037 -0.09990985691547394 
v 0.03300188481807709 -0.005687527824193239 -0.10174604505300522 
v 0.020147358998656273 0.007975461892783642 -0.11237044632434845 
v 0.023676026612520218 -0.007262636441737413 -0.10836578905582428 
v 0.009442752227187157 -0.00960894487798214 -0.11368461698293686 
v 0.02127743326127529 -0.031505536288022995 -0.09926436841487885 
v 0.003382334718480706 -0.028405239805579185 -0.10757115483283997 
v -0.0012005671160295606 -0.06086280196905136 -0.10685109347105026 
v -0.008188676089048386 -0.030359063297510147 -0.10527259856462479 
v -0.024977952241897583 -0.03329582139849663 -0.0975416973233223 
v -0.012655616737902164 -0.0073314933106303215 -0.11297698318958282 
v -0.031145071610808372 -0.0009432667284272611 -0.10499004274606705 
v -0.015150771476328373 0.011927865445613861 -0.1137467622756958 
v -0.012318314053118229 0.04581765830516815 -0.1058882549405098 
v 0.0017593154916539788 0.010211599990725517 -0.11478086560964584 
v 0.012949373573064804 0.040751490741968155 -0.10676160454750061 
v 0.030619163066148758 -0.004577205516397953 -0.04015154764056206 
v 0.028691910207271576 -0.006532750092446804 -0.048507217317819595 
v 0.03251466900110245 -0.0072196004912257195 -0.05751003324985504 
v 0.031280096620321274 -0.01552894338965416 -0.05829969793558121 
v 0.03476511314511299 -0.0216141976416111 -0.055103760212659836 
v 0.03662358224391937 -0.03590895235538483 -0.05973567068576813 
v 0.026116948574781418 -0.017751310020685196 -0.02971026860177517 
v 0.024144280701875687 -0.04170328751206398 -0.04561786726117134 
v 0.0002950267808046192 -0.038403306156396866 -0.03955743461847305 
v 0.020347096025943756 -0.05652996152639389 -0.04792139306664467 
v -0.003912212792783976 -0.07480982691049576 -0.04120636358857155 
v 0.01962398923933506 -0.07814251631498337 -0.046768803149461746 
v 0.013738175854086876 -0.09684757143259048 -0.04065699502825737 
v 0.02488061413168907 -0.10717271268367767 -0.04745488613843918 
v 0.014709076844155788 -0.12463145703077316 -0.031080784276127815 
v 0.024243487045168877 -0.1350616067647934 -0.03385993465781212 
v 0.01094275526702404 -0.14348456263542175 -0.018209204077720642 
v 0.023919854313135147 -0.1620880514383316 -0.01849673129618168 
v 0.025090491399168968 -0.14755229651927948 -0.04550351947546005 
v 0.030074628069996834 -0.11673353612422943 -0.05708412826061249 
v 0.031109021976590157 -0.08779112994670868 -0.06040187180042267 
v 0.035417232662439346 -0.059502873569726944 -0.06818580627441406 
v 0.027109896764159203 -0.10828475654125214 -0.07666079699993134 
v 0.028881944715976715 -0.06748686730861664 -0.09157241135835648 
v 0.01303976122289896 -0.13280996680259705 -0.07979210466146469 
v 0.012053868733346462 -0.07429167628288269 -0.1006150022149086 
v 0.0020961768459528685 -0.14957325160503387 -0.07795093953609467 
v -0.01109961699694395 -0.1789529025554657 -0.06524839252233505 
v -0.01606435328722 -0.08822493255138397 -0.09470123052597046 
v -0.021596111357212067 -0.11969267576932907 -0.07915905117988586 
v -0.02365034818649292 -0.06347592920064926 -0.09811509400606155 
v -0.03509834408760071 -0.06675869971513748 -0.076515793800354 
v -0.03515830636024475 -0.03214418515563011 -0.08353161066770554 
v -0.035558219999074936 -0.014879964292049408 -0.08426409959793091 
v -0.033007510006427765 0.021376794204115868 -0.09311693161725998 
v -0.031950630247592926 -0.004535891115665436 -0.060960352420806885 
v -0.028919758275151253 0.008016776293516159 -0.05739402770996094 
v -0.029764117673039436 -0.006806457415223122 -0.04969875514507294 
v -0.031138017773628235 -0.007751522585749626 -0.04225289449095726 
v -0.03196562081575394 -0.016310472041368484 -0.06154120713472366 
v -0.035377442836761475 -0.025327323004603386 -0.06123213842511177 
v -0.03411201015114784 -0.03126969933509827 -0.07300747185945511 
v -0.03715522587299347 -0.04034680128097534 -0.06470565497875214 
v -0.02532760053873062 -0.048804186284542084 -0.050193432718515396 
v -0.026757938787341118 -0.08722822368144989 -0.05203128606081009 
v -0.003912212792783976 -0.07480982691049576 -0.04120636358857155 
v -0.02050836570560932 -0.1164340078830719 -0.03869319707155228 
v -0.010143266059458256 -0.10975830256938934 -0.03518239036202431 
v -0.012324928306043148 -0.13979896903038025 -0.021930478513240814 
v -0.0009179386543110013 -0.11932601034641266 -0.029755841940641403 
v -0.0012794913491234183 -0.13905015587806702 -0.018997209146618843 
v -0.021573184058070183 -0.1876564472913742 -0.0534772053360939 
v -0.025533508509397507 -0.13456927239894867 -0.06593530625104904 
v -0.030738545581698418 -0.10947426408529282 -0.06223972141742706 
v -0.025692680850625038 -0.1308441013097763 -0.03951931744813919 
v -0.021514100953936577 -0.1536427140235901 -0.018163630738854408 
v -0.023947086185216904 -0.16004127264022827 -0.042670510709285736 
v -0.023526890203356743 -0.1732945591211319 -0.012115628458559513 
v -0.0625547468662262 0.2811199128627777 -0.20193706452846527 
v -0.0631909891963005 0.2794845700263977 -0.19171370565891266 
v -0.06427300721406937 0.29090625047683716 -0.19986222684383392 
v -0.07114162296056747 0.28467294573783875 -0.18774881958961487 
v -0.07931756973266602 0.2918323874473572 -0.19586503505706787 
v -0.0818881168961525 0.28149691224098206 -0.1874646097421646 
v -0.06684575974941254 0.2966747581958771 -0.21018584072589874 
v -0.06576991826295853 0.3088831603527069 -0.21734334528446198 
v -0.05597537010908127 0.31583255529403687 -0.2258763462305069 
v -0.07097098976373672 0.32875704765319824 -0.20631128549575806 
v 0.035053472965955734 -0.03478141501545906 -0.0853976309299469 
v -0.0012794913491234183 -0.13905015587806702 -0.018997209146618843 
v -0.0009179386543110013 -0.11932601034641266 -0.029755841940641403 
v -0.0014527721796184778 -0.09846916049718857 -0.036768343299627304 
v 0.025082554668188095 -0.14030680060386658 -0.06438995897769928 
v 0.019510233774781227 -0.16275767982006073 -0.06688074767589569 
v 0.02228493057191372 -0.1835387945175171 -0.05221192166209221 
v 0.010866917669773102 -0.1875135749578476 -0.061395373195409775 
v -3.8828000015200814e-7 -0.32163017988204956 0.016323821619153023 
v -3.8828000015200814e-7 -0.3241073191165924 0.016606375575065613 
v -8.291979725072451e-7 -0.321623295545578 0.016332106664776802 
v -3.8828000015200814e-7 -0.3241090476512909 0.016606375575065613 
v -0.07717735320329666 0.3168533742427826 -0.19982245564460754 
v -0.004448810126632452 -0.005499891936779022 -0.016053996980190277 
v 0.013760662637650967 -0.005721956491470337 -0.021060440689325333 
v 0.027844905853271484 0.05516158044338226 -0.08115018904209137 
v 0.0314943827688694 0.033989712595939636 -0.09310367703437805 
v 0.02240309678018093 0.06762989610433578 -0.09427449852228165 
v -0.06183120235800743 0.32580652832984924 -0.18349558115005493 
v -0.02401719242334366 0.3092257082462311 -0.19944874942302704 
v -0.04847182705998421 0.31678280234336853 -0.19607052206993103 
v -0.028369052335619926 0.3071858286857605 -0.20506919920444489 
v -0.0045735896565020084 0.3003224730491638 -0.20670901238918304 
v 0.004893801640719175 0.3065626621246338 -0.20278555154800415 
v 0.012228031642735004 0.3039512634277344 -0.20754092931747437 
v 0.018580777570605278 0.3034175932407379 -0.20030304789543152 
v 0.028493937104940414 0.30349162220954895 -0.20188982784748077 
v 0.03712622821331024 0.3058568835258484 -0.19164328277111053 
v 0.0425301194190979 0.30397191643714905 -0.1926318109035492 
v -0.004378262907266617 0.3333808183670044 -0.19823816418647766 
v 0.011995667591691017 0.32352736592292786 -0.20010003447532654 
v 0.018580777570605278 0.3034175932407379 -0.20030304789543152 
v 0.029330799356102943 0.31912392377853394 -0.19837404787540436 
v 0.03712622821331024 0.3058568835258484 -0.19164328277111053 
v 0.04367518424987793 0.3148840665817261 -0.1906680017709732 
v 0.042690616101026535 0.3072322905063629 -0.18756155669689178 
v 0.043863896280527115 0.29528212547302246 -0.1780657172203064 
v 0.044954728335142136 0.3076833188533783 -0.18533261120319366 
v 0.05261744186282158 0.3148203492164612 -0.18003781139850616 
v 0.046502791345119476 0.3116580843925476 -0.18628467619419098 
v 0.04367518424987793 0.3148840665817261 -0.1906680017709732 
v 0.04342694953083992 0.30281853675842285 -0.19095470011234283 
v 0.05085994303226471 0.3041130602359772 -0.17390446364879608 
v 0.05090050771832466 0.30225563049316406 -0.17225801944732666 
v 0.05175544694066048 0.3016720712184906 -0.16994702816009521 
v 0.06820918619632721 0.13433875143527985 -0.0425354465842247 
v 0.07247550785541534 0.12445946782827377 -0.04576370120048523 
v -0.052388060837984085 0.2915586829185486 -0.07055065035820007 
v -0.0579824298620224 0.3054695427417755 -0.07267602533102036 
v -0.061006683856248856 0.29505491256713867 -0.0804549902677536 
v -0.0650891438126564 0.30517691373825073 -0.08124962449073792 
v -0.07278978079557419 0.2964010536670685 -0.08317696303129196 
v -0.07517381757497787 0.29610323905944824 -0.09640401601791382 
v -0.0678369477391243 0.31219345331192017 -0.07303398847579956 
v -0.06974171102046967 0.315985769033432 -0.08361364156007767 
v -0.08463900536298752 0.32105711102485657 -0.09439796209335327 
v -0.06486427783966064 0.3216905891895294 -0.07578330487012863 
v -0.05797360837459564 0.31727683544158936 -0.06998637318611145 
v -0.050945818424224854 0.30958205461502075 -0.06318765133619308 
v -0.0579824298620224 0.3054695427417755 -0.07267602533102036 
v -0.05744538828730583 0.30041027069091797 -0.06338237226009369 
v -0.0678369477391243 0.31219345331192017 -0.07303398847579956 
v -0.06486427783966064 0.3216905891895294 -0.07578330487012863 
v -0.06974171102046967 0.315985769033432 -0.08361364156007767 
v -0.06862089782953262 0.36859437823295593 -0.16554133594036102 
v -0.06568790972232819 0.3894822299480438 -0.16629453003406525 
v -0.06043172627687454 0.37154147028923035 -0.1774832159280777 
v -0.052847497165203094 0.3952765464782715 -0.19115108251571655 
v -0.053753141313791275 0.3604675233364105 -0.18587203323841095 
v -0.03914111852645874 0.359605073928833 -0.18965794146060944 
v -0.03375398367643356 0.3850770890712738 -0.1931314617395401 
v -0.021171947941184044 0.35430479049682617 -0.20054666697978973 
v -0.01793605089187622 0.3743508458137512 -0.2032860368490219 
v -0.015343012288212776 0.40528666973114014 -0.20012076199054718 
v 0.000729330989997834 0.37970277667045593 -0.20645296573638916 
v 0.0007632817141711712 0.41257521510124207 -0.20124931633472443 
v 0.014795937575399876 0.4023619592189789 -0.20081430673599243 
v 0.009418942965567112 0.4589625895023346 -0.18685807287693024 
v 0.03132022172212601 0.4000225365161896 -0.19190843403339386 
v 0.03899219632148743 0.4093027710914612 -0.17706643044948578 
v 0.04741769656538963 0.3755524158477783 -0.17726032435894012 
v 0.05142916738986969 0.385894775390625 -0.15808552503585815 
v -0.025758817791938782 0.4169114828109741 -0.19064398109912872 
v -0.01007139589637518 0.4622488021850586 -0.1854991614818573 
v -0.001396334613673389 0.45951342582702637 -0.18956181406974792 
v 0.0016534951282665133 0.49997738003730774 -0.18174639344215393 
v 0.01715264469385147 0.4597320556640625 -0.17488718032836914 
v 0.04277615249156952 0.4105972945690155 -0.15999628603458405 
v 0.048764701932668686 0.3869723677635193 -0.13605037331581116 
v -0.06862089782953262 0.36859437823295593 -0.16554133594036102 
v -0.07457240670919418 0.36665260791778564 -0.1506056934595108 
v -0.06568790972232819 0.3894822299480438 -0.16629453003406525 
v -0.07058386504650116 0.38832542300224304 -0.15135392546653748 
v -0.05776946619153023 0.40743502974510193 -0.170124351978302 
v -0.06370951235294342 0.39435386657714844 -0.14337526261806488 
v -0.05334397032856941 0.40543127059936523 -0.16321377456188202 
v -0.04694007709622383 0.3950183391571045 -0.13977165520191193 
v -0.04544360190629959 0.4039921462535858 -0.15726105868816376 
v -0.07401641458272934 0.37031927704811096 -0.13525988161563873 
v -0.061832964420318604 0.3766799569129944 -0.12463797628879547 
v -0.038762811571359634 0.3802708387374878 -0.11378902196884155 
v 0.09661753475666046 0.35007181763648987 -0.07891543954610825 
v 0.087785504758358 0.34775131940841675 -0.07971670478582382 
v 0.09310297667980194 0.33908048272132874 -0.07324527949094772 
v 0.08184678107500076 0.337403804063797 -0.08121399581432343 
v 0.08954299986362457 0.3217560052871704 -0.08421023935079575 
v -0.05048726126551628 0.15395617485046387 -0.03611540049314499 
v -0.043344832956790924 0.15957491099834442 -0.033983394503593445 
v -0.056176427751779556 0.16888441145420074 -0.027392655611038208 
v -0.03561113029718399 0.1741313338279724 -0.02023017592728138 
v -0.04509395360946655 0.18339434266090393 -0.0189242921769619 
v -0.04011157900094986 0.19758236408233643 -0.016842002049088478 
v -0.06011426821351051 0.18229606747627258 -0.0265093594789505 
v -0.04949519783258438 0.20214416086673737 -0.019832445308566093 
v -0.0607893131673336 0.1980006843805313 -0.020921234041452408 
v -0.0542990006506443 0.21160341799259186 -0.015871703624725342 
v -0.042456381022930145 0.2116120308637619 -0.010281920433044434 
v -0.031047629192471504 0.1963377743959427 -0.015983564779162407 
v -0.030563943088054657 0.1862536370754242 -0.023910848423838615 
v -0.024790562689304352 0.19490037858486176 -0.00868270918726921 
v -0.009454992599785328 0.18430842459201813 -0.014318893663585186 
v -0.0300590917468071 0.19477644562721252 -0.0251753032207489 
v -0.027917994186282158 0.19492276012897491 -0.03709150105714798 
v -0.002880905522033572 0.1889614462852478 -0.03967592492699623 
v -0.044884517788887024 0.1921684741973877 -0.03370332717895508 
v -0.03792242333292961 0.18824361264705658 -0.04424237832427025 
v -0.000005238377980276709 -0.03534776717424393 0.0032716039568185806 
v -0.00463090930134058 -0.046469926834106445 0.014909389428794384 
v 0.00449168449267745 -0.04515991732478142 0.01676878333091736 
v 0.0017355058807879686 -0.06793960183858871 0.02253837324678898 
v -0.0018434255616739392 -0.07418322563171387 0.018063895404338837 
v -0.003105773823335767 -0.05647659674286842 0.004129212349653244 
v -0.0038725300692021847 -0.07112769037485123 -0.007424884010106325 
v -0.00004712558802566491 -0.056824326515197754 -0.0037541547790169716 
v -0.0024571833200752735 -0.04424756020307541 -0.007711581885814667 
v -0.000005238377980276709 -0.03534776717424393 0.0032716039568185806 
v 0.08925067633390427 0.35217365622520447 -0.10249511152505875 
v 0.07839041948318481 0.34472331404685974 -0.08859522640705109 
v 0.08184678107500076 0.337403804063797 -0.08121399581432343 
v 0.09082034230232239 0.3441397547721863 -0.09088964015245438 
v 0.08925067633390427 0.35217365622520447 -0.10249511152505875 
v 0.10260431468486786 0.34334102272987366 -0.10140383243560791 
v 0.09980493038892746 0.3428899943828583 -0.11390253901481628 
v 0.08706416189670563 0.3481248617172241 -0.11295709758996964 
v 0.08740234375 0.3487032651901245 -0.1285117119550705 
v 0.07384323328733444 0.34324634075164795 -0.11491675674915314 
v 0.0814645066857338 0.3415077030658722 -0.14506396651268005 
v 0.07464791089296341 0.32835251092910767 -0.15647636353969574 
v 0.08513955771923065 0.33645355701446533 -0.15727680921554565 
v 0.08602579683065414 0.34185540676116943 -0.17211301624774933 
v 0.09752891212701797 0.3408346176147461 -0.15847745537757874 
v 0.09895836561918259 0.33871209621429443 -0.1682865023612976 
v 0.10728862881660461 0.3363778293132782 -0.15980902314186096 
v 0.10835918039083481 0.3373745381832123 -0.17004729807376862 
v 0.11540857702493668 0.32918742299079895 -0.1676252782344818 
v 0.10882610827684402 0.3365998864173889 -0.09023669362068176 
v 0.10871852934360504 0.3330434262752533 -0.10745763778686523 
v 0.10141824930906296 0.3329504728317261 -0.12389222532510757 
v 0.09739001840353012 0.3408018946647644 -0.13615313172340393 
v 0.101650170981884 0.3307952284812927 -0.1356302797794342 
v 0.10667663812637329 0.329913854598999 -0.14857394993305206 
v 0.09967441856861115 0.3156036138534546 -0.1359136551618576 
v 0.11159242689609528 0.32155802845954895 -0.1491042524576187 
v 0.11235213279724121 0.3132314682006836 -0.1556568741798401 
v 0.11203643679618835 0.31375306844711304 -0.16949129104614258 
v 0.1074381023645401 0.3211999833583832 -0.17863166332244873 
v 0.09731858968734741 0.30483779311180115 -0.1741480678319931 
v 0.09180314838886261 0.3182821571826935 -0.1802888810634613 
v 0.08676477521657944 0.29996785521507263 -0.1822684109210968 
v 0.08381768316030502 0.30155500769615173 -0.19046416878700256 
v 0.07083485275506973 0.29149842262268066 -0.18941929936408997 
v 0.08443187922239304 0.31311270594596863 -0.19743026793003082 
v 0.08584502339363098 0.3226907253265381 -0.1845528930425644 
v 0.08433488011360168 0.33208975195884705 -0.19167311489582062 
v 0.09061267226934433 0.3326870799064636 -0.17621129751205444 
v 0.10363077372312546 0.3318538963794708 -0.17848831415176392 
v 0.05882248282432556 0.1297958940267563 -0.1234804093837738 
v 0.07249226421117783 0.1336260735988617 -0.12251590937376022 
v 0.06911394745111465 0.12046574801206589 -0.11748377978801727 
v 0.08118804544210434 0.12741687893867493 -0.12045516818761826 
v 0.07213997095823288 0.28662851452827454 -0.18118709325790405 
v 0.06464745104312897 0.2792418301105499 -0.1879352629184723 
v 0.06787320226430893 0.28210458159446716 -0.19700022041797638 
v 0.07286439836025238 0.27325642108917236 -0.18179942667484283 
v 0.07556016743183136 0.28035905957221985 -0.1702602505683899 
v 0.06741685420274734 0.26620373129844666 -0.17082783579826355 
v 0.10389091819524765 0.3409619927406311 -0.07913170754909515 
v 0.09661753475666046 0.35007181763648987 -0.07891543954610825 
v -0.04649386927485466 0.16443279385566711 -0.20601463317871094 
v -0.05230472609400749 0.15233802795410156 -0.19304031133651733 
v -0.06022714078426361 0.15212972462177277 -0.18427778780460358 
v -0.0603669136762619 0.14600315690040588 -0.17614997923374176 
v -0.07403051853179932 0.15198685228824615 -0.17238645255565643 
v -0.07884842902421951 0.14929969608783722 -0.16286492347717285 
v -0.08605170994997025 0.16131527721881866 -0.16711154580116272 
v -0.09755393862724304 0.17478030920028687 -0.1632750928401947 
v -0.09030524641275406 0.16899974644184113 -0.15264737606048584 
v -0.0779590979218483 0.14107125997543335 -0.1565932035446167 
v -0.08899527788162231 0.15262894332408905 -0.14121508598327637 
v -0.07625450938940048 0.13901932537555695 -0.1337335854768753 
v -0.10250896960496902 0.17743131518363953 -0.148945152759552 
v -0.08894810080528259 0.1691804975271225 -0.1407344937324524 
v -0.09783391654491425 0.1650284081697464 -0.129005566239357 
v -0.08457771688699722 0.16739881038665771 -0.13356870412826538 
v -0.09562447667121887 0.1606508046388626 -0.10886543989181519 
v -0.08117912709712982 0.16561369597911835 -0.10835418850183487 
v -0.0861341580748558 0.16944214701652527 -0.09471117705106735 
v -0.07281050086021423 0.17834711074829102 -0.09164533019065857 
v -0.07787973433732986 0.18559260666370392 -0.08250413835048676 
v -0.0704277828335762 0.17143729329109192 -0.12621481716632843 
v -0.06834885478019714 0.16997407376766205 -0.10826552659273148 
v 0.04960685595870018 0.1449582576751709 -0.17095544934272766 
v 0.046595826745033264 0.14094732701778412 -0.1565186232328415 
v 0.0568392314016819 0.13694672286510468 -0.1783234179019928 
v 0.05135773867368698 0.1259932667016983 -0.16019101440906525 
v 0.004308262374252081 0.2971877455711365 -0.0514230877161026 
v -0.0065409657545387745 0.3002088665962219 -0.05412931740283966 
v -0.003292282111942768 0.28845322132110596 -0.04657573625445366 
v -0.012399001978337765 0.2866818606853485 -0.05459913611412048 
v -0.004823590163141489 0.27473685145378113 -0.054170746356248856 
v -0.019410040229558945 0.29417523741722107 -0.05480711907148361 
v -0.02392018958926201 0.27648410201072693 -0.0546637699007988 
v -0.015693100169301033 0.2716296911239624 -0.04801834002137184 
v -0.02295854687690735 0.25908562541007996 -0.05359155312180519 
v -0.027558645233511925 0.2950359582901001 -0.049284450709819794 
v -0.03619755059480667 0.3100365102291107 -0.04777473211288452 
v -0.030471790581941605 0.2459665983915329 -0.04577198624610901 
v -0.026460759341716766 0.23303693532943726 -0.04869614169001579 
v -0.08923425525426865 0.3147704303264618 -0.20981131494045258 
v -0.08097188919782639 0.30671241879463196 -0.20107531547546387 
v -0.09580084681510925 0.30806031823158264 -0.21075427532196045 
v -0.08733786642551422 0.2998628616333008 -0.19817684590816498 
v -0.10277704894542694 0.3014999330043793 -0.1985323131084442 
v -0.09045339375734329 0.2955799400806427 -0.18948392570018768 
v -0.10760025680065155 0.307110071182251 -0.18107108771800995 
v -0.09333831816911697 0.2964458167552948 -0.17558984458446503 
v -0.0845966786146164 0.2744321823120117 -0.17821238934993744 
v -0.0818881168961525 0.28149691224098206 -0.1874646097421646 
v -0.07931756973266602 0.2918323874473572 -0.19586503505706787 
v -0.08894810080528259 0.1691804975271225 -0.1407344937324524 
v -0.07678317278623581 0.15444333851337433 -0.1304299384355545 
v -0.08457771688699722 0.16739881038665771 -0.13356870412826538 
v -0.07625450938940048 0.13901932537555695 -0.1337335854768753 
v -0.06691983342170715 0.14434543251991272 -0.12807419896125793 
v -0.065398670732975 0.15406633913516998 -0.12349283695220947 
v -0.06438896805047989 0.13076677918434143 -0.12421289831399918 
v 0.09893587976694107 0.1620778739452362 -0.1173337996006012 
v 0.08844908326864243 0.1633155792951584 -0.11682254821062088 
v 0.0942462757229805 0.14975588023662567 -0.11460354179143906 
v 0.08042790740728378 0.15517666935920715 -0.11609751731157303 
v 0.042089201509952545 0.1605871170759201 -0.16692841053009033 
v 0.05245606601238251 0.16308146715164185 -0.14860625565052032 
v 0.03872014954686165 0.14939437806606293 -0.15711605548858643 
v 0.061238713562488556 0.15086619555950165 -0.13221144676208496 
v 0.050800859928131104 0.14118832349777222 -0.1437033861875534 
v 0.05307687819004059 0.1345057338476181 -0.13462930917739868 
v 0.05072678625583649 0.12686774134635925 -0.14666317403316498 
v 0.06485732644796371 0.15818916261196136 -0.127488374710083 
v 0.06945081055164337 0.170559361577034 -0.13856270909309387 
v 0.07454121112823486 0.17173853516578674 -0.123385950922966 
v 0.06695389002561569 0.15656757354736328 -0.10637298971414566 
v 0.06484542042016983 0.14923600852489471 -0.09001877158880234 
v 0.06253721565008163 0.1476195901632309 -0.07822024077177048 
v 0.0665561854839325 0.15685677528381348 -0.07417000830173492 
v 0.06985028088092804 0.14898639917373657 -0.06550940871238708 
v 0.08333267271518707 0.16338099539279938 -0.06841367483139038 
v 0.07789747416973114 0.16939911246299744 -0.07617772370576859 
v 0.08868100494146347 0.18470951914787292 -0.0743299275636673 
v 0.08457694202661514 0.18231673538684845 -0.07738085836172104 
v 0.08916469663381577 0.17476825416088104 -0.062441904097795486 
v 0.09013912081718445 0.1912698894739151 -0.0626109391450882 
v 0.08301697671413422 0.17451348900794983 -0.05077926069498062 
v 0.07782119512557983 0.17752771079540253 -0.044941723346710205 
v 0.07433883100748062 0.16334828734397888 -0.04634289816021919 
v 0.06985028088092804 0.14898639917373657 -0.06550940871238708 
v 0.06744948029518127 0.15141361951828003 -0.055503975600004196 
v 0.040872711688280106 0.2160068303346634 -0.18912182748317719 
v 0.040888141840696335 0.21927239000797272 -0.1812293380498886 
v 0.04586522653698921 0.20561456680297852 -0.1776265650987625 
v 0.046645648777484894 0.21475191414356232 -0.16828235983848572 
v 0.04641196131706238 0.22992976009845734 -0.17761993408203125 
v 0.05141682177782059 0.23611657321453094 -0.18709422647953033 
v 0.05214874818921089 0.24583405256271362 -0.17864906787872314 
v 0.04915403202176094 0.2519296407699585 -0.18828493356704712 
v 0.040872711688280106 0.2160068303346634 -0.18912182748317719 
v 0.04632289707660675 0.23523177206516266 -0.19554932415485382 
v 0.04257509484887123 0.24298164248466492 -0.19878007471561432 
v 0.0479767806828022 0.25982755422592163 -0.19673258066177368 
v 0.04773736372590065 0.2503924071788788 -0.20490844547748566 
v 0.05659584701061249 0.2696465849876404 -0.19010621309280396 
v 0.062164198607206345 0.2576878070831299 -0.18581071496009827 
v 0.05214874818921089 0.24583405256271362 -0.17864906787872314 
v 0.061224162578582764 0.2568374276161194 -0.17251986265182495 
v 0.06741685420274734 0.26620373129844666 -0.17082783579826355 
v 0.07727666199207306 0.2654566466808319 -0.16921205818653107 
v 0.08862986415624619 0.27590569853782654 -0.1668107509613037 
v 0.07556016743183136 0.28035905957221985 -0.1702602505683899 
v 0.06204206496477127 0.26939526200294495 -0.18170082569122314 
v 0.05659584701061249 0.2696465849876404 -0.19010621309280396 
v 0.02122187614440918 0.3751736879348755 -0.2020232379436493 
v 0.03822632133960724 0.3700558841228485 -0.21039797365665436 
v 0.024175144731998444 0.3763391077518463 -0.21520306169986725 
v 0.032612551003694534 0.3737586736679077 -0.2215965986251831 
v 0.0393696203827858 0.36418065428733826 -0.06187347695231438 
v 0.0706867054104805 0.3571555018424988 -0.08557827025651932 
v 0.03873955085873604 0.3609030544757843 -0.07313176244497299 
v 0.059513840824365616 0.3548952639102936 -0.09083826839923859 
v 0.03178759664297104 0.3512079417705536 -0.0757269561290741 
v 0.05705219507217407 0.34156450629234314 -0.09681335091590881 
v 0.04649573937058449 0.3277999460697174 -0.0904935672879219 
v 0.06499356776475906 0.3261318802833557 -0.11441875994205475 
v 0.0773635283112526 0.35586613416671753 -0.10322345048189163 
v 0.08276741951704025 0.2994910180568695 -0.11536668986082077 
v 0.08719246834516525 0.3101828396320343 -0.11744566261768341 
v 0.09092704206705093 0.3051528036594391 -0.11029975861310959 
v 0.09300509095191956 0.3130989372730255 -0.1011345386505127 
v 0.06821006536483765 0.314014732837677 -0.1416277289390564 
v 0.06619948148727417 0.30960097908973694 -0.15036456286907196 
v 0.06454956531524658 0.3084183633327484 -0.15627916157245636 
v 0.06853017210960388 0.32673782110214233 -0.17814776301383972 
v 0.07596272975206375 0.3349146246910095 -0.18777120113372803 
v 0.060652293264865875 0.30432653427124023 -0.16235119104385376 
v 0.056115686893463135 0.30233311653137207 -0.17279164493083954 
v 0.05607159435749054 0.3133278787136078 -0.18386679887771606 
v 0.06435555964708328 0.3298209011554718 -0.1918429732322693 
v 0.06016596034169197 0.3296315371990204 -0.19753384590148926 
v -8.291979725072451e-7 -0.35695910453796387 0.020583689212799072 
v -0.000002151952003259794 -0.3547900915145874 0.02029367722570896 
v -8.291979725072451e-7 -0.3564753830432892 0.02051823027431965 
v -0.000001711033974061138 -0.3551085591316223 0.02033345028758049 
v 0.06641332805156708 0.3059808313846588 -0.14120100438594818 
v 0.063282810151577 0.3103584051132202 -0.1340269148349762 
v 0.026482028886675835 0.15301798284053802 -0.03396102413535118 
v 0.026900459080934525 0.16622135043144226 -0.0400877445936203 
v 0.03313063085079193 0.17237374186515808 -0.019702354446053505 
v 0.033187951892614365 0.1778048574924469 -0.032775286585092545 
v 0.038035403937101364 0.19606751203536987 -0.02319576032459736 
v 0.03682464361190796 0.19318239390850067 -0.027323052287101746 
v 0.03180082142353058 0.18768586218357086 -0.013021295890212059 
v 0.01880917325615883 0.17569266259670258 -0.01099700853228569 
v 0.008698482997715473 0.16178351640701294 -0.017934106290340424 
v 0.012950255535542965 0.18512438237667084 -0.008111799135804176 
v 0.029671188443899155 0.20163288712501526 -0.0135482894256711 
v 0.06855089962482452 0.17920610308647156 -0.05271654203534126 
v 0.07025019824504852 0.17408829927444458 -0.05397270992398262 
v 0.07782119512557983 0.17752771079540253 -0.044941723346710205 
v 0.07433883100748062 0.16334828734397888 -0.04634289816021919 
v -0.0016256120288744569 0.35770633816719055 -0.20541803538799286 
v 0.01197009440511465 0.36676105856895447 -0.20431847870349884 
v 0.02122187614440918 0.3751736879348755 -0.2020232379436493 
v 0.03765268623828888 0.3754611611366272 -0.19380925595760345 
v -3.8828000015200814e-7 -0.33727455139160156 0.01812521368265152 
v 5.2638000624938286e-8 -0.3393815755844116 0.018374623730778694 
v -3.8828000015200814e-7 -0.3372728228569031 0.018124384805560112 
v 5.2638000624938286e-8 -0.3393815755844116 0.018373794853687286 
v 0.02602611854672432 0.3316163420677185 -0.0830070972442627 
v 0.02474481239914894 0.3303975760936737 -0.07793768495321274 
v 0.037211328744888306 0.32838696241378784 -0.08878415077924728 
v 0.04649573937058449 0.3277999460697174 -0.0904935672879219 
v 0.0521809346973896 0.3296108841896057 -0.10414900630712509 
v 0.06499356776475906 0.3261318802833557 -0.11441875994205475 
v 0.06357910484075546 0.32761746644973755 -0.12724311649799347 
v 0.03471837565302849 0.2627298831939697 -0.21651805937290192 
v 0.04607774689793587 0.26441171765327454 -0.21441754698753357 
v -0.03848371282219887 0.15706507861614227 -0.18696247041225433 
v -0.02548280358314514 0.15889495611190796 -0.1881929636001587 
v -0.033253543078899384 0.16156832873821259 -0.17309987545013428 
v -0.017199276015162468 0.1582494080066681 -0.17746664583683014 
v -0.009375186637043953 0.14766950905323029 -0.18748284876346588 
v 0.0031971491407603025 0.15763142704963684 -0.17318357527256012 
v 0.00691541051492095 0.14243635535240173 -0.1914750635623932 
v -0.013234101235866547 0.1406150907278061 -0.20000308752059937 
v -0.0009673214517533779 0.14293040335178375 -0.20396549999713898 
v 0.021714381873607635 0.15952327847480774 -0.17719817161560059 
v 0.030741296708583832 0.15626460313796997 -0.1898891180753708 
v 0.03346925601363182 0.1631365567445755 -0.17960362136363983 
v 0.043732061982154846 0.1570754051208496 -0.18316496908664703 
v 0.042089201509952545 0.1605871170759201 -0.16692841053009033 
v 0.02044983021914959 0.14575183391571045 -0.19925403594970703 
v 0.03536520525813103 0.1561957448720932 -0.1942078173160553 
v 0.04769371077418327 0.1652866154909134 -0.2069459855556488 
v 0.04723956808447838 0.15812547504901886 -0.194753035902977 
v 0.06250502914190292 0.15520592033863068 -0.19157367944717407 
v 0.060822926461696625 0.14645934104919434 -0.1794685572385788 
v 0.07034807652235031 0.14995728433132172 -0.17671343684196472 
v 0.07203546911478043 0.1478416472673416 -0.16459091007709503 
v 0.08330313116312027 0.15671561658382416 -0.16354355216026306 
v 0.0839817076921463 0.16488036513328552 -0.1475912183523178 
v 0.09423305094242096 0.17095012962818146 -0.14386330544948578 
v 0.06557602435350418 0.1538563221693039 -0.1561664640903473 
v 0.05566683039069176 0.14997278153896332 -0.1703016757965088 
v 0.08277491480112076 0.16737471520900726 -0.14429502189159393 
v 0.06945081055164337 0.170559361577034 -0.13856270909309387 
v 0.05245606601238251 0.16308146715164185 -0.14860625565052032 
v 0.042089201509952545 0.1605871170759201 -0.16692841053009033 
v -0.06394011527299881 0.35119932889938354 -0.04298703745007515 
v 0.015540648251771927 0.2264077216386795 -0.04062219336628914 
v 0.022791985422372818 0.2260238379240036 -0.033676810562610626 
v 0.027232471853494644 0.23136886954307556 -0.04588882252573967 
v 0.035266436636447906 0.22517172992229462 -0.03327244892716408 
v 0.032970577478408813 0.21960289776325226 -0.019119014963507652 
v 0.04271133989095688 0.21312688291072845 -0.022518789395689964 
v 0.04930702969431877 0.2042873352766037 -0.03356163576245308 
v 0.05760069936513901 0.19201181828975677 -0.02661873586475849 
v 0.0607510581612587 0.1935490518808365 -0.039804358035326004 
v 0.07093758881092072 0.18175210058689117 -0.03314567357301712 
v 0.07220346480607986 0.1929861456155777 -0.050283752381801605 
v 0.08737897872924805 0.18989790976047516 -0.04652850702404976 
v 0.08125241845846176 0.20388279855251312 -0.06248664855957031 
v 0.0964883416891098 0.20166215300559998 -0.057077500969171524 
v 0.09141690284013748 0.20777150988578796 -0.06982064992189407 
v 0.1019962877035141 0.19942085444927216 -0.06643661856651306 
v 0.10144646465778351 0.1904229372739792 -0.07839507609605789 
v 0.04213770478963852 0.20570234954357147 -0.05131454020738602 
v 0.05802486091852188 0.19571633636951447 -0.054222121834754944 
v 0.0605645477771759 0.2020580917596817 -0.06755606830120087 
v 0.06696050614118576 0.21522530913352966 -0.07523228228092194 
v 0.07986926287412643 0.21719634532928467 -0.07291963696479797 
v 0.07143097370862961 0.21890056133270264 -0.0810689851641655 
v 0.04815976321697235 0.2174011915922165 -0.0601532906293869 
v 0.038831260055303574 0.22036032378673553 -0.053947024047374725 
v 0.03535329923033714 0.2269069254398346 -0.061092931777238846 
v 0.027232471853494644 0.23136886954307556 -0.04588882252573967 
v 0.031997911632061005 0.24337929487228394 -0.056147802621126175 
v 0.034604620188474655 0.2544980049133301 -0.05102701112627983 
v 0.04675014689564705 0.22602899372577667 -0.0686672255396843 
v 0.05499487370252609 0.2192930430173874 -0.074640654027462 
v 0.05846533924341202 0.2311536967754364 -0.07100389897823334 
v 0.06723828613758087 0.22816357016563416 -0.07644784450531006 
v 0.08473964035511017 0.17169378697872162 -0.1341056376695633 
v 0.07454121112823486 0.17173853516578674 -0.123385950922966 
v 0.08844908326864243 0.1633155792951584 -0.11682254821062088 
v 0.06828193366527557 0.17285919189453125 -0.1031571626663208 
v 0.08991910517215729 0.16628161072731018 -0.09425543993711472 
v 0.09893587976694107 0.1620778739452362 -0.1173337996006012 
v 0.09983667731285095 0.1699327677488327 -0.09651505202054977 
v 0.10263782739639282 0.16928377747535706 -0.11793868243694305 
v 0.10790282487869263 0.18204990029335022 -0.14146201312541962 
v 0.09800466150045395 0.1732344627380371 -0.15513567626476288 
v 0.0927877202630043 0.15734049677848816 -0.13853619992733002 
v 0.0942462757229805 0.14975588023662567 -0.11460354179143906 
v 0.08140718191862106 0.14421804249286652 -0.13295553624629974 
v 0.07834853231906891 0.14048081636428833 -0.11790802329778671 
v 0.07249226421117783 0.1336260735988617 -0.12251590937376022 
v 0.0839817076921463 0.16488036513328552 -0.1475912183523178 
v 0.07573477178812027 0.15435726940631866 -0.13837379217147827 
v 0.08140718191862106 0.14421804249286652 -0.13295553624629974 
v 0.061238713562488556 0.15086619555950165 -0.13221144676208496 
v 0.06313686817884445 0.14405106008052826 -0.12694647908210754 
v 0.05882248282432556 0.1297958940267563 -0.1234804093837738 
v 0.028305664658546448 0.36294466257095337 -0.05531422421336174 
v -0.05638895183801651 0.11207550019025803 -0.03910667076706886 
v -0.0482235886156559 0.11107190698385239 -0.03427423536777496 
v -0.053727127611637115 0.10104113072156906 -0.0372406505048275 
v -0.046978436410427094 0.10173486918210983 -0.031201761215925217 
v 0.07184058427810669 0.1810445934534073 -0.08589810878038406 
v 0.08457694202661514 0.18231673538684845 -0.07738085836172104 
v 0.07442348450422287 0.18752749264240265 -0.07537148892879486 
v 0.078861765563488 0.18504691123962402 -0.06544145941734314 
v 0.06324709206819534 0.18441687524318695 -0.06621040403842926 
v 0.06855089962482452 0.17920610308647156 -0.05271654203534126 
v 0.05977574735879898 0.1782352179288864 -0.04327290877699852 
v 0.07782119512557983 0.17752771079540253 -0.044941723346710205 
v 0.07093758881092072 0.18175210058689117 -0.03314567357301712 
v 0.08868100494146347 0.18470951914787292 -0.0743299275636673 
v 0.09907565265893936 0.17683741450309753 -0.08224809914827347 
v 0.1019962877035141 0.19942085444927216 -0.06643661856651306 
v 0.09013912081718445 0.1912698894739151 -0.0626109391450882 
v 0.0964883416891098 0.20166215300559998 -0.057077500969171524 
v 0.08737897872924805 0.18989790976047516 -0.04652850702404976 
v 0.07782119512557983 0.17752771079540253 -0.044941723346710205 
v 0.07093758881092072 0.18175210058689117 -0.03314567357301712 
v 0.05607159435749054 0.3133278787136078 -0.18386679887771606 
v 0.06435555964708328 0.3298209011554718 -0.1918429732322693 
v 0.05261744186282158 0.3148203492164612 -0.18003781139850616 
v 0.06840671598911285 0.3419087827205658 -0.18453216552734375 
v 0.04932202026247978 0.18406742811203003 -0.05236024037003517 
v 0.03407992795109749 0.19223560392856598 -0.041242823004722595 
v 0.052505891770124435 0.18332204222679138 -0.03071039728820324 
v 0.05193093419075012 0.1935938149690628 -0.019275620579719543 
v 0.038035403937101364 0.19606751203536987 -0.02319576032459736 
v 0.03682464361190796 0.19318239390850067 -0.027323052287101746 
v 0.025819329544901848 0.19686108827590942 -0.029605036601424217 
v 0.01692645438015461 0.1911080777645111 -0.03613031655550003 
v 0.009559595957398415 0.18635520339012146 -0.02138359658420086 
v 0.033319342881441116 0.21313032507896423 -0.005761040840297937 
v 0.029671188443899155 0.20163288712501526 -0.0135482894256711 
v 0.018794624134898186 0.1992538720369339 -0.0028426870703697205 
v 0.012950255535542965 0.18512438237667084 -0.008111799135804176 
v 0.002549881348386407 -0.06711159646511078 0.08648611605167389 
v 0.006246096920222044 -0.046280570328235626 0.08605606853961945 
v 0.01204240508377552 -0.03197892755270004 0.07602164149284363 
v 0.004541507922112942 -0.059707723557949066 0.06441948562860489 
v -0.08286122977733612 0.1090492233633995 -0.09443359076976776 
v -0.07278316468000412 0.11176908761262894 -0.09033530205488205 
v -0.08159799873828888 0.09894099086523056 -0.0930299311876297 
v -0.07171305269002914 0.10080185532569885 -0.08579950779676437 
v -0.08092912286520004 0.09433615952730179 -0.0824875608086586 
v -0.07082769274711609 0.12901264429092407 -0.0750914141535759 
v -0.08085107803344727 0.13817410171031952 -0.07300498336553574 
v -0.07851201295852661 0.13188743591308594 -0.0918748527765274 
v -0.08344367891550064 0.14571912586688995 -0.08966578543186188 
v 0.09340279549360275 0.29729965329170227 -0.13395151495933533 
v 0.08581195771694183 0.29049310088157654 -0.1377929449081421 
v 0.09002448618412018 0.3002983629703522 -0.1446968913078308 
v 0.08618497103452682 0.2818739116191864 -0.15015244483947754 
v 0.09343013912439346 0.2804606258869171 -0.1583896279335022 
v 0.09681770950555801 0.2920819818973541 -0.15338897705078125 
v 0.09896718710660934 0.3019423484802246 -0.150619775056839 
v 0.08978506922721863 0.30769020318984985 -0.13075724244117737 
v 0.0951916053891182 0.3104875087738037 -0.12357735633850098 
v 0.08719246834516525 0.3101828396320343 -0.11744566261768341 
v 0.09773746132850647 0.31998637318611145 -0.11570227146148682 
v 0.09300509095191956 0.3130989372730255 -0.1011345386505127 
v 0.10499189049005508 0.32446035742759705 -0.09837859123945236 
v 0.08954299986362457 0.3217560052871704 -0.08421023935079575 
v 0.10399849712848663 0.329450786113739 -0.08135734498500824 
v 0.09310297667980194 0.33908048272132874 -0.07324527949094772 
v 0.10389091819524765 0.3409619927406311 -0.07913170754909515 
v 0.10882610827684402 0.3365998864173889 -0.09023669362068176 
v 0.10871852934360504 0.3330434262752533 -0.10745763778686523 
v -0.05067333206534386 0.08690130710601807 -0.14378541707992554 
v -0.05601593479514122 0.0874091312289238 -0.13575538992881775 
v -0.05144449695944786 0.07756943255662918 -0.13844919204711914 
v -0.0574692003428936 0.07719244062900543 -0.13205814361572266 
v -3.8828000015200814e-7 -0.31920814514160156 0.01620698720216751 
v 0.000002698146090551745 -0.3167172074317932 0.015963377431035042 
v -8.291979725072451e-7 -0.31917887926101685 0.016126612201333046 
v -0.000006561132067872677 -0.31667590141296387 0.015926918014883995 
v -0.0009761397959664464 0.11118724197149277 -0.14864769577980042 
v -0.001016263384371996 0.11089631915092468 -0.15613995492458344 
v 0.008862504735589027 0.12341111153364182 -0.15856777131557465 
v -0.000007883885700721294 -0.3146187961101532 0.01575622521340847 
v 0.000002698146090551745 -0.3167172074317932 0.015963377431035042 
v -3.8828000015200814e-7 -0.3146342933177948 0.015495214611291885 
v -0.000006561132067872677 -0.31667590141296387 0.015926918014883995 
v -0.046367764472961426 0.23644192516803741 -0.05782407522201538 
v -0.045798540115356445 0.2413652241230011 -0.06605711579322815 
v -0.04063979908823967 0.2470390498638153 -0.051503460854291916 
v -0.03228263929486275 0.2276764065027237 -0.047181446105241776 
v -0.030471790581941605 0.2459665983915329 -0.04577198624610901 
v -0.029527343809604645 0.14839251339435577 -0.1651328206062317 
v -0.011769812554121017 0.14856980741024017 -0.16868175566196442 
v -0.0073125725612044334 0.1391071081161499 -0.17027102410793304 
v 0.007444953080266714 0.13702590763568878 -0.16583383083343506 
v 0.0011861220700666308 0.1230926513671875 -0.1670469045639038 
v 0.008862504735589027 0.12341111153364182 -0.15856777131557465 
v 0.0031971491407603025 0.15763142704963684 -0.17318357527256012 
v 0.02239912748336792 0.14443838596343994 -0.16603682935237885 
v 0.021228931844234467 0.12967711687088013 -0.16053074598312378 
v -0.017199276015162468 0.1582494080066681 -0.17746664583683014 
v -0.029527343809604645 0.14839251339435577 -0.1651328206062317 
v -0.033253543078899384 0.16156832873821259 -0.17309987545013428 
v -0.052248287945985794 0.23510093986988068 -0.0765472799539566 
v -3.8828000015200814e-7 -0.32671356201171875 0.016903845593333244 
v -3.8828000015200814e-7 -0.3241073191165924 0.016606375575065613 
v -3.8828000015200814e-7 -0.3241090476512909 0.016606375575065613 
v -3.8828000015200814e-7 -0.32163017988204956 0.016323821619153023 
v -8.291979725072451e-7 -0.321623295545578 0.016332106664776802 
v -0.08286122977733612 0.1090492233633995 -0.09443359076976776 
v -0.08159799873828888 0.09894099086523056 -0.0930299311876297 
v -0.0868043527007103 0.10426020622253418 -0.08436518907546997 
v -0.08092912286520004 0.09433615952730179 -0.0824875608086586 
v -0.08319059014320374 0.16328975558280945 -0.06872688978910446 
v -0.06158825382590294 0.16897736489772797 -0.07233215868473053 
v -0.07032989710569382 0.1670958399772644 -0.07250036299228668 
v -0.06991983950138092 0.16313138604164124 -0.08285877853631973 
v 0.050670791417360306 0.2360907644033432 -0.0732751116156578 
v 0.05846533924341202 0.2311536967754364 -0.07100389897823334 
v 0.05668094381690025 0.24414877593517303 -0.07784321904182434 
v 0.07016157358884811 0.24403344094753265 -0.07907867431640625 
v 0.05311744287610054 0.2671574056148529 -0.07536071538925171 
v 0.061189331114292145 0.26766693592071533 -0.07413022965192795 
v 0.06494154036045074 0.28510674834251404 -0.08237653225660324 
v 0.06806279718875885 0.26599544286727905 -0.07660859823226929 
v 0.07537366449832916 0.26761186122894287 -0.08554346859455109 
v 0.06545080244541168 0.2741825580596924 -0.080996073782444 
v 0.06494154036045074 0.28510674834251404 -0.08237653225660324 
v 0.08057869970798492 0.2637954652309418 -0.09299678355455399 
v 0.08662103861570358 0.2879643440246582 -0.0968904122710228 
v 0.07922640442848206 0.2821011543273926 -0.08247347921133041 
v 0.08349184691905975 0.29611873626708984 -0.0869636982679367 
v 0.07663998007774353 0.24084018170833588 -0.09137851744890213 
v 0.06723828613758087 0.22816357016563416 -0.07644784450531006 
v 0.07002885639667511 0.22264982759952545 -0.08886286616325378 
v 0.06968449801206589 0.23124493658542633 -0.09740414470434189 
v 0.06916024535894394 0.24435018002986908 -0.10609457641839981 
v 0.0731448233127594 0.263101726770401 -0.10090003907680511 
v 0.08057869970798492 0.2637954652309418 -0.09299678355455399 
v 0.08208531886339188 0.27526533603668213 -0.1032516285777092 
v 0.08662103861570358 0.2879643440246582 -0.0968904122710228 
v 0.07818759977817535 0.2828172445297241 -0.11142086237668991 
v 0.0003752738703042269 -0.2782570421695709 0.014461941085755825 
v 0.00003444424146437086 -0.27894043922424316 0.010245989076793194 
v 0.00028268108144402504 -0.28048282861709595 0.0138264000415802 
v 0.00023285734641831368 -0.28054824471473694 0.013647421263158321 
v 0.07922640442848206 0.2821011543273926 -0.08247347921133041 
v 0.08349184691905975 0.29611873626708984 -0.0869636982679367 
v -0.030307769775390625 -0.022316541522741318 -0.035308338701725006 
v -0.02839197963476181 0.00017910564201883972 -0.0290622990578413 
v -0.027011465281248093 0.0357748344540596 -0.050970666110515594 
v -0.0229365024715662 0.02768927812576294 -0.03106752783060074 
v -0.021020712330937386 0.06377217173576355 -0.06123296543955803 
v -0.01258021965622902 0.04587618634104729 -0.03920113295316696 
v -0.007466011680662632 0.06518030166625977 -0.05256407707929611 
v 0.005943627096712589 0.058841995894908905 -0.04830172285437584 
v -0.013518493622541428 -0.001478631398640573 -0.017203275114297867 
v -0.017020704224705696 0.009609099477529526 -0.01436446700245142 
v -0.013964702375233173 0.02237350307404995 -0.01229957863688469 
v -0.007322272751480341 0.03106672503054142 -0.025903647765517235 
v -0.00394836813211441 0.029145607724785805 0.005285119172185659 
v 0.008483314886689186 0.031145909801125526 -0.025761127471923828 
v 0.006731988862156868 0.02857065014541149 0.0021645850501954556 
v -0.011500411666929722 0.0026028791908174753 0.020469341427087784 
v -0.009863724000751972 0.013625195249915123 0.02770308218896389 
v -0.004507011268287897 0.022359730675816536 0.03848077356815338 
v -0.0704277828335762 0.17143729329109192 -0.12621481716632843 
v -0.06359663605690002 0.16473059356212616 -0.14353932440280914 
v -0.06036338582634926 0.15159952640533447 -0.13266634941101074 
v -0.04634219408035278 0.16064392030239105 -0.1550428718328476 
v -0.05147359520196915 0.1466245949268341 -0.14497779309749603 
v -0.03672841563820839 0.13559195399284363 -0.15351077914237976 
v -0.055070605129003525 0.13849084079265594 -0.14709819853305817 
v -0.047838225960731506 0.1292811930179596 -0.14816875755786896 
v -0.06300404667854309 0.12908323109149933 -0.14931969344615936 
v -0.0779590979218483 0.14107125997543335 -0.1565932035446167 
v -0.063900426030159 0.1457449495792389 -0.1490338146686554 
v 0.09164442121982574 0.3394522964954376 -0.1500861495733261 
v -0.06011426821351051 0.18229606747627258 -0.0265093594789505 
v -0.04991450905799866 0.17694415152072906 -0.03582124412059784 
v -0.056176427751779556 0.16888441145420074 -0.027392655611038208 
v -0.04784660413861275 0.1665673702955246 -0.04488537833094597 
v -0.05048726126551628 0.15395617485046387 -0.03611540049314499 
v -0.04597446694970131 0.30259475111961365 -0.05022657662630081 
v -0.047426410019397736 0.29719120264053345 -0.061517179012298584 
v -0.04885498434305191 0.28673696517944336 -0.05310681462287903 
v -0.045994751155376434 0.28111132979393005 -0.06346854567527771 
v -0.04245505854487419 0.27328914403915405 -0.05187136307358742 
v 0.0902237817645073 0.2806189954280853 -0.14114299416542053 
v 0.08581195771694183 0.29049310088157654 -0.1377929449081421 
v 0.08210118860006332 0.27800413966178894 -0.13559547066688538 
v 0.08028901368379593 0.28393274545669556 -0.12604163587093353 
v 0.0849023386836052 0.29616349935531616 -0.12676334381103516 
v 0.09340279549360275 0.29729965329170227 -0.13395151495933533 
v -0.06620995700359344 0.16322262585163116 -0.0938287079334259 
v -0.07295071333646774 0.15384428203105927 -0.0952945128083229 
v -0.07851201295852661 0.13188743591308594 -0.0918748527765274 
v -0.08344367891550064 0.14571912586688995 -0.08966578543186188 
v -0.09755393862724304 0.17478030920028687 -0.1632750928401947 
v -0.10250896960496902 0.17743131518363953 -0.148945152759552 
v -0.0918608009815216 0.1875206083059311 -0.15445953607559204 
v -0.09485022723674774 0.18286414444446564 -0.14122502505779266 
v -0.08447189629077911 0.19632400572299957 -0.1442718207836151 
v -0.090102419257164 0.1807691603899002 -0.12747594714164734 
v -0.07327831536531448 0.18795958161354065 -0.1228233203291893 
v -0.09081979840993881 0.17731253802776337 -0.10908999294042587 
v -0.0744895190000534 0.1936420202255249 -0.09809520840644836 
v -0.09381010383367538 0.1840071678161621 -0.09579167515039444 
v -0.09383126348257065 0.2007618546485901 -0.08689077943563461 
v -0.10344548523426056 0.17930078506469727 -0.09078855067491531 
v -0.10495342314243317 0.19631367921829224 -0.07582307606935501 
v -0.10160993784666061 0.16789458692073822 -0.10216780751943588 
v -0.09895914047956467 0.16793762147426605 -0.11996711790561676 
v 0.005943627096712589 0.058841995894908905 -0.04830172285437584 
v 0.01648641750216484 0.059935104101896286 -0.05350123345851898 
v 0.02195688709616661 0.07381671667098999 -0.07004271447658539 
v 0.025045959278941154 0.07762796431779861 -0.08151891827583313 
v 0.027695434167981148 0.09045606106519699 -0.08862339705228806 
v 0.02240309678018093 0.06762989610433578 -0.09427449852228165 
v 0.02455742098391056 0.0892355665564537 -0.10163170099258423 
v 0.012653076089918613 0.06694304943084717 -0.10381010919809341 
v 0.013544612564146519 0.08028068393468857 -0.10731345415115356 
v 0.003947591409087181 0.08087629824876785 -0.11162884533405304 
v 0.018020370975136757 0.09291081875562668 -0.11471043527126312 
v 0.006279165856540203 0.10098088532686234 -0.1304042488336563 
v 0.024077262729406357 0.10548414289951324 -0.1283327341079712 
v 0.02300318516790867 0.11881662160158157 -0.15156273543834686 
v 0.03929510712623596 0.11370397359132767 -0.1304456740617752 
v 0.04221662878990173 0.11103575676679611 -0.10307016223669052 
v 0.03334183245897293 0.10579399764537811 -0.11625246703624725 
v 0.05227837711572647 0.1217774748802185 -0.11206303536891937 
v 0.05882248282432556 0.1297958940267563 -0.1234804093837738 
v 0.043494850397109985 0.11989079415798187 -0.13806305825710297 
v 0.05307687819004059 0.1345057338476181 -0.13462930917739868 
v -0.08923425525426865 0.3147704303264618 -0.20981131494045258 
v -0.09465137124061584 0.3213893473148346 -0.20787982642650604 
v -0.10398472845554352 0.3117355704307556 -0.2040732055902481 
v -0.10803323239088058 0.31232255697250366 -0.19491544365882874 
v 0.027165891602635384 0.052854862064123154 -0.06978004425764084 
v 0.027844905853271484 0.05516158044338226 -0.08115018904209137 
v 0.012949373573064804 0.040751490741968155 -0.10676160454750061 
v 0.0023682231549173594 0.06178564205765724 -0.10695384442806244 
v -0.008139734156429768 0.0706578940153122 -0.10656853765249252 
v -0.009409137070178986 0.08657251298427582 -0.1137939915060997 
v -0.01988578960299492 0.07423674315214157 -0.09857994318008423 
v -0.02265387400984764 0.09299172461032867 -0.10981502383947372 
v -0.027974430471658707 0.0911274179816246 -0.08740120381116867 
v -0.03779279440641403 0.10791996866464615 -0.1107737198472023 
v -0.039437416940927505 0.10911636054515839 -0.08977515995502472 
v -0.05656443536281586 0.12519796192646027 -0.09456119686365128 
v -0.02802513726055622 0.10481450706720352 -0.12302881479263306 
v -0.012298913672566414 0.10300528258085251 -0.1315576732158661 
v -0.042924195528030396 0.11791802942752838 -0.13388191163539886 
v -0.052301641553640366 0.12250220030546188 -0.12188119441270828 
v -0.05900315195322037 0.13114550709724426 -0.11584893614053726 
v -0.06309222429990768 0.13806048035621643 -0.10810311883687973 
v -0.02446560561656952 0.11921082437038422 -0.15025021135807037 
v -0.0009761397959664464 0.11118724197149277 -0.14864769577980042 
v 0.021228931844234467 0.12967711687088013 -0.16053074598312378 
v 0.03413989394903183 0.12455414235591888 -0.1658131182193756 
v 0.034902241080999374 0.1109427958726883 -0.16127565503120422 
v 0.04210066795349121 0.10960524529218674 -0.16762113571166992 
v 0.04781540483236313 0.10695941001176834 -0.17233258485794067 
v 0.0470314547419548 0.08702352643013 -0.16341926157474518 
v 0.05520915985107422 0.08334827423095703 -0.16368938982486725 
v 0.05625016614794731 0.10668569803237915 -0.16889303922653198 
v 0.04339520260691643 0.1265888810157776 -0.164430171251297 
v 0.03413989394903183 0.12455414235591888 -0.1658131182193756 
v -0.02589903026819229 0.06847167760133743 -0.08186528086662292 
v -0.023904316127300262 0.053366128355264664 -0.09498627483844757 
v -0.012318314053118229 0.04581765830516815 -0.1058882549405098 
v -0.06438896805047989 0.13076677918434143 -0.12421289831399918 
v -0.07036825269460678 0.11911270767450333 -0.12914477288722992 
v -0.07032989710569382 0.13003861904144287 -0.1327359527349472 
v -0.07664868980646133 0.12010940909385681 -0.13803985714912415 
v -0.07233166694641113 0.11479879915714264 -0.1366121768951416 
v -0.07265706360340118 0.09819905459880829 -0.13787993788719177 
v -0.07637841254472733 0.09372849762439728 -0.13678866624832153 
v -0.06454725563526154 0.08429334312677383 -0.13438819348812103 
v -0.06474567204713821 0.07705988734960556 -0.1369228959083557 
v -0.074577696621418 0.08699426054954529 -0.14535729587078094 
v -0.08047541975975037 0.10751371085643768 -0.144842728972435 
v -0.07664868980646133 0.12010940909385681 -0.13803985714912415 
v 0.0002196298009948805 -0.10099966078996658 0.11513768881559372 
v -0.006587262265384197 -0.07614737749099731 0.1337258368730545 
v 0.0055772243067622185 -0.07487352192401886 0.1328856199979782 
v -0.002066530054435134 -0.06845775246620178 0.15281942486763 
v 0.00028268108144402504 -0.28048282861709595 0.0138264000415802 
v 0.00023285734641831368 -0.28054824471473694 0.013647421263158321 
v 0.0003752738703042269 -0.2782570421695709 0.014461941085755825 
v 0.00003444424146437086 -0.27894043922424316 0.010245989076793194 
v 0.06985028088092804 0.14898639917373657 -0.06550940871238708 
v 0.06744948029518127 0.15141361951828003 -0.055503975600004196 
v 0.07901917397975922 0.1380828619003296 -0.04786587879061699 
v 0.06399445235729218 0.14996933937072754 -0.048435959964990616 
v 0.07580267637968063 0.12990090250968933 -0.03676917031407356 
v 0.07900991290807724 0.12024884670972824 -0.03836672753095627 
v 0.07729165256023407 0.11731208860874176 -0.04420177638530731 
v 0.06985028088092804 0.14898639917373657 -0.06550940871238708 
v 0.06253721565008163 0.1476195901632309 -0.07822024077177048 
v -0.06739205867052078 0.26442548632621765 -0.08168961107730865 
v -0.05786117538809776 0.27178460359573364 -0.08000340312719345 
v -0.06454284489154816 0.28329065442085266 -0.08771856129169464 
v -0.062235523015260696 0.2826399505138397 -0.07304144650697708 
v -0.06454284489154816 0.28329065442085266 -0.08771856129169464 
v -0.061006683856248856 0.29505491256713867 -0.0804549902677536 
v -3.8828000015200814e-7 -0.32163017988204956 0.016323821619153023 
v -8.291979725072451e-7 -0.321623295545578 0.016332106664776802 
v -8.291979725072451e-7 -0.31917887926101685 0.016126612201333046 
v -3.8828000015200814e-7 -0.31920814514160156 0.01620698720216751 
v -0.05521787330508232 0.10551857203245163 -0.028027368709445 
v -0.058164969086647034 0.11617249995470047 -0.018752770498394966 
v -0.048381440341472626 0.10981698334217072 -0.025172816589474678 
v -0.049768127501010895 0.12663018703460693 -0.021486343815922737 
v -0.05535411462187767 0.1318444013595581 -0.023486601188778877 
v -0.052273862063884735 0.14323510229587555 -0.03461562097072601 
v -0.04964158311486244 0.4599609971046448 -0.16336622834205627 
v -0.06019230931997299 0.4710538983345032 -0.1644359678030014 
v -0.049160100519657135 0.4653095006942749 -0.17058837413787842 
v -0.06093040481209755 0.47915151715278625 -0.16922448575496674 
v -0.07560283690690994 0.478726327419281 -0.1633438616991043 
v -0.07964164018630981 0.4859907627105713 -0.16132289171218872 
v -0.07964164018630981 0.4859907627105713 -0.16132289171218872 
v -0.07560283690690994 0.478726327419281 -0.1633438616991043 
v -0.0778290256857872 0.48044946789741516 -0.15602974593639374 
v -0.06019230931997299 0.4710538983345032 -0.1644359678030014 
v -0.060152627527713776 0.47332102060317993 -0.15847910940647125 
v -0.04964158311486244 0.4599609971046448 -0.16336622834205627 
v 0.009400865063071251 -0.09421206265687943 0.05734815448522568 
v -0.052248287945985794 0.23510093986988068 -0.0765472799539566 
v -0.05793260410428047 0.24307115375995636 -0.0724920779466629 
v -0.05686822906136513 0.24197804927825928 -0.0815528929233551 
v -0.05731002986431122 0.2532086670398712 -0.07222526520490646 
v -0.05698904022574425 0.2575053572654724 -0.08051548153162003 
v -3.8828000015200814e-7 -0.3146342933177948 0.015495214611291885 
v -0.000006561132067872677 -0.31667590141296387 0.015926918014883995 
v -0.000007883885700721294 -0.3146187961101532 0.01575622521340847 
v 0.000002698146090551745 -0.3167172074317932 0.015963377431035042 
v -0.0006582379573956132 -0.1306512951850891 0.06619685143232346 
v 0.007268144749104977 -0.12423208355903625 0.10141513496637344 
v 0.006376608740538359 -0.1370825618505478 0.05577794462442398 
v 0.005933486390858889 -0.14777091145515442 0.06351464986801147 
v 0.006511529441922903 -0.15054930746555328 0.11286482214927673 
v 0.006700242403894663 -0.13432998955249786 0.16230614483356476 
v 0.005280486773699522 -0.15101581811904907 0.1464880406856537 
v -0.0017742014024406672 -0.15155461430549622 0.15504008531570435 
v 0.002959935227409005 -0.15900324285030365 0.11858386546373367 
v -0.0033077141270041466 -0.15909965336322784 0.11630768328905106 
v 0.0001587831211509183 -0.16026850044727325 0.0692635253071785 
v 0.0037734289653599262 -0.15702705085277557 0.07439757138490677 
v 0.052818503230810165 0.2992706894874573 -0.1650143414735794 
v 0.05175544694066048 0.3016720712184906 -0.16994702816009521 
v 0.05400589480996132 0.30429381132125854 -0.16718196868896484 
v 0.05261744186282158 0.3148203492164612 -0.18003781139850616 
v 0.060652293264865875 0.30432653427124023 -0.16235119104385376 
v -0.08001597970724106 0.19877015054225922 -0.15535195171833038 
v -0.07164647430181503 0.20283789932727814 -0.14755640923976898 
v 0.060686685144901276 0.3017323315143585 -0.2442598193883896 
v 0.04306098818778992 0.31064245104789734 -0.2434113323688507 
v 0.05561215803027153 0.3107801675796509 -0.2332940399646759 
v 0.05873076990246773 0.31229501962661743 -0.2176830768585205 
v 0.06013597548007965 0.31072506308555603 -0.22528968751430511 
v 0.06591068208217621 0.31409046053886414 -0.2374221533536911 
v 0.06768272817134857 0.31062179803848267 -0.2294277548789978 
v 0.07064349204301834 0.14112979173660278 -0.09769084304571152 
v 0.0727003738284111 0.153052419424057 -0.10969984531402588 
v 0.06485732644796371 0.15818916261196136 -0.127488374710083 
v 0.06970874965190887 0.1539854258298874 -0.12778916954994202 
v 0.08233752101659775 0.1392344981431961 -0.10724054276943207 
v 0.0942462757229805 0.14975588023662567 -0.11460354179143906 
v 0.08042790740728378 0.15517666935920715 -0.11609751731157303 
v 0.06970874965190887 0.1539854258298874 -0.12778916954994202 
v 0.07828371971845627 0.1595439314842224 -0.1317739337682724 
v 0.07573477178812027 0.15435726940631866 -0.13837379217147827 
v 0.08277491480112076 0.16737471520900726 -0.14429502189159393 
v 0.0839817076921463 0.16488036513328552 -0.1475912183523178 
v 0.08844908326864243 0.1633155792951584 -0.11682254821062088 
v 0.08473964035511017 0.17169378697872162 -0.1341056376695633 
v 0.04306098818778992 0.31064245104789734 -0.2434113323688507 
v 0.060686685144901276 0.3017323315143585 -0.2442598193883896 
v 0.033772606402635574 0.31851109862327576 -0.2351575791835785 
v 0.04657907038927078 0.3249630331993103 -0.22884607315063477 
v 0.03321528807282448 0.3216595947742462 -0.22519274055957794 
v 0.051065851002931595 0.3287605047225952 -0.21290947496891022 
v 0.04920605942606926 0.32131874561309814 -0.2014780193567276 
v 0.04651469737291336 0.31497013568878174 -0.19775010645389557 
v 0.04904909431934357 0.3179619610309601 -0.19768713414669037 
v -0.03129630535840988 0.15955425798892975 -0.027904734015464783 
v -0.02782451920211315 0.16657596826553345 -0.03556272014975548 
v -0.02633686177432537 0.1754792034626007 -0.033300623297691345 
v 0.0703970193862915 0.3014310896396637 -0.23427842557430267 
v 0.062006350606679916 0.30302512645721436 -0.2209337055683136 
v 0.06591068208217621 0.31409046053886414 -0.2374221533536911 
v 0.06768272817134857 0.31062179803848267 -0.2294277548789978 
v -0.08099658042192459 0.18437039852142334 -0.07020097970962524 
v -0.08489429950714111 0.1786363124847412 -0.08146754652261734 
v 0.018794624134898186 0.1992538720369339 -0.0028426870703697205 
v 0.0038638170808553696 0.19079476594924927 -0.005988079123198986 
v 0.012950255535542965 0.18512438237667084 -0.008111799135804176 
v -0.009454992599785328 0.18430842459201813 -0.014318893663585186 
v -0.012852266430854797 0.19307738542556763 -0.009489772841334343 
v -0.024790562689304352 0.19490037858486176 -0.00868270918726921 
v -0.042456381022930145 0.2116120308637619 -0.010281920433044434 
v -0.028513232246041298 0.21369323134422302 -0.022275177761912346 
v -0.043939631432294846 0.21866300702095032 -0.02354377508163452 
v -0.03311244770884514 0.22489114105701447 -0.03295757994055748 
v -0.04164200648665428 0.22684839367866516 -0.036916665732860565 
v -0.03228263929486275 0.2276764065027237 -0.047181446105241776 
v -0.018942225724458694 0.21156038343906403 -0.03567126765847206 
v -0.010964254848659039 0.20091505348682404 -0.021021496504545212 
v 0.0017976752715185285 0.1985945701599121 -0.017949849367141724 
v 0.0038638170808553696 0.19079476594924927 -0.005988079123198986 
v 0.014881917275488377 0.2037571370601654 -0.016368038952350616 
v 0.018794624134898186 0.1992538720369339 -0.0028426870703697205 
v 0.033319342881441116 0.21313032507896423 -0.005761040840297937 
v -0.006921037100255489 0.20586071908473969 -0.03904121369123459 
v 0.013587381690740585 0.207845538854599 -0.0376872681081295 
v 0.02305256761610508 0.21509791910648346 -0.022009195759892464 
v 0.015540648251771927 0.2264077216386795 -0.04062219336628914 
v 0.00911735463887453 0.22326266765594482 -0.04832907021045685 
v 0.006869554985314608 0.2329956293106079 -0.044643424451351166 
v 0.013266392983496189 0.24021874368190765 -0.04250893369317055 
v 0.020681751891970634 0.2505008578300476 -0.0430292971432209 
v 0.03313768655061722 0.27470070123672485 -0.04724110662937164 
v -0.004123412538319826 0.12033147364854813 -0.008968578651547432 
v 0.0022183111868798733 0.12466947734355927 -0.017483344301581383 
v 0.004522107541561127 0.11617249995470047 -0.01966920867562294 
v 0.0009198075858876109 0.13524077832698822 -0.026192832738161087 
v 0.009448484517633915 0.13456426560878754 -0.03561658039689064 
v -0.06640792638063431 0.13251231610774994 -0.14176444709300995 
v -0.06300404667854309 0.12908323109149933 -0.14931969344615936 
v 0.026482028886675835 0.15301798284053802 -0.03396102413535118 
v 0.02189471758902073 0.15870043635368347 -0.025467801839113235 
v -0.06680784374475479 0.21869398653507233 -0.11587462574243546 
v -0.068374864757061 0.22660739719867706 -0.1312643438577652 
v -0.06861560791730881 0.21576066315174103 -0.12806344032287598 
v -0.07234621047973633 0.22000055015087128 -0.13445696234703064 
v 0.07757825404405594 0.10135959833860397 -0.10108896344900131 
v 0.07396404445171356 0.12031598389148712 -0.1086035966873169 
v 0.07565055787563324 0.11313073337078094 -0.0981457531452179 
v 0.07743142545223236 0.12853409349918365 -0.10041447728872299 
v 0.0822846069931984 0.1298561543226242 -0.10976530611515045 
v 0.08118804544210434 0.12741687893867493 -0.12045516818761826 
v 0.08233752101659775 0.1392344981431961 -0.10724054276943207 
v 0.07834853231906891 0.14048081636428833 -0.11790802329778671 
v 0.06911394745111465 0.12046574801206589 -0.11748377978801727 
v 0.06939349323511124 0.1120152473449707 -0.10551703721284866 
v -8.291979725072451e-7 -0.321623295545578 0.016332106664776802 
v -3.8828000015200814e-7 -0.32163017988204956 0.016323821619153023 
v -3.8828000015200814e-7 -0.31920814514160156 0.01620698720216751 
v -8.291979725072451e-7 -0.31917887926101685 0.016126612201333046 
v 0.0037734289653599262 -0.15702705085277557 0.07439757138490677 
v 0.0001587831211509183 -0.16026850044727325 0.0692635253071785 
v -0.002124731196090579 -0.17352867126464844 0.016741439700126648 
v -0.06589999049901962 0.21664203703403473 -0.14087286591529846 
v -0.06540440022945404 0.20905397832393646 -0.12824489176273346 
v -0.06861560791730881 0.21576066315174103 -0.12806344032287598 
v -0.06680784374475479 0.21869398653507233 -0.11587462574243546 
v -3.8828000015200814e-7 -0.3294110596179962 0.017212916165590286 
v -3.8828000015200814e-7 -0.32671356201171875 0.016903845593333244 
v -3.8828000015200814e-7 -0.3294110596179962 0.017212916165590286 
v -3.8828000015200814e-7 -0.32671356201171875 0.016903845593333244 
v -0.07082769274711609 0.12901264429092407 -0.0750914141535759 
v -0.05920465290546417 0.1433556079864502 -0.07137180119752884 
v -0.08085107803344727 0.13817410171031952 -0.07300498336553574 
v -0.07434356957674026 0.14844414591789246 -0.07276220619678497 
v 0.01094275526702404 -0.14348456263542175 -0.018209204077720642 
v -0.034400369971990585 0.42496606707572937 -0.17066046595573425 
v -0.03236773610115051 0.4237111210823059 -0.17886698246002197 
v -0.0361173041164875 0.42889606952667236 -0.17338906228542328 
v -0.039049409329891205 0.4331841766834259 -0.18029384315013885 
v 0.03608301654458046 0.36485716700553894 -0.07835115492343903 
v 0.033848006278276443 0.3704707622528076 -0.0676124095916748 
v 0.03873955085873604 0.3609030544757843 -0.07313176244497299 
v 0.0393696203827858 0.36418065428733826 -0.06187347695231438 
v 4.935560014018847e-7 -0.34183287620544434 0.018667122349143028 
v 5.2638000624938286e-8 -0.3393815755844116 0.018373794853687286 
v 5.2638000624938286e-8 -0.3418346047401428 0.018667951226234436 
v 5.2638000624938286e-8 -0.3393815755844116 0.018374623730778694 
v 0.008483314886689186 0.031145909801125526 -0.025761127471923828 
v 0.005943627096712589 0.058841995894908905 -0.04830172285437584 
v 0.009559595957398415 0.18635520339012146 -0.02138359658420086 
v 0.025819329544901848 0.19686108827590942 -0.029605036601424217 
v 0.025218797847628593 0.19097724556922913 -0.023686295375227928 
v 0.03682464361190796 0.19318239390850067 -0.027323052287101746 
v 0.033187951892614365 0.1778048574924469 -0.032775286585092545 
v 0.029593145474791527 0.1774829477071762 -0.042650625109672546 
v 0.021512001752853394 0.1747768670320511 -0.03484266251325607 
v 0.015594881027936935 0.1775018870830536 -0.03973392769694328 
v 0.007011530455201864 0.17083995044231415 -0.0315837487578392 
v 0.008698482997715473 0.16178351640701294 -0.017934106290340424 
v 0.013358104042708874 0.17890486121177673 -0.021756470203399658 
v 0.012950255535542965 0.18512438237667084 -0.008111799135804176 
v 0.009559595957398415 0.18635520339012146 -0.02138359658420086 
v 0.05311744287610054 0.2671574056148529 -0.07536071538925171 
v 0.05668094381690025 0.24414877593517303 -0.07784321904182434 
v 0.050670791417360306 0.2360907644033432 -0.0732751116156578 
v 0.041981618851423264 0.2370702475309372 -0.066492959856987 
v -0.007088145241141319 0.09731768071651459 -0.15671665966510773 
v -0.011094766668975353 0.11055375635623932 -0.1522529572248459 
v -0.018455011770129204 0.10635863244533539 -0.15992586314678192 
v -0.023992501199245453 0.11636874824762344 -0.16055311262607574 
v -0.025923721492290497 0.11397595703601837 -0.17338906228542328 
v -0.026866404339671135 0.12476932257413864 -0.16906540095806122 
v -0.027501767501235008 0.12725162506103516 -0.15964330732822418 
v -0.03672841563820839 0.13559195399284363 -0.15351077914237976 
v -0.041084688156843185 0.12425461411476135 -0.14441516995429993 
v -0.047838225960731506 0.1292811930179596 -0.14816875755786896 
v -0.06227520480751991 0.117706298828125 -0.147195965051651 
v -0.06300404667854309 0.12908323109149933 -0.14931969344615936 
v -0.06454505026340485 0.11620348691940308 -0.1394849568605423 
v -0.07036825269460678 0.11911270767450333 -0.12914477288722992 
v -0.07233166694641113 0.11479879915714264 -0.1366121768951416 
v -0.011094766668975353 0.11055375635623932 -0.1522529572248459 
v -0.0009761397959664464 0.11118724197149277 -0.14864769577980042 
v 0.02474481239914894 0.3303975760936737 -0.07793768495321274 
v 0.0075798737816512585 0.31936320662498474 -0.07354938238859177 
v 0.015138531103730202 0.32557758688926697 -0.07565818727016449 
v 0.012434381060302258 0.3272731900215149 -0.07468622922897339 
v -0.0033077141270041466 -0.039785612374544144 0.10506846010684967 
v -0.003216444281861186 -0.07114318013191223 0.08188734948635101 
v 0.002549881348386407 -0.06711159646511078 0.08648611605167389 
v 0.0007915004389360547 -0.09980154782533646 0.06168259680271149 
v -0.0014527721796184778 -0.09846916049718857 -0.036768343299627304 
v 0.0000013753920029557776 -0.3744626045227051 0.02316894382238388 
v 0.0000035799819215753814 -0.37196651101112366 0.022767897695302963 
v 0.000004461818207346369 -0.3744643032550812 0.02316480129957199 
v 0.0000035799819215753814 -0.37196651101112366 0.022763755172491074 
v 0.0000031390638923767256 -0.36952725052833557 0.022387567907571793 
v 0.0000035799819215753814 -0.3695255219936371 0.022383423522114754 
v 0.043732061982154846 0.1570754051208496 -0.18316496908664703 
v 0.030741296708583832 0.15626460313796997 -0.1898891180753708 
v 0.034717053174972534 0.14815667271614075 -0.17725202441215515 
v 0.027537144720554352 0.1436293125152588 -0.17693550884723663 
v 0.03391943499445915 0.14408203959465027 -0.16615036129951477 
v 0.02239912748336792 0.14443838596343994 -0.16603682935237885 
v -0.07032989710569382 0.13003861904144287 -0.1327359527349472 
v -0.06640792638063431 0.13251231610774994 -0.14176444709300995 
v -0.07664868980646133 0.12010940909385681 -0.13803985714912415 
v -0.07304065674543381 0.11940190196037292 -0.14849522709846497 
v -0.08047541975975037 0.10751371085643768 -0.144842728972435 
v -0.07411517947912216 0.10603844374418259 -0.14974559843540192 
v -0.074577696621418 0.08699426054954529 -0.14535729587078094 
v -0.06227520480751991 0.117706298828125 -0.147195965051651 
v -0.06300404667854309 0.12908323109149933 -0.14931969344615936 
v -0.06454284489154816 0.28329065442085266 -0.08771856129169464 
v -0.06951992958784103 0.2668406665325165 -0.09338954836130142 
v -0.06739205867052078 0.26442548632621765 -0.08168961107730865 
v -0.06672230362892151 0.25223949551582336 -0.08887612074613571 
v -0.03236773610115051 0.4237111210823059 -0.17886698246002197 
v -0.01412916462868452 0.46626487374305725 -0.17273032665252686 
v -0.030527787283062935 0.4332031011581421 -0.17085517942905426 
v -0.03339287266135216 0.42972925305366516 -0.1668107509613037 
v -0.03374163806438446 0.4273485243320465 -0.16915737092494965 
v -0.034400369971990585 0.42496606707572937 -0.17066046595573425 
v 0.012306955642998219 0.3274332880973816 -0.07909441739320755 
v 0.01162000559270382 0.32030826807022095 -0.07929162681102753 
v 0.03677437826991081 0.47855761647224426 -0.13419181108474731 
v 0.042766012251377106 0.47557610273361206 -0.12092912942171097 
v 0.03308962658047676 0.4866793155670166 -0.13918748497962952 
v 0.04542165994644165 0.4775695204734802 -0.11234641820192337 
v 0.052050862461328506 0.45467278361320496 -0.11276154965162277 
v 0.054254572838544846 0.4488457441329956 -0.10600674152374268 
v -0.0686032623052597 0.2647887170314789 -0.1767159253358841 
v -0.07454727590084076 0.2752859890460968 -0.17959782481193542 
v -0.07063457369804382 0.2709411084651947 -0.18844568729400635 
v -0.0599961020052433 0.2676376700401306 -0.18521825969219208 
v -0.0686032623052597 0.2647887170314789 -0.1767159253358841 
v 0.041981618851423264 0.2370702475309372 -0.066492959856987 
v 0.0404256209731102 0.23677244782447815 -0.05803702771663666 
v 0.035186633467674255 0.23913080990314484 -0.20446597039699554 
v -0.016473084688186646 0.3056502938270569 -0.04751620441675186 
v -0.009425010532140732 0.3138253688812256 -0.052468787878751755 
v -0.058164969086647034 0.11617249995470047 -0.018752770498394966 
v -0.057492125779390335 0.13753372430801392 -0.019435541704297066 
v -0.05535411462187767 0.1318444013595581 -0.023486601188778877 
v -0.052273862063884735 0.14323510229587555 -0.03461562097072601 
v -0.06901507824659348 0.18483173847198486 -0.03011380136013031 
v -0.07046305388212204 0.17646387219429016 -0.04634786769747734 
v -0.05522404611110687 0.18129591643810272 -0.03930388018488884 
v -0.050552960485219955 0.18419653177261353 -0.05574178695678711 
v -0.06629064679145813 0.18405881524085999 -0.07241170108318329 
v -0.08099658042192459 0.18437039852142334 -0.07020097970962524 
v -0.08703054487705231 0.1859971433877945 -0.06989190727472305 
v -0.09073778241872787 0.18561498820781708 -0.05689935013651848 
v -0.10495342314243317 0.19631367921829224 -0.07582307606935501 
v -0.04747270792722702 0.20513944327831268 -0.1619940549135208 
v -0.054466549307107925 0.22264467179775238 -0.16728056967258453 
v -0.05738586559891701 0.21040701866149902 -0.16379545629024506 
v -0.06088278815150261 0.22683462500572205 -0.16190043091773987 
v -0.054837800562381744 0.23556745052337646 -0.17088335752487183 
v -0.05238497257232666 0.22782273590564728 -0.1775461882352829 
v -0.04967509210109711 0.2189384251832962 -0.1760116070508957 
v -0.07191278785467148 0.11976168304681778 -0.07932642847299576 
v -0.0753193274140358 0.1144028753042221 -0.08699353039264679 
v -0.07554110884666443 0.1058594137430191 -0.0781904086470604 
v -0.0868043527007103 0.10426020622253418 -0.08436518907546997 
v 0.01751508004963398 0.45775240659713745 -0.2511720657348633 
v 0.018194975331425667 0.45372772216796875 -0.23155395686626434 
v 0.014101932756602764 0.45541125535964966 -0.2308678776025772 
v 0.01775670237839222 0.4418945908546448 -0.21679896116256714 
v 0.05135773867368698 0.1259932667016983 -0.16019101440906525 
v 0.046595826745033264 0.14094732701778412 -0.1565186232328415 
v 0.05515316128730774 0.2975509762763977 -0.1702859252691269 
v 0.049034543335437775 0.2963218688964844 -0.18131966888904572 
v 0.043863896280527115 0.29528212547302246 -0.1780657172203064 
v 0.0425301194190979 0.30397191643714905 -0.1926318109035492 
v 0.03712622821331024 0.3058568835258484 -0.19164328277111053 
v 0.06916024535894394 0.24435018002986908 -0.10609457641839981 
v 0.07696052640676498 0.23660890758037567 -0.11868608742952347 
v 0.06765980273485184 0.22905699908733368 -0.11000477522611618 
v 0.06821844726800919 0.2234606295824051 -0.1196771040558815 
v 0.07301606982946396 0.2350665032863617 -0.12777839601039886 
v 0.07310778647661209 0.23104868829250336 -0.13514968752861023 
v 0.07303459197282791 0.2489326298236847 -0.12576571106910706 
v -0.0963176041841507 0.1865411102771759 -0.07700218260288239 
v -0.10495342314243317 0.19631367921829224 -0.07582307606935501 
v -0.09881716966629028 0.16669991612434387 -0.09083743393421173 
v -0.10344548523426056 0.17930078506469727 -0.09078855067491531 
v -0.10160993784666061 0.16789458692073822 -0.10216780751943588 
v -0.09562447667121887 0.1606508046388626 -0.10886543989181519 
v -0.09895914047956467 0.16793762147426605 -0.11996711790561676 
v -0.09783391654491425 0.1650284081697464 -0.129005566239357 
v -0.10250896960496902 0.17743131518363953 -0.148945152759552 
v 5.2638000624938286e-8 -0.34436511993408203 0.018974535167217255 
v 5.2638000624938286e-8 -0.3469799757003784 0.019296035170555115 
v 4.935560014018847e-7 -0.3443599343299866 0.01897287741303444 
v 4.935560014018847e-7 -0.34696102142333984 0.019292719662189484 
v -0.07032989710569382 0.1670958399772644 -0.07250036299228668 
v -0.07787356525659561 0.1719365119934082 -0.06874594837427139 
v -0.08319059014320374 0.16328975558280945 -0.06872688978910446 
v -0.08703054487705231 0.1859971433877945 -0.06989190727472305 
v -0.09434537589550018 0.17391787469387054 -0.07400760054588318 
v -0.0963176041841507 0.1865411102771759 -0.07700218260288239 
v -0.09881716966629028 0.16669991612434387 -0.09083743393421173 
v -0.09268223494291306 0.15788963437080383 -0.08335014432668686 
v -0.08344367891550064 0.14571912586688995 -0.08966578543186188 
v -0.07780345529317856 0.14778828620910645 -0.08279497921466827 
v -0.07434356957674026 0.14844414591789246 -0.07276220619678497 
v 0.0002950267808046192 -0.038403306156396866 -0.03955743461847305 
v -0.004448810126632452 -0.005499891936779022 -0.016053996980190277 
v -0.07964164018630981 0.4859907627105713 -0.16132289171218872 
v -0.071213498711586 0.48550185561180115 -0.15760990977287292 
v -0.06093040481209755 0.47915151715278625 -0.16922448575496674 
v -0.05155957490205765 0.48163554072380066 -0.16787385940551758 
v -0.04307190328836441 0.47812727093696594 -0.1632336527109146 
v 0.013407927937805653 0.3570074439048767 -0.06496500968933105 
v 0.03178759664297104 0.3512079417705536 -0.0757269561290741 
v 0.010200690478086472 0.3480800986289978 -0.07101467251777649 
v 0.02474481239914894 0.3303975760936737 -0.07793768495321274 
v 0.012434381060302258 0.3272731900215149 -0.07468622922897339 
v -0.0023425447288900614 0.3338094651699066 -0.073011614382267 
v -0.029503533616662025 0.3487497568130493 -0.07475500553846359 
v -0.01671338453888893 0.36050882935523987 -0.06811206042766571 
v -0.0331287607550621 0.3581315279006958 -0.06774084270000458 
v -0.02092679776251316 0.36384841799736023 -0.05659359320998192 
v -0.03236641362309456 0.3603762686252594 -0.05751749128103256 
v -0.03276721015572548 0.35740336775779724 -0.04503121227025986 
v -0.04498196020722389 0.3637692332267761 -0.06258939206600189 
v -0.04448901489377022 0.35613295435905457 -0.04337399825453758 
v -0.05337042734026909 0.3525007367134094 -0.05466708168387413 
v -0.055025190114974976 0.3483847975730896 -0.03551383316516876 
v -0.06394011527299881 0.35119932889938354 -0.04298703745007515 
v -0.0455198809504509 0.36017659306526184 -0.0767146572470665 
v -0.05236689746379852 0.350274920463562 -0.08857865631580353 
v -0.06264205276966095 0.35793185234069824 -0.08707059174776077 
v -0.06416144967079163 0.3561553359031677 -0.07635752856731415 
v -0.0566195510327816 0.34991171956062317 -0.06747402995824814 
v -0.06057370454072952 0.34733128547668457 -0.06201351433992386 
v 0.08349184691905975 0.29611873626708984 -0.0869636982679367 
v 0.08213073015213013 0.30858877301216125 -0.08169541507959366 
v 0.08349184691905975 0.29611873626708984 -0.0869636982679367 
v 0.07318494468927383 0.2966024577617645 -0.08382576704025269 
v 0.06494154036045074 0.28510674834251404 -0.08237653225660324 
v -0.005127382930368185 -0.08526579290628433 0.004091096110641956 
v 0.0034079079050570726 -0.0882214903831482 0.005460783839225769 
v -0.0018434255616739392 -0.07418322563171387 0.018063895404338837 
v 0.0017355058807879686 -0.06793960183858871 0.02253837324678898 
v -0.03586509823799133 0.1457294523715973 -0.17865735292434692 
v -0.03317461907863617 0.13413046300411224 -0.1842280775308609 
v -0.02925044670701027 0.13988520205020905 -0.16583217680454254 
v -0.026866404339671135 0.12476932257413864 -0.16906540095806122 
v -0.027501767501235008 0.12725162506103516 -0.15964330732822418 
v -0.03672841563820839 0.13559195399284363 -0.15351077914237976 
v -0.023060400038957596 0.1433074027299881 -0.17058008909225464 
v -0.027515435591340065 0.32945767045021057 -0.08421272039413452 
v -0.043706826865673065 0.3344825208187103 -0.09409966319799423 
v -0.037759725004434586 0.32989662885665894 -0.0841008648276329 
v -0.055607203394174576 0.34103429317474365 -0.10587499290704727 
v -0.07606976479291916 0.21080811321735382 -0.09888652712106705 
v -0.08296220004558563 0.21160686016082764 -0.09227258712053299 
v -0.0730724036693573 0.219308540225029 -0.09039662033319473 
v -0.08402878046035767 0.2148035615682602 -0.0806596577167511 
v -0.09315401315689087 0.20366762578487396 -0.07208026200532913 
v -0.02589903026819229 0.06847167760133743 -0.08186528086662292 
v -0.02319355681538582 0.05006098374724388 -0.07621003687381744 
v -0.02679188922047615 0.05942900478839874 -0.07005928456783295 
v -0.02859259769320488 0.0426364541053772 -0.06874594837427139 
v -0.030950186774134636 0.021958637982606888 -0.07355684041976929 
v -0.029306884855031967 0.016345053911209106 -0.055157620459795 
v -0.02711772732436657 0.03695745766162872 -0.07918722182512283 
v -0.029900360852479935 0.04525819420814514 -0.08237984776496887 
v -0.02319355681538582 0.05006098374724388 -0.07621003687381744 
v -0.02589903026819229 0.06847167760133743 -0.08186528086662292 
v -0.02589903026819229 0.06847167760133743 -0.08186528086662292 
v -0.023904316127300262 0.053366128355264664 -0.09498627483844757 
v 0.04176821559667587 0.29124537110328674 -0.06516304612159729 
v 0.05194813013076782 0.29283425211906433 -0.0713195949792862 
v 0.05442167818546295 0.3039770722389221 -0.07203054428100586 
v 0.059610843658447266 0.2948397099971771 -0.07736925780773163 
v 0.06411437690258026 0.3066917657852173 -0.07785648107528687 
v 5.2638000624938286e-8 -0.34436511993408203 0.018974535167217255 
v 5.2638000624938286e-8 -0.3418346047401428 0.018667951226234436 
v 4.935560014018847e-7 -0.3443599343299866 0.01897287741303444 
v 4.935560014018847e-7 -0.34183287620544434 0.018667122349143028 
v 0.04898339509963989 0.32102954387664795 -0.19132675230503082 
v 0.026482028886675835 0.15301798284053802 -0.03396102413535118 
v 0.02189471758902073 0.15870043635368347 -0.025467801839113235 
v 0.02668573334813118 0.14993663132190704 -0.022802172228693962 
v 0.01965661719441414 0.15168043971061707 -0.016371354460716248 
v -0.09439519792795181 0.35139214992523193 -0.12852828204631805 
v -0.09150762856006622 0.34816789627075195 -0.11697252839803696 
v -0.08447674661874771 0.3548573851585388 -0.10575567930936813 
v -0.07108783721923828 0.3516055941581726 -0.1054689809679985 
v -0.05936426669359207 0.3376878499984741 -0.1015596091747284 
v -0.037759725004434586 0.32989662885665894 -0.0841008648276329 
v -0.02176586352288723 0.33066096901893616 -0.07701046764850616 
v -0.02436860278248787 0.31718388199806213 -0.08015503734350204 
v -0.013929428532719612 0.32755550742149353 -0.07502264529466629 
v -0.010272013954818249 0.32221388816833496 -0.07384022325277328 
v 0.0075798737816512585 0.31936320662498474 -0.07354938238859177 
v -0.09465137124061584 0.3213893473148346 -0.20787982642650604 
v -0.08403715491294861 0.3158618211746216 -0.20211024582386017 
v -0.09209492802619934 0.3187934160232544 -0.19722063839435577 
v -0.07717735320329666 0.3168533742427826 -0.19982245564460754 
v -0.10398472845554352 0.3117355704307556 -0.2040732055902481 
v 0.0020961768459528685 -0.14957325160503387 -0.07795093953609467 
v 0.010866917669773102 -0.1875135749578476 -0.061395373195409775 
v 4.935560014018847e-7 -0.3443599343299866 0.01897287741303444 
v 4.935560014018847e-7 -0.34183287620544434 0.018667122349143028 
v 5.2638000624938286e-8 -0.34436511993408203 0.018974535167217255 
v 5.2638000624938286e-8 -0.3418346047401428 0.018667951226234436 
v -0.04920860007405281 0.28393101692199707 -0.20557381212711334 
v -0.037622157484292984 0.27127161622047424 -0.2069675326347351 
v -0.050801195204257965 0.26912155747413635 -0.20391826331615448 
v -0.04144888371229172 0.2615489959716797 -0.19670607149600983 
v -0.05255693197250366 0.2672847807407379 -0.19213879108428955 
v -0.05443347990512848 0.2776719033718109 -0.19726869463920593 
v -0.0631909891963005 0.2794845700263977 -0.19171370565891266 
v 0.006170259322971106 0.04000955447554588 0.10351978987455368 
v 0.012888967990875244 0.05670053884387016 0.12252306938171387 
v 0.006982429884374142 0.048864588141441345 0.17202156782150269 
v 0.007566205691546202 0.10070717334747314 0.16891926527023315 
v 0.001854553702287376 0.11020258069038391 0.17325204610824585 
v 0.04860420897603035 0.3504367470741272 -0.22986112534999847 
v 0.03071351908147335 0.35262468457221985 -0.23012958467006683 
v 0.02609490230679512 0.37639936804771423 -0.23497113585472107 
v 0.014670717529952526 0.3759603798389435 -0.23011881113052368 
v 0.012778297066688538 0.397774338722229 -0.2314487248659134 
v 0.005653503350913525 0.4097813367843628 -0.22275663912296295 
v 0.013016833923757076 0.4200548231601715 -0.22276492416858673 
v 0.010655277408659458 0.44000619649887085 -0.21887296438217163 
v 0.01775670237839222 0.4418945908546448 -0.21679896116256714 
v 0.02074480429291725 0.34694913029670715 -0.21326908469200134 
v 0.015545939095318317 0.3627019226551056 -0.21534475684165955 
v 0.010157039389014244 0.3872925639152527 -0.22042660415172577 
v 0.0015855937963351607 0.4253791868686676 -0.21146687865257263 
v 0.005966995842754841 0.4471673369407654 -0.20766273140907288 
v -0.04920860007405281 0.28393101692199707 -0.20557381212711334 
v -0.05443347990512848 0.2776719033718109 -0.19726869463920593 
v -0.0625547468662262 0.2811199128627777 -0.20193706452846527 
v -0.0631909891963005 0.2794845700263977 -0.19171370565891266 
v 0.024461301043629646 0.2773396670818329 -0.04467988386750221 
v 0.018917638808488846 0.2905137538909912 -0.04222472012042999 
v 0.01709047518670559 0.2828224301338196 -0.04969378560781479 
v 0.01458165142685175 0.2960464358329773 -0.05049256235361099 
v -0.03228263929486275 0.2276764065027237 -0.047181446105241776 
v -0.030471790581941605 0.2459665983915329 -0.04577198624610901 
v -0.0000025928700324584497 -0.35744452476501465 0.020645836368203163 
v -0.000001711033974061138 -0.3551085591316223 0.02033345028758049 
v -8.291979725072451e-7 -0.35695910453796387 0.020583689212799072 
v -0.000002151952003259794 -0.3547900915145874 0.02029367722570896 
v -0.06141320988535881 0.10801120102405548 -0.033755529671907425 
v -0.053727127611637115 0.10104113072156906 -0.0372406505048275 
v -0.05521787330508232 0.10551857203245163 -0.028027368709445 
v -0.05121565982699394 0.10222891718149185 -0.024122972041368484 
v -0.058164969086647034 0.11617249995470047 -0.018752770498394966 
v -0.05401548743247986 0.07968851178884506 -0.14656955003738403 
v -0.05144449695944786 0.07756943255662918 -0.13844919204711914 
v -0.06090439110994339 0.07865910232067108 -0.1414702981710434 
v -0.06474567204713821 0.07705988734960556 -0.1369228959083557 
v -0.074577696621418 0.08699426054954529 -0.14535729587078094 
v 0.04539432376623154 0.21125397086143494 -0.013155530206859112 
v 0.033319342881441116 0.21313032507896423 -0.005761040840297937 
v 0.06820918619632721 0.13433875143527985 -0.0425354465842247 
v 0.06399445235729218 0.14996933937072754 -0.048435959964990616 
v 0.05868888273835182 0.14033104479312897 -0.04731568321585655 
v 0.03707508370280266 0.49858301877975464 -0.15105727314949036 
v 0.04142032936215401 0.4882045090198517 -0.13897950947284698 
v 0.03981759399175644 0.4830384850502014 -0.14464634656906128 
v 0.05352441221475601 0.48483049869537354 -0.1254400610923767 
v 0.05484452098608017 0.47297847270965576 -0.12188533693552017 
v 0.0640588253736496 0.47285106778144836 -0.11431435495615005 
v 0.06650636345148087 0.44675764441490173 -0.1147816926240921 
v 0.06757823377847672 0.4550497829914093 -0.10786448419094086 
v 0.06206719949841499 0.4259197413921356 -0.10569436103105545 
v 0.059714458882808685 0.40449652075767517 -0.10452105104923248 
v 0.06116022914648056 0.42868950963020325 -0.11623755842447281 
v 0.057163309305906296 0.4537397623062134 -0.11695761233568192 
v 0.053687550127506256 0.4300132989883423 -0.11623921245336533 
v 0.052050862461328506 0.45467278361320496 -0.11276154965162277 
v 0.05204116180539131 0.42134588956832886 -0.10704416036605835 
v 0.04747192934155464 0.47279083728790283 -0.12193257361650467 
v 4.935560014018847e-7 -0.3521907329559326 0.019955605268478394 
v 5.2638000624938286e-8 -0.34961891174316406 0.019626649096608162 
v 0.0000013753920029557776 -0.3521597385406494 0.01994897611439228 
v 9.344739737571217e-7 -0.34958791732788086 0.019620848819613457 
v 5.2638000624938286e-8 -0.34961891174316406 0.019626649096608162 
v 5.2638000624938286e-8 -0.3469799757003784 0.019296035170555115 
v 9.344739737571217e-7 -0.34958791732788086 0.019620848819613457 
v 4.935560014018847e-7 -0.34696102142333984 0.019292719662189484 
v 0.04657907038927078 0.3249630331993103 -0.22884607315063477 
v 0.04489564523100853 0.3251368999481201 -0.19875438511371613 
v 0.06426385045051575 0.3257634937763214 -0.21384000778198242 
v 0.06016596034169197 0.3296315371990204 -0.19753384590148926 
v 0.08433488011360168 0.33208975195884705 -0.19167311489582062 
v 0.07596272975206375 0.3349146246910095 -0.18777120113372803 
v 0.08602579683065414 0.34185540676116943 -0.17211301624774933 
v -0.0017742014024406672 -0.15155461430549622 0.15504008531570435 
v -0.0033077141270041466 -0.15909965336322784 0.11630768328905106 
v 0.0001587831211509183 -0.16026850044727325 0.0692635253071785 
v -0.000002151952003259794 -0.3547900915145874 0.02029367722570896 
v 4.935560014018847e-7 -0.3521907329559326 0.019955605268478394 
v -0.000001711033974061138 -0.3551085591316223 0.02033345028758049 
v 0.0000013753920029557776 -0.3521597385406494 0.01994897611439228 
v 9.344739737571217e-7 -0.34958791732788086 0.019620848819613457 
v 4.935560014018847e-7 -0.34696102142333984 0.019292719662189484 
v 5.2638000624938286e-8 -0.34961891174316406 0.019626649096608162 
v 5.2638000624938286e-8 -0.3469799757003784 0.019296035170555115 
v 0.028691910207271576 -0.006532750092446804 -0.048507217317819595 
v 0.0000031390638923767256 -0.36952725052833557 0.022387567907571793 
v 0.000002698146090551745 -0.36710691452026367 0.022021323442459106 
v 0.0000035799819215753814 -0.3695255219936371 0.022383423522114754 
v 0.0000031390638923767256 -0.3671051859855652 0.022017180919647217 
v -0.021171947941184044 0.35430479049682617 -0.20054666697978973 
v -0.023514986038208008 0.34032851457595825 -0.19427409768104553 
v -0.03914111852645874 0.359605073928833 -0.18965794146060944 
v -0.04020814225077629 0.3346632719039917 -0.19149412214756012 
v -0.053753141313791275 0.3604675233364105 -0.18587203323841095 
v -0.06183120235800743 0.32580652832984924 -0.18349558115005493 
v -0.021171947941184044 0.35430479049682617 -0.20054666697978973 
v -0.0016256120288744569 0.35770633816719055 -0.20541803538799286 
v 0.008822822012007236 0.35166066884994507 -0.2041088342666626 
v 0.01197009440511465 0.36676105856895447 -0.20431847870349884 
v 0.016177333891391754 0.33484402298927307 -0.2030855119228363 
v 0.03219103440642357 0.332662969827652 -0.20765195786952972 
v 0.04508303478360176 0.3249320387840271 -0.19842873513698578 
v 0.02074480429291725 0.34694913029670715 -0.21326908469200134 
v 0.015545939095318317 0.3627019226551056 -0.21534475684165955 
v 0.01197009440511465 0.36676105856895447 -0.20431847870349884 
v 0.016955554485321045 0.3717721402645111 -0.2121662199497223 
v 0.02122187614440918 0.3751736879348755 -0.2020232379436493 
v 0.015781830996274948 0.3863406181335449 -0.21718674898147583 
v 0.01946834661066532 0.4139368534088135 -0.21702682971954346 
v 0.01801111176609993 0.42246654629707336 -0.20967790484428406 
v 0.01775670237839222 0.4418945908546448 -0.21679896116256714 
v 0.022046834230422974 0.45708104968070984 -0.21393363177776337 
v 0.022482020780444145 0.4563218951225281 -0.2251977175474167 
v 0.025600193068385124 0.4638548791408539 -0.2286389172077179 
v 0.026351075619459152 0.4622642695903778 -0.24468737840652466 
v 0.018194975331425667 0.45372772216796875 -0.23155395686626434 
v 0.02287796512246132 0.4560258090496063 -0.24956455826759338 
v 0.055436231195926666 0.3031473457813263 -0.1746932864189148 
v 0.053551748394966125 0.3022453188896179 -0.1782919317483902 
v 0.05515316128730774 0.2975509762763977 -0.1702859252691269 
v 0.049034543335437775 0.2963218688964844 -0.18131966888904572 
v 0.049761176109313965 0.3069275915622711 -0.18700970709323883 
v 0.05607159435749054 0.3133278787136078 -0.18386679887771606 
v 0.04157288745045662 0.369668573141098 -0.09744226187467575 
v 0.04899397864937782 0.3925653100013733 -0.10765981674194336 
v 5.2638000624938286e-8 -0.3393815755844116 0.018373794853687286 
v 4.935560014018847e-7 -0.34183287620544434 0.018667122349143028 
v 5.2638000624938286e-8 -0.3393815755844116 0.018374623730778694 
v 5.2638000624938286e-8 -0.3418346047401428 0.018667951226234436 
v -0.008681181818246841 0.465376615524292 -0.16112816333770752 
v -0.001589456805959344 0.46270325779914856 -0.15600654482841492 
v -0.014571846462786198 0.4266650974750519 -0.12841641902923584 
v 0.00013012344425078481 0.4220947027206421 -0.12155886739492416 
v -0.018446633592247963 0.39119333028793335 -0.10645999014377594 
v -0.02793915756046772 0.42158859968185425 -0.1341545283794403 
v -0.0390714555978775 0.41591477394104004 -0.1477585881948471 
v -0.03968697786331177 0.4126147925853729 -0.17031244933605194 
v -0.034400369971990585 0.42496606707572937 -0.17066046595573425 
v -0.03713009133934975 0.3961544930934906 -0.1226344034075737 
v -0.04694007709622383 0.3950183391571045 -0.13977165520191193 
v -0.04544360190629959 0.4039921462535858 -0.15726105868816376 
v 0.020742598921060562 0.3994389772415161 -0.111651211977005 
v 0.015536239370703697 0.4263122081756592 -0.12860286235809326 
v 0.007993455044925213 0.46278586983680725 -0.15818744897842407 
v 0.030365193262696266 0.41852274537086487 -0.13372115790843964 
v 0.014901758171617985 0.4626602232456207 -0.16638898849487305 
v 0.03608257696032524 0.42242005467414856 -0.15027010440826416 
v 0.03648778051137924 0.39284074306488037 -0.11959341168403625 
v 0.06821844726800919 0.2234606295824051 -0.1196771040558815 
v 0.0754556730389595 0.2175595611333847 -0.12619243562221527 
v 0.07310778647661209 0.23104868829250336 -0.13514968752861023 
v 0.05135773867368698 0.1259932667016983 -0.16019101440906525 
v 0.05072678625583649 0.12686774134635925 -0.14666317403316498 
v 0.05283305048942566 0.11564058065414429 -0.1575005203485489 
v 0.04904600605368614 0.11494684219360352 -0.15013504028320312 
v 0.04576469585299492 0.11086016893386841 -0.1588519811630249 
v 0.034902241080999374 0.1109427958726883 -0.16127565503120422 
v 0.04210066795349121 0.10960524529218674 -0.16762113571166992 
v 0.043494850397109985 0.11989079415798187 -0.13806305825710297 
v 0.056283675134181976 0.32603374123573303 -0.19226308166980743 
v 0.05607159435749054 0.3133278787136078 -0.18386679887771606 
v 0.05028234049677849 0.3166571259498596 -0.194753035902977 
v 0.0490204356610775 0.3096199333667755 -0.189880833029747 
v 0.0425301194190979 0.30397191643714905 -0.1926318109035492 
v 0.04342694953083992 0.30281853675842285 -0.19095470011234283 
v 0.028493937104940414 0.30349162220954895 -0.20188982784748077 
v 0.002605878049507737 -0.07427618652582169 0.1651623547077179 
v 0.003383657429367304 -0.08827140927314758 0.1679779589176178 
v 0.00010499112249817699 -0.10500026494264603 0.17584310472011566 
v 0.005920258816331625 -0.11128004640340805 0.173817977309227 
v -0.0010422775521874428 -0.12560579180717468 0.17804387211799622 
v -0.000653828727081418 -0.14040319621562958 0.17162135243415833 
v 0.009534463286399841 -0.0806867927312851 0.15542621910572052 
v 0.007952890358865261 -0.10328744351863861 0.12769688665866852 
v 0.01456533744931221 0.22550567984580994 -0.18976399302482605 
v 0.0032200769055634737 0.2333347499370575 -0.19510602951049805 
v 0.01710105687379837 0.2297920435667038 -0.19870300590991974 
v 0.014650875702500343 0.23772956430912018 -0.20345672965049744 
v 0.0030631099361926317 0.2428731918334961 -0.20031796395778656 
v 0.015007137320935726 0.2523617148399353 -0.2028435617685318 
v 0.02669234573841095 0.23773816227912903 -0.19630585610866547 
v 0.06313686817884445 0.14405106008052826 -0.12694647908210754 
v 0.05882248282432556 0.1297958940267563 -0.1234804093837738 
v 0.009559595957398415 0.18635520339012146 -0.02138359658420086 
v 0.025218797847628593 0.19097724556922913 -0.023686295375227928 
v 0.013358104042708874 0.17890486121177673 -0.021756470203399658 
v 0.027089614421129227 0.18299324810504913 -0.028469014912843704 
v 0.021512001752853394 0.1747768670320511 -0.03484266251325607 
v 0.033187951892614365 0.1778048574924469 -0.032775286585092545 
v 0.03682464361190796 0.19318239390850067 -0.027323052287101746 
v -0.023544086143374443 0.24082297086715698 -0.20828916132450104 
v -0.020891083404421806 0.24922871589660645 -0.21638382971286774 
v -0.01646118052303791 0.24776893854141235 -0.20640988647937775 
v -0.018538786098361015 0.26450467109680176 -0.21635067462921143 
v 0.033319342881441116 0.21313032507896423 -0.005761040840297937 
v 0.05193093419075012 0.1935938149690628 -0.019275620579719543 
v 0.04539432376623154 0.21125397086143494 -0.013155530206859112 
v 9.344739737571217e-7 -0.3818836808204651 0.02442759834229946 
v 4.935560014018847e-7 -0.3845002353191376 0.024904875084757805 
v 0.0000049027357817976736 -0.3818854093551636 0.024438370019197464 
v 0.0000049027357817976736 -0.3845002353191376 0.024915646761655807 
v 0.001854553702287376 0.11020258069038391 0.17325204610824585 
v -0.006136203184723854 0.10792341083288193 0.16720238327980042 
v -0.005973063409328461 0.08141510933637619 0.1672479510307312 
v 0.001854553702287376 0.11020258069038391 0.17325204610824585 
v 0.004494770895689726 0.06686213612556458 0.17241182923316956 
v -0.00763135589659214 0.058165475726127625 0.15671056509017944 
v -0.007479680236428976 0.04420812055468559 0.15119948983192444 
v 0.0010569330770522356 0.032526496797800064 0.1640743911266327 
v 0.0016133716562762856 0.03165889531373978 0.12722457945346832 
v 0.010605012066662312 0.033063583076000214 0.11896668374538422 
v 0.00911118183284998 0.03543055057525635 0.15646861493587494 
v 0.006982429884374142 0.048864588141441345 0.17202156782150269 
v -0.0020753482822328806 0.04834127426147461 0.17312277853488922 
v 0.007566205691546202 0.10070717334747314 0.16891926527023315 
v -0.033253543078899384 0.16156832873821259 -0.17309987545013428 
v -0.029527343809604645 0.14839251339435577 -0.1651328206062317 
v 0.08184678107500076 0.337403804063797 -0.08121399581432343 
v 0.0000049027357817976736 -0.3818854093551636 0.024438370019197464 
v 0.000004461818207346369 -0.37942031025886536 0.024003351107239723 
v 9.344739737571217e-7 -0.3818836808204651 0.02442759834229946 
v 0.0000049027357817976736 -0.37941858172416687 0.023998379707336426 
v -0.0000012701159448624821 -0.3769724369049072 0.023585733026266098 
v 0.000004461818207346369 -0.3769758641719818 0.0235807616263628 
v -0.07164647430181503 0.20283789932727814 -0.14755640923976898 
v -0.08001597970724106 0.19877015054225922 -0.15535195171833038 
v -0.08049261569976807 0.1782696396112442 -0.16024735569953918 
v -0.0918608009815216 0.1875206083059311 -0.15445953607559204 
v -0.09755393862724304 0.17478030920028687 -0.1632750928401947 
v -0.08605170994997025 0.16131527721881866 -0.16711154580116272 
v -0.0000030337880616571056 -0.3621044456958771 0.021292148157954216 
v 0.0000013753920029557776 -0.3621044456958771 0.021288834512233734 
v -0.000001711033974061138 -0.35890257358551025 0.02084718644618988 
v 9.344739737571217e-7 -0.3592606484889984 0.020896904170513153 
v 0.06712937355041504 0.10744313150644302 -0.042450930923223495 
v 0.07247550785541534 0.12445946782827377 -0.04576370120048523 
v 0.07729165256023407 0.11731208860874176 -0.04420177638530731 
v 0.07415584474802017 0.13727723062038422 -0.055354826152324677 
v -0.10003674775362015 0.3368598222732544 -0.14268751442432404 
v -0.08041810244321823 0.351593554019928 -0.11896367371082306 
v 0.06821006536483765 0.314014732837677 -0.1416277289390564 
v 0.06499356776475906 0.3261318802833557 -0.11441875994205475 
v 0.06641332805156708 0.3059808313846588 -0.14120100438594818 
v 0.06619948148727417 0.30960097908973694 -0.15036456286907196 
v 0.06048165634274483 0.30440741777420044 -0.14605414867401123 
v 0.06117963045835495 0.30722367763519287 -0.16407054662704468 
v -0.05334397032856941 0.40543127059936523 -0.16321377456188202 
v -0.03968697786331177 0.4126147925853729 -0.17031244933605194 
v 0.06595256924629211 0.30902430415153503 -0.15057668089866638 
v 0.06454956531524658 0.3084183633327484 -0.15627916157245636 
v 0.06048165634274483 0.30440741777420044 -0.14605414867401123 
v 0.06281895935535431 0.3054901957511902 -0.15753035247325897 
v 0.0005388544523157179 -0.2752290368080139 0.0133010633289814 
v 0.00019141104712616652 -0.275037944316864 0.00988637376576662 
v -0.000014056738109502476 -0.27525484561920166 0.010291562415659428 
v 0.0028064956422895193 -0.27252811193466187 0.004077838733792305 
v -0.007565218489617109 0.3204924762248993 -0.07879114896059036 
v -0.015036573633551598 0.32962292432785034 -0.08014260232448578 
v -0.013929428532719612 0.32755550742149353 -0.07502264529466629 
v -0.02176586352288723 0.33066096901893616 -0.07701046764850616 
v -0.08923425525426865 0.3147704303264618 -0.20981131494045258 
v -0.08403715491294861 0.3158618211746216 -0.20211024582386017 
v -0.08097188919782639 0.30671241879463196 -0.20107531547546387 
v -0.07717735320329666 0.3168533742427826 -0.19982245564460754 
v -0.06684575974941254 0.2966747581958771 -0.21018584072589874 
v 0.06741685420274734 0.26620373129844666 -0.17082783579826355 
v 0.06204206496477127 0.26939526200294495 -0.18170082569122314 
v 0.07286439836025238 0.27325642108917236 -0.18179942667484283 
v 0.06464745104312897 0.2792418301105499 -0.1879352629184723 
v 0.05659584701061249 0.2696465849876404 -0.19010621309280396 
v 0.05770784243941307 0.2780592143535614 -0.19745181500911713 
v 0.06787320226430893 0.28210458159446716 -0.19700022041797638 
v 0.08349184691905975 0.29611873626708984 -0.0869636982679367 
v 0.08662103861570358 0.2879643440246582 -0.0968904122710228 
v 0.0005944101139903069 -0.06825117766857147 0.05613507330417633 
v 0.005830752197653055 -0.09056779742240906 0.03512325882911682 
v 0.005234190262854099 -0.09516401588916779 0.016816014423966408 
v 0.0034079079050570726 -0.0882214903831482 0.005460783839225769 
v 0.011444960720837116 -0.09916806221008301 -0.005367452744394541 
v 0.004650855902582407 -0.07511451840400696 -0.00800822302699089 
v 0.0017355058807879686 -0.06793960183858871 0.02253837324678898 
v 0.0032240450382232666 -0.05655922740697861 0.004945389926433563 
v 0.00449168449267745 -0.04515991732478142 0.01676878333091736 
v 0.0033289834391325712 -0.04363817349076271 -0.0026330496184527874 
v -0.000005238377980276709 -0.03534776717424393 0.0032716039568185806 
v -0.00004712558802566491 -0.056824326515197754 -0.0037541547790169716 
v 0.00017950627079699188 -0.07574628293514252 -0.018454471603035927 
v 0.00611602608114481 -0.09287795424461365 -0.01678648591041565 
v -0.07434356957674026 0.14844414591789246 -0.07276220619678497 
v -0.07780345529317856 0.14778828620910645 -0.08279497921466827 
v -0.08085107803344727 0.13817410171031952 -0.07300498336553574 
v -0.08344367891550064 0.14571912586688995 -0.08966578543186188 
v -0.10495342314243317 0.19631367921829224 -0.07582307606935501 
v -0.09073778241872787 0.18561498820781708 -0.05689935013651848 
v -0.09653100371360779 0.19610193371772766 -0.06193479523062706 
v -0.07705345749855042 0.18404331803321838 -0.04492349177598953 
v 0.05566683039069176 0.14997278153896332 -0.1703016757965088 
v 0.04960685595870018 0.1449582576751709 -0.17095544934272766 
v 0.060822926461696625 0.14645934104919434 -0.1794685572385788 
v 0.0568392314016819 0.13694672286510468 -0.1783234179019928 
v -0.043344832956790924 0.15957491099834442 -0.033983394503593445 
v -0.05048726126551628 0.15395617485046387 -0.03611540049314499 
v -0.047633200883865356 0.14966808259487152 -0.022449186071753502 
v -0.057492125779390335 0.13753372430801392 -0.019435541704297066 
v -0.03848371282219887 0.15706507861614227 -0.18696247041225433 
v -0.01570015586912632 0.14435575902462006 -0.18741655349731445 
v -0.02548280358314514 0.15889495611190796 -0.1881929636001587 
v -0.009375186637043953 0.14766950905323029 -0.18748284876346588 
v 0.006376608740538359 -0.1370825618505478 0.05577794462442398 
v 0.0072632948867976665 -0.14363260567188263 0.002916960045695305 
v -0.0006582379573956132 -0.1306512951850891 0.06619685143232346 
v -0.00042234681313857436 -0.1429336965084076 -0.0021698581986129284 
v -0.008862399496138096 -0.1422261893749237 0.02459331974387169 
v -0.007903843186795712 -0.14574480056762695 -0.007575690280646086 
v -0.014723963104188442 -0.1527751088142395 -0.006418126169592142 
v -0.012324928306043148 -0.13979896903038025 -0.021930478513240814 
v -0.021514100953936577 -0.1536427140235901 -0.018163630738854408 
v -0.0012794913491234183 -0.13905015587806702 -0.018997209146618843 
v 0.01094275526702404 -0.14348456263542175 -0.018209204077720642 
v -0.0000034747060908557614 -0.3041525185108185 0.014050952158868313 
v -0.0000030337880616571056 -0.30412495136260986 0.01399875059723854 
v -0.00006652597949141636 -0.3058308959007263 0.015283090993762016 
v -0.0000025928700324584497 -0.3060099184513092 0.014261418953537941 
v 0.09300509095191956 0.3130989372730255 -0.1011345386505127 
v 0.08662103861570358 0.2879643440246582 -0.0968904122710228 
v 0.08787456899881363 0.3032093048095703 -0.10254565626382828 
v 0.08053725212812424 0.29553690552711487 -0.10521624982357025 
v 0.08276741951704025 0.2994910180568695 -0.11536668986082077 
v 0.07818759977817535 0.2828172445297241 -0.11142086237668991 
v 0.09092704206705093 0.3051528036594391 -0.11029975861310959 
v 0.09300509095191956 0.3130989372730255 -0.1011345386505127 
v -0.074577696621418 0.08699426054954529 -0.14535729587078094 
v -0.0686548501253128 0.0839456096291542 -0.1415904462337494 
v -0.06090439110994339 0.07865910232067108 -0.1414702981710434 
v -0.06454725563526154 0.08429334312677383 -0.13438819348812103 
v 0.05062184855341911 0.11270726472139359 -0.03444907069206238 
v 0.05709099769592285 0.10904233902692795 -0.041454944759607315 
v 0.05086655914783478 0.10228917002677917 -0.03584941849112511 
v 0.06247724965214729 0.09661189466714859 -0.03869485482573509 
v 0.000002698146090551745 -0.36710691452026367 0.022021323442459106 
v 0.000002698146090551745 -0.36465904116630554 0.021660879254341125 
v 0.0000031390638923767256 -0.3671051859855652 0.022017180919647217 
v 0.0000022572280613530893 -0.36465904116630554 0.02165507897734642 
v 0.05655087158083916 0.2213897407054901 -0.15857771039009094 
v 0.06516596674919128 0.22077175974845886 -0.15083521604537964 
v 0.062056176364421844 0.21246929466724396 -0.15639930963516235 
v 0.06789172440767288 0.20913316309452057 -0.14605994522571564 
v 0.05927089601755142 0.2095273733139038 -0.14803700149059296 
v -0.000014056738109502476 -0.27525484561920166 0.010291562415659428 
v 0.0028064956422895193 -0.27252811193466187 0.004077838733792305 
v 0.0005388544523157179 -0.2752290368080139 0.0133010633289814 
v 0.01301727443933487 -0.27597784996032715 0.019460927695035934 
v 0.003391152946278453 -0.2837466597557068 0.026380624622106552 
v 0.010493019595742226 -0.29028812050819397 0.036333851516246796 
v 0.003582070581614971 -0.3013121485710144 0.035032108426094055 
v -0.0025466897059231997 -0.315309077501297 0.04110828414559364 
v -0.011253497563302517 -0.27556127309799194 0.01640751026570797 
v -0.004160890355706215 -0.2727277874946594 0.005076310131698847 
v 0.00019141104712616652 -0.275037944316864 0.00988637376576662 
v 0.012356339022517204 -0.2752324938774109 0.03382151573896408 
v 0.007388956379145384 -0.29287198185920715 0.044998593628406525 
v -0.013238510116934776 -0.2793501317501068 0.030226189643144608 
v -0.005387524608522654 -0.2896924912929535 0.030874161049723625 
v -0.0025466897059231997 -0.315309077501297 0.04110828414559364 
v 0.003582070581614971 -0.3013121485710144 0.035032108426094055 
v 0.05534716695547104 0.41096222400665283 -0.09776458889245987 
v 0.046941064298152924 0.40145477652549744 -0.09135034680366516 
v 0.05204116180539131 0.42134588956832886 -0.10704416036605835 
v 5.2638000624938286e-8 -0.34961891174316406 0.019626649096608162 
v 4.935560014018847e-7 -0.3521907329559326 0.019955605268478394 
v 9.344739737571217e-7 -0.34958791732788086 0.019620848819613457 
v 0.0000013753920029557776 -0.3521597385406494 0.01994897611439228 
v -0.0000012701159448624821 -0.3769724369049072 0.023585733026266098 
v 0.0000013753920029557776 -0.3744626045227051 0.02316894382238388 
v 0.000004461818207346369 -0.3769758641719818 0.0235807616263628 
v 0.000004461818207346369 -0.3744643032550812 0.02316480129957199 
v 0.1019962877035141 0.19942085444927216 -0.06643661856651306 
v 0.09907565265893936 0.17683741450309753 -0.08224809914827347 
v 0.10144646465778351 0.1904229372739792 -0.07839507609605789 
v 0.09983667731285095 0.1699327677488327 -0.09651505202054977 
v 0.000002698146090551745 -0.36465904116630554 0.021660879254341125 
v 0.000002698146090551745 -0.36710691452026367 0.022021323442459106 
v 0.0000022572280613530893 -0.36465904116630554 0.02165507897734642 
v 0.0000031390638923767256 -0.3671051859855652 0.022017180919647217 
v 0.0616350993514061 0.10358196496963501 -0.03372984007000923 
v 0.07190319895744324 0.11742742359638214 -0.036980465054512024 
v 0.06712937355041504 0.10744313150644302 -0.042450930923223495 
v 0.07247550785541534 0.12445946782827377 -0.04576370120048523 
v -0.0020753482822328806 0.04834127426147461 0.17312277853488922 
v -0.030563943088054657 0.1862536370754242 -0.023910848423838615 
v -0.02633686177432537 0.1754792034626007 -0.033300623297691345 
v -0.02782451920211315 0.16657596826553345 -0.03556272014975548 
v -0.03129630535840988 0.15955425798892975 -0.027904734015464783 
v -0.03031791001558304 0.20297561585903168 -0.183848574757576 
v -0.03202161565423012 0.20354540646076202 -0.17494849860668182 
v 0.0616350993514061 0.10358196496963501 -0.03372984007000923 
v 0.07275769859552383 0.10798365622758865 -0.03372487053275108 
v 0.07190319895744324 0.11742742359638214 -0.036980465054512024 
v 0.07580267637968063 0.12990090250968933 -0.03676917031407356 
v 0.06820918619632721 0.13433875143527985 -0.0425354465842247 
v 0.06399445235729218 0.14996933937072754 -0.048435959964990616 
v 0.06075723096728325 0.0821673721075058 -0.14129048585891724 
v 0.05342961475253105 0.07927709072828293 -0.13570649921894073 
v 0.05399972200393677 0.07726990431547165 -0.1478787362575531 
v 0.0478515587747097 0.07170624285936356 -0.146749347448349 
v 0.05520915985107422 0.08334827423095703 -0.16368938982486725 
v 0.056643906980752945 0.08666030317544937 -0.16029293835163116 
v 0.05625016614794731 0.10668569803237915 -0.16889303922653198 
v 0.07275769859552383 0.10798365622758865 -0.03372487053275108 
v 0.0616350993514061 0.10358196496963501 -0.03372984007000923 
v 0.06247724965214729 0.09661189466714859 -0.03869485482573509 
v 0.05086655914783478 0.10228917002677917 -0.03584941849112511 
v 0.0002950267808046192 -0.004878455772995949 0.048611320555210114 
v -0.010305964387953281 -0.008123351261019707 0.06339366734027863 
v -0.047426410019397736 0.29719120264053345 -0.061517179012298584 
v -0.04597446694970131 0.30259475111961365 -0.05022657662630081 
v -0.05447404459118843 0.3140457272529602 -0.05478060245513916 
v -0.04597446694970131 0.30259475111961365 -0.05022657662630081 
v -0.02729629911482334 0.3187762200832367 -0.047581665217876434 
v -0.020790113136172295 0.32542091608047485 -0.05258065089583397 
v -0.0194285586476326 0.31428155303001404 -0.05420389026403427 
v -0.026242505759000778 0.30727705359458923 -0.05574675649404526 
v 0.03707508370280266 0.49858301877975464 -0.15105727314949036 
v 0.03981759399175644 0.4830384850502014 -0.14464634656906128 
v 0.03308962658047676 0.4866793155670166 -0.13918748497962952 
v 0.03677437826991081 0.47855761647224426 -0.13419181108474731 
v 0.04747192934155464 0.47279083728790283 -0.12193257361650467 
v 0.042766012251377106 0.47557610273361206 -0.12092912942171097 
v -3.8828000015200814e-7 -0.3372728228569031 0.018124384805560112 
v 5.2638000624938286e-8 -0.3393815755844116 0.018373794853687286 
v -3.8828000015200814e-7 -0.33727455139160156 0.01812521368265152 
v 5.2638000624938286e-8 -0.3393815755844116 0.018374623730778694 
v 0.03071351908147335 0.35262468457221985 -0.23012958467006683 
v 0.02074480429291725 0.34694913029670715 -0.21326908469200134 
v -0.07606976479291916 0.21080811321735382 -0.09888652712106705 
v -0.0730724036693573 0.219308540225029 -0.09039662033319473 
v -0.0765962228178978 0.22236579656600952 -0.10515410453081131 
v -0.0792853832244873 0.23838886618614197 -0.10100775957107544 
v -0.036254871636629105 0.3484002947807312 -0.03559834882616997 
v -0.055025190114974976 0.3483847975730896 -0.03551383316516876 
v 0.06247724965214729 0.09661189466714859 -0.03869485482573509 
v 0.06712937355041504 0.10744313150644302 -0.042450930923223495 
v 0.07275769859552383 0.10798365622758865 -0.03372487053275108 
v 0.07556016743183136 0.28035905957221985 -0.1702602505683899 
v 0.08823435753583908 0.28927433490753174 -0.17494021356105804 
v 0.08862986415624619 0.27590569853782654 -0.1668107509613037 
v 0.09343013912439346 0.2804606258869171 -0.1583896279335022 
v 0.1017630472779274 0.3016910254955292 -0.16110579669475555 
v 0.009004038758575916 0.42390909790992737 -0.20519016683101654 
v 0.0015855937963351607 0.4253791868686676 -0.21146687865257263 
v 0.010157039389014244 0.3872925639152527 -0.22042660415172577 
v 0.015781830996274948 0.3863406181335449 -0.21718674898147583 
v 0.016955554485321045 0.3717721402645111 -0.2121662199497223 
v -0.10495342314243317 0.19631367921829224 -0.07582307606935501 
v -0.09653100371360779 0.19610193371772766 -0.06193479523062706 
v -0.09315401315689087 0.20366762578487396 -0.07208026200532913 
v -0.0776129812002182 0.19825200736522675 -0.06214526295661926 
v -0.08402878046035767 0.2148035615682602 -0.0806596577167511 
v -0.0730724036693573 0.219308540225029 -0.09039662033319473 
v 0.05655087158083916 0.2213897407054901 -0.15857771039009094 
v 0.05742830038070679 0.22429724037647247 -0.17061571776866913 
v 0.057974155992269516 0.23426777124404907 -0.1636197865009308 
v 4.935560014018847e-7 -0.3521907329559326 0.019955605268478394 
v -0.000002151952003259794 -0.3547900915145874 0.02029367722570896 
v 0.0000013753920029557776 -0.3521597385406494 0.01994897611439228 
v -0.000001711033974061138 -0.3551085591316223 0.02033345028758049 
v -0.026866404339671135 0.12476932257413864 -0.16906540095806122 
v -0.03317461907863617 0.13413046300411224 -0.1842280775308609 
v -0.01823366992175579 0.12497245520353317 -0.1742151826620102 
v -0.008416631259024143 0.1234283298254013 -0.18005603551864624 
v -0.019356247037649155 0.1336088627576828 -0.19311736524105072 
v -0.013234101235866547 0.1406150907278061 -0.20000308752059937 
v 0.03929510712623596 0.11370397359132767 -0.1304456740617752 
v 0.02300318516790867 0.11881662160158157 -0.15156273543834686 
v 0.033721018582582474 0.11574214696884155 -0.1462099254131317 
v 0.041086554527282715 0.11313933879137039 -0.14849688112735748 
v 0.043494850397109985 0.11989079415798187 -0.13806305825710297 
v -0.05776946619153023 0.40743502974510193 -0.170124351978302 
v -0.0494268536567688 0.4170405864715576 -0.16878284513950348 
v -0.05395905300974846 0.43007010221481323 -0.16940264403820038 
v -0.0461609773337841 0.4358592629432678 -0.162598118185997 
v -0.048608072102069855 0.4507840573787689 -0.1684381365776062 
v -0.04964158311486244 0.4599609971046448 -0.16336622834205627 
v 0.030741296708583832 0.15626460313796997 -0.1898891180753708 
v 0.027537144720554352 0.1436293125152588 -0.17693550884723663 
v 0.02761959657073021 0.13589665293693542 -0.1664097160100937 
v 0.03413989394903183 0.12455414235591888 -0.1658131182193756 
v 0.021228931844234467 0.12967711687088013 -0.16053074598312378 
v 0.02239912748336792 0.14443838596343994 -0.16603682935237885 
v -0.05048726126551628 0.15395617485046387 -0.03611540049314499 
v -0.04784660413861275 0.1665673702955246 -0.04488537833094597 
v -0.05072888731956482 0.15189561247825623 -0.0491170734167099 
v -0.04469360038638115 0.16771383583545685 -0.05317641794681549 
v -0.05252871289849281 0.15384255349636078 -0.06162158027291298 
v -0.06158825382590294 0.16897736489772797 -0.07233215868473053 
v -0.05920465290546417 0.1433556079864502 -0.07137180119752884 
v -0.06642909348011017 0.1566123366355896 -0.0742727518081665 
v -0.07434356957674026 0.14844414591789246 -0.07276220619678497 
v -0.08319059014320374 0.16328975558280945 -0.06872688978910446 
v -0.005127382930368185 -0.08526579290628433 0.004091096110641956 
v -0.005268917419016361 -0.09204478561878204 0.006858643610030413 
v 0.0034079079050570726 -0.0882214903831482 0.005460783839225769 
v 0.005234190262854099 -0.09516401588916779 0.016816014423966408 
v -0.006597844418138266 -0.0955788791179657 0.01651274412870407 
v 0.005830752197653055 -0.09056779742240906 0.03512325882911682 
v -0.00621689110994339 -0.09210503846406937 0.033023566007614136 
v 0.0005944101139903069 -0.06825117766857147 0.05613507330417633 
v 0.07272947579622269 0.20700547099113464 -0.14140483736991882 
v 0.08622288703918457 0.20229220390319824 -0.14180339872837067 
v 0.09256284683942795 0.19036442041397095 -0.13583576679229736 
v 0.03769854083657265 0.28550612926483154 -0.2295578420162201 
v 0.03446617349982262 0.27495893836021423 -0.22123117744922638 
v 0.030229391530156136 0.2728656530380249 -0.2135474979877472 
v -0.04964158311486244 0.4599609971046448 -0.16336622834205627 
v -0.049160100519657135 0.4653095006942749 -0.17058837413787842 
v -0.048608072102069855 0.4507840573787689 -0.1684381365776062 
v -0.05395905300974846 0.43007010221481323 -0.16940264403820038 
v -0.053272102028131485 0.42681142687797546 -0.1793641448020935 
v -0.057783134281635284 0.407956600189209 -0.17877750098705292 
v -0.05776946619153023 0.40743502974510193 -0.170124351978302 
v 0.00019141104712616652 -0.275037944316864 0.00988637376576662 
v 0.00003444424146437086 -0.27894043922424316 0.010245989076793194 
v -0.000014056738109502476 -0.27525484561920166 0.010291562415659428 
v 0.0003752738703042269 -0.2782570421695709 0.014461941085755825 
v -0.0861341580748558 0.16944214701652527 -0.09471117705106735 
v -0.08489429950714111 0.1786363124847412 -0.08146754652261734 
v -0.08364209532737732 0.16289900243282318 -0.09016294777393341 
v -0.07716632634401321 0.17223431169986725 -0.07591836899518967 
v -0.06991983950138092 0.16313138604164124 -0.08285877853631973 
v -0.07032989710569382 0.1670958399772644 -0.07250036299228668 
v -0.08099658042192459 0.18437039852142334 -0.07020097970962524 
v -0.07787356525659561 0.1719365119934082 -0.06874594837427139 
v -0.008416631259024143 0.1234283298254013 -0.18005603551864624 
v -0.015797598287463188 0.11378143727779388 -0.17690153419971466 
v -0.01823366992175579 0.12497245520353317 -0.1742151826620102 
v -0.025923721492290497 0.11397595703601837 -0.17338906228542328 
v -0.026866404339671135 0.12476932257413864 -0.16906540095806122 
v 0.013264629989862442 0.3143813908100128 -0.048965439200401306 
v 0.00959619227796793 0.3043471872806549 -0.04402528330683708 
v 0.01750405691564083 0.305073618888855 -0.049069844186306 
v 0.01458165142685175 0.2960464358329773 -0.05049256235361099 
v 0.04899397864937782 0.3925653100013733 -0.10765981674194336 
v 0.04860156029462814 0.4055035710334778 -0.10825558751821518 
v 0.04373735561966896 0.40295928716659546 -0.10127125680446625 
v 0.041026148945093155 0.3956862688064575 -0.11078532040119171 
v 0.046941064298152924 0.40145477652549744 -0.09135034680366516 
v 0.05204116180539131 0.42134588956832886 -0.10704416036605835 
v 0.07565055787563324 0.11313073337078094 -0.0981457531452179 
v 0.07478239387273788 0.10712982714176178 -0.09309207648038864 
v -0.008416631259024143 0.1234283298254013 -0.18005603551864624 
v -0.011735420674085617 0.1388523429632187 -0.18065428733825684 
v -0.013234101235866547 0.1406150907278061 -0.20000308752059937 
v -0.01570015586912632 0.14435575902462006 -0.18741655349731445 
v -0.028097005560994148 0.1467382162809372 -0.1782960742712021 
v -0.023060400038957596 0.1433074027299881 -0.17058008909225464 
v -0.0073125725612044334 0.1391071081161499 -0.17027102410793304 
v -0.02925044670701027 0.13988520205020905 -0.16583217680454254 
v -0.03586509823799133 0.1457294523715973 -0.17865735292434692 
v -0.0765962228178978 0.22236579656600952 -0.10515410453081131 
v -0.06680784374475479 0.21869398653507233 -0.11587462574243546 
v -0.07606976479291916 0.21080811321735382 -0.09888652712106705 
v -0.08296220004558563 0.21160686016082764 -0.09227258712053299 
v 0.01946834661066532 0.4139368534088135 -0.21702682971954346 
v 0.021422935649752617 0.3957516551017761 -0.22900931537151337 
v 0.012778297066688538 0.397774338722229 -0.2314487248659134 
v 0.02609490230679512 0.37639936804771423 -0.23497113585472107 
v 0.03217163309454918 0.37546634674072266 -0.22968213260173798 
v 0.04720517620444298 0.36172589659690857 -0.22414952516555786 
v 0.024172058328986168 0.3891293406486511 -0.22232328355312347 
v 0.03217163309454918 0.37546634674072266 -0.22968213260173798 
v 0.024175144731998444 0.3763391077518463 -0.21520306169986725 
v 0.02108386904001236 0.38790884613990784 -0.218755304813385 
v 0.015781830996274948 0.3863406181335449 -0.21718674898147583 
v 0.01946834661066532 0.4139368534088135 -0.21702682971954346 
v 0.05227837711572647 0.1217774748802185 -0.11206303536891937 
v 0.05882248282432556 0.1297958940267563 -0.1234804093837738 
v 0.0637272521853447 0.11334763467311859 -0.10029101371765137 
v 0.06911394745111465 0.12046574801206589 -0.11748377978801727 
v 0.06939349323511124 0.1120152473449707 -0.10551703721284866 
v 0.07167788594961166 0.09790124744176865 -0.09412120282649994 
v 0.07757825404405594 0.10135959833860397 -0.10108896344900131 
v 0.08114925026893616 0.09195542335510254 -0.09245321899652481 
v 0.08717571198940277 0.09851235151290894 -0.0947161465883255 
v 0.08403020352125168 0.10736910998821259 -0.0968962088227272 
v 0.07565055787563324 0.11313073337078094 -0.0981457531452179 
v 0.07213997095823288 0.28662851452827454 -0.18118709325790405 
v 0.08188822865486145 0.28713458776474 -0.18007425963878632 
v 0.07556016743183136 0.28035905957221985 -0.1702602505683899 
v 0.03707508370280266 0.49858301877975464 -0.15105727314949036 
v 0.038126230239868164 0.4885367453098297 -0.13416363298892975 
v 0.04142032936215401 0.4882045090198517 -0.13897950947284698 
v 0.04597589373588562 0.48822343349456787 -0.12373644858598709 
v 0.05352441221475601 0.48483049869537354 -0.1254400610923767 
v 0.05599399283528328 0.4827682375907898 -0.11336974799633026 
v 0.0640588253736496 0.47285106778144836 -0.11431435495615005 
v -0.0001965967967407778 -0.2828980088233948 0.012670492753386497 
v 0.00023285734641831368 -0.28054824471473694 0.013647421263158321 
v 0.00024432121426798403 -0.2819357216358185 0.016333764418959618 
v 0.00028268108144402504 -0.28048282861709595 0.0138264000415802 
v -0.07097098976373672 0.32875704765319824 -0.20631128549575806 
v 0.01162000559270382 0.32030826807022095 -0.07929162681102753 
v -0.007565218489617109 0.3204924762248993 -0.07879114896059036 
v 0.0075798737816512585 0.31936320662498474 -0.07354938238859177 
v -0.010272013954818249 0.32221388816833496 -0.07384022325277328 
v 0.06013597548007965 0.31072506308555603 -0.22528968751430511 
v 0.05873076990246773 0.31229501962661743 -0.2176830768585205 
v 0.062006350606679916 0.30302512645721436 -0.2209337055683136 
v 0.09343013912439346 0.2804606258869171 -0.1583896279335022 
v 0.09045393764972687 0.26747414469718933 -0.1497223973274231 
v 0.0849146842956543 0.25535184144973755 -0.15174171328544617 
v -0.023205460980534554 0.24217085540294647 -0.051578037440776825 
v -0.015311706811189651 0.22920159995555878 -0.053134988993406296 
v -0.014845656231045723 0.2381289303302765 -0.0477987602353096 
v -0.001322260475717485 0.23613207042217255 -0.052476245909929276 
v 0.012888967990875244 0.05670053884387016 0.12252306938171387 
v -0.019479263573884964 -0.19734810292720795 -0.0016254633665084839 
v -0.011593004688620567 -0.17667889595031738 0.002096639247611165 
v -0.023526890203356743 -0.1732945591211319 -0.012115628458559513 
v -0.016166646033525467 -0.16492152214050293 -0.0007305678445845842 
v -0.002124731196090579 -0.17352867126464844 0.016741439700126648 
v -0.00896821916103363 -0.16405735909938812 0.020585346966981888 
v -0.0042671519331634045 -0.16222232580184937 0.04227827861905098 
v -0.006988938432186842 -0.14726482331752777 0.041738856583833694 
v -0.0065987263806164265 -0.13591542840003967 0.06880944967269897 
v -0.00470851082354784 -0.1546841859817505 0.07344798743724823 
v 0.0001587831211509183 -0.16026850044727325 0.0692635253071785 
v -3.8828000015200814e-7 -0.3294110596179962 0.017212916165590286 
v -3.8828000015200814e-7 -0.32671356201171875 0.016903845593333244 
v -3.8828000015200814e-7 -0.3294110596179962 0.017212916165590286 
v -3.8828000015200814e-7 -0.32671356201171875 0.016903845593333244 
v 0.04306098818778992 0.31064245104789734 -0.2434113323688507 
v 0.04657907038927078 0.3249630331993103 -0.22884607315063477 
v 0.05873076990246773 0.31229501962661743 -0.2176830768585205 
v 0.06426385045051575 0.3257634937763214 -0.21384000778198242 
v 0.07710294425487518 0.3163885772228241 -0.20673303306102753 
v -0.08599791675806046 0.28829312324523926 -0.11427375674247742 
v -0.08032286167144775 0.27694717049598694 -0.1218629702925682 
v -0.07454727590084076 0.2752859890460968 -0.17959782481193542 
v -0.0845966786146164 0.2744321823120117 -0.17821238934993744 
v 0.021347979083657265 0.3667559027671814 -0.06414966285228729 
v 0.033848006278276443 0.3704707622528076 -0.0676124095916748 
v 0.03132154420018196 0.3806082606315613 -0.0639980286359787 
v 0.042369626462459564 0.37832391262054443 -0.07213163375854492 
v 5.2638000624938286e-8 -0.3469799757003784 0.019296035170555115 
v 5.2638000624938286e-8 -0.34436511993408203 0.018974535167217255 
v 4.935560014018847e-7 -0.34696102142333984 0.019292719662189484 
v 4.935560014018847e-7 -0.3443599343299866 0.01897287741303444 
v -0.019410040229558945 0.29417523741722107 -0.05480711907148361 
v -0.016473084688186646 0.3056502938270569 -0.04751620441675186 
v -0.026242505759000778 0.30727705359458923 -0.05574675649404526 
v -0.0194285586476326 0.31428155303001404 -0.05420389026403427 
v 0.010655277408659458 0.44000619649887085 -0.21887296438217163 
v 0.007752713747322559 0.45415979623794556 -0.21865668892860413 
v 0.014101932756602764 0.45541125535964966 -0.2308678776025772 
v 0.01795952394604683 0.4655522108078003 -0.25455278158187866 
v 0.03346925601363182 0.1631365567445755 -0.17960362136363983 
v 0.042089201509952545 0.1605871170759201 -0.16692841053009033 
v 0.021714381873607635 0.15952327847480774 -0.17719817161560059 
v 0.027366509661078453 0.15316946804523468 -0.17027267813682556 
v 0.03872014954686165 0.14939437806606293 -0.15711605548858643 
v -0.05738586559891701 0.21040701866149902 -0.16379545629024506 
v -0.07089779525995255 0.22364653646945953 -0.16072463989257812 
v -0.07081490755081177 0.21131421625614166 -0.1475265771150589 
v -0.07164647430181503 0.20283789932727814 -0.14755640923976898 
v -0.07088413089513779 0.20297561585903168 -0.13277240097522736 
v -0.06589999049901962 0.21664203703403473 -0.14087286591529846 
v -0.06540440022945404 0.20905397832393646 -0.12824489176273346 
v -0.07327831536531448 0.18795958161354065 -0.1228233203291893 
v -0.07309003919363022 0.203934445977211 -0.11820632219314575 
v -0.06680784374475479 0.21869398653507233 -0.11587462574243546 
v -0.0744895190000534 0.1936420202255249 -0.09809520840644836 
v -0.003914858214557171 -0.06331067532300949 0.06520915031433105 
v -0.004790080711245537 -0.0819210559129715 0.05182548984885216 
v 0.07272947579622269 0.20700547099113464 -0.14140483736991882 
v 0.08622288703918457 0.20229220390319824 -0.14180339872837067 
v 0.08115850389003754 0.19440633058547974 -0.15005797147750854 
v 0.013407927937805653 0.3570074439048767 -0.06496500968933105 
v -0.00098936737049371 0.36397406458854675 -0.0596909262239933 
v 0.009200247935950756 0.3614211976528168 -0.05510292947292328 
v 0.0020714853890240192 0.3610287010669708 -0.07208357751369476 
v 0.0020714853890240192 0.3610287010669708 -0.07208357751369476 
v 0.007011530455201864 0.17083995044231415 -0.0315837487578392 
v -0.015036573633551598 0.32962292432785034 -0.08014260232448578 
v -0.015372112393379211 0.32703906297683716 -0.08005642890930176 
v -0.02176586352288723 0.33066096901893616 -0.07701046764850616 
v 0.02474481239914894 0.3303975760936737 -0.07793768495321274 
v 0.014901758171617985 0.327491819858551 -0.079398512840271 
v 0.012306955642998219 0.3274332880973816 -0.07909441739320755 
v -0.02176586352288723 0.33066096901893616 -0.07701046764850616 
v -0.010272013954818249 0.32221388816833496 -0.07384022325277328 
v -0.0256106685847044 0.32460325956344604 -0.08319270610809326 
v -0.010272013954818249 0.32221388816833496 -0.07384022325277328 
v -0.02176586352288723 0.33066096901893616 -0.07701046764850616 
v -0.015372112393379211 0.32703906297683716 -0.08005642890930176 
v -0.013929428532719612 0.32755550742149353 -0.07502264529466629 
v -0.010272013954818249 0.32221388816833496 -0.07384022325277328 
v -0.015372112393379211 0.32703906297683716 -0.08005642890930176 
v -0.013929428532719612 0.32755550742149353 -0.07502264529466629 
v -0.015372112393379211 0.32703906297683716 -0.08005642890930176 
v -0.007565218489617109 0.3204924762248993 -0.07879114896059036 
v 0.015138531103730202 0.32557758688926697 -0.07565818727016449 
v 0.014901758171617985 0.327491819858551 -0.079398512840271 
v 0.02474481239914894 0.3303975760936737 -0.07793768495321274 
v -0.0256106685847044 0.32460325956344604 -0.08319270610809326 
v 0.02474481239914894 0.3303975760936737 -0.07793768495321274 
v -0.02343914844095707 0.3344670534133911 -0.08299549669027328 
v -0.02176586352288723 0.33066096901893616 -0.07701046764850616 
v -0.0256106685847044 0.32460325956344604 -0.08319270610809326 
v -0.04784660413861275 0.1665673702955246 -0.04488537833094597 
v -0.08099658042192459 0.18437039852142334 -0.07020097970962524 
v -0.06158825382590294 0.16897736489772797 -0.07233215868473053 
v -0.050552960485219955 0.18419653177261353 -0.05574178695678711 
v -0.07295071333646774 0.15384428203105927 -0.0952945128083229 
v -0.08364209532737732 0.16289900243282318 -0.09016294777393341 
v -0.06991983950138092 0.16313138604164124 -0.08285877853631973 
v -0.0001965967967407778 -0.2828980088233948 0.012670492753386497 
v 0.00024432121426798403 -0.2819357216358185 0.016333764418959618 
v 0.003300323849543929 -0.27780601382255554 0.008203472942113876 
v -3.8828000015200814e-7 -0.30189743638038635 0.013473412953317165 
v -0.00001890683597594034 -0.302372545003891 0.013715366832911968 
v 0.000004020900178147713 -0.30238115787506104 0.013609305024147034 
v -0.00006652597949141636 -0.3058308959007263 0.015283090993762016 
v -0.0000025928700324584497 -0.3060099184513092 0.014261418953537941 
v -3.8828000015200814e-7 -0.30670365691185 0.014302019961178303 
v 0.00019141104712616652 -0.275037944316864 0.00988637376576662 
v -0.000014056738109502476 -0.27525484561920166 0.010291562415659428 
v 0.0003752738703042269 -0.2782570421695709 0.014461941085755825 
v 0.00019141104712616652 -0.275037944316864 0.00988637376576662 
v 0.0003752738703042269 -0.2782570421695709 0.014461941085755825 
v 0.00003444424146437086 -0.27894043922424316 0.010245989076793194 
v 0.00024432121426798403 -0.2819357216358185 0.016333764418959618 
v -0.0001965967967407778 -0.2828980088233948 0.012670492753386497 
v 0.003300323849543929 -0.27780601382255554 0.008203472942113876 
v -3.8828000015200814e-7 -0.30189743638038635 0.013473412953317165 
v 0.000004020900178147713 -0.30238115787506104 0.013609305024147034 
v -0.00001890683597594034 -0.302372545003891 0.013715366832911968 
v -0.0000025928700324584497 -0.3060099184513092 0.014261418953537941 
v -0.00006652597949141636 -0.3058308959007263 0.015283090993762016 
v -3.8828000015200814e-7 -0.30670365691185 0.014302019961178303 
v -3.8828000015200814e-7 -0.31347233057022095 0.015320378355681896 
v -0.000007883885700721294 -0.3146187961101532 0.01575622521340847 
v -3.8828000015200814e-7 -0.3146342933177948 0.015495214611291885 
v -3.8828000015200814e-7 -0.32671356201171875 0.016903845593333244 
v -3.8828000015200814e-7 -0.3241090476512909 0.016606375575065613 
v -3.8828000015200814e-7 -0.3294110596179962 0.017212916165590286 
v -3.8828000015200814e-7 -0.3294110596179962 0.017212916165590286 
v -3.8828000015200814e-7 -0.33104124665260315 0.017400182783603668 
v -3.8828000015200814e-7 -0.3294110596179962 0.017212916165590286 
v -3.8828000015200814e-7 -0.33104124665260315 0.017400182783603668 
v -3.8828000015200814e-7 -0.33104124665260315 0.017400182783603668 
v -0.08364209532737732 0.16289900243282318 -0.09016294777393341 
v -3.8828000015200814e-7 -0.31347233057022095 0.015320378355681896 
v -3.8828000015200814e-7 -0.3146342933177948 0.015495214611291885 
v -0.000007883885700721294 -0.3146187961101532 0.01575622521340847 
v -3.8828000015200814e-7 -0.3241073191165924 0.016606375575065613 
v -3.8828000015200814e-7 -0.3294110596179962 0.017212916165590286 
v -3.8828000015200814e-7 -0.3294110596179962 0.017212916165590286 
v -3.8828000015200814e-7 -0.33104124665260315 0.017400182783603668 
v -3.8828000015200814e-7 -0.3294110596179962 0.017212916165590286 
v -3.8828000015200814e-7 -0.33104124665260315 0.017400182783603668 
v -3.8828000015200814e-7 -0.33104124665260315 0.017400182783603668 
v -3.8828000015200814e-7 -0.33621758222579956 0.018001750111579895 
v -3.8828000015200814e-7 -0.3372728228569031 0.018124384805560112 
v -3.8828000015200814e-7 -0.33727455139160156 0.01812521368265152 
v -3.8828000015200814e-7 -0.33621758222579956 0.018001750111579895 
v -3.8828000015200814e-7 -0.33727455139160156 0.01812521368265152 
v -3.8828000015200814e-7 -0.3372728228569031 0.018124384805560112 
v -0.000001711033974061138 -0.3551085591316223 0.02033345028758049 
v -0.0000025928700324584497 -0.35744452476501465 0.020645836368203163 
v -0.000001711033974061138 -0.35890257358551025 0.02084718644618988 
v -0.000001711033974061138 -0.3551085591316223 0.02033345028758049 
v -0.000001711033974061138 -0.35890257358551025 0.02084718644618988 
v -8.291979725072451e-7 -0.3564753830432892 0.02051823027431965 
v -8.291979725072451e-7 -0.35695910453796387 0.020583689212799072 
v -8.291979725072451e-7 -0.3564753830432892 0.02051823027431965 
v -0.000001711033974061138 -0.35890257358551025 0.02084718644618988 
v -8.291979725072451e-7 -0.35695910453796387 0.020583689212799072 
v -0.000001711033974061138 -0.35890257358551025 0.02084718644618988 
v 9.344739737571217e-7 -0.3592606484889984 0.020896904170513153 
v -0.0000030337880616571056 -0.3621044456958771 0.021292148157954216 
v 0.0000013753920029557776 -0.3621044456958771 0.021288834512233734 
v 0.0000022572280613530893 -0.36465904116630554 0.02165507897734642 
v -0.0000030337880616571056 -0.3621044456958771 0.021292148157954216 
v 0.0000022572280613530893 -0.36465904116630554 0.02165507897734642 
v 0.000002698146090551745 -0.36465904116630554 0.021660879254341125 
v 0.0000049027357817976736 -0.3845002353191376 0.024915646761655807 
v 4.935560014018847e-7 -0.3845002353191376 0.024904875084757805 
v 0.000005784571840194985 -0.3872028887271881 0.025421926751732826 
v 0.0000049027357817976736 -0.3845002353191376 0.024915646761655807 
v 0.000005784571840194985 -0.3872028887271881 0.025421926751732826 
v 0.000002698146090551745 -0.38719600439071655 0.02542772702872753 
v 0.000002698146090551745 -0.38719600439071655 0.02542772702872753 
v 0.000005784571840194985 -0.3872028887271881 0.025421926751732826 
v 0.000005784571840194985 -0.38969898223876953 0.025912461802363396 
v 0.000002698146090551745 -0.38719600439071655 0.02542772702872753 
v 0.000005784571840194985 -0.38969898223876953 0.025912461802363396 
v -0.000007002050097071333 -0.3896903693675995 0.025909975171089172 
v 0.000005784571840194985 -0.3920091390609741 0.026383938267827034 
v -0.000007002050097071333 -0.3920125663280487 0.026383938267827034 
v 0.000006666407898592297 -0.39448797702789307 0.026904303580522537 
v 0.000005784571840194985 -0.3920091390609741 0.026383938267827034 
v 0.000006666407898592297 -0.39448797702789307 0.026904303580522537 
v 0.000006666407898592297 -0.39445701241493225 0.02689933218061924 
v 0.000006666407898592297 -0.39445701241493225 0.02689933218061924 
v 0.000006666407898592297 -0.39448797702789307 0.026904303580522537 
v -0.000006561132067872677 -0.39737653732299805 0.02753404527902603 
v 0.000006666407898592297 -0.39445701241493225 0.02689933218061924 
v -0.000006561132067872677 -0.39737653732299805 0.02753404527902603 
v 0.0000049027357817976736 -0.39723023772239685 0.02750255912542343 
v -0.0000025928700324584497 -0.35744452476501465 0.020645836368203163 
v -8.291979725072451e-7 -0.35695910453796387 0.020583689212799072 
v 9.344739737571217e-7 -0.3592606484889984 0.020896904170513153 
v -0.0000025928700324584497 -0.35744452476501465 0.020645836368203163 
v 9.344739737571217e-7 -0.3592606484889984 0.020896904170513153 
v -0.000001711033974061138 -0.35890257358551025 0.02084718644618988 
v 0.0000013753920029557776 -0.3621044456958771 0.021288834512233734 
v -0.0000030337880616571056 -0.3621044456958771 0.021292148157954216 
v 0.000002698146090551745 -0.36465904116630554 0.021660879254341125 
v 0.0000013753920029557776 -0.3621044456958771 0.021288834512233734 
v 0.000002698146090551745 -0.36465904116630554 0.021660879254341125 
v 0.0000022572280613530893 -0.36465904116630554 0.02165507897734642 
v 4.935560014018847e-7 -0.3845002353191376 0.024904875084757805 
v 0.0000049027357817976736 -0.3845002353191376 0.024915646761655807 
v 0.000002698146090551745 -0.38719600439071655 0.02542772702872753 
v 4.935560014018847e-7 -0.3845002353191376 0.024904875084757805 
v 0.000002698146090551745 -0.38719600439071655 0.02542772702872753 
v 0.000005784571840194985 -0.3872028887271881 0.025421926751732826 
v 0.000005784571840194985 -0.3872028887271881 0.025421926751732826 
v 0.000002698146090551745 -0.38719600439071655 0.02542772702872753 
v -0.000007002050097071333 -0.3896903693675995 0.025909975171089172 
v 0.000005784571840194985 -0.3872028887271881 0.025421926751732826 
v -0.000007002050097071333 -0.3896903693675995 0.025909975171089172 
v 0.000005784571840194985 -0.38969898223876953 0.025912461802363396 
v -0.000007002050097071333 -0.3920125663280487 0.026383938267827034 
v 0.000005784571840194985 -0.3920091390609741 0.026383938267827034 
v 0.000006666407898592297 -0.39445701241493225 0.02689933218061924 
v -0.000007002050097071333 -0.3920125663280487 0.026383938267827034 
v 0.000006666407898592297 -0.39445701241493225 0.02689933218061924 
v 0.000006666407898592297 -0.39448797702789307 0.026904303580522537 
v 0.000006666407898592297 -0.39448797702789307 0.026904303580522537 
v 0.000006666407898592297 -0.39445701241493225 0.02689933218061924 
v 0.0000049027357817976736 -0.39723023772239685 0.02750255912542343 
v 0.000006666407898592297 -0.39448797702789307 0.026904303580522537 
v 0.0000049027357817976736 -0.39723023772239685 0.02750255912542343 
v -0.000006561132067872677 -0.39737653732299805 0.02753404527902603 
v 0.000002698146090551745 -0.40155962109565735 0.028492743149399757 
v -0.0000030337880616571056 -0.40164914727211 0.028508488088846207 
v -0.0000012701159448624821 -0.4025459885597229 0.028718125075101852 
v 0.000002698146090551745 -0.40155962109565735 0.028492743149399757 
v -0.0000012701159448624821 -0.4025459885597229 0.028718125075101852 
v -0.0000030337880616571056 -0.40164914727211 0.028508488088846207 
v -0.037539705634117126 0.4291973412036896 -0.16869251430034637 
v -0.03339287266135216 0.42972925305366516 -0.1668107509613037 
v -0.03374163806438446 0.4273485243320465 -0.16915737092494965 
v -0.034400369971990585 0.42496606707572937 -0.17066046595573425 
v -0.03339287266135216 0.42972925305366516 -0.1668107509613037 
v -0.037539705634117126 0.4291973412036896 -0.16869251430034637 
v -0.0000047974599510780536 -0.39982959628105164 0.028080925345420837 
v 0.000002698146090551745 -0.40115854144096375 0.028390824794769287 
v -0.0000030337880616571056 -0.40164914727211 0.028508488088846207 
v -0.0361173041164875 0.42889606952667236 -0.17338906228542328 
v -0.037539705634117126 0.4291973412036896 -0.16869251430034637 
v -0.03374163806438446 0.4273485243320465 -0.16915737092494965 
v -0.034400369971990585 0.42496606707572937 -0.17066046595573425 
v -0.0361173041164875 0.42889606952667236 -0.17338906228542328 
v 0.06117963045835495 0.30722367763519287 -0.16407054662704468 
v 0.06732337921857834 0.3139303922653198 -0.13137122988700867 
v 0.06595256924629211 0.30902430415153503 -0.15057668089866638 
v 0.06732337921857834 0.3139303922653198 -0.13137122988700867 
v 0.06619948148727417 0.30960097908973694 -0.15036456286907196 
v 0.06454956531524658 0.3084183633327484 -0.15627916157245636 
v 0.06454956531524658 0.3084183633327484 -0.15627916157245636 
v 0.06595256924629211 0.30902430415153503 -0.15057668089866638 
v 0.06732337921857834 0.3139303922653198 -0.13137122988700867 
v 0.06281895935535431 0.3054901957511902 -0.15753035247325897 
v 0.05948209390044212 0.3108541965484619 -0.15778474509716034 
v 0.06048165634274483 0.30440741777420044 -0.14605414867401123 
v 0.05948209390044212 0.3108541965484619 -0.15778474509716034 
v 0.06281895935535431 0.3054901957511902 -0.15753035247325897 
v 0.06454956531524658 0.3084183633327484 -0.15627916157245636 
v 0.06281895935535431 0.3054901957511902 -0.15753035247325897 
v 0.060652293264865875 0.30432653427124023 -0.16235119104385376 
v 0.057202547788619995 0.30208176374435425 -0.15575465559959412 
v 0.060652293264865875 0.30432653427124023 -0.16235119104385376 
v 0.059507668018341064 0.30913102626800537 -0.15646807849407196 
v 0.05948209390044212 0.3108541965484619 -0.15778474509716034 
v 0.060652293264865875 0.30432653427124023 -0.16235119104385376 
v 0.05948209390044212 0.3108541965484619 -0.15778474509716034 
v 0.06454956531524658 0.3084183633327484 -0.15627916157245636 
v 0.060652293264865875 0.30432653427124023 -0.16235119104385376 
v 0.06281895935535431 0.3054901957511902 -0.15753035247325897 
v 0.059507668018341064 0.30913102626800537 -0.15646807849407196 
v 0.05680175498127937 0.30773496627807617 -0.16299916803836823 
v 0.057202547788619995 0.30208176374435425 -0.15575465559959412 
v 0.060652293264865875 0.30432653427124023 -0.16235119104385376 
v 0.05261744186282158 0.3148203492164612 -0.18003781139850616 
v 0.058012954890728 0.3025345206260681 -0.1677437722682953 
v 0.060652293264865875 0.30432653427124023 -0.16235119104385376 
v 0.05400589480996132 0.30429381132125854 -0.16718196868896484 
v 0.060652293264865875 0.30432653427124023 -0.16235119104385376 
v 0.056115686893463135 0.30233311653137207 -0.17279164493083954 
v 0.056115686893463135 0.30233311653137207 -0.17279164493083954 
v 0.05515316128730774 0.2975509762763977 -0.1702859252691269 
v 0.058012954890728 0.3025345206260681 -0.1677437722682953 
v 0.056115686893463135 0.30233311653137207 -0.17279164493083954 
v 0.058012954890728 0.3025345206260681 -0.1677437722682953 
v 0.05400589480996132 0.30429381132125854 -0.16718196868896484 
v 0.052818503230810165 0.2992706894874573 -0.1650143414735794 
v 0.05515316128730774 0.2975509762763977 -0.1702859252691269 
v 0.05175544694066048 0.3016720712184906 -0.16994702816009521 
v 0.05515316128730774 0.2975509762763977 -0.1702859252691269 
v 0.052818503230810165 0.2992706894874573 -0.1650143414735794 
v 0.058012954890728 0.3025345206260681 -0.1677437722682953 
v 0.055436231195926666 0.3031473457813263 -0.1746932864189148 
v 0.05261744186282158 0.3148203492164612 -0.18003781139850616 
v 0.05175544694066048 0.3016720712184906 -0.16994702816009521 
v 0.055436231195926666 0.3031473457813263 -0.1746932864189148 
v 0.05175544694066048 0.3016720712184906 -0.16994702816009521 
v 0.056115686893463135 0.30233311653137207 -0.17279164493083954 
v 0.05175544694066048 0.3016720712184906 -0.16994702816009521 
v 0.05090050771832466 0.30225563049316406 -0.17225801944732666 
v 0.056115686893463135 0.30233311653137207 -0.17279164493083954 
v 0.05090050771832466 0.30225563049316406 -0.17225801944732666 
v 0.05515316128730774 0.2975509762763977 -0.1702859252691269 
v 0.056115686893463135 0.30233311653137207 -0.17279164493083954 
v 0.043863896280527115 0.29528212547302246 -0.1780657172203064 
v 0.05175544694066048 0.3016720712184906 -0.16994702816009521 
v 0.05515316128730774 0.2975509762763977 -0.1702859252691269 
v 0.05261744186282158 0.3148203492164612 -0.18003781139850616 
v 0.055436231195926666 0.3031473457813263 -0.1746932864189148 
v 0.056115686893463135 0.30233311653137207 -0.17279164493083954 
v 0.055436231195926666 0.3031473457813263 -0.1746932864189148 
v 0.05515316128730774 0.2975509762763977 -0.1702859252691269 
v 0.05090050771832466 0.30225563049316406 -0.17225801944732666 
v 0.05085994303226471 0.3041130602359772 -0.17390446364879608 
v 0.05261744186282158 0.3148203492164612 -0.18003781139850616 
v 0.056115686893463135 0.30233311653137207 -0.17279164493083954 
v 0.05085994303226471 0.3041130602359772 -0.17390446364879608 
v 0.056115686893463135 0.30233311653137207 -0.17279164493083954 
v 0.053551748394966125 0.3022453188896179 -0.1782919317483902 
v 0.055436231195926666 0.3031473457813263 -0.1746932864189148 
v 0.05085994303226471 0.3041130602359772 -0.17390446364879608 
v 0.053551748394966125 0.3022453188896179 -0.1782919317483902 
v 0.05261744186282158 0.3148203492164612 -0.18003781139850616 
v 0.056283675134181976 0.32603374123573303 -0.19226308166980743 
v 0.05607159435749054 0.3133278787136078 -0.18386679887771606 
v 0.04342694953083992 0.30281853675842285 -0.19095470011234283 
v 0.049761176109313965 0.3069275915622711 -0.18700970709323883 
v 0.046502791345119476 0.3116580843925476 -0.18628467619419098 
v 0.049761176109313965 0.3069275915622711 -0.18700970709323883 
v 0.044954728335142136 0.3076833188533783 -0.18533261120319366 
v 0.042690616101026535 0.3072322905063629 -0.18756155669689178 
v 0.04342694953083992 0.30281853675842285 -0.19095470011234283 
v 0.042690616101026535 0.3072322905063629 -0.18756155669689178 
v 0.0425301194190979 0.30397191643714905 -0.1926318109035492 
v 0.049761176109313965 0.3069275915622711 -0.18700970709323883 
v 0.042690616101026535 0.3072322905063629 -0.18756155669689178 
v 0.049761176109313965 0.3069275915622711 -0.18700970709323883 
v 0.04342694953083992 0.30281853675842285 -0.19095470011234283 
v 0.0425301194190979 0.30397191643714905 -0.1926318109035492 
v 0.05261744186282158 0.3148203492164612 -0.18003781139850616 
v 0.04898339509963989 0.32102954387664795 -0.19132675230503082 
v 0.04508303478360176 0.3249320387840271 -0.19842873513698578 
v 0.042690616101026535 0.3072322905063629 -0.18756155669689178 
v 0.04367518424987793 0.3148840665817261 -0.1906680017709732 
v 0.0425301194190979 0.30397191643714905 -0.1926318109035492 
v 0.0425301194190979 0.30397191643714905 -0.1926318109035492 
v 0.04342694953083992 0.30281853675842285 -0.19095470011234283 
v 0.03872014954686165 0.14939437806606293 -0.15711605548858643 
v 0.04651469737291336 0.31497013568878174 -0.19775010645389557 
v 0.05028234049677849 0.3166571259498596 -0.194753035902977 
v 0.04898339509963989 0.32102954387664795 -0.19132675230503082 
v 0.04898339509963989 0.32102954387664795 -0.19132675230503082 
v 0.04904909431934357 0.3179619610309601 -0.19768713414669037 
v 0.04651469737291336 0.31497013568878174 -0.19775010645389557 
v 0.043732061982154846 0.1570754051208496 -0.18316496908664703 
v -0.028097005560994148 0.1467382162809372 -0.1782960742712021 
v -0.01570015586912632 0.14435575902462006 -0.18741655349731445 
v -0.03848371282219887 0.15706507861614227 -0.18696247041225433 
v -0.06427300721406937 0.29090625047683716 -0.19986222684383392 
v -0.04920860007405281 0.28393101692199707 -0.20557381212711334 
v -0.0625547468662262 0.2811199128627777 -0.20193706452846527 
v 0.07213997095823288 0.28662851452827454 -0.18118709325790405 
v 0.008483314886689186 0.031145909801125526 -0.025761127471923828 
v -0.06183120235800743 0.32580652832984924 -0.18349558115005493 
v -0.007979240268468857 -0.09898559004068375 0.059400614351034164 
v 0.04741769656538963 0.3755524158477783 -0.17726032435894012 
v 0.0005944101139903069 -0.06825117766857147 0.05613507330417633 
v -0.00621689110994339 -0.09210503846406937 0.033023566007614136 
v -0.004790080711245537 -0.0819210559129715 0.05182548984885216 
v 0.0011345345992594957 0.13804155588150024 -0.03987644985318184 
v 0.0009198075858876109 0.13524077832698822 -0.026192832738161087 
v -0.011500411666929722 0.0026028791908174753 0.020469341427087784 
v 0.0016133716562762856 0.03165889531373978 0.12722457945346832 
v -0.03129630535840988 0.15955425798892975 -0.027904734015464783 
v -0.08828936517238617 0.27678537368774414 -0.1692982316017151 
v 0.06443095952272415 0.16789287328720093 -0.058151375502347946 
v -0.0030078899580985308 0.3183251917362213 -0.04463845118880272 
v 0.0020926494617015123 0.3105408847332001 -0.050707168877124786 
v 0.0029669897630810738 0.3259373605251312 -0.04885523393750191 
v 0.046595826745033264 0.14094732701778412 -0.1565186232328415 
v 0.06591068208217621 0.31409046053886414 -0.2374221533536911 
v 0.060686685144901276 0.3017323315143585 -0.2442598193883896 
v 0.05561215803027153 0.3107801675796509 -0.2332940399646759 
v -0.052301641553640366 0.12250220030546188 -0.12188119441270828 
v 0.012950255535542965 0.18512438237667084 -0.008111799135804176 
v -0.043344832956790924 0.15957491099834442 -0.033983394503593445 
v -0.0362941138446331 0.22390131652355194 -0.18020601570606232 
v 0.03648778051137924 0.39284074306488037 -0.11959341168403625 
v 0.014101932756602764 0.45541125535964966 -0.2308678776025772 
v 0.01775670237839222 0.4418945908546448 -0.21679896116256714 
v 0.010655277408659458 0.44000619649887085 -0.21887296438217163 
v -0.05522404611110687 0.18129591643810272 -0.03930388018488884 
v -0.050552960485219955 0.18419653177261353 -0.05574178695678711 
v -0.044884517788887024 0.1921684741973877 -0.03370332717895508 
v 0.007752713747322559 0.45415979623794556 -0.21865668892860413 
v -0.043308235704898834 0.2133747637271881 -0.16932806372642517 
v 0.05204116180539131 0.42134588956832886 -0.10704416036605835 
v -0.02609788440167904 0.1961897313594818 -0.18671058118343353 
v -0.08758477866649628 0.2818222641944885 -0.14759370684623718 
v -0.08425496518611908 0.29095274209976196 -0.14127805829048157 
v -0.08251819014549255 0.2890694737434387 -0.1548067182302475 
v -0.03848371282219887 0.15706507861614227 -0.18696247041225433 
v 0.06916024535894394 0.24435018002986908 -0.10609457641839981 
v 0.07930753380060196 0.2575707733631134 -0.10956809669733047 
v 0.0731448233127594 0.263101726770401 -0.10090003907680511 
v -0.06680784374475479 0.21869398653507233 -0.11587462574243546 
v 0.05882248282432556 0.1297958940267563 -0.1234804093837738 
v 0.08140718191862106 0.14421804249286652 -0.13295553624629974 
v 0.07249226421117783 0.1336260735988617 -0.12251590937376022 
v -0.052701111882925034 0.2456773966550827 -0.17759589850902557 
v -0.052701111882925034 0.2456773966550827 -0.17759589850902557 
v 0.08233752101659775 0.1392344981431961 -0.10724054276943207 
v 0.07930753380060196 0.2575707733631134 -0.10956809669733047 
v -0.06321833282709122 0.3575341999530792 -0.05337528511881828 
v 0.01710105687379837 0.2297920435667038 -0.19870300590991974 
v 0.05655087158083916 0.2213897407054901 -0.15857771039009094 
v 0.05742830038070679 0.22429724037647247 -0.17061571776866913 
v -0.018538786098361015 0.26450467109680176 -0.21635067462921143 
v -0.006032587494701147 0.2735198140144348 -0.21892432868480682 
v -0.008432063274085522 0.2625422477722168 -0.22011172771453857 
v -0.07884842902421951 0.14929969608783722 -0.16286492347717285 
v 0.02668573334813118 0.14993663132190704 -0.022802172228693962 
v 0.008698482997715473 0.16178351640701294 -0.017934106290340424 
v 0.019510233774781227 -0.16275767982006073 -0.06688074767589569 
v 0.03981759399175644 0.4830384850502014 -0.14464634656906128 
v 0.05484452098608017 0.47297847270965576 -0.12188533693552017 
v 0.04747192934155464 0.47279083728790283 -0.12193257361650467 
v 0.002549881348386407 -0.06711159646511078 0.08648611605167389 
v 0.009400865063071251 -0.09421206265687943 0.05734815448522568 
v 0.05048075318336487 0.30230212211608887 -0.06147077679634094 
v 0.03816503286361694 0.3021712899208069 -0.06022952124476433 
v 0.04176821559667587 0.29124537110328674 -0.06516304612159729 
v 0.05048075318336487 0.30230212211608887 -0.06147077679634094 
v 0.04176821559667587 0.29124537110328674 -0.06516304612159729 
v 0.05442167818546295 0.3039770722389221 -0.07203054428100586 
v 0.03816503286361694 0.3021712899208069 -0.06022952124476433 
v 0.05048075318336487 0.30230212211608887 -0.06147077679634094 
v 0.04965227097272873 0.31577232480049133 -0.06744585931301117 
v 0.012434381060302258 0.3272731900215149 -0.07468622922897339 
v 0.012306955642998219 0.3274332880973816 -0.07909441739320755 
v 0.01162000559270382 0.32030826807022095 -0.07929162681102753 
v 0.012434381060302258 0.3272731900215149 -0.07468622922897339 
v 0.02474481239914894 0.3303975760936737 -0.07793768495321274 
v 0.012306955642998219 0.3274332880973816 -0.07909441739320755 
v 0.06453060358762741 0.3199794888496399 -0.07546677440404892 
v 0.04965227097272873 0.31577232480049133 -0.06744585931301117 
v 0.06298298388719559 0.31153932213783264 -0.06914118677377701 
v 0.04965227097272873 0.31577232480049133 -0.06744585931301117 
v 0.05048075318336487 0.30230212211608887 -0.06147077679634094 
v 0.05442167818546295 0.3039770722389221 -0.07203054428100586 
v 0.016535799950361252 0.0075313332490623 -0.013664294965565205 
v 0.04965227097272873 0.31577232480049133 -0.06744585931301117 
v 0.05442167818546295 0.3039770722389221 -0.07203054428100586 
v 0.06298298388719559 0.31153932213783264 -0.06914118677377701 
v -0.06183120235800743 0.32580652832984924 -0.18349558115005493 
v -0.030471790581941605 0.2459665983915329 -0.04577198624610901 
v 0.06298298388719559 0.31153932213783264 -0.06914118677377701 
v -0.09465137124061584 0.3213893473148346 -0.20787982642650604 
v 0.05311744287610054 0.2671574056148529 -0.07536071538925171 
v 0.05311744287610054 0.2671574056148529 -0.07536071538925171 
v -0.0750613883137703 0.2378534972667694 -0.08826377987861633 
v 0.06766421347856522 0.1351805329322815 -0.05163189768791199 
v 0.04675014689564705 0.22602899372577667 -0.0686672255396843 
v 0.08028901368379593 0.28393274545669556 -0.12604163587093353 
v 0.0849023386836052 0.29616349935531616 -0.12676334381103516 
v 0.08752536028623581 0.28837403655052185 -0.1181798130273819 
v 0.08752536028623581 0.28837403655052185 -0.1181798130273819 
v 0.08276741951704025 0.2994910180568695 -0.11536668986082077 
v 0.07818759977817535 0.2828172445297241 -0.11142086237668991 
v 0.08028901368379593 0.28393274545669556 -0.12604163587093353 
v 0.08752536028623581 0.28837403655052185 -0.1181798130273819 
v 0.07818759977817535 0.2828172445297241 -0.11142086237668991 
v -0.04920860007405281 0.28393101692199707 -0.20557381212711334 
v 0.01509267557412386 0.26548245549201965 -0.2180178314447403 
v 0.019282279536128044 0.27503812313079834 -0.215654656291008 
v 0.022101949900388718 0.26338058710098267 -0.20900674164295197 
v 0.05135773867368698 0.1259932667016983 -0.16019101440906525 
v 0.0503268726170063 0.2736007273197174 -0.20499461889266968 
v 0.05831189826130867 0.26768243312835693 -0.1998705118894577 
v 0.0479767806828022 0.25982755422592163 -0.19673258066177368 
v 0.06787320226430893 0.28210458159446716 -0.19700022041797638 
v 0.06380309164524078 0.2901746332645416 -0.19996415078639984 
v 0.07083485275506973 0.29149842262268066 -0.18941929936408997 
v -0.09881716966629028 0.16669991612434387 -0.09083743393421173 
v -0.08364209532737732 0.16289900243282318 -0.09016294777393341 
v -0.08344367891550064 0.14571912586688995 -0.08966578543186188 
v 0.027232471853494644 0.23136886954307556 -0.04588882252573967 
v 0.01751508004963398 0.45775240659713745 -0.2511720657348633 
v 0.01795952394604683 0.4655522108078003 -0.25455278158187866 
v 0.02287796512246132 0.4560258090496063 -0.24956455826759338 
v 0.01795952394604683 0.4655522108078003 -0.25455278158187866 
v 0.026351075619459152 0.4622642695903778 -0.24468737840652466 
v 0.02287796512246132 0.4560258090496063 -0.24956455826759338 
v -0.06523112207651138 0.11723462492227554 -0.08367661386728287 
v 0.033848006278276443 0.3704707622528076 -0.0676124095916748 
v -0.0866103544831276 0.2956402003765106 -0.12874868512153625 
v -0.09331495314836502 0.29677632451057434 -0.1379777193069458 
v -0.08425496518611908 0.29095274209976196 -0.14127805829048157 
v -0.07446747273206711 0.17086061835289001 -0.1437663584947586 
v -0.01570015586912632 0.14435575902462006 -0.18741655349731445 
v -0.06454284489154816 0.28329065442085266 -0.08771856129169464 
v -0.06454284489154816 0.28329065442085266 -0.08771856129169464 
v -0.050552960485219955 0.18419653177261353 -0.05574178695678711 
v 0.06820918619632721 0.13433875143527985 -0.0425354465842247 
v 0.07247550785541534 0.12445946782827377 -0.04576370120048523 
v 0.07190319895744324 0.11742742359638214 -0.036980465054512024 
v -0.05147359520196915 0.1466245949268341 -0.14497779309749603 
v -0.001322260475717485 0.23613207042217255 -0.052476245909929276 
v 0.02605389803647995 0.3032127618789673 -0.0436490960419178 
v -0.08032286167144775 0.27694717049598694 -0.1218629702925682 
v -0.08599791675806046 0.28829312324523926 -0.11427375674247742 
v -0.09014519304037094 0.2847728133201599 -0.12317465245723724 
v -0.08599791675806046 0.28829312324523926 -0.11427375674247742 
v -0.0866103544831276 0.2956402003765106 -0.12874868512153625 
v -0.09014519304037094 0.2847728133201599 -0.12317465245723724 
v 0.014867807738482952 0.19965152442455292 -0.17944617569446564 
v 0.006986398249864578 0.20575743913650513 -0.18213997781276703 
v 0.015492147766053677 0.2050241082906723 -0.18763944506645203 
v -0.0894000381231308 0.27510008215904236 -0.1110314205288887 
v -0.09095647931098938 0.2880331873893738 -0.10615921020507812 
v 0.015492147766053677 0.2050241082906723 -0.18763944506645203 
v 0.023255832493305206 0.21126945316791534 -0.186093270778656 
v 0.014867807738482952 0.19965152442455292 -0.17944617569446564 
v -0.07115264981985092 0.10128557682037354 -0.1434498429298401 
v -0.09881716966629028 0.16669991612434387 -0.09083743393421173 
v -0.09881716966629028 0.16669991612434387 -0.09083743393421173 
v -0.0861341580748558 0.16944214701652527 -0.09471117705106735 
v -0.08364209532737732 0.16289900243282318 -0.09016294777393341 
v -0.06011426821351051 0.18229606747627258 -0.0265093594789505 
v -0.05522404611110687 0.18129591643810272 -0.03930388018488884 
v -0.04991450905799866 0.17694415152072906 -0.03582124412059784 
v -0.004123412538319826 0.12033147364854813 -0.008968578651547432 
v 0.004522107541561127 0.11617249995470047 -0.01966920867562294 
v 0.006017701700329781 0.11279505491256714 -0.0069956653751432896 
v 0.005102796480059624 0.13344188034534454 -0.020456386730074883 
v -0.004123412538319826 0.12033147364854813 -0.008968578651547432 
v 0.006107207853347063 0.12335602939128876 -0.006187773775309324 
v 0.005102796480059624 0.13344188034534454 -0.020456386730074883 
v 0.0022183111868798733 0.12466947734355927 -0.017483344301581383 
v 0.03872014954686165 0.14939437806606293 -0.15711605548858643 
v -0.06454284489154816 0.28329065442085266 -0.08771856129169464 
v -0.05048726126551628 0.15395617485046387 -0.03611540049314499 
v -0.052248287945985794 0.23510093986988068 -0.0765472799539566 
v -0.06196656450629234 0.23217278718948364 -0.0786270797252655 
v -0.05633251368999481 0.22325749695301056 -0.08187605440616608 
v -0.06196656450629234 0.23217278718948364 -0.0786270797252655 
v -0.06441718339920044 0.23563458025455475 -0.08756940811872482 
v -0.05633251368999481 0.22325749695301056 -0.08187605440616608 
v 0.04576469585299492 0.11086016893386841 -0.1588519811630249 
v 0.03518001735210419 0.2568666934967041 -0.06052036210894585 
v 0.05283305048942566 0.11564058065414429 -0.1575005203485489 
v 0.04576469585299492 0.11086016893386841 -0.1588519811630249 
v 0.04863948002457619 0.10126319527626038 -0.16259977221488953 
v 0.006017701700329781 0.11279505491256714 -0.0069956653751432896 
v 0.0038907129783183336 0.08155110478401184 -0.17068780958652496 
v -0.002122967503964901 0.0885315015912056 -0.16344743967056274 
v -0.005656925495713949 0.07672420889139175 -0.1626652330160141 
v -0.006715128663927317 0.08103467524051666 -0.17374950647354126 
v 0.0038907129783183336 0.08155110478401184 -0.17068780958652496 
v -0.025988977402448654 0.26277637481689453 -0.22144412994384766 
v -0.0029563026037067175 0.0941106528043747 -0.17551030218601227 
v 0.0038907129783183336 0.08155110478401184 -0.17068780958652496 
v -0.006715128663927317 0.08103467524051666 -0.17374950647354126 
v -0.08286122977733612 0.1090492233633995 -0.09443359076976776 
v 0.06399445235729218 0.14996933937072754 -0.048435959964990616 
v -0.0868043527007103 0.10426020622253418 -0.08436518907546997 
v -0.08092912286520004 0.09433615952730179 -0.0824875608086586 
v -0.07554110884666443 0.1058594137430191 -0.0781904086470604 
v -0.08286122977733612 0.1090492233633995 -0.09443359076976776 
v -0.0753193274140358 0.1144028753042221 -0.08699353039264679 
v -0.07278316468000412 0.11176908761262894 -0.09033530205488205 
v -0.06454505026340485 0.11620348691940308 -0.1394849568605423 
v -0.07115264981985092 0.10128557682037354 -0.1434498429298401 
v -0.06227520480751991 0.117706298828125 -0.147195965051651 
v -0.10495342314243317 0.19631367921829224 -0.07582307606935501 
v -0.0963176041841507 0.1865411102771759 -0.07700218260288239 
v -0.08703054487705231 0.1859971433877945 -0.06989190727472305 
v -0.04019932448863983 0.20833097398281097 -0.17838142812252045 
v -0.03202161565423012 0.20354540646076202 -0.17494849860668182 
v -0.039426833391189575 0.20147280395030975 -0.16866765916347504 
v -0.005127382930368185 -0.08526579290628433 0.004091096110641956 
v 0.04206054285168648 0.19161933660507202 -0.1777922809123993 
v 0.03453892469406128 0.1973121017217636 -0.18380217254161835 
v 0.04206054285168648 0.19161933660507202 -0.1777922809123993 
v 0.04238991066813469 0.19031104445457458 -0.18979382514953613 
v -0.05656443536281586 0.12519796192646027 -0.09456119686365128 
v -0.06777257472276688 0.13347458839416504 -0.09867440164089203 
v 0.08294554799795151 0.10318947583436966 -0.0857439860701561 
v 0.08114925026893616 0.09195542335510254 -0.09245321899652481 
v 0.08717571198940277 0.09851235151290894 -0.0947161465883255 
v 0.01458165142685175 0.2960464358329773 -0.05049256235361099 
v 0.00959619227796793 0.3043471872806549 -0.04402528330683708 
v 0.004308262374252081 0.2971877455711365 -0.0514230877161026 
v 0.00959619227796793 0.3043471872806549 -0.04402528330683708 
v -0.0030078899580985308 0.3183251917362213 -0.04463845118880272 
v 0.0029669897630810738 0.3259373605251312 -0.04885523393750191 
v -0.007981444709002972 0.32510244846343994 -0.050746116787195206 
v -0.07234621047973633 0.22000055015087128 -0.13445696234703064 
v -0.06589999049901962 0.21664203703403473 -0.14087286591529846 
v 0.006986398249864578 0.20575743913650513 -0.18213997781276703 
v -0.07566192001104355 0.26758086681365967 -0.14462149143218994 
v 0.05659584701061249 0.2696465849876404 -0.19010621309280396 
v 0.0479767806828022 0.25982755422592163 -0.19673258066177368 
v 0.05831189826130867 0.26768243312835693 -0.1998705118894577 
v -0.04857632517814636 0.25919580459594727 -0.07073543220758438 
v -0.0799114853143692 0.2782348096370697 -0.14039310812950134 
v -0.08096528053283691 0.2780919373035431 -0.15116913616657257 
v -0.08758477866649628 0.2818222641944885 -0.14759370684623718 
v -0.08251819014549255 0.2890694737434387 -0.1548067182302475 
v -0.0799114853143692 0.2782348096370697 -0.14039310812950134 
v -0.08425496518611908 0.29095274209976196 -0.14127805829048157 
v -0.08758477866649628 0.2818222641944885 -0.14759370684623718 
v 0.05770784243941307 0.2780592143535614 -0.19745181500911713 
v 0.05659584701061249 0.2696465849876404 -0.19010621309280396 
v 0.05831189826130867 0.26768243312835693 -0.1998705118894577 
v -0.06796657294034958 0.22460193932056427 -0.08722470700740814 
v -0.0750613883137703 0.2378534972667694 -0.08826377987861633 
v 0.0478515587747097 0.07170624285936356 -0.146749347448349 
v 0.0489860437810421 0.08321744948625565 -0.15614326298236847 
v 0.05399972200393677 0.07726990431547165 -0.1478787362575531 
v 0.056643906980752945 0.08666030317544937 -0.16029293835163116 
v 0.05399972200393677 0.07726990431547165 -0.1478787362575531 
v 0.0489860437810421 0.08321744948625565 -0.15614326298236847 
v 0.048760734498500824 0.08582885563373566 -0.14410194754600525 
v 0.048760734498500824 0.08582885563373566 -0.14410194754600525 
v 0.05645519495010376 0.08800302445888519 -0.14687032997608185 
v 0.05399972200393677 0.07726990431547165 -0.1478787362575531 
v -0.0542990006506443 0.21160341799259186 -0.015871703624725342 
v 0.09002448618412018 0.3002983629703522 -0.1446968913078308 
v 0.08978506922721863 0.30769020318984985 -0.13075724244117737 
v 0.09340279549360275 0.29729965329170227 -0.13395151495933533 
v -0.05521787330508232 0.10551857203245163 -0.028027368709445 
v -0.048381440341472626 0.10981698334217072 -0.025172816589474678 
v -0.0482235886156559 0.11107190698385239 -0.03427423536777496 
v 0.051792483776807785 0.2057144045829773 -0.1560048907995224 
v 0.05655087158083916 0.2213897407054901 -0.15857771039009094 
v 0.062056176364421844 0.21246929466724396 -0.15639930963516235 
v 0.05927089601755142 0.2095273733139038 -0.14803700149059296 
v 0.062056176364421844 0.21246929466724396 -0.15639930963516235 
v 0.06516596674919128 0.22077175974845886 -0.15083521604537964 
v 0.051792483776807785 0.2057144045829773 -0.1560048907995224 
v 0.062056176364421844 0.21246929466724396 -0.15639930963516235 
v 0.05927089601755142 0.2095273733139038 -0.14803700149059296 
v -0.0579824298620224 0.3054695427417755 -0.07267602533102036 
v -0.052388060837984085 0.2915586829185486 -0.07055065035820007 
v -0.05744538828730583 0.30041027069091797 -0.06338237226009369 
v -0.047426410019397736 0.29719120264053345 -0.061517179012298584 
v -0.05744538828730583 0.30041027069091797 -0.06338237226009369 
v -0.050945818424224854 0.30958205461502075 -0.06318765133619308 
v -0.05744538828730583 0.30041027069091797 -0.06338237226009369 
v -0.047426410019397736 0.29719120264053345 -0.061517179012298584 
v 0.10835918039083481 0.3373745381832123 -0.17004729807376862 
v 0.041981618851423264 0.2370702475309372 -0.066492959856987 
v 0.031997911632061005 0.24337929487228394 -0.056147802621126175 
v 0.03535329923033714 0.2269069254398346 -0.061092931777238846 
v 0.0404256209731102 0.23677244782447815 -0.05803702771663666 
v 0.050670791417360306 0.2360907644033432 -0.0732751116156578 
v -0.00556300999596715 0.09768778830766678 -0.1656755656003952 
v -0.052273862063884735 0.14323510229587555 -0.03461562097072601 
v -0.04676944389939308 0.14105060696601868 -0.03303878381848335 
v -0.049768127501010895 0.12663018703460693 -0.021486343815922737 
v -0.013518493622541428 -0.001478631398640573 -0.017203275114297867 
v -0.004448810126632452 -0.005499891936779022 -0.016053996980190277 
v -0.011500411666929722 0.0026028791908174753 0.020469341427087784 
v -0.011094766668975353 0.11055375635623932 -0.1522529572248459 
v 0.050670791417360306 0.2360907644033432 -0.0732751116156578 
v 0.04920605942606926 0.32131874561309814 -0.2014780193567276 
v 0.04508303478360176 0.3249320387840271 -0.19842873513698578 
v 0.056283675134181976 0.32603374123573303 -0.19226308166980743 
v 0.05261744186282158 0.3148203492164612 -0.18003781139850616 
v -0.06841587275266647 0.23058390617370605 -0.14112144708633423 
v -0.06589999049901962 0.21664203703403473 -0.14087286591529846 
v -0.07234621047973633 0.22000055015087128 -0.13445696234703064 
v 0.042369626462459564 0.37832391262054443 -0.07213163375854492 
v 0.012274769134819508 0.13178931176662445 -0.026998238638043404 
v 0.013407927937805653 0.3570074439048767 -0.06496500968933105 
v 0.022658387199044228 0.35759273171424866 -0.07372339069843292 
v 0.03178759664297104 0.3512079417705536 -0.0757269561290741 
v 0.022658387199044228 0.35759273171424866 -0.07372339069843292 
v 0.033721018582582474 0.11574214696884155 -0.1462099254131317 
v 0.03873955085873604 0.3609030544757843 -0.07313176244497299 
v 0.022658387199044228 0.35759273171424866 -0.07372339069843292 
v 0.03608301654458046 0.36485716700553894 -0.07835115492343903 
v -0.07233166694641113 0.11479879915714264 -0.1366121768951416 
v -0.07265706360340118 0.09819905459880829 -0.13787993788719177 
v -0.07115264981985092 0.10128557682037354 -0.1434498429298401 
v -0.0686548501253128 0.0839456096291542 -0.1415904462337494 
v -0.04784660413861275 0.1665673702955246 -0.04488537833094597 
v -0.0686548501253128 0.0839456096291542 -0.1415904462337494 
v -0.07115264981985092 0.10128557682037354 -0.1434498429298401 
v -0.07265706360340118 0.09819905459880829 -0.13787993788719177 
v 0.056283675134181976 0.32603374123573303 -0.19226308166980743 
v 0.04508303478360176 0.3249320387840271 -0.19842873513698578 
v 0.04920605942606926 0.32131874561309814 -0.2014780193567276 
v 0.032612551003694534 0.3737586736679077 -0.2215965986251831 
v -0.03129630535840988 0.15955425798892975 -0.027904734015464783 
v -0.03617770969867706 0.15407495200634003 -0.028997667133808136 
v -0.03129630535840988 0.15955425798892975 -0.027904734015464783 
v -0.043344832956790924 0.15957491099834442 -0.033983394503593445 
v 0.07442348450422287 0.18752749264240265 -0.07537148892879486 
v 0.022101949900388718 0.26338058710098267 -0.20900674164295197 
v -0.03586509823799133 0.1457294523715973 -0.17865735292434692 
v -0.028097005560994148 0.1467382162809372 -0.1782960742712021 
v -0.03848371282219887 0.15706507861614227 -0.18696247041225433 
v -0.04019932448863983 0.20833097398281097 -0.17838142812252045 
v -0.03189771994948387 0.2122696042060852 -0.18276558816432953 
v -0.03202161565423012 0.20354540646076202 -0.17494849860668182 
v 0.02239912748336792 0.14443838596343994 -0.16603682935237885 
v 0.03872014954686165 0.14939437806606293 -0.15711605548858643 
v 0.03391943499445915 0.14408203959465027 -0.16615036129951477 
v -0.009425010532140732 0.3138253688812256 -0.052468787878751755 
v 0.016955554485321045 0.3717721402645111 -0.2121662199497223 
v 0.016955554485321045 0.3717721402645111 -0.2121662199497223 
v 0.02122187614440918 0.3751736879348755 -0.2020232379436493 
v 0.024175144731998444 0.3763391077518463 -0.21520306169986725 
v -0.05521787330508232 0.10551857203245163 -0.028027368709445 
v -0.055466990917921066 0.11502602696418762 -0.03158043324947357 
v -0.06141320988535881 0.10801120102405548 -0.033755529671907425 
v -0.06141320988535881 0.10801120102405548 -0.033755529671907425 
v -0.05638895183801651 0.11207550019025803 -0.03910667076706886 
v -0.053727127611637115 0.10104113072156906 -0.0372406505048275 
v -0.06141320988535881 0.10801120102405548 -0.033755529671907425 
v -0.055466990917921066 0.11502602696418762 -0.03158043324947357 
v -0.05638895183801651 0.11207550019025803 -0.03910667076706886 
v -0.055466990917921066 0.11502602696418762 -0.03158043324947357 
v -0.0482235886156559 0.11107190698385239 -0.03427423536777496 
v -0.05638895183801651 0.11207550019025803 -0.03910667076706886 
v -0.0482235886156559 0.11107190698385239 -0.03427423536777496 
v -0.055466990917921066 0.11502602696418762 -0.03158043324947357 
v -0.05521787330508232 0.10551857203245163 -0.028027368709445 
v 0.029593145474791527 0.1774829477071762 -0.042650625109672546 
v -0.02679188922047615 0.05942900478839874 -0.07005928456783295 
v 0.02628890611231327 0.20014385879039764 -0.18438385426998138 
v 0.062006350606679916 0.30302512645721436 -0.2209337055683136 
v -0.0750613883137703 0.2378534972667694 -0.08826377987861633 
v -0.0730724036693573 0.219308540225029 -0.09039662033319473 
v -0.06796657294034958 0.22460193932056427 -0.08722470700740814 
v -0.0009761397959664464 0.11118724197149277 -0.14864769577980042 
v -0.011094766668975353 0.11055375635623932 -0.1522529572248459 
v -0.001016263384371996 0.11089631915092468 -0.15613995492458344 
v 0.0033289834391325712 -0.04363817349076271 -0.0026330496184527874 
v -0.0024571833200752735 -0.04424756020307541 -0.007711581885814667 
v -0.000005238377980276709 -0.03534776717424393 0.0032716039568185806 
v -0.00004712558802566491 -0.056824326515197754 -0.0037541547790169716 
v -0.0024571833200752735 -0.04424756020307541 -0.007711581885814667 
v 0.0033289834391325712 -0.04363817349076271 -0.0026330496184527874 
v 0.061238713562488556 0.15086619555950165 -0.13221144676208496 
v 0.041026148945093155 0.3956862688064575 -0.11078532040119171 
v 0.04860156029462814 0.4055035710334778 -0.10825558751821518 
v 0.04899397864937782 0.3925653100013733 -0.10765981674194336 
v -0.004123412538319826 0.12033147364854813 -0.008968578651547432 
v 0.006017701700329781 0.11279505491256714 -0.0069956653751432896 
v 0.006107207853347063 0.12335602939128876 -0.006187773775309324 
v -0.07265706360340118 0.09819905459880829 -0.13787993788719177 
v -0.0574692003428936 0.07719244062900543 -0.13205814361572266 
v -0.06090439110994339 0.07865910232067108 -0.1414702981710434 
v -0.06454725563526154 0.08429334312677383 -0.13438819348812103 
v -0.05601593479514122 0.0874091312289238 -0.13575538992881775 
v -0.06090439110994339 0.07865910232067108 -0.1414702981710434 
v -0.05877608060836792 0.08720771968364716 -0.14540866017341614 
v -0.05401548743247986 0.07968851178884506 -0.14656955003738403 
v -0.06454725563526154 0.08429334312677383 -0.13438819348812103 
v 0.010200690478086472 0.3480800986289978 -0.07101467251777649 
v 0.0020714853890240192 0.3610287010669708 -0.07208357751369476 
v 0.013407927937805653 0.3570074439048767 -0.06496500968933105 
v -0.05401548743247986 0.07968851178884506 -0.14656955003738403 
v -0.05877608060836792 0.08720771968364716 -0.14540866017341614 
v -0.05067333206534386 0.08690130710601807 -0.14378541707992554 
v -0.05601593479514122 0.0874091312289238 -0.13575538992881775 
v -0.05877608060836792 0.08720771968364716 -0.14540866017341614 
v -0.06090439110994339 0.07865910232067108 -0.1414702981710434 
v 0.07834853231906891 0.14048081636428833 -0.11790802329778671 
v -0.05067333206534386 0.08690130710601807 -0.14378541707992554 
v -0.05877608060836792 0.08720771968364716 -0.14540866017341614 
v -0.05601593479514122 0.0874091312289238 -0.13575538992881775 
v -0.05401548743247986 0.07968851178884506 -0.14656955003738403 
v -0.05067333206534386 0.08690130710601807 -0.14378541707992554 
v -0.05144449695944786 0.07756943255662918 -0.13844919204711914 
v -0.031047629192471504 0.1963377743959427 -0.015983564779162407 
v -0.030563943088054657 0.1862536370754242 -0.023910848423838615 
v 0.05135773867368698 0.1259932667016983 -0.16019101440906525 
v -0.06300404667854309 0.12908323109149933 -0.14931969344615936 
v 0.08618497103452682 0.2818739116191864 -0.15015244483947754 
v 0.08581195771694183 0.29049310088157654 -0.1377929449081421 
v 0.0902237817645073 0.2806189954280853 -0.14114299416542053 
v 0.08251212537288666 0.27431854605674744 -0.14467120170593262 
v 0.0902237817645073 0.2806189954280853 -0.14114299416542053 
v 0.01795952394604683 0.4655522108078003 -0.25455278158187866 
v -0.058164969086647034 0.11617249995470047 -0.018752770498394966 
v 0.08251212537288666 0.27431854605674744 -0.14467120170593262 
v 0.08618497103452682 0.2818739116191864 -0.15015244483947754 
v 0.0902237817645073 0.2806189954280853 -0.14114299416542053 
v 0.048760734498500824 0.08582885563373566 -0.14410194754600525 
v 0.05626560002565384 0.08889472484588623 -0.13901099562644958 
v 0.05645519495010376 0.08800302445888519 -0.14687032997608185 
v 0.05399972200393677 0.07726990431547165 -0.1478787362575531 
v 0.05645519495010376 0.08800302445888519 -0.14687032997608185 
v 0.06075723096728325 0.0821673721075058 -0.14129048585891724 
v 0.05645519495010376 0.08800302445888519 -0.14687032997608185 
v 0.05626560002565384 0.08889472484588623 -0.13901099562644958 
v 0.06075723096728325 0.0821673721075058 -0.14129048585891724 
v 0.05626560002565384 0.08889472484588623 -0.13901099562644958 
v 0.05342961475253105 0.07927709072828293 -0.13570649921894073 
v 0.06075723096728325 0.0821673721075058 -0.14129048585891724 
v 0.07275769859552383 0.10798365622758865 -0.03372487053275108 
v 0.07396404445171356 0.12031598389148712 -0.1086035966873169 
v -0.071213498711586 0.48550185561180115 -0.15760990977287292 
v -0.04307190328836441 0.47812727093696594 -0.1632336527109146 
v -0.05155957490205765 0.48163554072380066 -0.16787385940551758 
v -0.002122967503964901 0.0885315015912056 -0.16344743967056274 
v -0.029527343809604645 0.14839251339435577 -0.1651328206062317 
v -0.053727127611637115 0.10104113072156906 -0.0372406505048275 
v -0.046978436410427094 0.10173486918210983 -0.031201761215925217 
v -0.05121565982699394 0.10222891718149185 -0.024122972041368484 
v -0.03968697786331177 0.4126147925853729 -0.17031244933605194 
v 0.056115686893463135 0.30233311653137207 -0.17279164493083954 
v 0.01751508004963398 0.45775240659713745 -0.2511720657348633 
v 0.02287796512246132 0.4560258090496063 -0.24956455826759338 
v 0.018194975331425667 0.45372772216796875 -0.23155395686626434 
v 0.01795952394604683 0.4655522108078003 -0.25455278158187866 
v 0.01751508004963398 0.45775240659713745 -0.2511720657348633 
v 0.014101932756602764 0.45541125535964966 -0.2308678776025772 
v -0.0494268536567688 0.4170405864715576 -0.16878284513950348 
v 0.07565055787563324 0.11313073337078094 -0.0981457531452179 
v 0.08656901121139526 0.11284670233726501 -0.1025315672159195 
v 0.08403020352125168 0.10736910998821259 -0.0968962088227272 
v 0.08656901121139526 0.11284670233726501 -0.1025315672159195 
v 0.07565055787563324 0.11313073337078094 -0.0981457531452179 
v 0.08506680279970169 0.11569566279649734 -0.09638330340385437 
v 0.08656901121139526 0.11284670233726501 -0.1025315672159195 
v 0.03608301654458046 0.36485716700553894 -0.07835115492343903 
v 0.041981618851423264 0.2370702475309372 -0.066492959856987 
v 0.0404256209731102 0.23677244782447815 -0.05803702771663666 
v 0.03535329923033714 0.2269069254398346 -0.061092931777238846 
v -0.06321833282709122 0.3575341999530792 -0.05337528511881828 
v 0.03816503286361694 0.3021712899208069 -0.06022952124476433 
v 0.03834845498204231 0.3107887804508209 -0.05895843729376793 
v 0.04747192934155464 0.47279083728790283 -0.12193257361650467 
v 0.042766012251377106 0.47557610273361206 -0.12092912942171097 
v -0.0866103544831276 0.2956402003765106 -0.12874868512153625 
v -0.0907677710056305 0.30570366978645325 -0.13586974143981934 
v -0.09331495314836502 0.29677632451057434 -0.1379777193069458 
v -0.09331495314836502 0.29677632451057434 -0.1379777193069458 
v -0.0574692003428936 0.07719244062900543 -0.13205814361572266 
v -0.05793260410428047 0.24307115375995636 -0.0724920779466629 
v -0.0907677710056305 0.30570366978645325 -0.13586974143981934 
v -0.0896504819393158 0.3040734827518463 -0.1444234549999237 
v -0.09331495314836502 0.29677632451057434 -0.1379777193069458 
v -0.07625450938940048 0.13901932537555695 -0.1337335854768753 
v -0.06640792638063431 0.13251231610774994 -0.14176444709300995 
v -0.07032989710569382 0.13003861904144287 -0.1327359527349472 
v -0.07625450938940048 0.13901932537555695 -0.1337335854768753 
v 0.06712937355041504 0.10744313150644302 -0.042450930923223495 
v 0.0616350993514061 0.10358196496963501 -0.03372984007000923 
v 0.06712937355041504 0.10744313150644302 -0.042450930923223495 
v 0.05709099769592285 0.10904233902692795 -0.041454944759607315 
v 0.05709099769592285 0.10904233902692795 -0.041454944759607315 
v 0.05857953801751137 0.11303089559078217 -0.03282914683222771 
v 0.0616350993514061 0.10358196496963501 -0.03372984007000923 
v 0.05062184855341911 0.11270726472139359 -0.03444907069206238 
v 0.05857953801751137 0.11303089559078217 -0.03282914683222771 
v 0.05709099769592285 0.10904233902692795 -0.041454944759607315 
v 0.05857953801751137 0.11303089559078217 -0.03282914683222771 
v 0.05397811532020569 0.10705236345529556 -0.02903578244149685 
v 0.0616350993514061 0.10358196496963501 -0.03372984007000923 
v -0.018538786098361015 0.26450467109680176 -0.21635067462921143 
v 0.05397811532020569 0.10705236345529556 -0.02903578244149685 
v 0.05857953801751137 0.11303089559078217 -0.03282914683222771 
v 0.05062184855341911 0.11270726472139359 -0.03444907069206238 
v 0.06220564618706703 0.31235697865486145 -0.14841485023498535 
v 0.06821006536483765 0.314014732837677 -0.1416277289390564 
v 0.063282810151577 0.3103584051132202 -0.1340269148349762 
v 0.05086655914783478 0.10228917002677917 -0.03584941849112511 
v 0.05397811532020569 0.10705236345529556 -0.02903578244149685 
v 0.05062184855341911 0.11270726472139359 -0.03444907069206238 
v 0.05397811532020569 0.10705236345529556 -0.02903578244149685 
v -0.06871216744184494 0.19566470384597778 -0.15331688523292542 
v 0.063282810151577 0.3103584051132202 -0.1340269148349762 
v 0.06641332805156708 0.3059808313846588 -0.14120100438594818 
v 0.06048165634274483 0.30440741777420044 -0.14605414867401123 
v -0.03228263929486275 0.2276764065027237 -0.047181446105241776 
v -0.04341758415102959 0.22557282447814941 -0.05250027775764465 
v -0.041515905410051346 0.22239506244659424 -0.04497072473168373 
v 0.04657907038927078 0.3249630331993103 -0.22884607315063477 
v 0.06970874965190887 0.1539854258298874 -0.12778916954994202 
v 0.061238713562488556 0.15086619555950165 -0.13221144676208496 
v 0.06485732644796371 0.15818916261196136 -0.127488374710083 
v -0.07044762372970581 0.14507703483104706 -0.09995045512914658 
v 0.01456533744931221 0.22550567984580994 -0.18976399302482605 
v 0.01710105687379837 0.2297920435667038 -0.19870300590991974 
v 0.02669234573841095 0.23773816227912903 -0.19630585610866547 
vn 0.773034 -0.142697 -0.618107
vn 0.794033 -0.223500 0.565296
vn 0.967614 -0.217255 -0.128540
vn 0.626615 -0.207564 0.751179
vn 0.688697 -0.149729 0.709420
vn 0.683907 -0.156926 0.712493
vn 0.605864 -0.470052 -0.641857
vn 0.686288 -0.237284 -0.687535
vn 0.733830 -0.330031 -0.593778
vn 0.716157 -0.075398 -0.693855
vn 0.216964 0.911804 0.348627
vn 0.292942 0.882049 0.369018
vn 0.292942 0.882049 0.369018
vn 0.456008 0.792345 0.405273
vn -0.705039 -0.437587 -0.558065
vn -0.196661 -0.456265 -0.867840
vn 0.086006 -0.352581 -0.931821
vn -0.713086 -0.343404 -0.611214
vn -0.630158 -0.254374 -0.733618
vn -0.502730 -0.220518 -0.835843
vn -0.701060 -0.349583 -0.621536
vn -0.032086 -0.608638 -0.792799
vn 0.131518 -0.741039 -0.658456
vn 0.146312 -0.670162 -0.727651
vn -0.074691 -0.278752 -0.957454
vn -0.674312 -0.398743 0.621536
vn -0.654392 -0.108797 0.748288
vn -0.842681 0.172430 0.510057
vn -0.705200 -0.090304 0.703234
vn -0.964970 -0.172705 0.197500
vn -0.771752 0.097799 0.628358
vn -0.700860 -0.033901 0.712493
vn -0.540335 0.037616 0.840609
vn 0.028274 -0.020542 0.999389
vn -0.423186 -0.100727 0.900427
vn -0.321614 -0.074508 0.943935
vn -0.939258 -0.260784 0.223129
vn -0.915950 0.003771 0.401274
vn -0.967559 0.064126 0.244371
vn -0.940172 -0.264617 0.214603
vn -0.952508 -0.231782 -0.197500
vn -0.039012 0.204509 0.978087
vn -0.031715 0.201440 0.978987
vn -0.024351 0.198151 0.979869
vn -0.014955 0.194785 0.980732
vn -0.736134 -0.408310 0.539805
vn -0.921318 -0.052820 0.385205
vn -0.979263 -0.202487 0.006554
vn -0.981651 0.183954 -0.050227
vn -0.861615 -0.094230 -0.498738
vn -0.946823 -0.257281 0.193215
vn -0.923973 -0.379146 -0.050227
vn -0.884888 0.037692 0.464277
vn -0.972501 -0.191278 0.132872
vn -0.728992 -0.015069 0.684356
vn -0.669062 -0.211448 0.712493
vn -0.848584 -0.018857 0.528725
vn -0.966550 -0.253778 -0.037131
vn -0.881595 -0.318196 -0.348627
vn -0.979372 -0.071681 -0.188926
vn -0.888225 -0.406205 -0.214603
vn -0.740090 0.315744 0.593778
vn -0.962900 -0.157860 0.218868
vn -0.964882 -0.261144 -0.028397
vn -0.949746 -0.304622 -0.072033
vn -0.361357 -0.615834 0.700121
vn -0.712897 -0.258582 0.651854
vn -0.441932 -0.594788 0.671508
vn -0.764598 0.592844 -0.252835
vn -0.512357 0.822001 -0.248605
vn -0.610243 0.766086 -0.201782
vn -0.332995 0.927158 -0.171735
vn 0.011359 -0.195028 -0.980732
vn 0.018863 -0.198748 -0.979869
vn 0.032087 -0.201381 -0.978987
vn 0.039458 -0.204423 -0.978087
vn 0.516732 -0.052791 -0.854518
vn 0.415037 0.082556 -0.906051
vn 0.137518 0.408546 -0.902319
vn 0.366206 0.408974 -0.835843
vn 0.050962 0.641510 -0.765420
vn 0.562538 0.599925 -0.568894
vn 0.803376 0.120362 -0.583180
vn 0.985820 -0.082984 -0.145853
vn -0.018793 0.370572 0.928614
vn 0.219782 -0.246339 0.943935
vn 0.123059 0.173203 0.977168
vn -0.490578 -0.078652 0.867840
vn 0.109859 -0.420908 0.900427
vn 0.504773 -0.562111 0.655161
vn 0.452267 -0.605160 0.655161
vn -0.859883 0.263923 0.436974
vn -0.789795 0.105246 0.604274
vn -0.937262 0.000000 0.348627
vn -0.772172 0.161045 0.614666
vn -0.664495 0.425007 0.614666
vn 0.776861 -0.513124 0.364954
vn 0.899869 -0.238840 0.364954
vn 0.484086 -0.111867 0.867840
vn 0.315233 -0.179828 0.931821
vn 0.563545 0.090019 0.821166
vn 0.475134 -0.499134 0.724647
vn 0.984758 -0.060367 0.163120
vn -0.069815 -0.205184 0.976230
vn 0.015059 -0.450427 0.892687
vn 0.996359 -0.082959 0.019661
vn 0.982998 0.075377 0.167429
vn 0.983112 -0.082958 -0.163120
vn 0.996683 -0.060361 0.054590
vn 0.999865 0.015103 -0.006554
vn 0.981040 0.015091 0.193215
vn 0.967730 0.202354 0.150174
vn 0.816399 0.223635 0.532428
vn 0.744801 0.411868 0.525011
vn 0.316721 0.548578 0.773790
vn 0.598402 0.372342 0.709420
vn -0.146640 0.354020 0.923670
vn 0.183375 0.107315 0.977168
vn -0.259630 -0.144106 0.954896
vn 0.824854 0.007544 0.565296
vn 0.347811 0.187776 0.918568
vn -0.310690 0.281434 0.907892
vn -0.492392 0.533709 0.687535
vn -0.566570 0.093740 0.818664
vn -0.135316 -0.033352 0.990241
vn 0.414622 -0.022545 0.909715
vn 0.414102 -0.674490 0.611214
vn 0.821545 -0.401021 0.405273
vn 0.787051 -0.578357 0.214603
vn 0.971527 -0.142979 0.188926
vn 0.994300 -0.105518 0.015292
vn 0.947463 0.318963 -0.024029
vn 0.908023 0.037705 0.417221
vn 0.886878 0.423507 0.184634
vn 0.976291 0.180241 0.119869
vn 0.578489 0.813557 -0.058953
vn 0.639441 -0.407680 -0.651854
vn 0.904973 -0.423846 -0.037131
vn 0.962876 0.067835 0.261280
vn 0.864910 0.260396 0.429097
vn 0.853280 0.296291 0.429097
vn 0.890004 0.367631 0.269705
vn 0.912836 0.231571 0.336311
vn 0.897723 0.423939 0.119869
vn 0.903510 0.311015 0.294855
vn 0.962399 0.239304 -0.128540
vn 0.724116 0.424603 0.543478
vn -0.204053 0.059205 0.977168
vn -0.247231 0.102406 0.963530
vn -0.277686 0.037507 0.959939
vn -0.612837 0.011304 0.790128
vn -0.626137 -0.116143 0.771014
vn -0.632706 -0.097542 0.768225
vn -0.723323 -0.064019 0.687535
vn -0.611021 -0.507241 0.607750
vn -0.889553 -0.194739 0.413246
vn -0.823984 -0.459019 0.332193
vn -0.557737 -0.048901 0.828576
vn -0.855944 -0.299936 0.421188
vn -0.773326 -0.630839 -0.063314
vn -0.899442 -0.007555 -0.436974
vn -0.803902 -0.576601 -0.145853
vn -0.961726 0.007554 -0.273910
vn -0.970693 -0.176484 0.163120
vn -0.879986 0.468087 -0.080746
vn -0.972712 0.097936 0.210333
vn -0.752593 0.160997 0.638501
vn -0.858112 0.281992 0.429097
vn -0.784222 -0.305951 0.539805
vn -0.675242 0.178979 0.715552
vn -0.661486 -0.313772 0.681164
vn -0.741692 0.215639 0.635132
vn -0.838568 -0.359593 0.409263
vn -0.922013 -0.067835 0.381169
vn -0.515978 -0.506654 0.690702
vn -0.896462 0.293263 0.332193
vn -0.245811 0.511053 0.823652
vn -0.499697 0.323983 0.803330
vn -0.790699 0.327008 0.517554
vn -0.120324 0.875423 0.468142
vn -0.679475 0.718165 -0.150174
vn 0.163086 0.876659 0.452627
vn 0.037739 0.922059 -0.385205
vn -0.493877 0.604583 -0.624953
vn -0.740810 0.603540 -0.294855
vn -0.944382 0.022652 -0.328069
vn -0.448856 0.093357 0.888714
vn -0.392618 0.272235 0.878487
vn -0.587843 0.436414 0.681164
vn -0.629775 0.451967 0.631751
vn -0.834306 0.209226 0.510057
vn -0.652330 0.642997 0.401274
vn -0.952000 0.127870 0.278110
vn -0.893048 0.385757 -0.231639
vn -0.895199 -0.120393 0.429097
vn -0.914802 0.304385 -0.265495
vn -0.662241 0.222312 0.715552
vn -0.228634 0.754925 0.614666
vn -0.372937 0.876922 0.303194
vn -0.693914 0.713922 -0.093804
vn -0.324172 0.822044 0.468142
vn -0.720464 0.687119 0.093804
vn -0.835011 0.492991 -0.244371
vn -0.839613 0.529794 -0.119869
vn -0.524358 0.742277 -0.417221
vn -0.809750 0.550990 -0.201782
vn -0.765283 0.598915 -0.235888
vn -0.777688 0.628464 -0.015292
vn 0.625238 -0.777103 -0.072033
vn 0.724769 -0.684745 0.076390
vn 0.724769 -0.684745 0.076390
vn 0.786824 -0.584723 0.197500
vn 0.392604 0.168216 0.904194
vn 0.383872 0.236121 0.892687
vn 0.039498 0.594224 0.803330
vn 0.005652 0.454539 0.890709
vn -0.011290 0.481468 0.876391
vn -0.086892 0.279575 0.956184
vn 0.078551 0.411780 0.907892
vn 0.301958 0.560677 0.771014
vn -0.022593 0.570242 0.821166
vn -0.748929 -0.504957 0.429097
vn -0.628869 -0.119810 0.768225
vn -0.593091 -0.231904 0.771014
vn -0.610224 -0.108661 0.784742
vn -0.506928 0.284702 0.813615
vn -0.170583 0.051502 0.983996
vn -0.199241 0.225767 0.953589
vn -0.235166 0.342223 0.909715
vn 0.188375 0.051766 0.980732
vn 0.173244 -0.014948 0.984766
vn 0.666003 -0.097661 0.739528
vn 0.330063 -0.074509 0.941014
vn 0.290863 -0.059774 0.954896
vn 0.713029 -0.037683 0.700121
vn 0.947214 -0.022634 0.319801
vn 0.984299 0.105478 0.141528
vn 0.862364 -0.150143 0.483514
vn -0.308046 0.418218 0.854518
vn -0.605057 0.263886 0.751179
vn -0.570849 0.494870 0.655161
vn -0.448856 0.093357 0.888714
vn -0.594441 -0.134573 0.792799
vn -0.315517 0.037438 0.948181
vn -0.188932 0.076737 0.978987
vn -0.724442 -0.082708 0.684356
vn -0.109127 -0.086684 0.990241
vn -0.277686 0.037507 0.959939
vn -0.612837 0.011304 0.790128
vn -0.889553 -0.194739 0.413246
vn -0.977270 -0.157841 0.141528
vn -0.995163 -0.098015 0.006554
vn -0.948685 -0.018890 -0.315658
vn -0.884436 -0.216798 -0.413246
vn -0.923745 -0.139232 -0.356804
vn -0.858660 -0.267874 -0.436974
vn -0.959858 0.060389 -0.273910
vn -0.867174 -0.238877 -0.436974
vn -0.962993 -0.268454 -0.024029
vn -0.793851 -0.172341 -0.583180
vn -0.776825 -0.120361 -0.618107
vn -0.528335 0.361515 0.768225
vn -0.238978 0.221739 0.945368
vn -0.664503 0.142273 0.733618
vn -0.615071 -0.119942 0.779295
vn 0.897482 0.375327 -0.231639
vn 0.976038 -0.165289 -0.141528
vn 0.837748 -0.274581 0.471999
vn 0.961675 -0.246604 0.119869
vn 0.781552 -0.551981 0.290677
vn 0.630314 -0.564999 0.532428
vn 0.627052 -0.278082 0.727651
vn 0.574393 0.090022 0.813615
vn 0.509305 -0.119560 0.852240
vn 0.683300 0.060201 0.727651
vn 0.496913 -0.233330 0.835843
vn 0.104040 -0.232754 0.966955
vn 0.034948 -0.112392 0.993049
vn -0.008212 0.002989 0.999962
vn -0.162218 0.356031 0.920287
vn -0.166448 0.132053 0.977168
vn -0.789795 0.105246 0.604274
vn -0.308657 -0.259540 0.915079
vn -0.074743 -0.085229 0.993554
vn 0.300689 -0.089003 0.949560
vn -0.120858 -0.169526 0.978087
vn -0.493570 -0.313942 0.811067
vn -0.647401 -0.060213 0.759767
vn -0.629837 -0.309288 0.712493
vn -0.702772 -0.182777 0.687535
vn -0.838568 0.359593 0.409263
vn -0.466871 0.858948 0.210333
vn -0.257242 0.938174 0.231639
vn -0.246627 0.969049 -0.010923
vn 0.716805 0.591622 0.369018
vn 0.829908 0.331506 0.448727
vn 0.829908 0.331506 0.448727
vn 0.867746 -0.045225 0.494946
vn 0.477020 0.786004 0.393255
vn 0.475581 0.480909 0.736580
vn 0.708369 0.463393 0.532428
vn 0.698836 0.208052 0.684356
vn 0.717897 0.244357 0.651854
vn 0.562662 -0.283517 0.776550
vn 0.385140 -0.175323 0.906051
vn 0.584517 0.022589 0.811067
vn 0.382232 0.496586 0.779295
vn 0.613171 -0.469711 0.635132
vn 0.734315 -0.322534 0.597288
vn 0.601603 -0.149177 0.784742
vn 0.868557 -0.201834 0.452627
vn 0.713029 -0.037683 0.700121
vn 0.984299 0.105478 0.141528
vn 0.872564 0.260499 0.413246
vn 0.307260 0.887069 0.344528
vn 0.172553 0.901334 0.397268
vn -0.124218 0.989310 0.076390
vn 0.580262 0.814075 -0.024029
vn 0.110420 0.578040 0.808503
vn 0.863500 0.310719 0.397268
vn 0.705085 -0.112629 0.700121
vn 0.074081 -0.257142 0.963530
vn -0.443693 0.155255 0.882628
vn -0.426419 0.728519 0.536122
vn -0.257890 0.791262 0.554434
vn -0.569968 0.776141 -0.269705
vn -0.590989 0.683087 -0.429097
vn -0.616188 0.552107 -0.561686
vn -0.600729 0.535306 -0.593778
vn -0.339212 0.103882 0.934957
vn -0.333701 -0.402902 0.852240
vn 0.083992 -0.365577 0.926984
vn 0.330063 -0.074509 0.941014
vn -0.109416 -0.239587 0.964690
vn 0.083992 0.365577 0.926984
vn 0.170125 -0.329748 0.928614
vn 0.296089 -0.249541 0.921987
vn 0.031976 -0.537014 0.842967
vn -0.216714 -0.098407 0.971263
vn -0.282724 -0.600111 0.748288
vn -0.770928 -0.319839 0.550793
vn -0.824547 -0.561732 -0.067674
vn -0.779579 -0.393399 -0.487334
vn -0.929349 0.242828 -0.278110
vn -0.371611 0.388988 -0.842967
vn -0.088586 0.630626 -0.771014
vn 0.245850 0.663815 -0.706334
vn -0.028169 -0.287208 0.957454
vn -0.037650 -0.694406 0.718598
vn -0.095732 -0.598404 0.795454
vn 0.037655 -0.675302 0.736580
vn -0.264174 -0.497730 0.826122
vn -0.411449 -0.395470 0.821166
vn -0.569819 -0.071377 0.818664
vn -0.404682 -0.136627 0.904194
vn -0.205370 0.151069 0.966955
vn -0.549256 -0.108534 0.828576
vn -0.746283 0.149887 0.648534
vn 0.746047 -0.537368 -0.393255
vn 0.777798 -0.302751 -0.550793
vn 0.818452 -0.338503 -0.464277
vn 0.974622 -0.180156 -0.132872
vn 0.997965 0.007546 -0.063314
vn 0.998857 -0.045291 -0.015292
vn 0.876277 0.367561 -0.311509
vn 0.939617 0.340208 -0.037131
vn 0.824147 0.548408 -0.141528
vn 0.714263 0.683576 -0.150174
vn 0.784457 0.571808 -0.240131
vn 0.640132 0.590769 -0.491145
vn 0.498094 0.709340 -0.498738
vn 0.372992 0.633443 -0.677958
vn 0.276884 0.421619 -0.863465
vn 0.346180 0.382215 -0.856780
vn 0.128669 0.440036 -0.888714
vn 0.390535 0.515677 -0.762601
vn 0.299181 0.442653 -0.845310
vn 0.495038 0.714119 -0.494946
vn 0.670724 0.127640 -0.730641
vn 0.655790 0.201154 -0.727651
vn 0.590905 0.411579 -0.693855
vn 0.376628 0.154980 -0.913308
vn 0.458029 -0.148823 -0.876391
vn 0.800590 -0.260127 -0.539805
vn 0.508030 -0.355086 -0.784742
vn 0.976056 -0.217246 -0.010923
vn 0.814497 0.302694 0.494946
vn 0.849458 0.052763 0.525011
vn 0.903114 0.060296 0.425147
vn 0.529794 -0.247970 0.811067
vn 0.778680 0.577876 0.244371
vn 0.960766 0.261017 -0.093804
vn 0.964606 0.261070 -0.037131
vn 0.989415 0.120576 -0.080746
vn 0.949678 0.297453 -0.098153
vn 0.994713 -0.030202 -0.098153
vn 0.773020 0.440488 -0.456519
vn 0.979559 0.180175 0.089453
vn 0.631019 0.737666 -0.240131
vn 0.580118 0.813873 0.032765
vn 0.496655 0.752204 0.433040
vn 0.609076 0.739560 0.286493
vn 0.529203 0.680890 0.506293
vn 0.707861 0.597251 -0.377126
vn 0.577308 0.625363 -0.525011
vn 0.616677 0.508689 -0.600787
vn 0.547426 0.586150 -0.597288
vn 0.265860 0.701015 -0.661738
vn 0.532697 0.837142 -0.124206
vn 0.407549 -0.209978 0.888714
vn 0.580182 -0.134353 0.803330
vn 0.416088 -0.183054 0.890709
vn 0.343126 0.118214 0.931821
vn 0.683371 0.341640 0.645202
vn -0.274953 0.736441 0.618107
vn -0.437509 0.137015 0.888714
vn 0.364716 0.917476 0.158808
vn -0.743437 0.668717 -0.010923
vn -0.945952 0.282762 -0.158808
vn -0.927547 0.340278 -0.154492
vn 0.815325 0.541097 0.206059
vn 0.665645 0.731002 -0.150174
vn 0.562034 0.799924 -0.210333
vn 0.670934 0.720319 -0.176038
vn 0.898058 0.430686 -0.089453
vn 0.996621 0.015090 0.080746
vn 0.994161 0.015089 0.106846
vn 0.995476 0.015091 0.093804
vn 0.997965 0.007546 0.063314
vn 0.360386 -0.104035 0.926984
vn 0.607376 0.318776 0.727651
vn 0.474464 0.119333 0.872149
vn 0.116405 -0.036648 0.992526
vn 0.666387 0.264814 0.696995
vn 0.534597 0.060099 0.842967
vn 0.452594 -0.111853 0.884674
vn 0.330006 -0.264891 0.906051
vn 0.324445 -0.307152 0.894647
vn 0.623615 -0.707638 -0.332193
vn -0.056629 -0.505011 -0.861253
vn 0.483786 -0.565132 -0.668264
vn 0.595746 -0.469227 -0.651854
vn -0.167162 -0.380101 -0.909715
vn -0.417700 -0.439066 -0.795454
vn -0.310773 -0.382773 -0.870003
vn 0.047213 -0.543263 -0.838234
vn 0.147213 -0.482448 -0.863465
vn 0.143435 -0.475689 -0.867840
vn 0.132629 -0.466955 -0.874278
vn 0.100768 -0.344405 -0.933398
vn 0.112753 -0.663615 -0.739528
vn 0.150557 -0.155907 -0.976230
vn -0.043420 -0.668479 -0.742462
vn -0.528669 -0.378500 -0.759767
vn -0.176020 -0.380460 -0.907892
vn -0.462697 -0.267138 -0.845310
vn -0.380168 -0.263118 -0.886702
vn -0.198553 -0.308636 -0.930226
vn -0.185565 -0.084555 -0.978987
vn -0.252970 0.056352 -0.965832
vn -0.544668 -0.026462 -0.838234
vn -0.487513 0.491511 0.721629
vn -0.314970 0.650942 0.690702
vn -0.125906 0.832321 0.539805
vn -0.250705 0.793568 0.554434
vn 0.067913 0.997670 -0.006554
vn 0.157723 -0.831651 -0.532428
vn 0.258438 -0.829601 -0.494946
vn -0.299695 -0.714894 -0.631751
vn 0.198403 -0.854716 -0.479685
vn 0.333643 -0.681006 -0.651854
vn 0.185569 -0.863949 -0.468142
vn 0.179691 -0.499223 -0.847636
vn -0.364530 -0.343146 -0.865661
vn 0.442496 -0.318687 -0.838234
vn 0.566915 -0.331672 -0.754056
vn 0.748114 0.105310 0.655161
vn 0.953169 0.045291 0.299027
vn 0.880435 0.075345 0.468142
vn 0.996964 0.015095 0.076390
vn 0.996621 0.015090 0.080746
vn 0.995476 0.015091 0.093804
vn 0.832310 0.522657 0.184634
vn 0.872111 0.464280 0.154492
vn 0.872111 0.464280 0.154492
vn 0.920742 0.375259 0.106846
vn -0.145118 -0.137104 -0.979869
vn -0.424336 -0.126745 -0.896591
vn -0.517692 -0.116222 -0.847636
vn -0.605975 -0.112824 -0.787443
vn -0.165245 -0.893656 -0.417221
vn -0.434640 -0.798132 -0.417221
vn -0.486778 -0.807895 -0.332193
vn -0.716047 -0.659979 -0.227387
vn -0.616294 -0.786641 -0.037131
vn 0.880435 0.075345 0.468142
vn 0.700732 0.120153 0.703234
vn 0.748114 0.105310 0.655161
vn 0.770768 0.105278 0.628358
vn -0.474447 -0.283343 0.833437
vn 0.244957 -0.396671 0.884674
vn 0.361850 -0.464098 0.808503
vn 0.509249 -0.341119 0.790128
vn 0.474106 -0.212186 0.854518
vn 0.634833 -0.320076 0.703234
vn 0.666520 -0.421825 0.614666
vn 0.582908 -0.510988 0.631751
vn 0.573643 0.812667 0.102500
vn -0.619527 0.782053 0.067674
vn 0.157860 0.962900 -0.218868
vn -0.871048 0.487648 -0.058953
vn -0.260670 0.687331 -0.677958
vn -0.932289 0.220813 -0.286493
vn -0.688223 0.201364 -0.696995
vn -0.989932 -0.067878 0.124206
vn -0.959640 0.139189 -0.244371
vn -0.994305 0.064145 0.085100
vn -0.713864 0.595168 -0.369018
vn -0.679440 0.732791 -0.037131
vn -0.209628 0.908746 -0.360882
vn -0.209797 0.977333 0.028397
vn -0.198789 0.283900 -0.938021
vn -0.052514 0.249481 -0.966955
vn 0.062284 0.570885 -0.818664
vn 0.597541 0.120062 -0.792799
vn 0.878107 0.194887 -0.436974
vn 0.415105 0.686247 -0.597288
vn 0.993304 0.113004 0.024029
vn 0.731771 0.618411 -0.286493
vn 0.924957 0.375471 0.058953
vn 0.360584 0.601941 0.712493
vn 0.915840 -0.289642 0.278110
vn 0.555715 0.296902 0.776550
vn 0.301368 0.124323 0.945368
vn -0.191078 0.111041 0.975274
vn 0.115872 0.188187 0.975274
vn -0.327057 0.044953 0.943935
vn -0.408265 0.418916 0.811067
vn 0.513381 0.133989 0.847636
vn 0.634506 0.393913 0.665007
vn 0.058204 0.527376 0.847636
vn -0.473247 0.653937 0.590257
vn -0.665601 0.574931 0.475846
vn -0.673240 0.578600 0.460402
vn -0.648595 0.636594 0.417221
vn 0.700732 0.120153 0.703234
vn 0.894383 0.075406 0.440900
vn 0.770768 0.105278 0.628358
vn 0.989675 -0.022643 -0.141528
vn 0.955361 -0.052841 -0.290677
vn 0.926936 -0.067931 -0.369018
vn 0.360584 0.601941 0.712493
vn 0.774372 -0.208794 0.597288
vn 0.915840 -0.289642 0.278110
vn 0.788880 -0.565690 0.240131
vn 0.776415 -0.364937 0.513810
vn 0.678496 0.178877 0.712493
vn 0.759474 0.308972 0.572482
vn 0.625474 0.200452 0.754056
vn 0.228412 -0.590828 0.773790
vn 0.194049 -0.178097 0.964690
vn 0.422896 0.059940 0.904194
vn 0.126701 -0.058049 0.990241
vn 0.534737 -0.177707 0.826122
vn 0.563172 -0.241941 0.790128
vn 0.828590 -0.373316 0.417221
vn 0.492815 -0.015109 -0.870003
vn 0.144776 -0.430904 -0.890709
vn 0.359909 -0.651067 -0.668264
vn 0.132629 -0.466955 -0.874278
vn 0.112753 -0.663615 -0.739528
vn 0.147213 -0.482448 -0.863465
vn -0.151230 -0.531519 -0.833437
vn -0.310773 -0.382773 -0.870003
vn 0.244147 -0.392621 -0.886702
vn -0.073389 -0.510434 -0.856780
vn -0.218768 -0.394019 -0.892687
vn -0.278624 -0.623323 -0.730641
vn -0.041548 -0.790374 -0.611214
vn -0.024548 -0.777537 -0.628358
vn -0.222391 -0.360019 -0.906051
vn -0.910889 -0.052773 0.409263
vn -0.855422 0.306889 0.417221
vn -0.906544 -0.064064 0.417221
vn -0.938867 0.146600 0.311509
vn -0.566615 0.740750 0.360882
vn -0.616370 0.460874 0.638501
vn -0.284151 0.527358 0.800720
vn -0.315264 0.293989 0.902319
vn 0.166330 0.275563 0.946784
vn -0.490603 -0.859813 0.141528
vn -0.454487 -0.797258 0.397268
vn -0.179676 -0.850144 0.494946
vn 0.116561 -0.858879 0.498738
vn 0.306641 -0.826552 0.471999
vn 0.388195 -0.873136 0.294855
vn 0.323827 -0.923405 0.206059
vn 0.416777 -0.902708 0.106846
vn 0.322309 -0.928454 0.184634
vn 0.244191 -0.912547 0.328069
vn 0.454170 -0.882215 -0.124206
vn 0.239141 -0.916809 -0.319801
vn 0.378062 -0.855955 -0.352719
vn -0.016985 -0.897395 -0.440900
vn -0.498005 -0.681589 -0.536122
vn -0.408046 -0.767155 -0.494946
vn -0.278624 -0.623323 -0.730641
vn -0.105304 -0.568168 -0.816147
vn -0.149571 -0.572813 -0.805924
vn -0.550432 -0.468995 -0.690702
vn -0.248655 -0.745731 -0.618107
vn -0.727381 -0.645957 -0.231639
vn -0.936073 -0.271994 -0.223129
vn -0.945952 -0.282762 0.158808
vn 0.955361 -0.052841 -0.290677
vn 0.930136 -0.067901 -0.360882
vn 0.926936 -0.067931 -0.369018
vn 0.931706 -0.067928 -0.356804
vn 0.668563 -0.743267 -0.024029
vn 0.251611 -0.857518 -0.448727
vn 0.022644 -0.984883 -0.171735
vn 0.105272 -0.621199 -0.776550
vn 0.285795 -0.138831 -0.948181
vn 0.219828 0.022723 -0.975274
vn 0.652912 0.149853 -0.742462
vn 0.905405 0.253683 -0.340423
vn 0.977115 0.052782 0.206059
vn 0.997679 0.007553 0.067674
vn 0.986589 0.037725 0.158808
vn 0.999979 0.000000 0.006554
vn -0.858418 -0.274947 -0.433040
vn -0.598273 -0.116357 -0.792799
vn -0.305666 -0.315016 -0.898517
vn -0.433609 -0.365487 -0.823652
vn -0.086599 -0.534675 -0.840609
vn 0.999979 0.000000 0.006554
vn 0.997679 0.007553 0.067674
vn 0.998232 0.007548 0.058953
vn 0.998232 0.007548 0.058953
vn 0.060398 -0.738531 -0.671508
vn -0.073468 -0.525467 -0.847636
vn -0.100598 -0.348698 -0.931821
vn -0.294040 0.041409 -0.954896
vn -0.713767 -0.329363 -0.618107
vn -0.650097 -0.011327 -0.759767
vn -0.829714 -0.235034 -0.506293
vn -0.646702 -0.361737 -0.671508
vn -0.502904 -0.305631 -0.808503
vn -0.462728 -0.180931 -0.867840
vn -0.457944 -0.632235 -0.624953
vn -0.579047 -0.443127 -0.684356
vn -0.035910 -0.558724 -0.828576
vn 0.921845 0.382351 0.063314
vn 0.932843 -0.105377 0.344528
vn 0.983576 0.007546 0.180338
vn 0.914694 -0.318637 0.248605
vn 0.857716 -0.194662 0.475846
vn 0.646825 -0.007540 0.762601
vn 0.879527 0.060408 -0.471999
vn 0.616655 0.090397 -0.782026
vn 0.686787 0.127705 -0.715552
vn 0.395434 0.097466 -0.913308
vn -0.473683 0.015113 -0.880566
vn -0.850961 -0.015105 -0.525011
vn -0.753315 0.109178 -0.648534
vn -0.802970 -0.209288 -0.558065
vn -0.007549 0.970711 -0.240131
vn 0.375254 0.910874 0.171735
vn 0.011325 0.997338 -0.072033
vn 0.217126 0.951290 0.218868
vn 0.342994 0.894582 0.286493
vn 0.393037 0.733570 0.554434
vn 0.084578 0.696563 0.712493
vn 0.357823 0.607195 0.709420
vn 0.091861 0.588408 0.803330
vn 0.569284 0.675839 0.468142
vn 0.940155 -0.340403 -0.015292
vn 0.924543 -0.246428 -0.290677
vn 0.910885 -0.052843 -0.409263
vn 0.367644 -0.877708 -0.307354
vn 0.721917 -0.560884 -0.405273
vn 0.438042 -0.471436 -0.765420
vn 0.127916 -0.841428 -0.525011
vn -0.371102 -0.627647 -0.684356
vn -0.193118 -0.914000 -0.356804
vn -0.742277 -0.524358 -0.417221
vn -0.835193 -0.548980 -0.032765
vn -0.987604 -0.067883 -0.141528
vn -0.829393 0.380279 0.409263
vn -0.993570 0.113034 0.006554
vn -0.944049 0.183697 0.273910
vn -0.952661 -0.101774 -0.286493
vn -0.995801 -0.079224 0.045863
vn -0.997983 -0.060367 -0.019661
vn -0.974322 0.030167 0.223129
vn -0.835765 -0.172500 -0.521287
vn -0.277936 -0.257886 -0.925336
vn -0.194193 -0.240910 -0.950921
vn 0.236994 -0.157216 -0.958706
vn 0.828864 -0.245882 -0.502521
vn -0.850961 -0.015105 -0.525011
vn -0.728543 0.135284 -0.671508
vn -0.802970 -0.209288 -0.558065
vn -0.586187 -0.082892 -0.805924
vn -0.680428 0.109108 -0.724647
vn -0.331615 0.287573 -0.898517
vn -0.258726 -0.288098 -0.921987
vn 0.187738 0.159722 -0.969146
vn -0.636275 -0.317200 -0.703234
vn -0.702511 0.127706 -0.700121
vn -0.779697 0.480678 -0.401274
vn -0.432224 0.663023 -0.611214
vn -0.095936 0.594846 -0.798095
vn -0.576385 0.677769 -0.456519
vn -0.268543 0.495387 -0.826122
vn -0.744611 0.524198 -0.413246
vn -0.787509 0.585232 -0.193215
vn -0.724438 0.548741 -0.417221
vn -0.722746 0.648055 -0.240131
vn -0.658032 0.744735 -0.111189
vn -0.334146 0.699455 -0.631751
vn -0.412131 0.567893 -0.712493
vn -0.412160 0.528086 -0.742462
vn 0.237409 0.965025 -0.111189
vn 0.268310 0.928402 -0.257060
vn 0.336807 0.924143 -0.180338
vn 0.448318 0.849509 -0.278110
vn 0.578422 0.683787 -0.444818
vn 0.754474 0.413051 -0.510057
vn 0.401502 -0.037763 -0.915079
vn 0.562538 -0.599925 -0.568894
vn -0.138916 -0.671734 -0.727651
vn -0.238417 -0.797345 -0.554434
vn -0.317070 -0.695113 -0.645202
vn 0.000000 -0.749735 -0.661738
vn 0.496200 0.866996 -0.045863
vn 0.701732 0.712411 0.006554
vn 0.971171 0.217237 0.098153
vn 0.908655 -0.382510 -0.167429
vn 0.930930 -0.340169 0.132872
vn 0.857139 -0.470183 0.210333
vn 0.898886 0.382033 0.214603
vn 0.994018 0.022633 0.106846
vn 0.944824 -0.297462 -0.137202
vn 0.934746 -0.354503 -0.024029
vn 0.940805 -0.142894 -0.307354
vn 0.905447 0.382198 -0.184634
vn 0.621274 0.601241 -0.502521
vn 0.972655 0.165329 0.163120
vn 0.834673 0.359510 0.417221
vn 0.993541 0.022649 -0.111189
vn 0.946241 -0.157900 -0.282304
vn 0.927443 -0.275542 -0.252835
vn 0.901699 -0.304093 -0.307354
vn 0.895604 -0.325527 -0.303194
vn 0.929723 -0.275495 -0.244371
vn 0.924158 -0.297102 -0.240131
vn -0.969303 0.052815 0.240131
vn -0.976582 0.045261 0.210333
vn -0.922098 0.086671 0.377126
vn -0.857169 0.112848 0.502521
vn -0.669234 0.164354 0.724647
vn 0.461328 -0.836802 -0.294855
vn 0.459453 -0.878852 -0.128540
vn 0.602826 -0.795692 0.058953
vn -0.898466 0.168856 -0.405273
vn -0.840815 0.314066 -0.440900
vn -0.976323 0.202380 -0.076390
vn -0.937612 0.347513 0.010923
vn -0.967878 0.191320 0.163120
vn -0.914471 0.357841 0.188926
vn -0.832121 0.552316 0.050227
vn -0.859563 0.510801 0.015292
vn -0.883598 0.457844 -0.098153
vn -0.996291 0.075382 0.041497
vn -0.944389 0.304470 -0.124206
vn -0.996945 0.030197 0.072033
vn -0.773584 -0.409613 0.483514
vn -0.411626 -0.838603 0.356804
vn 0.179146 -0.688018 0.703234
vn 0.393497 -0.864941 0.311509
vn 0.990983 -0.067867 0.115530
vn 0.574032 -0.818340 -0.028397
vn 0.954536 0.297446 0.019661
vn 0.799670 -0.534323 -0.273910
vn -0.375688 -0.926723 0.006554
vn -0.777488 -0.618991 -0.111189
vn -0.270134 -0.926693 -0.261280
vn 0.209279 -0.829663 -0.517554
vn 0.603014 -0.544311 -0.583180
vn -0.368496 -0.547668 -0.751179
vn -0.204774 -0.374836 -0.904194
vn -0.258816 -0.184302 -0.948181
vn -0.665052 0.596951 -0.448727
vn -0.459640 0.550391 -0.696995
vn -0.341728 0.328368 -0.880566
vn -0.508736 0.455358 -0.730641
vn -0.329795 0.601464 -0.727651
vn -0.297322 0.439446 -0.847636
vn 0.131288 0.633406 -0.762601
vn 0.214769 0.485167 -0.847636
vn 0.533545 0.542894 -0.648534
vn 0.565898 0.435419 -0.700121
vn 0.672119 0.369156 -0.641857
vn 0.551798 0.453155 -0.700121
vn 0.420438 0.421774 -0.803330
vn -0.043420 0.625151 -0.779295
vn 0.380539 0.295176 -0.876391
vn 0.003782 0.069751 -0.997557
vn -0.022493 0.088825 -0.995793
vn -0.097453 0.133487 -0.986248
vn -0.245008 -0.202296 -0.948181
vn -0.380168 -0.263118 -0.886702
vn 0.277092 -0.117847 -0.953589
vn 0.537372 -0.067886 -0.840609
vn 0.603985 0.386524 -0.696995
vn 0.483236 -0.268078 -0.833437
vn -0.001890 -0.427119 -0.904194
vn -0.589499 -0.274309 -0.759767
vn -0.786115 -0.337879 -0.517554
vn -0.942094 -0.086740 -0.323938
vn -0.889797 0.256977 -0.377126
vn 0.335152 -0.345850 -0.876391
vn -0.176020 -0.380460 -0.907892
vn 0.611535 -0.438704 -0.658456
vn 0.617320 -0.306272 -0.724647
vn -0.001888 0.974787 -0.223129
vn 0.751655 0.557319 -0.352719
vn 0.990657 0.112977 -0.076390
vn 0.816838 0.352654 -0.456519
vn 0.993243 0.045309 -0.106846
vn 0.935773 0.283000 -0.210333
vn 0.991282 0.113048 0.067674
vn 0.721232 0.690539 0.054590
vn 0.839807 0.455835 0.294855
vn -0.206114 0.912747 -0.352719
vn -0.564991 0.727518 -0.389234
vn -0.564991 0.727518 -0.389234
vn -0.781257 0.500452 -0.373076
vn -0.320072 0.894716 -0.311509
vn -0.411262 0.873267 -0.261280
vn -0.503735 0.671478 -0.543478
vn -0.720963 0.589085 -0.364954
vn -0.736648 0.412218 -0.536122
vn -0.834480 0.359959 -0.417221
vn -0.471369 0.881869 0.010923
vn -0.825997 0.449268 -0.340423
vn -0.753378 -0.086649 -0.651854
vn -0.156177 0.548904 0.821166
vn -0.424669 0.441988 0.790128
vn -0.292950 0.294279 0.909715
vn 0.025241 0.007072 0.999656
vn 0.487687 -0.155687 0.859025
vn 0.820759 0.216343 0.528725
vn 0.045283 0.681258 -0.730641
vn 0.052813 0.671051 -0.739528
vn -0.201058 0.498981 -0.842967
vn -0.284047 0.297403 -0.911520
vn 0.112148 -0.252200 -0.961155
vn 0.147213 -0.482448 -0.863465
vn 0.220064 -0.579441 -0.784742
vn 0.245721 -0.546323 -0.800720
vn -0.110951 0.819877 0.561686
vn -0.073517 0.968996 0.235888
vn 0.030182 0.998855 0.037131
vn -0.109281 0.986757 0.119869
vn 0.183817 0.970047 -0.158808
vn -0.769483 -0.512451 0.381169
vn -0.621218 -0.319489 0.715552
vn -0.434190 -0.278223 0.856780
vn 0.121811 0.007440 0.992526
vn 0.567518 0.324032 0.756919
vn 0.804359 -0.067847 0.590257
vn 0.737316 0.315613 0.597288
vn -0.513126 0.257858 0.818664
vn -0.526660 -0.089892 0.845310
vn -0.491595 0.155767 0.856780
vn -0.408265 -0.418916 0.811067
vn -0.314889 0.640840 0.700121
vn -0.302764 0.639864 0.706334
vn -0.071106 -0.388814 0.918568
vn 0.271643 -0.234476 0.933398
vn -0.072906 -0.396630 0.915079
vn -0.305066 -0.011280 0.952264
vn 0.245962 0.249950 0.936498
vn 0.667789 0.142200 0.730641
vn 0.367473 0.436635 0.821166
vn 0.497655 0.240255 0.833437
vn 0.496229 0.177054 0.849946
vn 0.645288 -0.045207 0.762601
vn 0.300689 -0.089003 0.949560
vn -0.110143 -0.492236 0.863465
vn -0.308657 -0.259540 0.915079
vn -0.095404 -0.495304 0.863465
vn -0.789795 0.105246 0.604274
vn -0.102766 -0.474423 0.874278
vn -0.335368 -0.470565 0.816147
vn 0.070309 -0.240661 0.968060
vn -0.402805 -0.129691 0.906051
vn 0.011283 0.279981 0.959939
vn -0.463977 0.279469 0.840609
vn -0.276196 0.503492 0.818664
vn -0.741408 0.408453 0.532428
vn -0.842717 0.049013 0.536122
vn -0.728107 -0.408030 0.550793
vn -0.591328 -0.530067 0.607750
vn -0.592895 -0.594229 0.543478
vn -0.688291 -0.604347 0.401274
vn -0.671904 -0.609217 0.421188
vn -0.733777 -0.676434 0.063314
vn -0.770188 -0.611792 0.180338
vn -0.920785 -0.389574 0.019661
vn -0.929679 0.150303 0.336311
vn 0.953189 0.297406 0.054590
vn 0.861832 0.415635 0.290677
vn 0.573643 0.812667 0.102500
vn 0.799143 0.585274 0.137202
vn -0.886868 -0.242522 -0.393255
vn -0.570826 -0.439002 -0.693855
vn 0.713353 -0.164755 -0.681164
vn 0.987273 -0.037751 -0.154492
vn 0.944474 -0.075468 -0.319801
vn 0.998834 -0.015106 -0.045863
vn -0.963400 0.176476 0.201782
vn -0.888887 0.457996 -0.010923
vn -0.992590 0.086735 0.085100
vn -0.885353 0.464669 -0.015292
vn -0.126923 0.541577 0.831014
vn -0.264210 0.722848 0.638501
vn -0.152104 0.908494 0.389234
vn 0.026419 0.982452 0.184634
vn -0.122424 0.894923 -0.429097
vn 0.084858 0.800142 -0.593778
vn 0.050963 0.443857 -0.894647
vn -0.069210 0.249759 -0.965832
vn 0.235105 -0.213725 -0.948181
vn -0.232066 -0.381775 -0.894647
vn -0.073493 -0.704053 -0.706334
vn -0.104652 -0.410024 -0.906051
vn 0.054749 -0.778740 -0.624953
vn 0.373780 -0.828381 -0.417221
vn 0.470027 -0.698345 -0.539805
vn 0.810226 -0.573729 -0.119869
vn 0.821748 -0.541979 -0.176038
vn 0.407761 0.378347 -0.831014
vn -0.258711 0.876826 -0.405273
vn 0.144770 0.965913 0.214603
vn 0.288245 -0.537015 -0.792799
vn 0.450111 0.219160 -0.865661
vn -0.146535 -0.115820 -0.982402
vn -0.197572 0.676527 -0.709420
vn -0.862709 -0.056624 -0.502521
vn -0.762752 0.626889 -0.158808
vn -0.868770 0.161497 -0.468142
vn -0.456770 0.811277 -0.364954
vn -0.418518 0.187164 -0.888714
vn -0.299272 0.684252 -0.665007
vn -0.399226 0.451291 -0.798095
vn 0.342004 0.803454 -0.487334
vn 0.618662 0.775777 -0.124206
vn 0.898773 0.374836 0.227387
vn 0.980712 0.075386 0.180338
vn 0.980002 0.135360 0.145853
vn 0.982253 -0.127889 0.137202
vn 0.484367 0.294935 -0.823652
vn 0.351190 0.485297 0.800720
vn -0.137884 0.125996 0.982402
vn 0.177370 0.511778 0.840609
vn 0.392604 0.168216 0.904194
vn 0.442605 0.015038 0.896591
vn -0.126559 0.068044 0.989623
vn 0.374737 -0.125716 0.918568
vn 0.174795 -0.065830 0.982402
vn 0.408528 0.289372 0.865661
vn -0.217414 0.237343 0.946784
vn 0.367244 -0.261233 0.892687
vn 0.137116 -0.214937 0.966955
vn -0.164507 -0.200267 0.965832
vn -0.610335 0.791272 0.037131
vn -0.396479 0.917729 -0.024029
vn -0.596228 0.791743 -0.132872
vn -0.152218 0.981571 -0.115530
vn -0.435078 0.513619 0.739528
vn -0.583742 -0.037632 0.811067
vn -0.477666 -0.469665 0.742462
vn -0.146655 -0.093430 -0.984766
vn -0.067858 -0.476796 -0.876391
vn -0.254220 -0.270275 -0.928614
vn 0.522222 -0.419565 -0.742462
vn 0.246979 -0.608605 -0.754056
vn 0.878362 0.075477 -0.471999
vn 0.773034 -0.142697 -0.618107
vn 0.967614 -0.217255 -0.128540
vn 0.763285 -0.135227 -0.631751
vn -0.835106 -0.223766 0.502521
vn -0.997743 -0.052793 0.041497
vn -0.846860 -0.212918 0.487334
vn -0.941248 -0.253508 0.223129
vn -0.970476 -0.022644 -0.240131
vn -0.893867 0.242441 -0.377126
vn -0.681798 0.241003 -0.690702
vn -0.720287 0.064176 -0.690702
vn -0.476153 0.718989 -0.506293
vn -0.446924 0.643392 -0.621536
vn -0.604483 0.751075 -0.265495
vn -0.480312 0.771510 -0.417221
vn -0.362839 0.894472 -0.261280
vn 0.037752 0.965658 -0.257060
vn 0.209841 0.977538 0.019661
vn 0.536941 0.799346 0.269705
vn 0.375254 0.910874 0.171735
vn -0.347012 0.896971 -0.273910
vn -0.237460 0.967662 -0.085100
vn 0.005664 0.998722 -0.050227
vn 0.001889 0.948871 -0.315658
vn -0.033948 0.996157 0.080746
vn 0.513803 0.723904 -0.460402
vn -0.088576 0.939043 0.332193
vn -0.054689 0.905323 -0.421188
vn -0.289980 -0.936432 -0.197500
vn -0.222704 -0.922368 -0.315658
vn -0.222704 -0.922368 -0.315658
vn -0.155933 -0.891591 -0.425147
vn 0.989041 0.142896 0.037131
vn 0.994561 -0.045259 0.093804
vn 0.964791 -0.030169 0.261280
vn 0.883894 -0.282040 0.373076
vn 0.939820 -0.165290 -0.299027
vn 0.878772 -0.238722 -0.413246
vn 0.724438 -0.548741 -0.417221
vn 0.157926 -0.987449 -0.002185
vn 0.324230 -0.929454 0.176038
vn -0.155586 -0.807559 0.568894
vn 0.317991 -0.866314 0.385205
vn -0.826515 -0.438706 0.352719
vn -0.854978 -0.033922 0.517554
vn -0.997679 0.007553 -0.067674
vn -0.965046 -0.082957 -0.248605
vn -0.973389 0.067898 -0.218868
vn -0.962900 -0.157860 0.218868
vn -0.740090 0.315744 0.593778
vn -0.492392 0.533709 0.687535
vn -0.864434 0.015089 0.502521
vn -0.310690 0.281434 0.907892
vn -0.704695 0.011315 0.709420
vn -0.253938 -0.967159 0.010923
vn -0.368685 -0.929552 -0.002185
vn 0.573159 -0.185833 -0.798095
vn 0.474752 -0.191541 -0.859025
vn 0.349508 -0.209074 -0.913308
vn 0.182196 -0.212888 -0.959939
vn 0.079483 -0.215311 -0.973306
vn 0.098614 0.391031 0.915079
vn 0.072676 0.330471 0.941014
vn 0.072676 0.330471 0.941014
vn 0.018725 0.211642 0.977168
vn -0.977490 -0.045303 -0.206059
vn -0.997679 -0.007553 -0.067674
vn -0.986589 -0.037725 -0.158808
vn -0.999884 0.015103 0.002185
vn -0.710652 -0.413924 0.568894
vn -0.828962 -0.245550 0.502521
vn -0.945314 -0.319063 -0.067674
vn -0.952942 -0.209758 -0.218868
vn -0.936582 -0.064146 -0.344528
vn -0.733020 -0.478431 -0.483514
vn -0.626040 -0.684755 -0.373076
vn 0.105272 -0.621199 -0.776550
vn 0.219828 0.022723 -0.975274
vn -0.139779 -0.257243 -0.956184
vn -0.517445 0.045271 -0.854518
vn -0.660239 0.208173 -0.721629
vn -0.960657 -0.146613 -0.235888
vn -0.985468 -0.135450 0.102500
vn -0.968547 -0.195062 0.154492
vn -0.951146 -0.150265 0.269705
vn -0.996945 0.030197 0.072033
vn -0.938175 -0.231838 -0.257060
vn -0.995609 0.090473 0.024029
vn -0.996200 0.064113 -0.058953
vn -0.951822 0.300933 0.058953
vn -0.992330 -0.030203 0.119869
vn -0.843412 -0.179787 0.506293
vn -0.810916 -0.544390 0.214603
vn -0.724909 -0.153570 0.671508
vn -0.387795 -0.272432 0.880566
vn -0.376158 0.107601 0.920287
vn -0.081591 -0.014806 0.996556
vn -0.253718 -0.409348 0.876391
vn -0.297380 -0.700692 0.648534
vn -0.465402 0.720694 0.513810
vn -0.807347 0.560447 0.184634
vn -0.695179 0.349132 0.628358
vn -0.998200 0.052817 0.028397
vn -0.934149 0.007544 0.356804
vn -0.992576 -0.097997 0.072033
vn -0.857169 -0.112848 0.502521
vn -0.903245 -0.271654 0.332193
vn -0.941976 0.220809 -0.252835
vn -0.990087 0.056615 -0.128540
vn -0.999340 0.022645 -0.028397
vn -0.988424 -0.150435 0.019661
vn -0.994498 0.097950 -0.037131
vn -0.965214 -0.261234 0.010923
vn -0.727591 0.418621 -0.543478
vn -0.815987 0.492178 -0.303194
vn -0.244028 0.831692 -0.498738
vn -0.551813 -0.749874 -0.364954
vn -0.649489 -0.447604 -0.614666
vn -0.952942 -0.209758 -0.218868
vn -0.887673 -0.264220 -0.377126
vn -0.947105 -0.311701 -0.076390
vn -0.466098 -0.882767 0.058953
vn -0.856116 -0.513893 -0.054590
vn -0.771029 -0.631088 0.085100
vn -0.872106 -0.484615 -0.067674
vn -0.810771 -0.484790 0.328069
vn -0.902420 -0.378388 0.206059
vn -0.829239 -0.338379 0.444818
vn -0.826353 -0.525761 0.201782
vn -0.798477 -0.507444 0.323938
vn -0.773533 -0.631008 0.058953
vn -0.872805 -0.409542 -0.265495
vn -0.718246 -0.692903 -0.063314
vn -0.709480 -0.701469 -0.067674
vn -0.738870 -0.646821 -0.188926
vn -0.881915 -0.443853 -0.158808
vn -0.787698 -0.309922 -0.532428
vn -0.808486 -0.366579 -0.460402
vn 0.001880 -0.350668 0.936498
vn -0.024371 -0.308471 0.950921
vn -0.033803 -0.340804 0.939526
vn 0.468121 -0.279690 0.838234
vn 0.412592 -0.327657 0.849946
vn 0.916686 -0.179936 0.356804
vn 0.959091 -0.142924 0.244371
vn 0.992228 -0.007548 0.124206
vn 0.973617 0.098028 -0.206059
vn 0.909506 0.382349 -0.163120
vn 0.795061 0.345165 -0.498738
vn 0.157860 0.962900 -0.218868
vn 0.991875 -0.090461 0.089453
vn 0.962754 0.268388 0.032765
vn 0.814153 0.580318 -0.019661
vn 0.573643 0.812667 0.102500
vn 0.953189 0.297406 0.054590
vn 0.983498 -0.135510 -0.119869
vn 0.881353 -0.381931 -0.278110
vn 0.894934 -0.135435 -0.425147
vn 0.995884 -0.075443 0.050227
vn -0.106921 -0.512108 -0.852240
vn -0.123965 -0.645005 -0.754056
vn -0.775172 0.000000 0.631751
vn -0.435156 -0.082245 0.896591
vn -0.350945 -0.107317 0.930226
vn -0.156718 -0.143465 0.977168
vn -0.175444 -0.160836 0.971263
vn -0.481169 0.064142 -0.874278
vn -0.848799 0.139220 -0.510057
vn -0.533421 0.030227 -0.845310
vn -0.823903 0.075453 -0.561686
vn -0.884694 0.172608 -0.433040
vn -0.970675 0.143031 -0.193215
vn -0.996862 0.075426 0.024029
vn -0.915448 0.238786 0.323938
vn -0.889907 0.056517 0.452627
vn -0.717162 0.208433 0.665007
vn -0.556336 0.480482 0.677958
vn -0.587523 0.308029 0.748288
vn -0.533697 0.469712 0.703234
vn -0.612228 0.263785 0.745382
vn -0.539467 0.575466 0.614666
vn -0.604948 0.510348 0.611214
vn -0.434696 0.607293 0.665007
vn -0.363501 0.855390 0.369018
vn -0.110951 0.819877 0.561686
vn -0.073517 0.968996 0.235888
vn -0.099721 0.785158 0.611214
vn -0.419850 0.078484 0.904194
vn -0.484710 0.026345 0.874278
vn -0.537409 0.192038 0.821166
vn -0.400521 0.093348 0.911520
vn -0.667778 0.156832 0.727651
vn -0.783933 0.142482 0.604274
vn -0.780626 0.007546 0.624953
vn -0.684740 0.153251 0.712493
vn -0.698939 -0.145995 0.700121
vn -0.713151 -0.190112 0.674740
vn -0.893791 -0.437611 0.098153
vn -0.866281 -0.423167 -0.265495
vn -0.950985 -0.279235 -0.132872
vn -0.979861 -0.094255 -0.176038
vn -0.977613 -0.209857 0.015292
vn -0.973464 -0.217208 0.072033
vn -0.844892 -0.459490 0.273910
vn -0.702772 -0.182777 0.687535
vn -0.359798 -0.924134 0.128540
vn -0.433609 -0.365487 -0.823652
vn -0.757055 0.079190 -0.648534
vn -0.993312 -0.101744 -0.054590
vn -0.959255 -0.253776 -0.124206
vn -0.960723 -0.194948 -0.197500
vn -0.670657 -0.399567 -0.624953
vn -0.817204 -0.455816 -0.352719
vn -0.629943 -0.676670 -0.381169
vn -0.739572 -0.329830 -0.586724
vn -0.491404 -0.366360 -0.790128
vn -0.729591 -0.384888 -0.565296
vn -0.436837 -0.605754 -0.665007
vn -0.246097 -0.657107 -0.712493
vn -0.288922 -0.500427 -0.816147
vn 0.088502 -0.545482 -0.833437
vn 0.327917 -0.813863 -0.479685
vn 0.279922 -0.695519 -0.661738
vn 0.020759 -0.897316 -0.440900
vn 0.157803 -0.938420 -0.307354
vn 0.441980 -0.659768 -0.607750
vn 0.731324 -0.624610 -0.273910
vn 0.659294 -0.461258 -0.593778
vn 0.030207 -0.908303 -0.417221
vn -0.154202 -0.961518 -0.227387
vn -0.817330 0.011312 0.576059
vn -0.785767 0.327006 0.525011
vn -0.848584 -0.018857 0.528725
vn -0.966550 -0.253778 -0.037131
vn 0.610536 -0.326338 -0.721629
vn -0.090427 -0.633762 -0.768225
vn -0.039587 -0.352546 -0.934957
vn 0.223991 -0.620933 -0.751179
vn 0.148424 -0.914192 -0.377126
vn 0.095160 -0.341761 -0.934957
vn 0.425356 -0.310908 -0.849946
vn -0.553038 -0.696950 -0.456519
vn -0.635526 -0.258128 -0.727651
vn -0.478853 -0.409476 -0.776550
vn -0.787698 -0.309922 -0.532428
vn -0.534810 0.245562 -0.808503
vn -0.183577 -0.066816 -0.980732
vn -0.571733 -0.239378 -0.784742
vn -0.336570 -0.567847 -0.751179
vn -0.544521 -0.732121 -0.409263
vn 0.504791 -0.341549 -0.792799
vn 0.438592 0.119476 -0.890709
vn 0.643354 -0.015114 -0.765420
vn 0.409649 -0.613933 -0.674740
vn 0.428184 -0.510944 -0.745382
vn 0.530712 -0.821039 -0.210333
vn 0.153550 -0.423714 -0.892687
vn 0.277092 -0.117847 -0.953589
vn 0.483236 -0.268078 -0.833437
vn 0.565236 -0.371427 -0.736580
vn -0.001890 -0.427119 -0.904194
vn 0.481476 -0.446744 -0.754056
vn -0.007561 -0.346496 -0.938021
vn 0.233709 -0.045044 -0.971263
vn 0.474752 -0.191541 -0.859025
vn 0.559843 -0.551833 -0.618107
vn 0.977706 -0.209877 0.006554
vn 0.973359 -0.224653 -0.045863
vn 0.973359 -0.224653 -0.045863
vn 0.965035 -0.239356 -0.106846
vn 0.152397 -0.274063 -0.949560
vn 0.625827 -0.264850 -0.733618
vn 0.574940 -0.717492 -0.393255
vn 0.781411 -0.609707 -0.132872
vn 0.771542 -0.399689 -0.494946
vn 0.821748 -0.541979 -0.176038
vn 0.810226 -0.573729 -0.119869
vn 0.925382 -0.326092 -0.193215
vn 0.633305 0.208158 -0.745382
vn 0.595746 -0.469227 -0.651854
vn 0.956676 -0.231910 -0.176038
vn 0.003775 -0.362899 -0.931821
vn -0.683409 -0.382944 -0.621536
vn -0.289438 -0.516442 -0.805924
vn -0.288922 -0.500427 -0.816147
vn -0.786115 -0.337879 -0.517554
vn -0.984299 -0.105478 -0.141528
vn -0.970272 -0.239151 -0.037131
vn -0.993702 -0.045275 -0.102500
vn -0.947083 -0.318835 0.037131
vn -0.960723 -0.194948 -0.197500
vn -0.993312 -0.101744 -0.054590
vn -0.670657 -0.399567 -0.624953
vn 0.614507 -0.392477 0.684356
vn 0.653465 0.007534 0.756919
vn 0.851062 -0.007542 0.525011
vn 0.803048 -0.208992 0.558065
vn 0.972873 -0.120468 0.197500
vn 0.960165 -0.209749 0.184634
vn 0.952484 -0.224307 0.206059
vn 0.957013 -0.045245 0.286493
vn 0.923398 -0.045246 0.381169
vn 0.972363 -0.209769 0.102500
vn 0.970929 0.060330 0.231639
vn 0.899424 -0.367958 0.235888
vn 0.897524 0.007549 0.440900
vn 0.787128 -0.105211 0.607750
vn 0.995574 -0.060367 0.072033
vn 0.976056 -0.217246 -0.010923
vn 0.664171 -0.415416 -0.621536
vn 0.508030 -0.355086 -0.784742
vn 0.508882 -0.302533 -0.805924
vn 0.553787 -0.415417 -0.721629
vn 0.707307 -0.343016 -0.618107
vn 0.510907 -0.621612 -0.593778
vn 0.635352 -0.222319 -0.739528
vn 0.486904 -0.377967 0.787443
vn 0.817434 -0.090340 0.568894
vn 0.669092 -0.200751 0.715552
vn 0.882550 0.310959 0.352719
vn 0.532743 -0.348887 0.771014
vn 0.946145 -0.172576 0.273910
vn 0.759193 -0.582351 0.290677
vn 0.738577 -0.600031 0.307354
vn 0.768895 -0.595939 0.231639
vn 0.679331 -0.538303 0.498738
vn 0.831052 -0.281523 0.479685
vn 0.509440 -0.328212 0.795454
vn 0.514194 0.170239 0.840609
vn 0.410532 -0.580453 0.703234
vn 0.475089 -0.516377 0.712493
vn 0.259882 -0.475225 0.840609
vn 0.348782 -0.528773 0.773790
vn 0.645684 -0.591021 0.483514
vn 0.487687 -0.155687 0.859025
vn 0.873496 -0.457135 0.167429
vn 0.760599 -0.627261 -0.167429
vn 0.644094 -0.745420 -0.171735
vn 0.776085 -0.519983 -0.356804
vn 0.725810 -0.580539 -0.369018
vn 0.830282 -0.482998 -0.278110
vn 0.978713 -0.180242 -0.098153
vn -0.065326 -0.315171 0.946784
vn 0.005521 -0.078374 0.996909
vn 0.543246 0.119578 0.831014
vn 0.254534 0.286436 0.923670
vn 0.577867 0.242422 0.779295
vn 0.951742 0.120385 0.282304
vn 0.973359 -0.052774 0.223129
vn 0.025241 0.007072 0.999656
vn -0.065944 -0.843903 0.532428
vn -0.340146 -0.834732 0.433040
vn 0.075407 -0.996614 -0.032765
vn -0.480842 -0.873082 0.080746
vn 0.750716 -0.405815 -0.521287
vn 0.653035 -0.598325 -0.464277
vn 0.224619 -0.974425 -0.006554
vn 0.463671 0.293896 -0.835843
vn 0.070364 0.182246 -0.980732
vn 0.495779 0.275320 -0.823652
vn 0.358655 0.209252 -0.909715
vn -0.459339 0.287027 -0.840609
vn 0.217087 0.320644 -0.921987
vn 0.845632 0.037761 -0.532428
vn 0.929476 0.332948 -0.158808
vn 0.966333 -0.120403 0.227387
vn 0.574075 -0.015064 0.818664
vn 0.393323 -0.243015 0.886702
vn 0.187003 -0.246533 0.950921
vn 0.265787 -0.088733 0.959939
vn 0.531621 0.368537 0.762601
vn 0.122122 0.057631 0.990841
vn -0.205370 -0.151069 0.966955
vn -0.453421 -0.275540 0.847636
vn 0.129299 0.276540 0.952264
vn -0.037194 -0.191785 0.980732
vn 0.030024 0.261672 0.964690
vn -0.291516 0.610302 0.736580
vn 0.678680 -0.625309 -0.385205
vn 0.826502 -0.373491 -0.421188
vn 0.826502 -0.373491 -0.421188
vn 0.910588 -0.007548 -0.413246
vn 0.979282 -0.202491 0.002185
vn 0.951942 -0.082864 0.294855
vn 0.999310 0.000000 -0.037131
vn 0.998709 -0.007551 -0.050227
vn 0.991589 -0.015105 -0.128540
vn 0.999979 0.000000 -0.006554
vn -0.263773 -0.127027 0.956184
vn -0.283508 -0.022501 0.958706
vn -0.286602 -0.033780 0.957454
vn -0.236558 0.026249 0.971263
vn -0.161007 -0.065679 0.984766
vn -0.210923 -0.290311 0.933398
vn -0.306442 -0.400651 0.863465
vn -0.029054 -0.026486 0.999227
vn 0.194049 -0.178097 0.964690
vn -0.026333 -0.533627 0.845310
vn 0.228412 -0.590828 0.773790
vn 0.016943 -0.422829 0.906051
vn 0.265583 0.276222 0.923670
vn 0.360584 0.601941 0.712493
vn -0.049006 0.937496 0.344528
vn -0.109281 0.986757 0.119869
vn -0.389616 0.795391 0.464277
vn 0.930890 -0.231837 -0.282304
vn 0.949728 -0.246342 0.193215
vn 0.964573 -0.239241 0.111189
vn 0.640284 -0.553675 0.532428
vn 0.947214 -0.022634 0.319801
vn 0.666003 -0.097661 0.739528
vn 0.862364 -0.150143 0.483514
vn 0.846341 0.015087 0.532428
vn 0.340412 0.037544 0.939526
vn 0.187740 0.235418 0.953589
vn 0.430403 0.104298 0.896591
vn 0.587510 -0.097435 0.803330
vn 0.683667 0.127349 0.718598
vn 0.874886 -0.172344 0.452627
vn -0.266578 -0.949909 0.163120
vn -0.101790 -0.968470 -0.227387
vn 0.961699 -0.082876 0.261280
vn 0.895035 -0.157606 0.417221
vn 0.921016 -0.015091 0.389234
vn 0.536068 0.134217 0.833437
vn 0.577058 -0.030117 0.816147
vn 0.605967 0.007540 0.795454
vn 0.578240 0.192637 0.792799
vn 0.872303 -0.267566 0.409263
vn 0.871129 -0.060327 0.487334
vn 0.865171 0.179785 0.468142
vn 0.218119 -0.827383 0.517554
vn 0.032027 -0.782731 0.621536
vn 0.290480 0.217558 0.931821
vn 0.350170 0.207964 0.913308
vn 0.148668 0.217420 0.964690
vn 0.039197 0.217495 0.975274
vn -0.080846 0.214803 0.973306
vn -0.619073 0.412518 0.668264
vn -0.934019 0.120428 0.336311
vn -0.811805 0.146335 0.565296
vn -0.961800 0.094137 0.257060
vn -0.974926 0.146583 0.167429
vn -0.805529 0.138846 0.576059
vn -0.826018 -0.079105 0.558065
vn -0.725511 -0.164489 0.668264
vn -0.690312 -0.722321 0.041497
vn -0.635688 -0.770310 -0.050227
vn -0.761034 0.284126 0.583180
vn -0.968551 0.079160 0.235888
vn -0.813602 -0.101565 0.572482
vn -0.881549 -0.381480 0.278110
vn -0.763103 -0.319661 0.561686
vn -0.698866 -0.664153 -0.265495
vn -0.652366 -0.543018 -0.528725
vn -0.485811 -0.278299 -0.828576
vn -0.476467 -0.850407 0.223129
vn -0.456269 -0.850618 0.261280
vn -0.456269 -0.850618 0.261280
vn -0.436046 -0.845812 0.307354
vn 0.748169 0.531433 -0.397268
vn 0.753629 0.472899 -0.456519
vn 0.653887 0.486278 -0.579625
vn 0.829630 0.555192 -0.058953
vn 0.430508 0.823704 -0.369018
vn 0.640199 0.768181 0.006554
vn 0.246461 0.944115 -0.218868
vn 0.384061 0.903772 0.188926
vn 0.146658 0.971803 -0.184634
vn 0.869964 0.142755 0.471999
vn 0.740129 0.600235 0.303194
vn 0.705533 -0.171807 0.687535
vn 0.653584 -0.361377 0.665007
vn 0.716033 -0.383663 0.583180
vn -0.690312 -0.722321 0.041497
vn -0.291845 -0.954368 0.063314
vn -0.635688 -0.770310 -0.050227
vn 0.113036 -0.993588 0.002185
vn 0.022644 -0.984883 -0.171735
vn 0.668563 -0.743267 -0.024029
vn 0.545683 -0.834503 0.076390
vn 0.077296 -0.940039 0.332193
vn 0.953891 -0.112901 0.278110
vn 0.812389 -0.407372 0.417221
vn 0.995884 -0.075443 0.050227
vn 0.953189 0.297406 0.054590
vn 0.861832 0.415635 0.290677
vn 0.945623 0.127985 0.299027
vn 0.650695 0.510985 0.561686
vn 0.939326 0.231822 0.252835
vn 0.547714 0.507715 0.665007
vn 0.863218 0.231299 0.448727
vn 0.977552 0.127904 0.167429
vn 0.989125 0.105479 0.102500
vn 0.981953 0.120400 0.145853
vn 0.984351 0.120546 0.128540
vn 0.993290 0.090481 0.072033
vn 0.997033 0.075438 0.015292
vn 0.868072 0.165209 -0.468142
vn 0.826014 -0.135418 -0.547141
vn 0.420348 0.111981 -0.900427
vn 0.470956 -0.267540 -0.840609
vn 0.169607 -0.228291 -0.958706
vn 0.502344 -0.170772 -0.847636
vn 0.130797 -0.208923 -0.969146
vn -0.083257 -0.204717 -0.975274
vn -0.300146 -0.173289 -0.938021
vn -0.622404 -0.149815 -0.768225
vn -0.245514 -0.226822 -0.942483
vn -0.761176 -0.003778 -0.648534
vn -0.323014 0.125613 -0.938021
vn -0.393390 0.176253 -0.902319
vn 0.029959 0.136107 -0.990241
vn 0.369546 0.189354 -0.909715
vn 0.987409 0.097962 0.124206
vn 0.978480 -0.082974 0.188926
vn 0.983142 0.030179 0.180338
vn 0.967089 0.246436 0.063314
vn 0.973429 0.135451 0.184634
vn 0.969075 -0.105393 0.223129
vn 0.580465 -0.371412 0.724647
vn 0.541063 -0.394970 0.742462
vn 0.024407 -0.378362 0.925336
vn 0.537410 -0.067587 0.840609
vn -0.152416 0.092306 0.983996
vn 0.535152 0.104769 0.838234
vn 0.357593 0.247708 0.900427
vn 0.769783 0.172105 0.614666
vn 0.421745 0.384471 0.821166
vn 0.866109 0.194642 0.460402
vn 0.563344 0.628663 0.536122
vn 0.982998 0.075377 0.167429
vn 0.996359 -0.082959 0.019661
vn 0.996683 -0.060361 0.054590
vn 0.938746 -0.007543 0.344528
vn 0.985522 -0.128001 0.111189
vn 0.903347 -0.180169 -0.389234
vn 0.766981 -0.172292 -0.618107
vn 0.480071 -0.288088 -0.828576
vn 0.377909 -0.223275 -0.898517
vn 0.069487 -0.331156 -0.941014
vn -0.277936 -0.257886 -0.925336
vn -0.364330 -0.290889 -0.884674
vn -0.749237 -0.237883 -0.618107
vn -0.688643 -0.149981 -0.709420
vn -0.979935 -0.120448 -0.158808
vn -0.934033 -0.094247 -0.344528
vn -0.998952 0.045295 -0.006554
vn -0.965712 0.157925 -0.206059
vn -0.983413 0.101717 0.150174
vn -0.993410 0.071652 0.089453
vn -0.991148 0.116693 0.063314
vn -0.991806 0.105508 0.072033
vn -0.977491 0.194916 0.080746
vn -0.990657 0.112977 0.076390
vn -0.998685 0.045283 -0.024029
vn -0.960657 -0.146613 0.235888
vn -0.558868 -0.283488 0.779295
vn -0.798481 0.075327 0.597288
vn -0.152416 0.092306 0.983996
vn -0.555960 0.303577 0.773790
vn -0.303645 0.316965 0.898517
vn -0.398710 0.530185 0.748288
vn 0.050602 0.387959 0.920287
vn 0.026379 0.707387 0.706334
vn -0.952661 -0.101774 -0.286493
vn -0.953918 -0.161599 -0.252835
vn -0.991958 -0.067852 0.106846
vn -0.966265 0.049064 0.252835
vn -0.768622 0.354599 0.532428
vn -0.997983 -0.060367 -0.019661
vn -0.974322 0.030167 0.223129
vn -0.984370 -0.154189 -0.085100
vn -0.545968 -0.340663 -0.765420
vn -0.476010 -0.754018 -0.452627
vn -0.347843 -0.557140 -0.754056
vn -0.362236 -0.622375 -0.693855
vn -0.254622 -0.636939 -0.727651
vn -0.561473 -0.617556 -0.550793
vn -0.735453 -0.090472 -0.671508
vn -0.467469 0.130808 -0.874278
vn -0.681798 0.241003 -0.690702
vn 0.935148 -0.098035 -0.340423
vn 0.026379 0.707387 0.706334
vn 0.050602 0.387959 0.920287
vn 0.081264 0.254964 0.963530
vn 0.971527 -0.142979 -0.188926
vn 0.678942 -0.265885 -0.684356
vn 0.983112 -0.082958 -0.163120
vn 0.319459 -0.246122 -0.915079
vn -0.997987 -0.003773 -0.063314
vn -0.998254 -0.003774 -0.058953
vn -0.999979 0.000000 -0.006554
vn -0.968134 0.030198 0.248605
vn -0.720287 0.064176 -0.690702
vn -0.065748 -0.548690 0.833437
vn 0.179945 -0.446720 0.876391
vn 0.987934 0.150361 -0.037131
vn 0.908661 0.187481 -0.373076
vn 0.863740 0.037764 -0.502521
vn 0.218641 0.887666 -0.405273
vn -0.129422 0.334692 -0.933398
vn 0.215176 0.877254 -0.429097
vn 0.204060 0.857658 -0.471999
vn 0.013227 0.710835 -0.703234
vn -0.020761 0.279438 -0.959939
vn 0.007549 0.951565 -0.307354
vn 0.058510 0.992553 -0.106846
vn 0.045276 0.984102 -0.171735
vn 0.066042 0.958276 -0.278110
vn 0.235243 0.885234 -0.401274
vn -0.156467 -0.007568 -0.987654
vn -0.021840 -0.037828 -0.999046
vn 0.248893 -0.030221 -0.968060
vn 0.162385 -0.329106 -0.930226
vn 0.478242 -0.254286 -0.840609
vn 0.545275 -0.421381 -0.724647
vn 0.617020 -0.425898 -0.661738
vn 0.722191 -0.418411 -0.550793
vn 0.791955 -0.323952 -0.517554
vn 0.731807 -0.425417 -0.532428
vn 0.722629 -0.322838 -0.611214
vn 0.545275 -0.421381 -0.724647
vn 0.950123 -0.015096 -0.311509
vn 0.785425 -0.400406 -0.471999
vn 0.789282 -0.427364 -0.440900
vn 0.791118 -0.454572 -0.409263
vn -0.836310 -0.532975 -0.128540
vn -0.924919 -0.347358 -0.154492
vn -0.654392 -0.108797 0.748288
vn -0.714245 -0.386981 0.583180
vn -0.700455 -0.041426 0.712493
vn -0.729152 -0.208384 0.651854
vn -0.745759 -0.201126 0.635132
vn -0.937249 -0.300957 0.176038
vn -0.764598 -0.592844 0.252835
vn -0.688623 -0.504042 0.521287
vn -0.463405 -0.777500 0.425147
vn -0.524654 -0.752938 0.397268
vn -0.689957 -0.321501 0.648534
vn -0.919425 -0.311439 0.240131
vn -0.661566 0.048948 0.748288
vn -0.772398 0.538791 0.336311
vn -0.559492 0.170704 0.811067
vn -0.713433 0.393762 0.579625
vn -0.884887 0.363981 0.290677
vn -0.884694 0.172608 -0.433040
vn -0.915656 0.139103 -0.377126
vn -0.823903 0.075453 -0.561686
vn -0.602203 0.067852 -0.795454
vn -0.533421 0.030227 -0.845310
vn -0.309108 -0.052794 -0.949560
vn -0.541481 0.090357 -0.835843
vn -0.402121 -0.155305 -0.902319
vn -0.332121 0.037693 -0.942483
vn -0.337241 0.198346 -0.920287
vn 0.007607 0.086945 -0.996184
vn 0.050652 0.219490 -0.974299
vn 0.339756 0.201986 -0.918568
vn 0.558612 0.283991 -0.779295
vn 0.651868 0.251105 -0.715552
vn 0.847485 0.317836 -0.425147
vn 0.887908 0.202106 -0.413246
vn 0.962399 0.239304 -0.128540
vn -0.627290 0.261366 -0.733618
vn -0.644651 0.314044 -0.696995
vn -0.086862 0.230676 -0.969146
vn 0.152339 0.979934 -0.128540
vn 0.890719 0.396022 -0.223129
vn 0.916834 0.396626 -0.045863
vn 0.903510 0.311015 0.294855
vn -0.884694 0.172608 -0.433040
vn -0.970675 0.143031 -0.193215
vn -0.915656 0.139103 -0.377126
vn -0.923772 0.382639 -0.015292
vn -0.832877 0.545451 0.093804
vn -0.470928 0.730243 0.494946
vn -0.222066 0.861555 0.456519
vn -0.142806 0.867858 0.475846
vn -0.185351 0.870193 0.456519
vn -0.915448 0.238786 0.323938
vn -0.556336 0.480482 0.677958
vn -0.539467 0.575466 0.614666
vn 0.143984 0.418800 0.896591
vn -0.435540 0.351805 0.828576
vn -0.071131 -0.168053 0.983208
vn -0.549794 -0.177847 0.816147
vn 0.509198 -0.509198 0.693855
vn 0.108214 -0.469285 0.876391
vn -0.177612 -0.527133 0.831014
vn -0.183738 -0.453428 0.872149
vn 0.266277 -0.368422 0.890709
vn -0.296968 -0.178680 0.938021
vn -0.154816 -0.213086 0.964690
vn -0.297388 -0.434916 0.849946
vn -0.235286 -0.337300 0.911520
vn -0.119815 -0.346877 0.930226
vn -0.174839 -0.452845 0.874278
vn -0.437080 -0.536854 0.721629
vn -0.454704 -0.762413 0.460402
vn -0.156655 -0.613766 0.773790
vn -0.571740 -0.744590 0.344528
vn -0.219037 -0.969360 -0.111189
vn -0.290284 -0.956938 -0.002185
vn -0.169065 -0.982969 -0.072033
vn -0.067898 -0.973389 -0.218868
vn 0.118514 -0.951976 0.282304
vn 0.099812 -0.908731 0.405273
vn -0.235619 0.747113 0.621536
vn -0.928808 0.179944 0.323938
vn -0.239844 0.485646 0.840609
vn -0.508308 0.152105 0.847636
vn -0.990479 0.011316 0.137202
vn -0.996621 -0.030187 -0.076390
vn -0.976323 0.202380 -0.076390
vn -0.898466 0.168856 -0.405273
vn -0.989057 0.064117 -0.132872
vn -0.942286 0.329577 -0.058953
vn 0.688302 0.258094 0.677958
vn 0.491757 0.542394 0.681164
vn 0.138757 0.733834 0.665007
vn 0.409709 0.885571 0.218868
vn 0.380892 0.923254 0.050227
vn 0.617612 0.781379 0.089453
vn 0.656706 0.730099 -0.188926
vn 0.079197 0.950953 -0.299027
vn 0.052815 0.983726 -0.171735
vn -0.748236 0.556693 -0.360882
vn -0.519372 0.798954 -0.303194
vn -0.847706 0.530101 -0.019661
vn -0.423911 0.905111 -0.032765
vn -0.361614 0.932203 0.015292
vn 0.155871 0.966046 0.206059
vn 0.203953 0.891155 -0.405273
vn 0.568742 0.789225 0.231639
vn 0.352502 0.928652 -0.115530
vn 0.969495 0.224601 -0.098153
vn 0.536529 0.843743 0.015292
vn 0.808199 0.541441 -0.231639
vn 0.991676 0.007553 -0.128540
vn 0.721454 0.678734 -0.137202
vn 0.976121 0.090451 0.197500
vn 0.764771 0.544450 0.344528
vn 0.839386 -0.387481 0.381169
vn 0.874058 0.097940 0.475846
vn 0.847027 -0.462902 0.261280
vn 0.790144 -0.501261 -0.352719
vn 0.490646 -0.191984 -0.849946
vn 0.679413 -0.416234 -0.604274
vn 0.446197 -0.022690 -0.894647
vn 0.650543 -0.395219 -0.648534
vn 0.793285 -0.454372 -0.405273
vn 0.686659 -0.662633 -0.299027
vn 0.879343 -0.135450 -0.456519
vn 0.922337 0.030194 -0.385205
vn 0.831158 0.245839 -0.498738
vn 0.493549 0.448124 -0.745382
vn 0.220666 0.445152 -0.867840
vn 0.223759 -0.610480 -0.759767
vn 0.208056 -0.425812 -0.880566
vn 0.086321 -0.373339 -0.923670
vn 0.166408 -0.093896 -0.981576
vn 0.803058 -0.288717 -0.521287
vn 0.870781 -0.289688 -0.397268
vn 0.887828 -0.423368 0.180338
vn 0.937149 -0.172699 -0.303194
vn 0.964842 -0.253968 -0.067674
vn 0.861068 -0.497138 0.106846
vn 0.517838 0.773726 -0.364954
vn 0.637797 0.523121 -0.565296
vn -0.693657 -0.346021 -0.631751
vn -0.648283 -0.476610 -0.593778
vn -0.580200 -0.572191 -0.579625
vn -0.482523 -0.720022 -0.498738
vn -0.531507 -0.684661 -0.498738
vn -0.787509 -0.585232 -0.193215
vn -0.712514 -0.569936 -0.409263
vn -0.747866 -0.662552 0.041497
vn -0.864399 -0.493979 -0.093804
vn -0.787396 -0.594475 -0.163120
vn -0.914013 -0.361234 0.184634
vn -0.681997 -0.727355 -0.076390
vn -0.445493 -0.872250 -0.201782
vn -0.284587 -0.917423 -0.278110
vn -0.041538 -0.939355 -0.340423
vn 0.253939 -0.957440 -0.137202
vn 0.266628 -0.962252 0.054590
vn 0.345436 -0.931304 0.115530
vn 0.395358 -0.807927 0.436974
vn 0.346072 -0.782543 0.517554
vn 0.545879 -0.694881 0.468142
vn 0.313516 -0.945360 -0.089453
vn 0.316698 -0.925874 0.206059
vn 0.829320 0.469363 0.303194
vn 0.934961 0.354584 0.010923
vn 0.884873 0.289497 0.364954
vn 0.956700 0.209786 0.201782
vn -0.376158 0.107601 0.920287
vn -0.081591 -0.014806 0.996556
vn -0.510414 0.144880 0.847636
vn -0.386625 0.082180 0.918568
vn -0.581933 -0.344679 0.736580
vn 0.360386 -0.104035 0.926984
vn 0.096276 0.081861 0.991983
vn -0.525943 0.230592 0.818664
vn -0.623064 0.015060 0.782026
vn 0.474464 0.119333 0.872149
vn 0.116405 -0.036648 0.992526
vn 0.592492 0.060128 0.803330
vn 0.383872 0.236121 0.892687
vn 0.681784 0.075460 -0.727651
vn -0.059884 -0.247816 -0.966955
vn -0.086588 -0.500745 -0.861253
vn -0.049054 -0.765253 -0.641857
vn -0.560125 -0.774158 -0.294855
vn -0.655270 -0.700661 -0.282304
vn -0.846790 -0.486716 0.214603
vn -0.870997 -0.491244 0.006554
vn -0.705039 -0.437587 -0.558065
vn -0.254622 -0.636939 -0.727651
vn -0.362236 -0.622375 -0.693855
vn -0.862031 -0.090350 0.498738
vn -0.620667 -0.182244 0.762601
vn -0.823194 -0.397626 0.405273
vn -0.598059 -0.149199 0.787443
vn -0.600369 -0.105011 0.792799
vn -0.783814 -0.127578 0.607750
vn -0.712045 -0.156999 0.684356
vn 0.071502 0.190974 0.978987
vn 0.005602 0.165180 0.986248
vn 0.005602 0.165180 0.986248
vn -0.049262 0.139575 0.988985
vn 0.528694 -0.669883 -0.521287
vn 0.729402 -0.438562 -0.525011
vn 0.689162 -0.410247 -0.597288
vn 0.769587 -0.216310 -0.600787
vn 0.888143 0.052849 -0.456519
vn 0.853530 -0.346388 -0.389234
vn 0.995088 -0.067901 0.072033
vn 0.868604 -0.450629 -0.206059
vn 0.689549 -0.608171 -0.393255
vn 0.803383 -0.592087 0.063314
vn 0.968211 0.217117 0.124206
vn 0.946145 -0.172576 0.273910
vn 0.921504 -0.311728 -0.231639
vn 0.626041 -0.407232 -0.665007
vn 0.736465 -0.336710 -0.586724
vn 0.763633 -0.595870 -0.248605
vn 0.562022 -0.435423 -0.703234
vn 0.868126 -0.274928 -0.413246
vn 0.686252 -0.410016 -0.600787
vn 0.925570 -0.332865 0.180338
vn 0.938746 -0.007543 0.344528
vn 0.819910 -0.142657 0.554434
vn 0.740382 -0.030175 0.671508
vn 0.747597 -0.562751 0.352719
vn 0.715775 -0.629078 0.303194
vn 0.719026 -0.635064 0.282304
vn 0.941401 0.311836 -0.128540
vn 0.975385 -0.165383 -0.145853
vn 0.997965 0.007546 -0.063314
vn 0.818452 -0.338503 -0.464277
vn 0.804301 -0.345418 -0.483514
vn 0.953215 -0.275598 -0.124206
vn 0.993730 -0.105457 0.037131
vn 0.771597 -0.209030 -0.600787
vn 0.611535 -0.438704 -0.658456
vn 0.719142 -0.201494 -0.665007
vn 0.921989 -0.150426 -0.356804
vn 0.956676 -0.231910 -0.176038
vn 0.991540 -0.098014 0.085100
vn 0.548145 -0.310656 -0.776550
vn 0.782954 -0.386637 -0.487334
vn 0.732953 -0.549325 -0.401274
vn 0.821972 -0.281763 -0.494946
vn 0.361729 -0.515871 -0.776550
vn 0.309282 -0.294583 -0.904194
vn 0.718551 -0.384341 -0.579625
vn 0.151963 -0.230411 -0.961155
vn 0.766940 -0.413014 -0.491145
vn 0.805581 -0.281599 -0.521287
vn 0.237409 0.965025 -0.111189
vn 0.336807 0.924143 -0.180338
vn 0.361100 0.921051 0.145853
vn 0.716195 0.677520 0.167429
vn 0.005665 0.960533 -0.278110
vn 0.024553 0.977321 -0.210333
vn -0.154020 0.820308 -0.550793
vn -0.430626 0.670384 -0.604274
vn -0.429557 0.317699 -0.845310
vn -0.649735 0.310500 -0.693855
vn -0.607818 0.211398 -0.765420
vn -0.786579 0.369218 -0.494946
vn -0.113004 0.901752 -0.417221
vn 0.669573 -0.396028 -0.628358
vn 0.852296 -0.097930 -0.513810
vn 0.852296 -0.097930 -0.513810
vn 0.918068 0.172747 -0.356804
vn -0.922639 0.347425 -0.167429
vn -0.918196 0.389523 0.072033
vn -0.867797 0.450210 0.210333
vn -0.769202 0.586858 0.252835
vn -0.591824 0.779284 0.206059
vn -0.843802 0.473363 0.252835
vn -0.799383 0.470958 0.373076
vn -0.753576 0.469205 0.460402
vn -0.638290 0.686327 0.348627
vn -0.473742 0.820546 0.319801
vn -0.789778 -0.083009 -0.607750
vn -0.945166 -0.041529 -0.323938
vn -0.979838 -0.030188 -0.197500
vn -0.943568 -0.045291 -0.328069
vn -0.962528 0.202532 -0.180338
vn -0.861757 0.165158 -0.479685
vn 0.958000 -0.142941 -0.248605
vn 0.938096 -0.253641 -0.235888
vn 0.786515 -0.440308 0.433040
vn 0.945952 -0.282762 -0.158808
vn 0.962842 -0.105501 0.248605
vn 0.970613 -0.172850 -0.167429
vn 0.545240 -0.089980 0.833437
vn 0.256441 -0.393961 0.882628
vn 0.208064 -0.542900 0.813615
vn 0.145195 -0.117496 0.982402
vn 0.477914 0.104665 0.872149
vn -0.634410 -0.377160 0.674740
vn -0.747000 0.063988 0.661738
vn -0.763780 -0.018838 0.645202
vn -0.750979 0.168366 0.638501
vn -0.105856 -0.137954 -0.984766
vn 0.146279 -0.022594 -0.988985
vn 0.361774 0.126304 -0.923670
vn 0.666210 0.229972 -0.709420
vn 0.999110 0.007545 0.041497
vn 0.950847 0.037737 0.307354
vn 0.984123 0.022654 0.176038
vn 0.846649 0.060296 0.528725
vn 0.407187 0.858581 0.311509
vn 0.200627 0.978379 0.050227
vn 0.150320 0.982847 0.106846
vn 0.242755 0.957001 0.158808
vn 0.309931 0.934320 0.176038
vn 0.387582 0.904871 0.176038
vn 0.315284 0.945918 0.076390
vn -0.167162 -0.380101 -0.909715
vn 0.595746 -0.469227 -0.651854
vn 0.416777 -0.902708 0.106846
vn -0.213431 -0.944798 0.248605
vn 0.323827 -0.923405 0.206059
vn -0.290704 -0.853210 0.433040
vn -0.166704 -0.807868 0.565296
vn 0.007539 -0.758307 0.651854
vn 0.187280 -0.873825 0.448727
vn 0.065957 -0.957055 0.282304
vn 0.152251 -0.979370 -0.132872
vn 0.321467 -0.764998 0.558065
vn 0.325923 -0.807806 0.491145
vn -0.157614 -0.898700 0.409263
vn -0.484841 -0.839769 0.244371
vn -0.475798 -0.824106 0.307354
vn 0.431964 -0.891394 0.137202
vn 0.447613 -0.890959 -0.076390
vn 0.287892 -0.905583 -0.311509
vn -0.003778 -0.844132 -0.536122
vn 0.075462 -0.833632 -0.547141
vn 0.105473 -0.945732 -0.307354
vn 0.497153 -0.808207 -0.315658
vn 0.222472 -0.923833 0.311509
vn 0.595408 -0.782923 0.180338
vn 0.325265 -0.791417 0.517554
vn 0.735462 -0.655441 -0.171735
vn -0.144390 -0.801989 0.579625
vn -0.416929 -0.842783 0.340423
vn 0.079059 -0.795490 0.600787
vn 0.005659 -0.839404 0.543478
vn -0.257985 -0.806203 0.532428
vn -0.475798 -0.824106 0.307354
vn -0.626373 0.509169 0.590257
vn -0.248067 0.917292 0.311509
vn -0.477623 0.701660 0.528725
vn -0.080968 0.924261 0.373076
vn 0.701705 0.712384 -0.010923
vn 0.103464 0.895417 0.433040
vn 0.766327 0.639740 0.058953
vn 0.778437 0.622508 -0.080746
vn 0.793114 0.579031 0.188926
vn 0.567116 0.811387 0.141528
vn 0.409802 0.785181 0.464277
vn 0.062152 0.853391 0.517554
vn -0.033917 0.774429 0.631751
vn -0.108941 0.723981 0.681164
vn 0.073438 0.850216 0.521287
vn 0.603241 0.796239 0.045863
vn 0.663568 0.678261 -0.315658
vn 0.669204 0.506752 -0.543478
vn 0.778480 0.609439 0.150174
vn 0.364142 0.891437 0.269705
vn 0.320239 0.655060 0.684356
vn 0.024418 0.426425 0.904194
vn -0.030130 0.685285 0.727651
vn -0.211167 0.891284 0.401274
vn 0.665452 0.428476 0.611214
vn 0.688953 0.475374 0.547141
vn 0.730578 0.418170 0.539805
vn 0.659909 0.067717 0.748288
vn 0.921016 -0.015091 0.389234
vn 0.961699 -0.082876 0.261280
vn 0.684730 0.369203 0.628358
vn 0.319988 0.179686 0.930226
vn 0.169684 0.113098 0.978987
vn 0.828940 -0.037713 0.558065
vn -0.150447 -0.988500 -0.015292
vn -0.318996 -0.937773 -0.137202
vn -0.354584 -0.934961 -0.010923
vn -0.420098 -0.888498 0.184634
vn -0.161298 -0.890636 0.425147
vn 0.746342 -0.656931 -0.106846
vn 0.565905 -0.766698 0.303194
vn 0.891758 -0.450986 0.037131
vn 0.698496 -0.687821 -0.197500
vn 0.681762 -0.727105 0.080746
vn 0.686191 -0.533077 -0.494946
vn 0.688628 -0.692631 -0.214603
vn 0.645830 -0.745852 -0.163120
vn 0.585887 -0.798694 -0.137202
vn 0.763325 -0.645982 -0.006554
vn 0.294682 -0.575850 -0.762601
vn -0.007564 -0.577794 -0.816147
vn -0.181973 -0.420801 -0.888714
vn -0.221790 -0.589728 -0.776550
vn -0.293094 -0.337198 -0.894647
vn -0.309828 -0.136012 -0.941014
vn 0.791253 0.427753 -0.436974
vn 0.507669 -0.022691 -0.861253
vn 0.586187 -0.082892 -0.805924
vn 0.586187 -0.082892 -0.805924
vn 0.669345 -0.150004 -0.727651
vn -0.370004 -0.766460 0.525011
vn -0.311254 -0.799450 0.513810
vn -0.237274 -0.966903 0.093804
vn -0.071690 -0.961443 -0.265495
vn -0.107331 -0.944162 -0.311509
vn -0.058500 -0.956295 -0.286493
vn -0.268516 -0.963213 0.010923
vn -0.028303 -0.990729 0.132872
vn -0.001885 -0.877439 0.479685
vn 0.180841 -0.712509 0.677958
vn 0.147769 -0.707881 0.690702
vn 0.411909 -0.663148 0.624953
vn 0.736738 -0.636799 0.227387
vn 0.753941 -0.600904 0.265495
vn 0.789336 -0.559485 0.252835
vn 0.768925 -0.551197 0.323938
vn 0.687568 -0.455732 0.565296
vn 0.734135 -0.037657 0.677958
vn 0.857139 -0.470183 0.210333
vn 0.934746 -0.354503 -0.024029
vn 0.930930 -0.340169 0.132872
vn -0.378961 -0.912426 -0.154492
vn -0.382073 -0.912550 0.145853
vn -0.289322 -0.870902 0.397268
vn -0.197617 -0.735086 0.648534
vn -0.175629 -0.725892 0.665007
vn -0.428185 -0.872362 0.235888
vn 0.196787 -0.956672 0.214603
vn 0.290251 -0.956828 0.015292
vn 0.163414 -0.975061 -0.150174
vn 0.144104 -0.720838 0.677958
vn 0.591731 -0.549046 0.590257
vn 0.652910 -0.523780 0.547141
vn 0.663120 -0.486447 0.568894
vn 0.959492 -0.105398 0.261280
vn 0.964041 -0.209802 0.163120
vn 0.981870 -0.180156 0.058953
vn 0.997090 -0.075443 0.010923
vn 0.392143 -0.075113 -0.916832
vn 0.594809 -0.186111 -0.782026
vn 0.526921 -0.413647 -0.742462
vn 0.625865 -0.433240 -0.648534
vn 0.435020 -0.813864 -0.385205
vn -0.648205 -0.742831 0.167429
vn -0.827968 -0.554932 0.080746
vn -0.827968 -0.554932 0.080746
vn -0.942789 -0.333325 -0.006554
vn 0.718124 -0.579582 -0.385205
vn 0.914796 -0.403437 -0.019661
vn 0.716841 -0.509617 0.475846
vn 0.817434 -0.090340 0.568894
vn 0.669092 -0.200751 0.715552
vn 0.766526 -0.385276 0.513810
vn 0.670512 -0.569196 0.475846
vn 0.578648 -0.791303 0.197500
vn 0.660649 -0.712671 0.235888
vn 0.568138 -0.805721 0.167429
vn 0.843389 -0.536304 -0.032765
vn 0.827936 -0.502711 0.248605
vn 0.731271 -0.667242 0.141528
vn 0.509198 -0.509198 0.693855
vn 0.577735 -0.571071 0.583180
vn -0.071131 -0.168053 0.983208
vn 0.639782 0.022593 0.768225
vn 0.933228 -0.297270 0.201782
vn 0.861832 -0.470694 -0.188926
vn 0.816785 0.230896 0.528725
vn 0.575585 0.256267 0.776550
vn 0.770071 0.193986 0.607750
vn 0.407353 0.256909 0.876391
vn -0.999979 0.000000 0.006554
vn -0.992228 0.007548 0.124206
vn -0.998731 0.003776 0.050227
vn -0.999310 0.000000 0.037131
vn 0.787031 -0.616600 0.019661
vn 0.713808 -0.623062 -0.319801
vn 0.392870 -0.599877 -0.696995
vn 0.999568 0.007549 0.028397
vn 0.999310 0.000000 -0.037131
vn 0.999979 0.000000 0.006554
vn 0.991589 -0.015105 -0.128540
vn -0.967559 0.064126 0.244371
vn -0.915950 0.003771 0.401274
vn -0.700860 -0.033901 0.712493
vn -0.462341 0.000000 0.886702
vn -0.492917 -0.011305 0.870003
vn -0.195927 0.070417 -0.978087
vn -0.007569 -0.370971 -0.928614
vn 0.507642 0.178061 -0.842967
vn 0.189474 -0.265289 -0.945368
vn 0.773034 -0.142697 -0.618107
vn 0.392870 -0.599877 -0.696995
vn 0.041514 -0.472102 -0.880566
vn 0.045289 -0.440538 -0.896591
vn -0.127137 -0.484218 -0.865661
vn -0.109020 -0.637617 -0.762601
vn -0.559699 -0.438404 -0.703234
vn -0.539570 -0.540906 -0.645202
vn -0.712897 -0.258582 0.651854
vn 0.960074 -0.030209 -0.278110
vn 0.961281 -0.030209 -0.273910
vn 0.998232 0.007548 0.058953
vn 0.999979 0.000000 0.006554
vn 0.997965 0.007546 0.063314
vn -0.887302 -0.169031 -0.429097
vn -0.880597 -0.360670 -0.307354
vn -0.880597 -0.360670 -0.307354
vn -0.831991 -0.526119 -0.176038
vn -0.211566 0.946321 0.244371
vn -0.332995 0.927158 -0.171735
vn -0.204251 0.957897 -0.201782
vn -0.512357 0.822001 -0.248605
vn -0.194306 0.137456 0.971263
vn 0.169684 0.113098 0.978987
vn 0.083899 0.195202 0.977168
vn 0.559066 -0.030117 0.828576
vn -0.036660 -0.014202 0.999227
vn 0.152416 0.092306 0.983996
vn -0.163995 0.448739 0.878487
vn 0.619068 0.149303 0.771014
vn 0.711478 -0.060249 0.700121
vn 0.596710 0.318414 0.736580
vn 0.229453 0.044686 0.972293
vn 0.830518 -0.082865 0.550793
vn 0.879330 -0.179961 0.440900
vn 0.899869 -0.238840 0.364954
vn 0.884174 -0.202083 0.421188
vn 0.976323 -0.202380 -0.076390
vn 0.828940 -0.037713 0.558065
vn 0.994713 -0.030202 -0.098153
vn 0.930890 -0.231837 -0.282304
vn 0.910482 -0.127960 -0.393255
vn 0.753609 -0.266700 -0.600787
vn 0.815745 -0.317451 -0.483514
vn 0.802874 -0.359115 -0.475846
vn 0.858834 -0.157830 -0.487334
vn 0.875787 -0.187441 -0.444818
vn -0.996735 0.000000 0.080746
vn -0.998731 0.003776 0.050227
vn -0.992590 0.086735 0.085100
vn -0.963400 0.176476 0.201782
vn 0.016240 0.045217 0.998845
vn 0.113117 -0.007414 0.993554
vn -0.730358 -0.297931 0.614666
vn -0.904705 0.064104 0.421188
vn -0.964970 0.172705 0.197500
vn -0.763366 0.405889 0.502521
vn -0.741408 0.408453 0.532428
vn -0.303408 0.600868 0.739528
vn -0.276196 0.503492 0.818664
vn 0.088162 0.567465 0.818664
vn -0.712070 -0.339326 0.614666
vn -0.947297 0.018862 0.319801
vn -0.831341 0.509004 0.223129
vn -0.221816 0.812039 0.539805
vn -0.251964 0.958571 0.132872
vn 0.026415 0.996728 0.076390
vn 0.092279 0.986235 0.137202
vn -0.997416 -0.033950 0.063314
vn -0.951822 0.300933 0.058953
vn -0.619527 0.782053 0.067674
vn -0.954253 -0.286634 -0.085100
vn -0.769750 -0.486531 -0.413246
vn -0.722634 -0.431754 -0.539805
vn -0.668450 -0.375757 -0.641857
vn -0.569782 -0.071675 -0.818664
vn -0.581576 -0.305235 -0.754056
vn 0.106219 0.090223 -0.990241
vn 0.003785 -0.233733 -0.972293
vn 0.189989 -0.074080 -0.978987
vn 0.446587 -0.119663 -0.886702
vn 0.456165 -0.075313 -0.886702
vn 0.282761 0.938637 -0.197500
vn -0.710261 -0.164882 -0.684356
vn -0.816850 0.030204 -0.576059
vn -0.859734 -0.026451 -0.510057
vn -0.941654 0.116826 -0.315658
vn -0.973389 0.067898 -0.218868
vn -0.970809 -0.220752 0.093804
vn -0.999170 -0.037746 0.015292
vn -0.991806 -0.105508 -0.072033
vn -0.959602 -0.250283 -0.128540
vn -0.902263 -0.430915 -0.015292
vn 0.570242 -0.022593 0.821166
vn 0.809731 -0.358864 0.464277
vn 0.960165 -0.209749 0.184634
vn 0.957013 -0.045245 0.286493
vn 0.764771 -0.544450 0.344528
vn 0.471208 -0.768401 0.433040
vn -0.328037 0.368086 -0.870003
vn -0.534130 0.064123 -0.842967
vn -0.598273 -0.116357 -0.792799
vn -0.274739 -0.026465 -0.961155
vn -0.734494 0.574702 -0.360882
vn -0.744476 0.665757 0.050227
vn -0.735900 0.670561 -0.093804
vn -0.718843 0.650805 0.244371
vn -0.554676 0.769866 0.315658
vn -0.601277 0.735818 0.311509
vn -0.494873 0.842049 0.214603
vn -0.626790 0.760027 -0.171735
vn -0.634518 0.440449 -0.635132
vn -0.515181 0.552587 -0.655161
vn -0.624227 0.490898 -0.607750
vn -0.646329 0.437828 -0.624953
vn -0.687668 0.683664 -0.244371
vn -0.695547 0.611547 -0.377126
vn -0.739640 0.652936 0.163120
vn 0.088162 0.567465 0.818664
vn 0.547714 0.507715 0.665007
vn 0.863218 0.231299 0.448727
vn 0.997145 0.022649 0.072033
vn 0.945243 -0.326183 0.010923
vn 0.863740 0.037764 -0.502521
vn 0.789270 -0.513758 -0.336311
vn 0.541006 -0.112674 -0.833437
vn 0.526271 -0.419687 -0.739528
vn 0.145467 -0.506390 -0.849946
vn 0.465716 -0.680845 -0.565296
vn 0.129716 -0.788815 -0.600787
vn 0.361223 -0.804198 -0.471999
vn 0.092367 -0.775179 -0.624953
vn 0.560797 -0.782794 -0.269705
vn 0.726252 -0.684896 -0.058953
vn 0.621451 -0.730824 -0.282304
vn 0.670642 -0.732032 -0.119869
vn 0.726785 -0.598898 -0.336311
vn 0.701623 -0.609550 -0.369018
vn 0.853530 -0.346388 -0.389234
vn -0.085068 0.217736 -0.972293
vn -0.395548 0.224008 -0.890709
vn -0.738875 -0.157568 -0.655161
vn -0.985510 -0.146723 -0.085100
vn 0.977552 0.127904 0.167429
vn 0.987934 0.150361 -0.037131
vn 0.369546 0.189354 -0.909715
vn 0.044632 -0.064660 -0.996909
vn -0.328265 -0.164078 -0.930226
vn -0.299152 -0.613735 -0.730641
vn -0.794319 -0.157519 -0.586724
vn -0.646644 -0.627956 -0.433040
vn -0.920785 -0.389574 0.019661
vn -0.688046 -0.713398 -0.132872
vn -0.770188 -0.611792 0.180338
vn -0.733777 -0.676434 0.063314
vn -0.478711 -0.778839 -0.405273
vn -0.278038 -0.797037 -0.536122
vn -0.279189 -0.922803 -0.265495
vn -0.704939 -0.703605 0.089453
vn -0.893791 -0.437611 0.098153
vn -0.866281 -0.423167 -0.265495
vn -0.450945 -0.791124 -0.413246
vn 0.003778 -0.824880 -0.565296
vn -0.127137 -0.484218 -0.865661
vn -0.667642 -0.399275 -0.628358
vn -0.691600 -0.266020 -0.671508
vn -0.678016 -0.276244 -0.681164
vn -0.067723 -0.039831 -0.996909
vn -0.418299 -0.489038 -0.765420
vn -0.047132 -0.467703 -0.882628
vn 0.407748 0.217946 -0.886702
vn 0.281663 0.427484 -0.859025
vn 0.056467 0.383081 -0.921987
vn -0.940311 0.090478 -0.328069
vn -0.801000 0.135275 -0.583180
vn -0.393390 0.176253 -0.902319
vn -0.712045 -0.156999 0.684356
vn -0.650374 -0.063938 0.756919
vn -0.812334 -0.003770 0.583180
vn -0.477396 -0.018804 0.878487
vn -0.576200 -0.263142 0.773790
vn -0.025557 0.083451 0.996184
vn -0.756899 -0.212244 0.618107
vn -0.316590 -0.107219 0.942483
vn -0.675307 -0.451509 0.583180
vn -0.894121 -0.423409 0.145853
vn -0.952975 -0.120389 0.278110
vn -0.881470 0.015093 0.471999
vn -0.116436 0.573248 -0.811067
vn -0.122173 0.748439 -0.651854
vn -0.122173 0.748439 -0.651854
vn -0.118634 0.931250 -0.344528
vn 0.966191 -0.142904 -0.214603
vn 0.992254 -0.090496 -0.085100
vn 0.996050 -0.045272 -0.076390
vn 0.996374 -0.045287 -0.072033
vn 0.748366 0.662995 0.019661
vn 0.683706 0.703714 0.193215
vn 0.912782 0.396477 0.098153
vn 0.507823 0.671362 0.539805
vn 0.638863 0.413833 0.648534
vn 0.953638 -0.060300 0.294855
vn 0.869646 -0.353577 -0.344528
vn 0.736465 -0.336710 -0.586724
vn 0.921504 -0.311728 -0.231639
vn -0.351889 -0.045061 0.934957
vn -0.661796 -0.167897 0.730641
vn -0.407871 0.333515 0.849946
vn -0.791645 -0.090281 0.604274
vn -0.979849 -0.131696 0.150174
vn -0.700455 -0.041426 0.712493
vn -0.997987 -0.003773 -0.063314
vn -0.999979 0.000000 -0.006554
vn -0.998731 0.003776 0.050227
vn -0.999979 0.000000 0.006554
vn -0.086617 0.641044 -0.762601
vn -0.244282 0.183082 -0.952264
vn -0.339163 0.357860 -0.870003
vn -0.251483 -0.304941 -0.918568
vn -0.132543 -0.478838 -0.867840
vn -0.169802 -0.627631 -0.759767
vn -0.701590 -0.688245 -0.184634
vn -0.562863 -0.768934 -0.303194
vn -0.553172 -0.238844 -0.798095
vn -0.431897 -0.308185 -0.847636
vn -0.352873 -0.267592 -0.896591
vn -0.371381 0.052703 -0.926984
vn -0.879330 -0.447405 -0.163120
vn -0.610755 -0.791817 0.002185
vn -0.496829 -0.855504 0.145853
vn -0.562863 -0.768934 -0.303194
vn -0.503161 -0.806096 0.311509
vn -0.701590 -0.688245 -0.184634
vn 0.985240 0.113046 0.128540
vn -0.818340 -0.574032 -0.028397
vn -0.964428 -0.250274 -0.085100
vn -0.988246 -0.139143 -0.063314
vn -0.996821 0.022642 -0.076390
vn -0.999110 -0.007545 -0.041497
vn -0.999597 0.000000 -0.028397
vn -0.999310 0.000000 0.037131
vn -0.999979 0.000000 -0.006554
vn -0.992228 0.007548 0.124206
vn -0.001888 0.974787 -0.223129
vn 0.990657 0.112977 -0.076390
vn 0.947463 0.318963 -0.024029
vn 0.994300 -0.105518 0.015292
vn 0.992707 -0.120536 0.002185
vn 0.991540 -0.098014 0.085100
vn 0.890997 -0.423694 0.163120
vn 0.481727 -0.809218 0.336311
vn 0.589117 -0.804429 0.076390
vn -0.022643 -0.994475 0.102500
vn 0.396121 -0.911961 0.106846
vn 0.914604 -0.403352 0.028397
vn 0.860169 -0.360380 -0.360882
vn 0.860744 -0.346315 -0.373076
vn 0.656006 -0.549359 -0.517554
vn 0.624654 -0.571251 -0.532428
vn 0.440662 -0.670122 -0.597288
vn -0.587679 0.806944 -0.058953
vn -0.344229 0.866759 0.360882
vn 0.376327 0.792641 -0.479685
vn 0.264576 0.902282 -0.340423
vn 0.174526 0.955980 -0.235888
vn 0.124280 0.984980 -0.119869
vn 0.127910 0.933024 0.336311
vn -0.060351 0.968863 0.240131
vn 0.783430 0.413141 0.464277
vn 0.567518 0.324032 0.756919
vn 0.426328 0.725847 0.539805
vn 0.586393 0.809670 -0.024029
vn 0.648677 0.758049 -0.067674
vn 0.737316 0.315613 0.597288
vn 0.265687 0.492821 0.828576
vn -0.328864 0.890061 0.315658
vn -0.368488 0.929055 0.032765
vn -0.751649 0.635637 0.176038
vn -0.696611 0.684602 -0.214603
vn -0.894473 0.430755 -0.119869
vn -0.841977 0.231475 -0.487334
vn -0.736098 0.577710 0.352719
vn -0.835011 0.492991 0.244371
vn 0.017010 0.477464 -0.878487
vn 0.415037 -0.082556 -0.906051
vn 0.035877 0.863821 -0.502521
vn -0.196715 0.890958 -0.409263
vn -0.142978 0.989608 -0.015292
vn -0.415103 0.889942 0.188926
vn -0.589744 0.623058 0.513810
vn -0.586940 0.526960 0.614666
vn -0.650522 0.582517 0.487334
vn 0.852836 0.127818 0.506293
vn 0.783059 -0.022610 0.621536
vn 0.804132 -0.223604 0.550793
vn 0.937825 -0.340447 -0.067674
vn 0.784792 -0.045219 0.618107
vn 0.847161 0.172603 -0.502521
vn 0.783430 0.413141 0.464277
vn 0.710025 -0.695343 0.111189
vn 0.700956 -0.663622 0.261280
vn 0.001880 -0.350668 0.936498
vn -0.148703 -0.501571 0.852240
vn -0.099190 -0.482966 0.870003
vn -0.167063 -0.553167 0.816147
vn 0.233256 0.566823 0.790128
vn 0.051176 -0.081197 0.995383
vn 0.246104 0.723289 0.645202
vn 0.442027 0.740459 0.506293
vn 0.069712 0.838898 0.539805
vn 0.437768 0.798491 0.413246
vn 0.039581 0.926956 0.373076
vn 0.522533 0.796890 0.303194
vn 0.587339 0.741685 0.323938
vn 0.368501 0.836637 0.405273
vn -0.133499 0.904396 0.405273
vn -0.302838 0.805066 0.510057
vn -0.554562 0.749817 0.360882
vn -0.556228 0.727729 0.401274
vn -0.568538 0.704283 0.425147
vn 0.183598 0.906092 0.381169
vn -0.601125 0.686405 0.409263
vn -0.684456 0.616456 0.389234
vn -0.474818 0.100926 0.874278
vn -0.757002 -0.138800 0.638501
vn -0.615071 -0.119942 0.779295
vn -0.238978 0.221739 0.945368
vn 0.173244 -0.014948 0.984766
vn 0.666003 -0.097661 0.739528
vn -0.802018 -0.003778 -0.597288
vn -0.891412 -0.086729 -0.444818
vn -0.807948 -0.260135 -0.528725
vn -0.805217 -0.320758 -0.498738
vn -0.710204 -0.343214 -0.614666
vn -0.638364 -0.765016 -0.085100
vn -0.641188 -0.765116 0.058953
vn 0.426004 -0.627382 0.651854
vn 0.353728 -0.595086 0.721629
vn -0.975525 -0.131763 0.176038
vn -0.980627 0.101677 0.167429
vn -0.953224 -0.282751 0.106846
vn -0.862314 0.342388 0.373076
vn 0.984105 0.172673 -0.041497
vn 0.871872 -0.477936 -0.106846
vn 0.987965 0.007552 -0.154492
vn 0.804359 -0.067847 0.590257
vn 0.892322 -0.409963 0.188926
vn 0.904509 -0.382323 -0.188926
vn 0.737316 0.315613 0.597288
vn 0.913755 0.260794 -0.311509
vn 0.574562 -0.751627 -0.323938
vn 0.726523 -0.554904 -0.405273
vn 0.997965 0.007546 0.063314
vn 0.999979 0.000000 0.006554
vn 0.998709 -0.007551 -0.050227
vn 0.999979 0.000000 -0.006554
vn 0.914604 -0.403352 0.028397
vn 0.396121 -0.911961 0.106846
vn 0.382302 -0.845376 0.373076
vn -0.770738 -0.602912 -0.206059
vn -0.902366 -0.430964 0.002185
vn -0.953224 -0.282751 0.106846
vn -0.975525 -0.131763 0.176038
vn -0.024106 0.115205 0.993049
vn -0.121397 0.112155 0.986248
vn -0.067497 0.111931 0.991421
vn -0.272756 0.106377 0.956184
vn 0.244957 -0.396671 0.884674
vn -0.474447 -0.283343 0.833437
vn -0.047349 -0.126464 0.990841
vn 0.066455 0.041912 0.996909
vn 0.563344 0.628663 0.536122
vn 0.867195 0.477434 0.141528
vn 0.837931 0.542584 0.058953
vn 0.837931 0.542584 0.058953
vn 0.814262 0.580395 0.010923
vn 0.871839 0.484467 -0.072033
vn 0.843572 0.516831 -0.145853
vn 0.843572 0.516831 -0.145853
vn 0.820218 0.535282 -0.201782
vn 0.824566 0.067827 0.561686
vn 0.846649 0.060296 0.528725
vn 0.836678 0.067835 0.543478
vn 0.950847 0.037737 0.307354
vn 0.303996 0.682167 0.665007
vn 0.088162 0.567465 0.818664
vn 0.105451 -0.709281 -0.696995
vn 0.028337 -0.710393 -0.703234
vn 0.028337 -0.710393 -0.703234
vn -0.088496 -0.702325 -0.706334
vn -0.262852 0.962757 0.063314
vn -0.107291 0.967876 0.227387
vn -0.099812 0.930391 0.352719
vn -0.092218 0.872582 0.479685
vn -0.684945 0.551743 0.475846
vn -0.859883 0.263923 0.436974
vn -0.984846 0.142987 0.098153
vn -0.998683 0.030177 -0.041497
vn -0.872686 -0.453760 0.180338
vn 0.925035 0.105447 0.364954
vn 0.914840 -0.045238 0.401274
vn 0.679702 -0.186356 0.709420
vn 0.476428 -0.140961 0.867840
vn -0.533740 -0.410147 0.739528
vn -0.572303 -0.354355 0.739528
vn -0.699390 -0.413224 0.583180
vn -0.854158 -0.449607 0.261280
vn -0.924577 -0.325808 0.197500
vn -0.968413 -0.202244 0.145853
vn -0.894842 -0.389043 -0.218868
vn -0.581576 -0.305235 -0.754056
vn -0.081044 -0.684338 -0.724647
vn 0.003785 -0.233733 -0.972293
vn 0.207211 -0.554572 -0.805924
vn 0.189989 -0.074080 -0.978987
vn 0.163356 -0.936097 0.311509
vn 0.050905 -0.938893 0.340423
vn 0.368687 -0.593343 0.715552
vn -0.424537 -0.765495 0.483514
vn -0.243671 -0.562425 0.790128
vn -0.170090 -0.127328 -0.977168
vn -0.065051 0.007603 -0.997853
vn -0.249692 -0.022690 -0.968060
vn -0.163219 0.107351 -0.980732
vn -0.219250 -0.579750 0.784742
vn -0.231950 -0.582150 0.779295
vn -0.219250 -0.579750 0.784742
vn 0.179146 -0.688018 0.703234
vn 0.081264 0.254964 0.963530
vn -0.748090 -0.105477 -0.655161
vn -0.953169 -0.045291 -0.299027
vn -0.880096 -0.079210 -0.468142
vn -0.996964 -0.015095 -0.076390
vn -0.996670 -0.011331 -0.080746
vn -0.995526 -0.011318 -0.093804
vn -0.314970 0.650942 0.690702
vn -0.378823 0.721476 0.579625
vn -0.250705 0.793568 0.554434
vn -0.302123 0.907870 0.290677
vn 0.067913 0.997670 -0.006554
vn 0.028316 0.955123 -0.294855
vn -0.784684 0.594375 -0.176038
vn -0.738821 0.581598 -0.340423
vn -0.803842 0.528026 -0.273910
vn -0.541929 0.347052 -0.765420
vn -0.743271 0.135323 -0.655161
vn -0.375102 0.000000 -0.926984
vn -0.625635 -0.164380 -0.762601
vn 0.207211 -0.554572 -0.805924
vn 0.189989 -0.074080 -0.978987
vn -0.952942 0.209758 0.218868
vn -0.979894 0.064147 0.188926
vn -0.979894 0.064147 0.188926
vn -0.978815 -0.139173 0.150174
vn -0.803617 0.352282 -0.479685
vn -0.860037 0.503803 0.080746
vn -0.867289 0.412874 -0.278110
vn -0.902349 0.430956 -0.006554
vn -0.876280 0.399240 -0.269705
vn -0.873412 0.402648 -0.273910
vn 0.126701 -0.058049 0.990241
vn 0.023692 -0.031374 0.999227
vn -0.910348 -0.187330 0.369018
vn -0.907917 -0.238720 0.344528
vn -0.909366 -0.220551 0.352719
vn -0.929534 -0.264360 0.257060
vn -0.967123 -0.187563 -0.171735
vn -0.967204 -0.094195 0.235888
vn -0.847120 -0.516682 -0.124206
vn -0.923568 -0.268321 -0.273910
vn -0.551924 -0.471884 -0.687535
vn -0.570826 -0.439002 -0.693855
vn -0.196661 -0.456265 -0.867840
vn 0.934472 0.304422 0.184634
vn 0.763378 0.453083 0.460402
vn 0.470026 -0.371381 -0.800720
vn 0.403926 -0.308361 0.861253
vn 0.559674 0.015064 0.828576
vn -0.877311 0.015104 -0.479685
vn -0.932336 0.022652 -0.360882
vn -0.907675 -0.045300 -0.417221
vn -0.965046 -0.082957 -0.248605
vn -0.525206 -0.619725 0.583180
vn -0.075426 -0.996862 -0.024029
vn 0.442788 -0.895218 0.050227
vn 0.401369 -0.908601 -0.115530
vn -0.359798 -0.924134 0.128540
vn -0.101790 -0.968470 -0.227387
vn -0.377036 -0.913943 -0.150174
vn -0.403102 -0.904145 -0.141528
vn -0.454250 -0.877376 -0.154492
vn -0.586187 -0.082892 -0.805924
vn -0.668076 -0.358833 -0.651854
vn -0.272891 -0.302322 -0.913308
vn -0.479463 -0.045323 -0.876391
vn -0.863147 -0.157735 -0.479685
vn -0.935173 -0.202381 -0.290677
vn -0.785870 -0.591512 -0.180338
vn -0.938867 0.146600 0.311509
vn -0.855422 0.306889 0.417221
vn -0.702881 0.518135 0.487334
vn -0.557967 0.730770 0.393255
vn -0.315424 -0.931658 -0.180338
vn -0.346653 -0.886208 -0.307354
vn -0.406709 -0.830240 -0.381169
vn -0.390820 -0.712152 -0.583180
vn 0.956700 0.209786 0.201782
vn 0.934961 0.354584 0.010923
vn -0.195090 0.980783 0.002185
vn -0.016973 0.959175 0.282304
vn 0.131590 0.924865 0.356804
vn 0.260276 0.840135 0.475846
vn 0.364179 0.813942 0.452627
vn 0.930536 0.030187 0.364954
vn 0.969225 -0.127918 0.210333
vn 0.949728 -0.246342 0.193215
vn 0.964573 -0.239241 0.111189
vn 0.964527 -0.217106 -0.150174
vn 0.980903 -0.165295 0.102500
vn 0.970271 0.030190 -0.240131
vn -0.703101 -0.276429 0.655161
vn -0.649385 -0.466213 0.600787
vn -0.765384 -0.479649 0.429097
vn -0.909469 -0.336376 0.244371
vn -0.844240 -0.533178 0.054590
vn -0.822935 -0.568031 -0.010923
vn -0.894985 -0.444162 -0.041497
vn -0.929552 -0.368685 0.002185
vn -0.935014 -0.354604 -0.002185
vn 0.822096 0.067822 0.565296
vn 0.827020 0.067831 0.558065
vn 0.824566 0.067827 0.561686
vn 0.843754 0.067824 0.532428
vn 0.331188 -0.200634 0.921987
vn 0.090442 -0.014698 0.995793
vn -0.475025 -0.309757 0.823652
vn -0.388119 -0.074804 0.918568
vn -0.771878 -0.186668 0.607750
vn -0.703101 -0.276429 0.655161
vn -0.921629 -0.311357 0.231639
vn -0.708908 -0.550506 0.440900
vn -0.700956 -0.663622 0.261280
vn -0.525801 -0.750008 0.401274
vn -0.602959 -0.640321 0.475846
vn 0.024407 -0.378362 0.925336
vn -0.065748 -0.548690 0.833437
vn 0.198620 0.923537 -0.328069
vn 0.030212 0.889200 -0.456519
vn 0.022673 0.755149 -0.655161
vn 0.159126 0.670496 -0.724647
vn 0.650327 0.598263 -0.468142
vn -0.252269 0.602855 -0.756919
vn -0.429557 0.317699 -0.845310
vn -0.081191 0.200954 -0.976230
vn -0.344514 0.201813 -0.916832
vn -0.163219 0.107351 -0.980732
vn 0.072947 0.081016 -0.994040
vn 0.272180 0.313588 -0.909715
vn -0.054728 0.641200 -0.765420
vn 0.131773 0.877876 -0.460402
vn -0.073484 0.958944 0.273910
vn -0.015095 0.999349 0.032765
vn 0.060335 0.858022 0.510057
vn -0.282810 0.943677 0.171735
vn -0.285357 0.848946 0.444818
vn -0.419653 0.877630 0.231639
vn -0.235483 0.954179 0.184634
vn 0.266057 0.901846 0.340423
vn 0.358308 0.756474 -0.547141
vn 0.557232 0.416065 -0.718598
vn 0.075448 0.953842 -0.290677
vn -0.580276 0.616279 0.532428
vn -0.757414 0.505521 0.413246
vn -0.847286 0.529838 -0.037131
vn 0.884174 -0.202083 0.421188
vn 0.239466 -0.272702 0.931821
vn 0.113117 -0.007414 0.993554
vn 0.290363 -0.037438 0.956184
vn 0.229453 0.044686 0.972293
vn -0.345524 -0.693905 0.631751
vn -0.153315 -0.691077 0.706334
vn -0.153315 -0.691077 0.706334
vn 0.147615 -0.629801 0.762601
vn -0.945952 -0.282762 0.158808
vn -0.727381 -0.645957 -0.231639
vn -0.965549 -0.239183 -0.102500
vn -0.968413 -0.202244 0.145853
vn -0.894842 -0.389043 -0.218868
vn -0.581576 -0.305235 -0.754056
vn -0.621596 0.045319 -0.782026
vn 0.041465 0.918494 0.393255
vn -0.024526 0.887372 0.460402
vn 0.011322 0.910549 0.413246
vn -0.269200 0.860237 0.433040
vn -0.447479 0.704550 -0.550793
vn -0.620778 0.710128 -0.332193
vn -0.517264 0.760124 -0.393255
vn -0.727499 0.660799 -0.184634
vn -0.355763 0.821930 0.444818
vn -0.949068 -0.213574 -0.231639
vn -0.928801 0.033988 -0.369018
vn -0.976887 0.187581 0.102500
vn -0.988460 0.135529 -0.067674
vn -0.992880 0.098027 0.067674
vn -0.997132 0.056606 0.050227
vn -0.977634 0.172809 0.119869
vn -0.909892 0.067827 0.409263
vn -0.708766 0.086498 0.700121
vn -0.714902 0.108843 0.690702
vn -0.940311 0.090478 -0.328069
vn -0.801000 0.135275 -0.583180
vn 0.862364 -0.150143 0.483514
vn 0.430403 0.104298 0.896591
vn 0.572477 -0.263137 0.776550
vn 0.683667 0.127349 0.718598
vn 0.547512 -0.458324 0.700121
vn -0.824558 -0.067926 -0.561686
vn -0.824558 -0.067926 -0.561686
vn -0.822088 -0.067921 -0.565296
vn -0.836670 -0.067932 -0.543478
vn 0.595613 -0.574243 -0.561686
vn 0.854883 0.503735 0.124206
vn 0.658344 0.586345 0.471999
vn 0.779310 0.526106 0.340423
vn 0.549046 0.591731 0.590257
vn -0.868913 0.377780 0.319801
vn -0.816132 0.387045 0.429097
vn -0.434154 0.892828 0.119869
vn 0.519237 0.685737 -0.510057
vn 0.690095 0.403514 -0.600787
vn 0.520866 0.241841 -0.818664
vn 0.292301 0.186216 -0.938021
vn 0.397261 0.133853 -0.907892
vn 0.210047 -0.081373 -0.974299
vn 0.075287 0.022466 -0.996909
vn -0.065051 0.007603 -0.997853
vn 0.521311 0.840049 -0.150174
vn 0.560411 0.652520 -0.510057
vn -0.251929 0.934134 -0.252835
vn 0.035871 0.882925 -0.468142
vn -0.531815 0.845618 0.045863
vn 0.069487 -0.331156 -0.941014
vn 0.319459 -0.246122 -0.915079
vn 0.824566 0.067827 0.561686
vn 0.824566 0.067827 0.561686
vn 0.822096 0.067822 0.565296
vn 0.836678 0.067835 0.543478
vn -0.213285 -0.084770 -0.973306
vn -0.144666 -0.406070 -0.902319
vn -0.561622 -0.460300 -0.687535
vn -0.457944 -0.632235 -0.624953
vn -0.579047 -0.443127 -0.684356
vn -0.832016 -0.234996 -0.502521
vn -0.574531 -0.477157 -0.665007
vn 0.795061 0.345165 -0.498738
vn 0.999351 0.030197 -0.019661
vn 0.977164 -0.030180 0.210333
vn 0.966722 0.060367 0.248605
vn 0.746283 0.149887 0.648534
vn 0.401502 -0.037763 -0.915079
vn -0.406698 -0.498727 -0.765420
vn -0.227200 -0.191192 -0.954896
vn -0.772759 -0.295555 -0.561686
vn -0.591585 0.022676 -0.805924
vn -0.809787 0.000000 -0.586724
vn 0.304341 0.288287 -0.907892
vn 0.086944 0.150591 -0.984766
vn 0.520640 0.119941 -0.845310
vn -0.642267 -0.475970 -0.600787
vn -0.973111 -0.131762 -0.188926
vn -0.965829 -0.217126 -0.141528
vn -0.971187 0.033957 -0.235888
vn -0.947814 0.315508 0.045863
vn 0.001888 -0.799407 -0.600787
vn -0.133568 -0.895215 -0.425147
vn -0.133568 -0.895215 -0.425147
vn -0.304655 -0.937632 -0.167429
vn -0.700352 -0.406524 0.586724
vn -0.809778 0.003769 0.586724
vn -0.823038 -0.285280 0.491145
vn -0.746283 0.149887 0.648534
vn 0.077477 0.238450 0.968060
vn 0.592492 0.060128 0.803330
vn 0.922994 -0.052847 -0.381169
vn 0.999883 0.000000 -0.015292
vn 0.959807 -0.037758 -0.278110
vn 0.948123 0.037724 0.315658
vn -0.572084 -0.770080 0.282304
vn -0.645125 -0.722502 0.248605
vn -0.698215 -0.654219 0.290677
vn -0.761483 -0.579354 0.290677
vn -0.776060 -0.522801 0.352719
vn -0.037734 -0.970007 -0.240131
vn 0.001888 -0.981990 -0.188926
vn -0.155857 -0.900812 -0.405273
vn -0.127910 -0.933024 -0.336311
vn -0.320361 -0.775887 -0.543478
vn 0.635218 0.767136 0.089453
vn 0.373723 0.838158 0.397268
vn -0.454398 0.200938 0.867840
vn -0.292950 0.294279 0.909715
vn -0.164507 0.200267 0.965832
vn 0.950847 0.037737 -0.307354
vn 0.868967 0.216874 -0.444818
vn 0.851744 0.052831 -0.521287
vn 0.769621 0.000000 -0.638501
vn 0.538786 -0.105243 -0.835843
vn 0.757743 0.030197 -0.651854
vn 0.832134 -0.090500 -0.547141
vn 0.994541 -0.060377 -0.085100
vn 0.971105 -0.120398 0.206059
vn 0.905982 -0.354316 -0.231639
vn 0.429823 -0.225588 -0.874278
vn -0.134333 -0.147687 -0.979869
vn -0.648869 -0.041504 -0.759767
vn -0.967123 -0.187563 -0.171735
vn -0.993540 0.094182 -0.063314
vn -0.352927 -0.415700 -0.838234
vn -0.911096 -0.049072 -0.409263
vn -0.881838 -0.056616 -0.468142
vn -0.903353 -0.056607 -0.425147
vn -0.843746 -0.067920 -0.532428
vn -0.881838 -0.056616 -0.468142
vn -0.843746 -0.067920 -0.532428
vn -0.843746 -0.067920 -0.532428
vn -0.827012 -0.067930 -0.558065
vn -0.037750 0.999266 -0.006554
vn -0.113032 0.988731 -0.098153
vn -0.084810 0.985015 -0.150174
vn -0.092318 0.945748 -0.311509
vn 0.009443 0.934132 -0.356804
vn 0.064179 0.870854 -0.487334
vn 0.086697 0.887475 -0.452627
vn -0.936602 -0.318597 0.145853
vn -0.895583 -0.444459 0.019661
vn -0.770734 -0.630847 0.089453
vn -0.945166 -0.041529 -0.323938
vn -0.911096 -0.049072 -0.409263
vn -0.943568 -0.045291 -0.328069
vn -0.903353 -0.056607 -0.425147
vn 0.881593 0.060303 0.468142
vn 0.843754 0.067824 0.532428
vn 0.843754 0.067824 0.532428
vn 0.827020 0.067831 0.558065
vn 0.770743 0.558111 -0.307354
vn -0.996670 -0.011331 -0.080746
vn -0.994096 -0.018884 -0.106846
vn -0.995526 -0.011318 -0.093804
vn -0.997930 -0.011318 -0.063314
vn -0.402121 -0.155305 -0.902319
vn -0.320066 -0.121851 -0.939526
vn -0.309108 -0.052794 -0.949560
vn -0.264439 0.092674 -0.959939
vn -0.533421 0.030227 -0.845310
vn -0.481169 0.064142 -0.874278
vn -0.402121 -0.155305 -0.902319
vn -0.105856 -0.137954 -0.984766
vn -0.380998 -0.193067 -0.904194
vn 0.146279 -0.022594 -0.988985
vn -0.318530 -0.395957 -0.861253
vn -0.317070 -0.695113 -0.645202
vn 0.000000 -0.749735 -0.661738
vn -0.642267 -0.475970 -0.600787
vn -0.973111 -0.131762 -0.188926
vn -0.882188 0.388917 -0.265495
vn -0.843679 0.536488 -0.019661
vn -0.616717 0.787182 -0.002185
vn 0.934493 -0.127946 0.332193
vn 0.971048 -0.037728 0.235888
vn 0.996957 -0.075433 0.019661
vn 0.969246 -0.194960 -0.150174
vn 0.953394 -0.253833 -0.163120
vn 0.874532 -0.484569 -0.019661
vn 0.932278 -0.354498 0.072033
vn 0.897904 -0.437797 0.045863
vn 0.700354 -0.688339 -0.188926
vn 0.738267 -0.674222 0.019661
vn -0.868095 0.332018 0.369018
vn -0.791409 0.393084 0.468142
vn -0.828684 0.394286 0.397268
vn -0.747675 0.381594 0.543478
vn -0.716227 0.393921 0.576059
vn -0.753576 0.469205 0.460402
vn 0.904973 -0.423846 -0.037131
vn 0.639441 -0.407680 -0.651854
vn -0.950847 -0.037737 -0.307354
vn -0.836670 -0.067932 -0.543478
vn -0.846643 -0.060381 -0.528725
vn -0.824558 -0.067926 -0.561686
vn -0.570616 0.585281 0.576059
vn -0.080837 0.624849 0.776550
vn -0.335417 0.591017 0.733618
vn 0.011312 0.602426 0.798095
vn -0.434696 0.607293 0.665007
vn -0.634057 0.550094 0.543478
vn -0.835673 0.489742 0.248605
vn -0.908982 0.413798 -0.050227
vn -0.896017 0.378809 -0.231639
vn -0.669728 0.464218 0.579625
vn -0.843505 0.408605 0.348627
vn -0.894985 0.444162 0.041497
vn 0.374065 0.539884 0.754056
vn 0.362260 0.597288 0.715552
vn 0.398806 0.610418 0.684356
vn 0.665245 0.530860 0.525011
vn 0.770560 0.525359 0.360882
vn 0.850407 0.476467 0.223129
vn 0.724116 0.424603 0.543478
vn 0.770972 0.440037 0.460402
vn 0.849458 0.052763 0.525011
vn 0.779359 0.433275 0.452627
vn 0.956700 0.209786 0.201782
vn 0.995088 -0.067901 0.072033
vn 0.973359 -0.052774 0.223129
vn 0.537533 -0.732793 0.417221
vn 0.090375 -0.951259 0.294855
vn -0.146674 -0.957435 0.248605
vn -0.041495 -0.986437 0.158808
vn 0.829857 -0.442097 0.340423
vn -0.822044 0.324172 0.468142
vn -0.753576 0.469205 0.460402
vn -0.637126 0.574517 0.513810
vn -0.686923 0.465510 0.558065
vn -0.534224 0.542225 0.648534
vn -0.642394 0.423847 0.638501
vn -0.346731 0.620677 0.703234
vn -0.090736 0.192119 0.977168
vn 0.566015 0.276763 0.776550
vn -0.074205 0.252719 0.964690
vn 0.901343 0.007541 0.433040
vn 0.758659 -0.172054 0.628358
vn 0.831225 -0.380551 0.405273
vn 0.991282 0.113048 0.067674
vn 0.993243 0.045309 -0.106846
vn -0.331484 -0.810144 -0.483514
vn -0.372427 -0.619863 -0.690702
vn -0.337772 -0.700769 -0.628358
vn 0.024569 -0.241003 -0.970214
vn -0.327458 -0.174493 -0.928614
vn 0.174189 0.037541 -0.983996
vn 0.507109 -0.112423 -0.854518
vn 0.750779 -0.323245 -0.576059
vn 0.726785 -0.598898 -0.336311
vn -0.137530 -0.022547 -0.990241
vn -0.341052 0.257133 -0.904194
vn -0.395521 0.564314 -0.724647
vn -0.362706 0.527518 -0.768225
vn -0.320029 0.760278 -0.565296
vn -0.181383 0.494663 -0.849946
vn -0.318342 0.400918 -0.859025
vn 0.692089 -0.602653 -0.397268
vn 0.780021 -0.252650 -0.572482
vn 0.844803 -0.324896 -0.425147
vn 0.610536 -0.326338 -0.721629
vn 0.507166 -0.112168 0.854518
vn 0.677852 0.105073 0.727651
vn 0.636105 -0.030130 0.771014
vn -0.955565 0.049009 0.290677
vn -0.930409 0.064053 0.360882
vn -0.926943 0.067843 0.369018
vn -0.931713 0.067841 0.356804
vn -0.418971 0.851366 0.315658
vn -0.930942 0.176281 0.319801
vn -0.868891 -0.007541 0.494946
vn -0.533428 -0.030091 0.845310
vn -0.034470 0.026829 0.999046
vn -0.984680 -0.030190 0.171735
vn -0.919450 -0.340008 0.197500
vn -0.312900 -0.906862 0.282304
vn -0.195053 -0.980596 0.019661
vn 0.288450 -0.956177 0.050227
vn 0.961272 -0.239024 0.137202
vn 0.977164 -0.030180 0.210333
vn -0.071076 -0.064498 0.995383
vn 0.966722 0.060367 0.248605
vn -0.539570 -0.540906 -0.645202
vn -0.559699 -0.438404 -0.703234
vn 0.438780 0.059979 0.896591
vn -0.926943 0.067843 0.369018
vn -0.990191 0.026401 0.137202
vn -0.955565 0.049009 0.290677
vn -0.894692 -0.071644 -0.440900
vn -0.770225 -0.109180 -0.628358
vn -0.701327 -0.116628 -0.703234
vn 0.305997 0.668385 -0.677958
vn 0.028367 0.320618 -0.946784
vn 0.064053 0.377797 -0.923670
vn -0.133636 0.401513 -0.906051
vn 0.065836 0.445844 -0.892687
vn 0.000000 0.375102 -0.926984
vn 0.606055 0.112390 0.787443
vn 0.516974 0.119374 0.847636
vn 0.349239 0.125334 0.928614
vn -0.107579 0.136615 0.984766
vn 0.026371 -0.197892 -0.979869
vn -0.236697 -0.415013 -0.878487
vn -0.218737 -0.343544 -0.913308
vn -0.376728 -0.521736 -0.765420
vn -0.086648 0.805138 -0.586724
vn 0.533963 0.721451 -0.440900
vn 0.872480 0.423157 -0.244371
vn 0.903123 0.416969 -0.102500
vn -0.486778 0.807895 0.332193
vn -0.586823 0.790348 0.176038
vn -0.586823 0.790348 0.176038
vn -0.628041 0.771966 0.098153
vn 0.292587 0.332443 0.896591
vn 0.232221 0.052177 0.971263
vn -0.613589 0.786721 0.067674
vn -0.728000 0.685295 -0.019661
vn -0.728000 0.685295 -0.019661
vn -0.831456 0.542505 -0.119869
vn -0.615698 0.780705 0.106846
vn -0.896586 0.357583 -0.261280
vn -0.998751 0.037730 0.032765
vn -0.859893 0.477558 -0.180338
vn 0.763205 0.639311 0.093804
vn 0.586629 0.787511 0.188926
vn 0.586629 0.787511 0.188926
vn 0.282548 0.908680 0.307354
vn 0.681784 0.075460 -0.727651
vn 0.560411 0.652520 -0.510057
vn -0.059884 -0.247816 -0.966955
vn -0.224611 0.200543 -0.953589
vn -0.580072 -0.075414 -0.811067
vn 0.361729 -0.515871 -0.776550
vn 0.766940 -0.413014 -0.491145
vn 0.263187 -0.746425 -0.611214
vn 0.543207 -0.655202 -0.525011
vn 0.805581 -0.281599 -0.521287
vn 0.594549 -0.726507 -0.344528
vn 0.371718 -0.914662 -0.158808
vn 0.884174 -0.202083 0.421188
vn 0.879330 -0.179961 0.440900
vn 0.905405 0.253683 -0.340423
vn 0.900329 0.423997 -0.098153
vn 0.758395 0.651703 -0.010923
vn 0.936087 0.304550 0.176038
vn 0.916203 0.396353 0.058953
vn 0.984952 0.165367 -0.050227
vn 0.997145 -0.022649 0.072033
vn 0.998395 -0.015099 -0.054590
vn 0.999255 0.030194 -0.024029
vn 0.974058 0.037751 -0.223129
vn 0.920697 0.389537 -0.024029
vn 0.886119 0.142832 -0.440900
vn 0.872663 0.289500 -0.393255
vn 0.905886 0.246315 -0.344528
vn -0.819998 0.515557 0.248605
vn -0.759373 0.566639 0.319801
vn -0.759373 0.566639 0.319801
vn -0.693821 0.608465 0.385205
vn -0.837027 -0.216470 0.502521
vn -0.718210 -0.276570 0.638501
vn -0.759043 -0.108961 0.641857
vn -0.668803 -0.428185 0.607750
vn 0.501785 -0.675886 0.539805
vn 0.590294 -0.385066 0.709420
vn 0.590294 -0.385066 0.709420
vn 0.608343 -0.163981 0.776550
vn -0.643798 0.681164 0.348627
vn -0.667803 0.659803 0.344528
vn -0.600409 0.631099 0.491145
vn -0.618788 0.438393 0.651854
vn 0.079816 0.103507 0.991421
vn 0.044730 0.084918 0.995383
vn 0.044730 0.084918 0.995383
vn -0.012731 0.046327 0.998845
vn 0.947463 0.318963 -0.024029
vn 0.578489 0.813557 -0.058953
vn -0.001888 0.974787 -0.223129
vn -0.118701 0.989642 -0.080746
vn -0.881448 0.471144 0.032765
vn -0.505341 0.855151 0.115530
vn -0.857139 0.470183 0.210333
vn -0.398710 0.530185 0.748288
vn -0.768622 0.354599 0.532428
vn 0.026379 0.707387 0.706334
vn 0.563344 0.628663 0.536122
vn -0.999884 0.015103 0.002185
vn -0.997679 -0.007553 -0.067674
vn -0.998254 -0.003774 -0.058953
vn -0.998197 -0.011322 -0.058953
vn 0.731557 -0.287695 -0.618107
vn 0.858834 -0.157830 -0.487334
vn 0.767210 -0.558345 -0.315658
vn 0.894874 -0.268127 -0.356804
vn 0.831230 -0.555410 0.024029
vn 0.875787 -0.187441 -0.444818
vn 0.729476 -0.673421 0.119869
vn 0.854915 -0.470338 0.218868
vn 0.553814 0.803360 -0.218868
vn 0.710149 0.572881 -0.409263
vn 0.543029 0.784667 -0.299027
vn 0.729232 0.523286 -0.440900
vn -0.713095 0.075456 -0.696995
vn -0.407748 -0.217946 -0.886702
vn -0.542053 -0.178510 -0.821166
vn -0.269314 -0.316053 -0.909715
vn -0.994096 -0.018884 -0.106846
vn -0.999883 0.000000 -0.015292
vn -0.997930 -0.011318 -0.063314
vn -0.999711 0.000000 0.024029
vn 0.549562 -0.178564 -0.816147
vn 0.324480 -0.277753 -0.904194
vn 0.362919 0.000000 -0.931821
vn 0.458029 -0.148823 -0.876391
vn 0.376628 0.154980 -0.913308
vn 0.573896 -0.813025 -0.098153
vn 0.056617 -0.962448 -0.265495
vn 0.043436 -0.902213 -0.429097
vn 0.450135 -0.855160 -0.257060
vn 0.151728 -0.691427 -0.706334
vn 0.878295 -0.437339 -0.193215
vn 0.733287 -0.398644 -0.550793
vn 0.887743 -0.458050 0.045863
vn -0.273549 -0.893231 -0.356804
vn -0.028314 -0.967095 -0.252835
vn -0.152191 -0.937977 -0.311509
vn 0.906676 -0.403127 0.124206
vn 0.924158 -0.297102 0.240131
vn -0.525650 -0.694600 -0.491145
vn -0.269726 -0.542679 -0.795454
vn -0.246628 -0.381854 -0.890709
vn -0.104839 -0.405884 -0.907892
vn -0.456371 0.580045 0.674740
vn -0.389616 0.795391 0.464277
vn -0.424806 0.347716 0.835843
vn 0.843754 0.067824 0.532428
vn 0.903585 0.052768 0.425147
vn 0.881593 0.060303 0.468142
vn 0.910889 0.052773 0.409263
vn -0.770225 -0.109180 -0.628358
vn -0.748090 -0.105477 -0.655161
vn -0.701327 -0.116628 -0.703234
vn -0.880096 -0.079210 -0.468142
vn 0.973479 -0.202291 0.106846
vn 0.968683 -0.209758 0.132872
vn 0.968683 -0.209758 0.132872
vn 0.965452 -0.209846 0.154492
vn 0.999711 0.000000 -0.024029
vn 0.997965 0.007546 0.063314
vn 0.999883 0.000000 0.015292
vn 0.994161 0.015089 0.106846
vn -0.803141 0.531248 -0.269705
vn -0.895276 0.444306 -0.032765
vn -0.895276 0.444306 -0.032765
vn -0.922356 0.329460 0.201782
vn -0.945646 -0.161423 0.282304
vn 0.706119 -0.082815 0.703234
vn 0.804132 -0.223604 0.550793
vn 0.783059 -0.022610 0.621536
vn 0.852836 0.127818 0.506293
vn -0.942094 -0.086740 -0.323938
vn -0.889797 0.256977 -0.377126
vn -0.126445 0.313854 0.941014
vn -0.325332 0.282807 0.902319
vn -0.426167 0.224324 0.876391
vn -0.559492 0.170704 0.811067
vn -0.454398 0.200938 0.867840
vn -0.292950 0.294279 0.909715
vn 0.465811 -0.869719 0.163120
vn 0.582156 -0.797417 0.158808
vn 0.690866 -0.722901 -0.010923
vn 0.660079 -0.748142 -0.067674
vn 0.860963 -0.457117 -0.223129
vn 0.957607 -0.209719 -0.197500
vn 0.949699 -0.105513 -0.294855
vn 0.218667 -0.546358 0.808503
vn 0.043350 -0.655378 0.754056
vn 0.071377 -0.573419 0.816147
vn -0.054639 -0.702665 0.709420
vn 0.022644 -0.984883 -0.171735
vn -0.167177 -0.931191 -0.323938
vn -0.999170 -0.037746 0.015292
vn -0.970809 -0.220752 0.093804
vn -0.846770 -0.401797 0.348627
vn -0.321614 -0.074508 0.943935
vn 0.395936 -0.189478 0.898517
vn 0.524537 0.119446 0.842967
vn 0.509335 -0.294789 0.808503
vn 0.413753 -0.501560 0.759767
vn -0.695884 -0.377046 -0.611214
vn -0.316951 -0.794783 -0.517554
vn -0.695623 -0.456849 -0.554434
vn -0.346401 -0.875729 -0.336311
vn -0.101791 -0.934746 -0.340423
vn -0.504083 -0.863034 0.032765
vn -0.999110 -0.007545 -0.041497
vn -0.950847 -0.037737 -0.307354
vn -0.984202 -0.018879 -0.176038
vn -0.846643 -0.060381 -0.528725
vn -0.406698 -0.498727 -0.765420
vn -0.642267 -0.475970 -0.600787
vn -0.964370 0.090477 0.248605
vn -0.961990 -0.113004 0.248605
vn -0.972712 -0.097936 0.210333
vn -0.962993 -0.268454 -0.024029
vn 0.080919 0.700125 0.709420
vn 0.000000 0.710958 0.703234
vn 0.751996 -0.479198 -0.452627
vn 0.688313 -0.601647 -0.405273
vn 0.755694 -0.576098 -0.311509
vn 0.151963 -0.230411 -0.961155
vn 0.522570 -0.499852 -0.690702
vn 0.718551 -0.384341 -0.579625
vn 0.892328 -0.368081 -0.261280
vn 0.815813 -0.567526 -0.111189
vn -0.564856 -0.188678 0.803330
vn -0.655999 -0.200472 0.727651
vn -0.584487 -0.252807 0.771014
vn -0.620737 -0.156579 0.768225
vn -0.843679 0.536488 -0.019661
vn -0.687668 0.683664 -0.244371
vn -0.229087 0.814886 0.532428
vn -0.355763 0.821930 0.444818
vn -0.065929 0.786027 0.614666
vn 0.073403 0.763303 0.641857
vn 0.195955 0.788354 0.583180
vn 0.994630 -0.090493 0.050227
vn 0.756271 -0.142728 -0.638501
vn 0.994017 0.022660 -0.106846
vn 0.903585 0.052768 0.425147
vn 0.948123 0.037724 0.315658
vn 0.910889 0.052773 0.409263
vn 0.999883 0.000000 -0.015292
vn -0.238877 -0.867174 -0.436974
vn -0.727381 -0.645957 -0.231639
vn -0.291220 -0.879185 -0.377126
vn -0.200382 -0.858525 -0.471999
vn -0.248655 -0.745731 -0.618107
vn -0.278624 -0.623323 -0.730641
vn -0.261110 -0.964753 -0.032765
vn -0.331292 -0.934126 0.132872
vn -0.277304 -0.929185 0.244371
vn 0.041472 -0.937860 0.344528
vn 0.092214 -0.846085 0.525011
vn -0.152150 -0.007475 0.988329
vn -0.381732 -0.085751 0.920287
vn -0.523096 0.007539 0.852240
vn -0.801140 -0.037705 0.597288
vn -0.997403 0.067895 0.024029
vn -0.994357 -0.105524 -0.010923
vn -0.736055 -0.343691 -0.583180
vn -0.797045 -0.420946 -0.433040
vn -0.725481 -0.445018 -0.525011
vn -0.667642 -0.399275 -0.628358
vn -0.127137 -0.484218 -0.865661
vn 0.045289 -0.440538 -0.896591
vn -0.973389 0.067898 -0.218868
vn -0.941654 0.116826 -0.315658
vn -0.997679 0.007553 -0.067674
vn -0.838568 0.359593 0.409263
vn -0.854978 -0.033922 0.517554
vn -0.702772 -0.182777 0.687535
vn -0.474447 -0.283343 0.833437
vn 0.057305 -0.059936 0.996556
vn 0.066455 0.041912 0.996909
vn 0.244483 -0.175772 0.953589
vn -0.020656 0.378585 0.925336
vn -0.137045 0.813425 0.565296
vn -0.189835 0.691492 0.696995
vn -0.101717 0.987029 0.124206
vn -0.052814 0.993330 -0.102500
vn -0.011328 0.877368 -0.479685
vn -0.003778 0.824880 -0.565296
vn 0.037739 0.691250 -0.721629
vn 0.319956 0.901740 0.290677
vn 0.476273 0.731895 0.487334
vn 0.487591 0.616603 0.618107
vn -0.752891 -0.252578 -0.607750
vn -0.799477 -0.231168 -0.554434
vn -0.665195 -0.079159 -0.742462
vn -0.994357 -0.105524 -0.010923
vn -0.982291 -0.064146 -0.176038
vn -0.997403 0.067895 0.024029
vn -0.950252 0.253967 -0.180338
vn -0.831083 0.274801 -0.483514
vn -0.938252 0.187592 -0.290677
vn -0.832877 0.545451 0.093804
vn -0.896586 0.357583 -0.261280
vn -0.998731 0.003776 0.050227
vn -0.998751 0.037730 0.032765
vn -0.996735 0.000000 0.080746
vn 0.951491 0.202503 -0.231639
vn 0.811577 0.359683 -0.460402
vn 0.577995 0.577995 -0.576059
vn 0.682336 0.588977 -0.433040
vn 0.391893 0.734182 -0.554434
vn 0.636545 0.761868 -0.119869
vn 0.874707 0.402674 -0.269705
vn 0.853424 0.510148 0.106846
vn -0.498687 0.097748 -0.861253
vn -0.412025 0.126716 -0.902319
vn -0.439634 0.176990 -0.880566
vn -0.410209 0.221541 -0.884674
vn -0.496112 0.282063 -0.821166
vn 0.510980 0.219807 0.831014
vn 0.540806 -0.030102 0.840609
vn 0.540806 -0.030102 0.840609
vn 0.532782 -0.295996 0.792799
vn -0.761909 -0.056646 -0.645202
vn -0.902328 0.253502 -0.348627
vn -0.746565 0.659847 -0.085100
vn -0.592913 0.711499 -0.377126
vn -0.389616 0.795391 0.464277
vn -0.813053 0.475226 0.336311
vn 0.632009 0.178784 0.754056
vn 0.742826 0.364306 0.561686
vn 0.878362 0.075477 -0.471999
vn 0.781964 0.622217 -0.037131
vn 0.949000 0.311923 -0.045863
vn 0.546798 0.773783 0.319801
vn 0.263817 0.855884 0.444818
vn 0.268301 0.962441 -0.041497
vn 0.251951 0.926917 -0.278110
vn -0.127793 0.874364 0.468142
vn -0.129453 0.741403 0.658456
vn -0.776825 -0.120361 -0.618107
vn -0.800926 -0.150171 -0.579625
vn -0.793851 -0.172341 -0.583180
vn -0.559864 0.003783 -0.828576
vn 0.843949 0.224179 -0.487334
vn 0.759509 0.413060 -0.502521
vn 0.330401 0.345103 -0.878487
vn 0.567082 0.397075 -0.721629
vn 0.638112 0.388044 -0.665007
vn 0.578422 0.683787 -0.444818
vn 0.888297 0.303693 0.344528
vn 0.787497 0.610415 0.085100
vn 0.436635 0.367473 0.821166
vn 0.493438 0.104627 0.863465
vn 0.233912 0.169017 0.957454
vn 0.526386 -0.022564 0.849946
vn -0.007553 -0.817373 -0.576059
vn -0.234847 -0.815658 -0.528725
vn -0.361877 -0.762639 -0.536122
vn -0.476169 -0.749195 -0.460402
vn -0.430003 -0.573843 -0.696995
vn -0.483357 -0.616489 -0.621536
vn 0.045324 -0.416748 -0.907892
vn -0.003781 -0.676340 -0.736580
vn 0.455163 -0.326020 -0.828576
vn 0.444204 0.141545 -0.884674
vn 0.329135 0.278372 -0.902319
vn 0.105443 -0.849129 -0.517554
vn 0.371102 -0.627647 -0.684356
vn 0.298248 -0.864177 -0.405273
vn 0.615571 0.694180 0.373076
vn 0.399246 0.892392 0.210333
vn 0.394719 0.917179 0.054590
vn 0.326028 0.944792 -0.032765
vn 0.567575 0.822275 -0.041497
vn 0.645994 0.763339 -0.002185
vn 0.771511 0.634231 -0.050227
vn 0.888836 -0.457970 0.015292
vn 0.992254 -0.090496 -0.085100
vn 0.888887 -0.457996 0.010923
vn 0.966191 -0.142904 -0.214603
vn -0.007549 0.970711 -0.240131
vn -0.396479 0.917729 -0.024029
vn 0.144909 0.986145 -0.080746
vn -0.152218 0.981571 -0.115530
vn 0.211550 0.953516 -0.214603
vn 0.947787 0.297242 0.115530
vn 0.932278 0.354498 -0.072033
vn 0.952301 0.150447 -0.265495
vn 0.892328 -0.368081 -0.261280
vn 0.884330 -0.374988 -0.278110
vn 0.900399 -0.354057 -0.252835
vn -0.535436 -0.413229 0.736580
vn -0.101067 -0.505682 0.856780
vn -0.101067 -0.505682 0.856780
vn 0.214517 -0.509280 0.833437
vn 0.999351 0.030197 -0.019661
vn -0.704695 0.011315 0.709420
vn -0.725235 -0.190099 0.661738
vn -0.974322 0.030167 0.223129
vn -0.938019 0.037704 0.344528
vn -0.745892 -0.562438 0.356804
vn -0.928467 -0.246179 0.278110
vn -0.901231 -0.406487 0.150174
vn -0.989505 -0.116783 0.085100
vn -0.994498 0.097950 -0.037131
vn -0.965214 -0.261234 0.010923
vn -0.770734 -0.630847 0.089453
vn 0.024596 -0.115102 -0.993049
vn 0.122739 -0.110684 -0.986248
vn 0.065353 -0.113195 -0.991421
vn 0.271021 -0.110724 -0.956184
vn 0.801859 0.317316 -0.506293
vn 0.755796 0.172229 -0.631751
vn 0.658543 0.045292 -0.751179
vn 0.620671 0.142495 -0.771014
vn 0.652809 0.030237 -0.756919
vn -0.924101 -0.300656 -0.235888
vn -0.942880 -0.268273 -0.197500
vn 0.028348 -0.619174 -0.784742
vn -0.705039 -0.437587 -0.558065
vn 0.016943 -0.422829 0.906051
vn 0.567212 -0.337639 0.751179
vn 0.265583 0.276222 0.923670
vn 0.774372 -0.208794 0.597288
vn -0.843746 -0.067920 -0.532428
vn -0.824558 -0.067926 -0.561686
vn -0.827012 -0.067930 -0.558065
vn -0.822088 -0.067921 -0.565296
vn -0.645782 -0.282291 0.709420
vn -0.526833 0.166823 0.833437
vn -0.646331 -0.026385 0.762601
vn -0.345447 0.497914 0.795454
vn -0.867358 -0.168918 -0.468142
vn -0.793307 -0.407176 -0.452627
vn -0.793307 -0.407176 -0.452627
vn -0.618019 -0.680737 -0.393255
vn 0.211461 -0.919202 -0.332193
vn 0.528694 -0.669883 -0.521287
vn 0.187076 -0.766282 -0.614666
vn 0.273273 -0.611614 -0.742462
vn 0.689162 -0.410247 -0.597288
vn -0.272891 -0.302322 -0.913308
vn -0.701060 -0.349583 -0.621536
vn -0.979372 -0.071681 -0.188926
vn -0.976734 0.139220 -0.163120
vn -0.947615 0.315442 0.050227
vn -0.832067 0.472410 0.290677
vn -0.823916 0.551942 -0.128540
vn -0.995364 0.079189 -0.054590
vn -0.959770 0.264656 -0.093804
vn -0.912193 0.403380 -0.072033
vn -0.980259 0.194986 0.032765
vn -0.993065 -0.101719 -0.058953
vn -0.944389 0.304470 -0.124206
vn -0.075355 0.528936 -0.845310
vn 0.284908 0.599076 -0.748288
vn 0.022686 0.461784 -0.886702
vn 0.372042 0.910529 -0.180338
vn 0.098006 0.995068 -0.015292
vn 0.215349 0.975010 0.054590
vn 0.135435 0.970902 -0.197500
vn -0.198406 -0.203760 -0.958706
vn -0.329762 0.822012 -0.464277
vn -0.418591 0.022695 -0.907892
vn -0.418591 0.022695 -0.907892
vn -0.418591 0.022695 -0.907892
vn -0.099859 0.694537 -0.712493
vn -0.099859 0.694537 -0.712493
vn -0.099859 0.694537 -0.712493
vn 0.521529 0.425565 -0.739528
vn 0.521529 0.425565 -0.739528
vn 0.521529 0.425565 -0.739528
vn -0.551108 -0.813751 -0.184634
vn -0.551108 -0.813751 -0.184634
vn -0.551108 -0.813751 -0.184634
vn 0.819796 0.495839 -0.286493
vn 0.819796 0.495839 -0.286493
vn 0.819796 0.495839 -0.286493
vn -0.645710 -0.719012 0.257060
vn -0.645710 -0.719012 0.257060
vn -0.645710 -0.719012 0.257060
vn 0.316084 -0.835904 -0.448727
vn 0.316084 -0.835904 -0.448727
vn 0.316084 -0.835904 -0.448727
vn 0.264684 0.946495 -0.184634
vn -0.344514 0.201813 -0.916832
vn 0.905450 -0.194774 -0.377126
vn 0.905450 -0.194774 -0.377126
vn 0.905450 -0.194774 -0.377126
vn -0.062291 0.650533 -0.756919
vn 0.083704 0.137489 0.986960
vn -0.702772 -0.182777 0.687535
vn -0.629837 -0.309288 0.712493
vn 0.315760 0.722829 -0.614666
vn 0.577995 0.577995 -0.576059
vn 0.391893 0.734182 -0.554434
vn -0.888887 0.457996 -0.010923
vn -0.885353 0.464669 -0.015292
vn -0.839042 0.542481 -0.041497
vn 0.976185 0.067841 0.206059
vn 0.977115 0.052782 0.206059
vn 0.986589 0.037725 0.158808
vn -0.998254 -0.003774 -0.058953
vn -0.998197 -0.011322 -0.058953
vn -0.997987 -0.003773 -0.063314
vn 0.250732 0.796091 0.550793
vn 0.250732 0.796091 0.550793
vn 0.250732 0.796091 0.550793
vn 0.996374 -0.045287 -0.072033
vn 0.996050 -0.045272 -0.076390
vn 0.996374 -0.045287 -0.072033
vn 0.888887 -0.457996 0.010923
vn 0.888836 -0.457970 0.015292
vn 0.839042 -0.542481 0.041497
vn -0.976179 -0.067925 -0.206059
vn -0.977490 -0.045303 -0.206059
vn -0.986589 -0.037725 -0.158808
vn 0.998232 0.007548 0.058953
vn 0.998232 0.007548 0.058953
vn 0.997965 0.007546 0.063314
vn 0.999568 0.007549 0.028397
vn 0.999568 0.007549 0.028397
vn 0.999979 0.000000 0.006554
vn -0.960075 0.030172 0.278110
vn -0.280296 0.110008 0.953589
vn -0.024106 0.115205 0.993049
vn -0.067497 0.111931 0.991421
vn -0.031364 0.113444 0.993049
vn 0.793889 0.067774 0.604274
vn 0.793889 0.067774 0.604274
vn 0.793889 0.067774 0.604274
vn -0.174462 -0.149129 -0.973306
vn -0.999568 -0.007549 -0.028397
vn -0.999597 0.000000 -0.028397
vn -0.999979 0.000000 -0.006554
vn 0.279966 -0.110846 -0.953589
vn 0.024596 -0.115102 -0.993049
vn 0.065353 -0.113195 -0.991421
vn 0.024596 -0.115102 -0.993049
vn -0.793550 -0.071637 -0.604274
vn -0.793550 -0.071637 -0.604274
vn -0.793550 -0.071637 -0.604274
vn -0.999110 -0.007545 -0.041497
vn -0.999110 -0.007545 -0.041497
vn -0.984202 -0.018879 -0.176038
vn 0.999110 0.007545 0.041497
vn 0.999110 0.007545 0.041497
vn 0.984123 0.022654 0.176038
vn -0.985530 0.026405 0.167429
vn -0.985530 0.026405 0.167429
vn -0.985530 0.026405 0.167429
vn -0.042354 0.132774 0.990241
vn -0.042354 0.132774 0.990241
vn -0.042354 0.132774 0.990241
vn 0.988400 0.022642 0.150174
vn 0.988400 0.022642 0.150174
vn 0.988400 0.022642 0.150174
vn -0.266595 0.130771 0.954896
vn 0.349239 0.125334 0.928614
vn -0.107579 0.136615 0.984766
vn -0.517692 -0.116222 -0.847636
vn -0.605975 -0.112824 -0.787443
vn -0.605975 -0.112824 -0.787443
vn -0.999711 0.000000 0.024029
vn -0.999711 0.000000 0.024029
vn -0.999883 0.000000 -0.015292
vn -0.931713 0.067841 0.356804
vn -0.930409 0.064053 0.360882
vn -0.931713 0.067841 0.356804
vn -0.914896 -0.071720 -0.397268
vn -0.914274 -0.079251 -0.397268
vn -0.914274 -0.079251 -0.397268
vn -0.914274 -0.079251 -0.397268
vn -0.914274 -0.079251 -0.397268
vn -0.914274 -0.079251 -0.397268
vn 0.020723 -0.189944 -0.981576
vn 0.018863 -0.198748 -0.979869
vn 0.011359 -0.195028 -0.980732
vn -0.031715 0.201440 0.978987
vn -0.039012 0.204509 0.978087
vn -0.039012 0.204509 0.978087
vn -0.999110 -0.007545 -0.041497
vn -0.995412 -0.018863 -0.093804
vn -0.995412 -0.018863 -0.093804
vn -0.995412 -0.018863 -0.093804
vn -0.995412 -0.018863 -0.093804
vn -0.991352 -0.026432 -0.128540
vn -0.033535 0.214126 0.976230
vn -0.080846 0.214803 0.973306
vn 0.039197 0.217495 0.975274
vn 0.922994 -0.052847 -0.381169
vn 0.959807 -0.037758 -0.278110
vn 0.921318 -0.052820 -0.385205
vn -0.137095 -0.133091 -0.981576
vn -0.424336 -0.126745 -0.896591
vn -0.145118 -0.137104 -0.979869
vn 0.516974 0.119374 0.847636
vn 0.606055 0.112390 0.787443
vn 0.606055 0.112390 0.787443
vn 0.999711 0.000000 -0.024029
vn 0.999711 0.000000 -0.024029
vn 0.999883 0.000000 0.015292
vn 0.931706 -0.067928 -0.356804
vn 0.930136 -0.067901 -0.360882
vn 0.931706 -0.067928 -0.356804
vn 0.914601 0.075387 0.397268
vn 0.914601 0.075387 0.397268
vn 0.914601 0.075387 0.397268
vn 0.914601 0.075387 0.397268
vn 0.914601 0.075387 0.397268
vn 0.912854 0.075342 0.401274
vn -0.014955 0.194785 0.980732
vn -0.024351 0.198151 0.979869
vn -0.014955 0.194785 0.980732
vn 0.032087 -0.201381 -0.978987
vn 0.039458 -0.204423 -0.978087
vn 0.039458 -0.204423 -0.978087
vn 0.997374 -0.007550 -0.072033
vn 0.999998 0.000000 -0.002185
vn 0.999998 0.000000 -0.002185
vn 0.999998 0.000000 -0.002185
vn 0.999998 0.000000 -0.002185
vn 0.998395 0.015099 0.054590
vn 0.045062 -0.212000 -0.976230
vn 0.079483 -0.215311 -0.973306
vn 0.182196 -0.212888 -0.959939
vn -0.669234 0.164354 0.724647
vn -0.857169 0.112848 0.502521
vn -0.678949 0.164359 0.715552
vn 0.944474 -0.075468 -0.319801
vn 0.678882 -0.164636 -0.715552
vn 0.713353 -0.164755 -0.681164
vn 0.233540 0.664968 -0.709420
vn 0.233540 0.664968 -0.709420
vn 0.233540 0.664968 -0.709420
vn -0.276779 -0.569775 0.773790
vn -0.276779 -0.569775 0.773790
vn -0.276779 -0.569775 0.773790
vn -0.272644 -0.220539 -0.936498
vn -0.272644 -0.220539 -0.936498
vn -0.272644 -0.220539 -0.936498
vn 0.440855 0.894322 0.076390
vn 0.440855 0.894322 0.076390
vn 0.440855 0.894322 0.076390
vn 0.382421 -0.140080 0.913308
vn 0.872847 -0.150286 -0.464277
vn 0.383725 0.888161 -0.252835
vn 0.383725 0.888161 -0.252835
vn 0.383725 0.888161 -0.252835
vn 0.124298 0.965839 -0.227387
vn 0.124298 0.965839 -0.227387
vn 0.124298 0.965839 -0.227387
vn -0.629613 -0.740233 0.235888
vn -0.629613 -0.740233 0.235888
vn -0.629613 -0.740233 0.235888
vn 0.824180 0.522325 0.218868
vn 0.824180 0.522325 0.218868
vn 0.824180 0.522325 0.218868
vn -0.357364 -0.178070 0.916832
vn -0.357364 -0.178070 0.916832
vn -0.357364 -0.178070 0.916832
vn -0.510713 0.859416 0.024029
vn -0.510713 0.859416 0.024029
vn -0.510713 0.859416 0.024029
vn -0.988577 -0.101753 -0.111189
vn -0.988577 -0.101753 -0.111189
vn -0.988577 -0.101753 -0.111189
vn 0.473972 0.558003 -0.681164
vn 0.473972 0.558003 -0.681164
vn 0.473972 0.558003 -0.681164
vn -0.601080 -0.671699 0.433040
vn -0.601080 -0.671699 0.433040
vn -0.601080 -0.671699 0.433040
vn 0.523224 0.685495 0.506293
vn 0.523224 0.685495 0.506293
vn 0.523224 0.685495 0.506293
vn -0.902470 0.037724 0.429097
vn -0.902470 0.037724 0.429097
vn -0.902470 0.037724 0.429097
vn 0.185766 0.947219 -0.261280
vn 0.185766 0.947219 -0.261280
vn 0.185766 0.947219 -0.261280
vn -0.883262 0.342892 0.319801
vn -0.883262 0.342892 0.319801
vn -0.883262 0.342892 0.319801
vn -0.377143 -0.909271 0.176038
vn -0.377143 -0.909271 0.176038
vn -0.377143 -0.909271 0.176038
vn 0.771574 0.621168 0.137202
vn 0.771574 0.621168 0.137202
vn 0.771574 0.621168 0.137202
vn -0.632343 0.608313 -0.479685
vn -0.632343 0.608313 -0.479685
vn -0.632343 0.608313 -0.479685
vn 0.638447 0.439631 0.631751
vn 0.638447 0.439631 0.631751
vn 0.638447 0.439631 0.631751
vn 0.099734 0.927263 0.360882
vn 0.099734 0.927263 0.360882
vn 0.099734 0.927263 0.360882
vn -0.007549 -0.970711 -0.240131
vn -0.007549 -0.970711 -0.240131
vn -0.007549 -0.970711 -0.240131
vn 0.087827 0.449971 0.888714
vn 0.087827 0.449971 0.888714
vn 0.087827 0.449971 0.888714
vn 0.449084 0.437061 -0.779295
vn 0.449084 0.437061 -0.779295
vn 0.449084 0.437061 -0.779295
vn -0.949946 -0.090479 0.299027
vn -0.949946 -0.090479 0.299027
vn -0.949946 -0.090479 0.299027
vn -0.289618 -0.582130 -0.759767
vn -0.289618 -0.582130 -0.759767
vn -0.289618 -0.582130 -0.759767
vn 0.015121 -0.500402 -0.865661
vn 0.015121 -0.500402 -0.865661
vn 0.015121 -0.500402 -0.865661
vn 0.352595 0.919069 -0.176038
vn 0.352595 0.919069 -0.176038
vn 0.352595 0.919069 -0.176038
vn -0.144736 -0.939156 0.311509
vn -0.144736 -0.939156 0.311509
vn -0.144736 -0.939156 0.311509
vn -0.759678 -0.351464 -0.547141
vn -0.759678 -0.351464 -0.547141
vn -0.759678 -0.351464 -0.547141
vn -0.318007 -0.356556 0.878487
vn -0.318007 -0.356556 0.878487
vn -0.318007 -0.356556 0.878487
vn -0.716227 0.393921 0.576059
vn -0.514790 -0.572108 0.638501
vn -0.514790 -0.572108 0.638501
vn -0.514790 -0.572108 0.638501
vn -0.080984 -0.837885 0.539805
vn -0.080984 -0.837885 0.539805
vn -0.080984 -0.837885 0.539805
vn 0.086656 0.617192 -0.782026
vn 0.086656 0.617192 -0.782026
vn 0.086656 0.617192 -0.782026
vn -0.659327 0.391545 0.641857
vn 0.001886 0.875335 0.483514
vn 0.001886 0.875335 0.483514
vn 0.001886 0.875335 0.483514
vn -0.992735 0.112939 -0.041497
vn -0.992735 0.112939 -0.041497
vn -0.992735 0.112939 -0.041497
vn 0.879496 -0.007549 -0.475846
vn 0.950123 -0.015096 -0.311509
vn 0.503447 0.716070 -0.483514
vn -0.276767 -0.644790 0.712493
vn -0.276767 -0.644790 0.712493
vn -0.276767 -0.644790 0.712493
vn -0.724089 0.617437 -0.307354
vn -0.724089 0.617437 -0.307354
vn -0.724089 0.617437 -0.307354
vn -0.484841 -0.839769 0.244371
vn 0.263817 0.855884 0.444818
vn 0.546798 0.773783 0.319801
vn 0.296907 0.772241 0.561686
vn -0.289869 0.149180 -0.945368
vn -0.289869 0.149180 -0.945368
vn -0.289869 0.149180 -0.945368
vn 0.124333 -0.212833 -0.969146
vn 0.303996 0.682167 0.665007
vn 0.536941 0.799346 0.269705
vn -0.773584 -0.409613 0.483514
vn 0.887908 0.202106 -0.413246
vn -0.660239 0.208173 -0.721629
vn -0.883598 0.457844 -0.098153
vn -0.944389 0.304470 -0.124206
vn -0.992735 -0.112939 -0.041497
vn -0.937262 0.000000 0.348627
vn -0.997416 -0.033950 0.063314
vn 0.679702 -0.186356 0.709420
vn -0.419996 -0.353511 0.835843
vn -0.497025 -0.340604 0.798095
vn -0.706990 0.211878 0.674740
vn 0.674022 -0.127349 0.727651
vn 0.674022 -0.127349 0.727651
vn 0.674022 -0.127349 0.727651
vn 0.032057 0.961221 0.273910
vn -0.459423 0.570041 -0.681164
vn -0.459423 0.570041 -0.681164
vn -0.459423 0.570041 -0.681164
vn 0.024507 -0.927477 0.373076
vn 0.066049 -0.992079 -0.106846
vn 0.097724 0.737477 0.668264
vn -0.736553 -0.633914 -0.235888
vn 0.187434 0.903596 -0.385205
vn 0.369181 -0.621801 -0.690702
vn 0.369181 -0.621801 -0.690702
vn 0.369181 -0.621801 -0.690702
vn 0.442788 -0.895218 0.050227
vn 0.401369 -0.908601 -0.115530
vn 0.703705 -0.706374 0.076390
vn 0.291651 0.074883 -0.953589
vn -0.639955 -0.767888 -0.028397
vn -0.993540 0.094182 -0.063314
vn 0.536059 0.699899 -0.471999
vn -0.880241 0.440665 -0.176038
vn -0.880241 0.440665 -0.176038
vn -0.880241 0.440665 -0.176038
vn -0.983508 -0.139155 0.115530
vn 0.658282 -0.327167 0.677958
vn 0.658282 -0.327167 0.677958
vn 0.658282 -0.327167 0.677958
vn -0.800926 -0.150171 -0.579625
vn 0.223759 -0.610480 -0.759767
vn 0.259880 -0.780270 -0.568894
vn 0.208056 -0.425812 -0.880566
vn -0.748731 -0.635380 -0.188926
vn -0.101746 -0.784898 -0.611214
vn 0.527650 -0.798181 -0.290677
vn 0.852226 0.366778 0.373076
vn 0.444211 0.751786 0.487334
vn 0.484402 -0.334182 -0.808503
vn 0.746047 -0.537368 -0.393255
vn 0.639277 -0.756638 -0.137202
vn -0.317470 0.167278 -0.933398
vn -0.317470 0.167278 -0.933398
vn -0.317470 0.167278 -0.933398
vn 0.532137 -0.476089 -0.700121
vn 0.925263 -0.361305 -0.115530
vn 0.490016 0.628281 0.604274
vn 0.678942 -0.265885 -0.684356
vn -0.316951 -0.794783 -0.517554
vn 0.022657 -0.908523 -0.417221
vn -0.101791 -0.934746 -0.340423
vn 0.623616 -0.495939 0.604274
vn 0.990983 -0.067867 0.115530
vn 0.093187 -0.384121 0.918568
vn 0.093187 -0.384121 0.918568
vn 0.093187 -0.384121 0.918568
vn 0.744284 -0.644245 0.176038
vn 0.744284 -0.644245 0.176038
vn 0.744284 -0.644245 0.176038
vn 0.085930 0.410304 0.907892
vn 0.085930 0.410304 0.907892
vn 0.085930 0.410304 0.907892
vn -0.994650 0.097965 0.032765
vn -0.994650 0.097965 0.032765
vn -0.994650 0.097965 0.032765
vn -0.231777 0.971884 0.041497
vn -0.231777 0.971884 0.041497
vn -0.231777 0.971884 0.041497
vn 0.276028 0.543396 0.792799
vn 0.276028 0.543396 0.792799
vn 0.276028 0.543396 0.792799
vn 0.902144 0.216683 0.373076
vn 0.902144 0.216683 0.373076
vn 0.902144 0.216683 0.373076
vn 0.108445 -0.504152 0.856780
vn 0.005644 -0.362875 0.931821
vn 0.005644 -0.362875 0.931821
vn 0.005644 -0.362875 0.931821
vn 0.056586 0.711778 -0.700121
vn -0.492917 -0.011305 0.870003
vn 0.487828 -0.734331 0.471999
vn -0.610692 0.722578 0.323938
vn 0.826220 -0.387122 0.409263
vn 0.083968 -0.394436 0.915079
vn -0.939642 -0.150353 0.307354
vn -0.270358 -0.553932 -0.787443
vn 0.684730 0.369203 0.628358
vn 0.782041 -0.323932 -0.532428
vn 0.782041 -0.323932 -0.532428
vn 0.782041 -0.323932 -0.532428
vn 0.573038 0.037638 0.818664
vn 0.573038 0.037638 0.818664
vn 0.573038 0.037638 0.818664
vn 0.517307 -0.855730 0.010923
vn 0.517307 -0.855730 0.010923
vn 0.517307 -0.855730 0.010923
vn -0.857074 0.037736 -0.513810
vn 0.756891 -0.179674 -0.628358
vn 0.756891 -0.179674 -0.628358
vn 0.756891 -0.179674 -0.628358
vn 0.956700 0.209786 0.201782
vn 0.143875 -0.525989 -0.838234
vn 0.143875 -0.525989 -0.838234
vn 0.143875 -0.525989 -0.838234
vn 0.802326 0.201946 -0.561686
vn 0.802326 0.201946 -0.561686
vn 0.802326 0.201946 -0.561686
vn -0.005670 -0.208119 -0.978087
vn -0.174462 -0.149129 -0.973306
vn -0.274739 -0.026465 -0.961155
vn 0.809251 0.528235 -0.257060
vn 0.140782 -0.399064 -0.906051
vn 0.140782 -0.399064 -0.906051
vn 0.140782 -0.399064 -0.906051
vn 0.769409 0.067947 -0.635132
vn 0.769409 0.067947 -0.635132
vn 0.769409 0.067947 -0.635132
vn 0.725152 -0.201473 -0.658456
vn 0.000000 0.676351 0.736580
vn -0.466666 -0.853561 0.231639
vn -0.466666 -0.853561 0.231639
vn -0.466666 -0.853561 0.231639
vn 0.290085 -0.956280 -0.037131
vn 0.437432 -0.835644 0.332193
vn -0.808396 -0.566813 0.158808
vn -0.249092 -0.451533 0.856780
vn -0.011314 -0.938708 0.344528
vn -0.836310 -0.532975 -0.128540
vn -0.924919 -0.347358 -0.154492
vn -0.909356 -0.293483 -0.294855
vn 0.047183 0.937590 -0.344528
vn -0.664503 0.142273 0.733618
vn -0.569819 -0.071377 0.818664
vn -0.575710 -0.633006 0.517554
vn -0.575710 -0.633006 0.517554
vn -0.575710 -0.633006 0.517554
vn -0.877362 0.412939 0.244371
vn -0.877362 0.412939 0.244371
vn -0.877362 0.412939 0.244371
vn -0.402489 -0.752504 -0.521287
vn -0.402489 -0.752504 -0.521287
vn -0.402489 -0.752504 -0.521287
vn -0.917323 -0.231479 0.323938
vn -0.808486 -0.366579 -0.460402
vn 0.623735 -0.673152 -0.397268
vn 0.623735 -0.673152 -0.397268
vn 0.623735 -0.673152 -0.397268
vn 0.379556 -0.391536 0.838234
vn 0.302046 -0.885640 0.352719
vn -0.005670 -0.208119 -0.978087
vn -0.112665 -0.595449 -0.795454
vn -0.174462 -0.149129 -0.973306
vn -0.564110 -0.811118 -0.154492
vn -0.564110 -0.811118 -0.154492
vn -0.564110 -0.811118 -0.154492
vn -0.568903 -0.809368 -0.145853
vn -0.568903 -0.809368 -0.145853
vn -0.568903 -0.809368 -0.145853
vn -0.369564 0.745671 0.554434
vn -0.369564 0.745671 0.554434
vn -0.369564 0.745671 0.554434
vn -0.818943 0.075440 -0.568894
vn -0.891412 -0.086729 -0.444818
vn 0.503447 0.716070 -0.483514
vn -0.204053 0.059205 0.977168
vn -0.973389 0.067898 -0.218868
vn -0.078495 -0.387390 0.918568
vn -0.078495 -0.387390 0.918568
vn -0.078495 -0.387390 0.918568
vn -0.839603 -0.542844 0.019661
vn -0.839603 -0.542844 0.019661
vn -0.839603 -0.542844 0.019661
vn -0.821949 -0.404202 0.401274
vn 0.069051 -0.164265 0.983996
vn -0.065326 -0.315171 0.946784
vn 0.059955 -0.349659 0.934957
vn 0.005521 -0.078374 0.996909
vn 0.722201 -0.642142 -0.257060
vn 0.680684 -0.157019 0.715552
vn 0.688697 -0.149729 0.709420
vn 0.152292 -0.916860 -0.369018
vn 0.152292 -0.916860 -0.369018
vn 0.152292 -0.916860 -0.369018
vn 0.659294 -0.461258 -0.593778
vn 0.284145 -0.205508 -0.936498
vn 0.284145 -0.205508 -0.936498
vn 0.284145 -0.205508 -0.936498
vn -0.644869 0.756788 0.106846
vn 0.747391 -0.619471 0.240131
vn -0.465366 -0.108146 0.878487
vn -0.465366 -0.108146 0.878487
vn -0.465366 -0.108146 0.878487
vn 0.028310 0.796273 -0.604274
vn 0.028310 0.796273 -0.604274
vn 0.028310 0.796273 -0.604274
vn 0.881925 -0.437286 0.176038
vn 0.881925 -0.437286 0.176038
vn 0.881925 -0.437286 0.176038
vn -0.649385 -0.466213 0.600787
vn -0.703101 -0.276429 0.655161
vn -0.388119 -0.074804 0.918568
vn -0.159269 -0.741431 -0.651854
vn -0.159269 -0.741431 -0.651854
vn -0.238457 -0.802356 -0.547141
vn -0.967878 0.191320 0.163120
vn 0.548978 -0.142203 -0.823652
vn 0.637126 0.767783 -0.067674
vn 0.637126 0.767783 -0.067674
vn 0.637126 0.767783 -0.067674
vn -0.086599 -0.534675 -0.840609
vn -0.433609 -0.365487 -0.823652
vn 0.694525 -0.449605 0.561686
vn 0.694525 -0.449605 0.561686
vn 0.694525 -0.449605 0.561686
vn -0.164507 -0.200267 0.965832
vn -0.140319 -0.658338 0.739528
vn 0.137116 -0.214937 0.966955
vn -0.302899 0.504555 0.808503
vn -0.178276 0.582827 0.792799
vn -0.178276 0.582827 0.792799
vn -0.178276 0.582827 0.792799
vn -0.588490 -0.788136 -0.180338
vn -0.770738 -0.602912 -0.206059
vn 0.153550 -0.423714 -0.892687
vn -0.817330 0.011312 0.576059
vn 0.631558 -0.731474 0.257060
vn 0.631558 -0.731474 0.257060
vn 0.631558 -0.731474 0.257060
vn -0.744688 -0.108975 0.658456
vn -0.936582 -0.064146 -0.344528
vn -0.583572 -0.328927 -0.742462
vn -0.583572 -0.328927 -0.742462
vn -0.583572 -0.328927 -0.742462
vn -0.719231 -0.201178 0.665007
vn -0.719231 -0.201178 0.665007
vn -0.719231 -0.201178 0.665007
vn 0.985027 0.015097 0.171735
vn 0.985027 0.015097 0.171735
vn 0.985027 0.015097 0.171735
vn -0.392618 0.272235 0.878487
vn -0.939642 -0.150353 0.307354
vn -0.337772 -0.700769 -0.628358
vn -0.037705 0.801140 0.597288
vn -0.037705 0.801140 0.597288
vn -0.037705 0.801140 0.597288
vn 0.825514 0.554995 -0.102500
vn 0.825514 0.554995 -0.102500
vn 0.825514 0.554995 -0.102500
vn -0.377782 0.172338 -0.909715
vn -0.377782 0.172338 -0.909715
vn -0.377782 0.172338 -0.909715
vn -0.223991 0.850528 0.475846
vn 0.909093 0.375537 -0.180338
vn 0.909093 0.375537 -0.180338
vn 0.909093 0.375537 -0.180338
vn -0.561244 0.821279 0.102500
vn -0.561244 0.821279 0.102500
vn -0.561244 0.821279 0.102500
vn 0.082827 -0.186342 -0.978987
vn 0.549562 -0.178564 -0.816147
vn 0.362919 0.000000 -0.931821
vn 0.743395 -0.668678 0.015292
vn 0.743395 -0.668678 0.015292
vn 0.890866 -0.430215 0.145853
vn 0.540892 -0.833710 -0.111189
vn 0.743395 -0.668678 0.015292
vn 0.743395 -0.668678 0.015292
vn -0.907392 -0.389128 -0.158808
vn -0.907392 -0.389128 -0.158808
vn -0.907392 -0.389128 -0.158808
vn -0.674312 -0.398743 0.621536
vn -0.339202 -0.703119 0.624953
vn -0.156148 0.085843 0.983996
vn -0.156148 0.085843 0.983996
vn -0.156148 0.085843 0.983996
vn 0.670372 0.389220 -0.631751
vn 0.476428 -0.140961 0.867840
vn -0.013162 -0.288285 0.957454
vn -0.013162 -0.288285 0.957454
vn -0.013162 -0.288285 0.957454
vn -0.194306 0.137456 0.971263
vn -0.886938 0.307638 -0.344528
vn -0.169802 -0.627631 -0.759767
vn -0.026451 -0.622684 -0.782026
vn -0.251483 -0.304941 -0.918568
vn -0.413668 -0.902502 0.119869
vn -0.291845 -0.954368 0.063314
vn -0.690312 -0.722321 0.041497
vn 0.358335 -0.201810 0.911520
vn 0.679702 -0.186356 0.709420
vn -0.752651 -0.489002 -0.440900
vn 0.378300 -0.735798 -0.561686
vn 0.378300 -0.735798 -0.561686
vn 0.378300 -0.735798 -0.561686
vn -0.736056 -0.142562 -0.661738
vn -0.736056 -0.142562 -0.661738
vn -0.736056 -0.142562 -0.661738
vn 0.774372 -0.208794 0.597288
vn 0.531785 -0.511792 0.674740
vn -0.542515 -0.579929 -0.607750
vn -0.542515 -0.579929 -0.607750
vn -0.542515 -0.579929 -0.607750
vn -0.018877 0.271152 -0.962351
vn 0.571962 -0.762190 -0.303194
vn 0.174112 -0.741005 -0.648534
vn 0.174112 -0.741005 -0.648534
vn 0.174112 -0.741005 -0.648534
vn 0.970007 -0.037734 0.240131
vn 0.953132 0.067826 0.294855
vn 0.953132 0.067826 0.294855
vn 0.530363 -0.015117 -0.847636
vn -0.423846 0.904973 -0.037131
vn 0.922792 0.172500 0.344528
vn 0.953132 0.067826 0.294855
vn 0.953132 0.067826 0.294855
vn -0.243127 -0.775106 0.583180
vn -0.243127 -0.775106 0.583180
vn -0.243127 -0.775106 0.583180
vn 0.716195 0.677520 0.167429
vn 0.480306 -0.564254 0.671508
vn -0.437950 0.218073 0.872149
vn -0.419996 -0.353511 0.835843
vn -0.177612 -0.527133 0.831014
vn 0.509950 -0.782715 0.356804
vn 0.073507 -0.479827 -0.874278
vn -0.129453 0.741403 0.658456
vn 0.263817 0.855884 0.444818
vn 0.296907 0.772241 0.561686
vn -0.159269 -0.741431 -0.651854
vn -0.073528 -0.665840 -0.742462
vn -0.159269 -0.741431 -0.651854
vn 0.028316 0.955123 -0.294855
vn 0.503447 0.716070 -0.483514
vn 0.067913 0.997670 -0.006554
vn -0.110409 0.585211 0.803330
vn 0.181931 0.332648 0.925336
vn -0.843679 0.536488 -0.019661
vn -0.616717 0.787182 -0.002185
vn -0.550742 0.833163 -0.050227
vn -0.591296 0.270413 0.759767
vn -0.591296 0.270413 0.759767
vn -0.591296 0.270413 0.759767
vn -0.589499 -0.274309 -0.759767
vn -0.589499 -0.274309 -0.759767
vn -0.589499 -0.274309 -0.759767
vn -0.725331 0.666634 -0.171735
vn -0.725331 0.666634 -0.171735
vn -0.725331 0.666634 -0.171735
vn 0.327019 0.864736 -0.381169
vn 0.327019 0.864736 -0.381169
vn 0.327019 0.864736 -0.381169
vn 0.477097 0.319636 0.818664
vn 0.477097 0.319636 0.818664
vn 0.477097 0.319636 0.818664
vn 0.902041 -0.289913 -0.319801
vn -0.976887 0.187581 0.102500
vn -0.245008 -0.202296 -0.948181
vn 0.784792 -0.045219 0.618107
vn -0.188932 0.076737 0.978987
vn -0.662241 0.222312 0.715552
vn -0.392618 0.272235 0.878487
vn 0.045265 -0.998285 0.037131
vn 0.045265 -0.998285 0.037131
vn 0.045265 -0.998285 0.037131
vn 0.472153 0.631868 -0.614666
vn 0.472153 0.631868 -0.614666
vn 0.472153 0.631868 -0.614666
vn 0.886119 0.142832 -0.440900
vn 0.661552 -0.105353 -0.742462
vn 0.974058 0.037751 -0.223129
vn -0.281207 0.951000 -0.128540
vn 0.616655 0.090397 -0.782026
vn 0.353475 -0.030188 -0.934957
vn 0.395434 0.097466 -0.913308
vn -0.239582 -0.073901 0.968060
vn -0.239582 -0.073901 0.968060
vn -0.239582 -0.073901 0.968060
vn 0.805927 0.352211 -0.475846
vn -0.533249 -0.265155 0.803330
vn -0.341055 0.641074 -0.687535
vn -0.341055 0.641074 -0.687535
vn -0.341055 0.641074 -0.687535
vn -0.556123 -0.231887 -0.798095
vn -0.556123 -0.231887 -0.798095
vn -0.556123 -0.231887 -0.798095
vn 0.028139 0.337196 0.941014
vn 0.581576 0.305235 -0.754056
vn 0.581576 0.305235 -0.754056
vn 0.581576 0.305235 -0.754056
vn 0.199805 0.273077 -0.941014
vn 0.199805 0.273077 -0.941014
vn 0.199805 0.273077 -0.941014
vn -0.904482 0.343491 0.252835
vn -0.904482 0.343491 0.252835
vn -0.904482 0.343491 0.252835
vn 0.393583 0.257022 -0.882628
vn 0.045272 0.998437 -0.032765
vn 0.045272 0.998437 -0.032765
vn 0.045272 0.998437 -0.032765
vn 0.892676 -0.275354 -0.356804
vn 0.892676 -0.275354 -0.356804
vn 0.892676 -0.275354 -0.356804
vn 0.992272 -0.045264 0.115530
vn 0.659085 0.623064 -0.421188
vn 0.444586 0.460624 -0.768225
vn -0.608442 0.581730 -0.539805
vn 0.825575 0.475920 -0.303194
vn 0.825575 0.475920 -0.303194
vn 0.825575 0.475920 -0.303194
vn 0.803048 -0.208992 0.558065
vn 0.490991 -0.800142 0.344528
vn -0.270257 0.956346 -0.111189
vn -0.803355 0.045250 0.593778
vn 0.684531 -0.613814 -0.393255
vn 0.684531 -0.613814 -0.393255
vn 0.684531 -0.613814 -0.393255
vn -0.306230 0.944921 -0.115530
vn -0.306230 0.944921 -0.115530
vn -0.306230 0.944921 -0.115530
vn 0.730495 -0.105376 -0.674740
vn 0.730495 -0.105376 -0.674740
vn 0.730495 -0.105376 -0.674740
vn 0.821705 0.568065 -0.045863
vn 0.821705 0.568065 -0.045863
vn 0.821705 0.568065 -0.045863
vn 0.574078 0.112272 0.811067
vn 0.574078 0.112272 0.811067
vn 0.574078 0.112272 0.811067
vn 0.544011 0.037622 0.838234
vn 0.033928 -0.361329 -0.931821
vn 0.284718 0.939810 0.188926
vn 0.284718 0.939810 0.188926
vn 0.284718 0.939810 0.188926
vn 0.647391 0.060324 -0.759767
vn 0.229538 0.833538 -0.502521
vn 0.024541 -0.996070 0.085100
vn 0.024541 -0.996070 0.085100
vn 0.024541 -0.996070 0.085100
vn -0.202017 0.856014 0.475846
vn -0.799383 0.470958 0.373076
vn -0.315424 -0.931658 -0.180338
vn -0.250113 -0.950449 -0.184634
vn -0.346653 -0.886208 -0.307354
vn -0.985768 -0.015108 -0.167429
vn -0.985768 -0.015108 -0.167429
vn -0.985768 -0.015108 -0.167429
vn -0.659277 0.495777 0.565296
vn -0.312656 -0.606967 -0.730641
vn -0.312656 -0.606967 -0.730641
vn -0.312656 -0.606967 -0.730641
vn 0.945913 -0.135309 0.294855
vn -0.155936 0.881942 -0.444818
vn -0.155936 0.881942 -0.444818
vn -0.155936 0.881942 -0.444818
vn 0.788880 -0.565690 0.240131
vn 0.863529 -0.484032 0.141528
vn 0.863529 -0.484032 0.141528
vn 0.863529 -0.484032 0.141528
vn -0.528368 0.739428 0.417221
vn 0.630795 -0.127396 0.765420
vn 0.996278 -0.030177 0.080746
vn -0.352927 -0.415700 -0.838234
vn -0.450915 -0.491000 -0.745382
vn -0.799539 0.090358 0.593778
vn -0.799539 0.090358 0.593778
vn -0.799539 0.090358 0.593778
vn -0.526837 -0.397710 -0.751179
vn 0.037740 -0.998999 -0.024029
vn -0.774585 0.030151 0.631751
vn -0.932862 0.311844 -0.180338
vn -0.932862 0.311844 -0.180338
vn -0.932862 0.311844 -0.180338
vn -0.681997 -0.727355 -0.076390
vn -0.638364 -0.765016 -0.085100
vn -0.719793 -0.522961 -0.456519
vn -0.598059 -0.149199 0.787443
vn -0.134878 -0.273862 -0.952264
vn 0.181723 0.851912 0.491145
vn 0.181723 0.851912 0.491145
vn 0.181723 0.851912 0.491145
vn 0.898155 0.318420 -0.303194
vn 0.898155 0.318420 -0.303194
vn 0.898155 0.318420 -0.303194
vn 0.047182 0.903894 -0.425147
vn 0.047182 0.903894 -0.425147
vn 0.047182 0.903894 -0.425147
vn 0.551335 0.097428 0.828576
vn 0.551335 0.097428 0.828576
vn 0.551335 0.097428 0.828576
vn -0.043420 -0.668479 -0.742462
vn -0.180435 0.621195 0.762601
vn -0.180435 0.621195 0.762601
vn -0.180435 0.621195 0.762601
vn 0.420394 -0.894092 -0.154492
vn 0.420394 -0.894092 -0.154492
vn 0.420394 -0.894092 -0.154492
vn -0.884175 -0.079144 0.460402
vn -0.884175 -0.079144 0.460402
vn -0.884175 -0.079144 0.460402
vn -0.013197 -0.817301 0.576059
vn -0.831283 0.098008 -0.547141
vn 0.148483 0.871089 -0.468142
vn 0.148483 0.871089 -0.468142
vn 0.148483 0.871089 -0.468142
vn -0.364585 0.822272 0.436974
vn -0.364585 0.822272 0.436974
vn -0.364585 0.822272 0.436974
vn 0.567673 -0.822416 0.037131
vn 0.300532 0.409785 -0.861253
vn 0.300532 0.409785 -0.861253
vn 0.300532 0.409785 -0.861253
vn -0.757055 0.079190 -0.648534
vn 0.655934 -0.736015 -0.167429
vn 0.655934 -0.736015 -0.167429
vn 0.655934 -0.736015 -0.167429
vt 0.698402 0.755768
vt 0.714333 0.749354
vt 0.709347 0.758067
vt 0.713725 0.765934
vt 0.697916 0.774163
vt 0.692565 0.792557
vt 0.835698 0.781303
vt 0.830468 0.800544
vt 0.824875 0.793041
vt 0.819402 0.812404
vt 0.403868 0.554638
vt 0.402043 0.530918
vt 0.401679 0.521963
vt 0.402043 0.518212
vt 0.457618 0.847862
vt 0.440836 0.831767
vt 0.452997 0.832009
vt 0.463334 0.814582
vt 0.437796 0.818939
vt 0.449471 0.808895
vt 0.466617 0.783239
vt 0.443512 0.803570
vt 0.454943 0.782997
vt 0.439742 0.794978
vt 0.431473 0.805506
vt 0.616195 0.872428
vt 0.605858 0.863473
vt 0.614979 0.852340
vt 0.604764 0.843505
vt 0.613277 0.838302
vt 0.624465 0.835276
vt 0.636139 0.810952
vt 0.633828 0.846168
vt 0.641854 0.845805
vt 0.624465 0.861779
vt 0.630059 0.875696
vt 0.622032 0.814824
vt 0.614979 0.802239
vt 0.627505 0.800786
vt 0.608291 0.826321
vt 0.604764 0.843505
vt 0.008398 0.391507
vt 0.008398 0.391507
vt 0.005845 0.391507
vt 0.005845 0.391507
vt 0.501884 0.804417
vt 0.513193 0.821843
vt 0.497019 0.816761
vt 0.493736 0.837939
vt 0.482913 0.821117
vt 0.486318 0.809379
vt 0.501884 0.804417
vt 0.496290 0.791952
vt 0.471846 0.813977
vt 0.479265 0.790742
vt 0.482913 0.821117
vt 0.481940 0.836607
vt 0.464550 0.856091
vt 0.479265 0.790742
vt 0.483034 0.771016
vt 0.452997 0.832009
vt 0.887381 0.072385
vt 0.903190 0.076742
vt 0.922161 0.087633
vt 0.956819 0.092474
vt 0.599048 0.805869
vt 0.599657 0.794736
vt 0.608534 0.810831
vt 0.422352 0.086302
vt 0.430865 0.076379
vt 0.434026 0.087391
vt 0.435121 0.065971
vt 0.005845 0.391507
vt 0.005845 0.391507
vt 0.008398 0.391507
vt 0.008398 0.391507
vt 0.421622 0.684731
vt 0.431473 0.668152
vt 0.426365 0.686788
vt 0.444241 0.664521
vt 0.449592 0.685699
vt 0.450200 0.682311
vt 0.444485 0.654356
vt 0.451295 0.667426
vt 0.650124 0.547619
vt 0.641854 0.561657
vt 0.633707 0.549434
vt 0.622884 0.556695
vt 0.628356 0.571217
vt 0.644895 0.571338
vt 0.634193 0.575332
vt 0.614128 0.563835
vt 0.611817 0.548345
vt 0.628842 0.541326
vt 0.633707 0.549434
vt 0.637720 0.532129
vt 0.224739 0.336081
vt 0.214159 0.348909
vt 0.210268 0.339833
vt 0.198715 0.344915
vt 0.201025 0.337533
vt 0.181933 0.336807
vt 0.193364 0.332088
vt 0.214038 0.329909
vt 0.224739 0.336081
vt 0.759449 0.205867
vt 0.766259 0.171861
vt 0.803715 0.213370
vt 0.820253 0.154193
vt 0.818308 0.184568
vt 0.834360 0.152740
vt 0.834238 0.168836
vt 0.845061 0.132046
vt 0.876558 0.122244
vt 0.874612 0.097315
vt 0.903920 0.109779
vt 0.919121 0.096588
vt 0.922283 0.103971
vt 0.956819 0.092474
vt 0.800674 0.145600
vt 0.848223 0.114862
vt 0.844940 0.103365
vt 0.875950 0.083761
vt 0.922161 0.087633
vt 0.783285 0.117887
vt 0.781825 0.138581
vt 0.772340 0.124664
vt 0.767476 0.138097
vt 0.739992 0.120792
vt 0.737074 0.127811
vt 0.700834 0.126117
vt 0.692443 0.134225
vt 0.767719 0.153587
vt 0.759571 0.163753
vt 0.728926 0.150320
vt 0.748140 0.168473
vt 0.022991 0.388966
vt 0.046218 0.385698
vt 0.039408 0.403488
vt 0.059960 0.394048
vt 0.056069 0.406634
vt 0.080998 0.437856
vt 0.064095 0.423213
vt 0.057650 0.448022
vt 0.033450 0.427691
vt 0.036733 0.448506
vt 0.019221 0.406876
vt 0.283476 0.172224
vt 0.269126 0.156250
vt 0.287002 0.159033
vt 0.273869 0.141486
vt 0.259154 0.139792
vt 0.254168 0.164842
vt 0.240548 0.145600
vt 0.242859 0.155282
vt 0.281773 0.132167
vt 0.252709 0.118735
vt 0.236535 0.130473
vt 0.236413 0.114015
vt 0.240913 0.102397
vt 0.234346 0.092716
vt 0.254290 0.085576
vt 0.231063 0.078920
vt 0.239697 0.065124
vt 0.223888 0.063309
vt 0.238724 0.048061
vt 0.226320 0.142454
vt 0.207957 0.151651
vt 0.233860 0.160122
vt 0.210511 0.163027
vt 0.225104 0.168110
vt 0.215618 0.180211
vt 0.224982 0.197275
vt 0.210997 0.187835
vt 0.217807 0.203810
vt 0.208079 0.131804
vt 0.218051 0.133015
vt 0.224982 0.120792
vt 0.227050 0.108932
vt 0.216226 0.118493
vt 0.218659 0.108448
vt 0.204674 0.116435
vt 0.203701 0.103849
vt 0.218051 0.095620
vt 0.217321 0.087270
vt 0.227050 0.108932
vt 0.584334 0.695139
vt 0.574970 0.701189
vt 0.566214 0.686183
vt 0.554540 0.690540
vt 0.558553 0.670693
vt 0.526935 0.679527
vt 0.542987 0.666458
vt 0.527543 0.671903
vt 0.538974 0.656776
vt 0.531434 0.655203
vt 0.572781 0.707482
vt 0.543717 0.697438
vt 0.520733 0.700584
vt 0.506262 0.687514
vt 0.503708 0.716922
vt 0.492520 0.703489
vt 0.509667 0.668273
vt 0.521949 0.651209
vt 0.532894 0.642012
vt 0.489723 0.683642
vt 0.491061 0.668152
vt 0.501884 0.658470
vt 0.762003 0.491104
vt 0.763098 0.516033
vt 0.753369 0.503932
vt 0.746194 0.518454
vt 0.547487 0.629668
vt 0.535691 0.635114
vt 0.532407 0.619745
vt 0.520733 0.622891
vt 0.517693 0.609580
vt 0.498843 0.615267
vt 0.497627 0.598083
vt 0.516477 0.593000
vt 0.534961 0.600987
vt 0.716400 0.822206
vt 0.695970 0.847257
vt 0.704361 0.827168
vt 0.689160 0.841206
vt 0.698159 0.821601
vt 0.692565 0.860690
vt 0.705699 0.849556
vt 0.706063 0.862263
vt 0.719076 0.854881
vt 0.716400 0.822206
vt 0.726129 0.852461
vt 0.723453 0.883441
vt 0.713846 0.872913
vt 0.733790 0.883562
vt 0.743762 0.864804
vt 0.748383 0.878721
vt 0.755072 0.866862
vt 0.599657 0.794736
vt 0.588104 0.804054
vt 0.588833 0.789895
vt 0.576551 0.796551
vt 0.592117 0.822932
vt 0.576916 0.815187
vt 0.564269 0.798850
vt 0.556850 0.830678
vt 0.568160 0.832251
vt 0.566579 0.851735
vt 0.552108 0.865651
vt 0.543352 0.860690
vt 0.548581 0.831041
vt 0.541649 0.819544
vt 0.530218 0.838907
vt 0.529367 0.823054
vt 0.513193 0.821843
vt 0.520125 0.815308
vt 0.501884 0.804417
vt 0.509423 0.797035
vt 0.550405 0.798366
vt 0.533867 0.797761
vt 0.541528 0.778882
vt 0.716400 0.822206
vt 0.710441 0.813977
vt 0.689403 0.804901
vt 0.702415 0.804901
vt 0.402043 0.518212
vt 0.395233 0.506352
vt 0.401679 0.521963
vt 0.389153 0.481059
vt 0.404232 0.505021
vt 0.412137 0.528498
vt 0.412259 0.551612
vt 0.403868 0.554638
vt 0.415907 0.584529
vt 0.406543 0.579325
vt 0.425149 0.570370
vt 0.425392 0.595300
vt 0.420285 0.597236
vt 0.423325 0.622407
vt 0.414812 0.614904
vt 0.401435 0.625796
vt 0.391950 0.612000
vt 0.387207 0.623860
vt 0.408854 0.640560
vt 0.382708 0.634146
vt 0.430135 0.657260
vt 0.419433 0.665973
vt 0.402652 0.658349
vt 0.407394 0.679164
vt 0.389761 0.700342
vt 0.393774 0.671298
vt 0.398760 0.652299
vt 0.408854 0.640560
vt 0.401071 0.645159
vt 0.633707 0.549434
vt 0.647084 0.536001
vt 0.650124 0.547619
vt 0.651583 0.535880
vt 0.120886 0.302196
vt 0.136938 0.318897
vt 0.141681 0.363794
vt 0.150558 0.329546
vt 0.170502 0.347699
vt 0.169529 0.332814
vt 0.188013 0.355323
vt 0.169286 0.309457
vt 0.120886 0.302196
vt 0.186797 0.319865
vt 0.183514 0.309578
vt 0.166002 0.292878
vt 0.186797 0.299413
vt 0.200053 0.298203
vt 0.204309 0.305585
vt 0.150072 0.300865
vt 0.124777 0.285254
vt 0.116873 0.268917
vt 0.129520 0.261051
vt 0.135357 0.281623
vt 0.144235 0.272184
vt 0.145937 0.284528
vt 0.155544 0.281502
vt 0.163449 0.271821
vt 0.159922 0.257541
vt 0.142654 0.258872
vt 0.146302 0.247739
vt 0.130858 0.245197
vt 0.116873 0.268917
vt 0.114927 0.239389
vt 0.099726 0.243503
vt 0.162111 0.241325
vt 0.181082 0.260688
vt 0.174637 0.280534
vt 0.204430 0.292273
vt 0.181447 0.247134
vt 0.167583 0.228255
vt 0.192513 0.233580
vt 0.184244 0.218574
vt 0.196891 0.217363
vt 0.192270 0.208408
vt 0.202728 0.206835
vt 0.200661 0.200421
vt 0.203944 0.193644
vt 0.210997 0.187835
vt 0.197012 0.190014
vt 0.195796 0.183116
vt 0.191662 0.190377
vt 0.182298 0.191345
vt 0.205039 0.225472
vt 0.204066 0.240357
vt 0.193851 0.244108
vt 0.197742 0.251490
vt 0.191175 0.261172
vt 0.183149 0.277630
vt 0.204430 0.292273
vt 0.198715 0.274362
vt 0.209660 0.267222
vt 0.206984 0.284044
vt 0.219267 0.285375
vt 0.479265 0.365730
vt 0.459564 0.371176
vt 0.466009 0.353508
vt 0.454092 0.357743
vt 0.455186 0.343947
vt 0.434634 0.346005
vt 0.425392 0.358106
vt 0.429284 0.333419
vt 0.409705 0.345036
vt 0.400463 0.363673
vt 0.383194 0.362221
vt 0.382221 0.379647
vt 0.418339 0.367667
vt 0.401800 0.379889
vt 0.390612 0.397800
vt 0.431594 0.381099
vt 0.412259 0.394169
vt 0.430865 0.415226
vt 0.410313 0.415468
vt 0.421987 0.424787
vt 0.446552 0.370692
vt 0.451416 0.384246
vt 0.459564 0.371176
vt 0.465644 0.384972
vt 0.465766 0.398405
vt 0.463456 0.404819
vt 0.488020 0.387876
vt 0.484007 0.403004
vt 0.464064 0.420672
vt 0.485588 0.423455
vt 0.472455 0.430958
vt 0.494344 0.434105
vt 0.453727 0.438098
vt 0.487534 0.439672
vt 0.476346 0.447417
vt 0.489480 0.455888
vt 0.480481 0.461213
vt 0.496533 0.476461
vt 0.468320 0.462060
vt 0.492885 0.484569
vt 0.453849 0.454678
vt 0.433662 0.454920
vt 0.431473 0.444028
vt 0.416393 0.449595
vt 0.421987 0.424787
vt 0.426243 0.469200
vt 0.444120 0.465085
vt 0.451660 0.479607
vt 0.477319 0.486142
vt 0.492885 0.484569
vt 0.480237 0.492072
vt 0.930552 0.310183
vt 0.933227 0.271216
vt 0.947334 0.263350
vt 0.955603 0.245439
vt 0.955725 0.228981
vt 0.965697 0.237815
vt 0.965210 0.250522
vt 0.968372 0.223656
vt 0.973236 0.226319
vt 0.976155 0.244592
vt 0.993910 0.195096
vt 0.965575 0.217969
vt 0.977736 0.201631
vt 0.993910 0.195096
vt 0.435972 0.426118
vt 0.451052 0.413411
vt 0.013384 0.414621
vt 0.013384 0.414621
vt 0.013384 0.414621
vt 0.013384 0.414621
vt 0.236778 0.255242
vt 0.226685 0.242051
vt 0.245656 0.245802
vt 0.226320 0.225714
vt 0.689160 0.841206
vt 0.686606 0.829951
vt 0.698159 0.821601
vt 0.682958 0.821238
vt 0.689403 0.804901
vt 0.294785 0.781061
vt 0.304757 0.782755
vt 0.286759 0.798366
vt 0.291867 0.814340
vt 0.301595 0.813856
vt 0.314851 0.801997
vt 0.317404 0.812041
vt 0.326403 0.801391
vt 0.332970 0.816156
vt 0.342699 0.805869
vt 0.347077 0.818334
vt 0.355468 0.803449
vt 0.359237 0.818455
vt 0.363372 0.803328
vt 0.362764 0.828378
vt 0.313999 0.779366
vt 0.309743 0.757946
vt 0.324579 0.762182
vt 0.322877 0.745603
vt 0.333213 0.765328
vt 0.334186 0.754074
vt 0.334429 0.740278
vt 0.347563 0.742093
vt 0.361183 0.387634
vt 0.342942 0.400704
vt 0.354495 0.381220
vt 0.336254 0.396106
vt 0.332727 0.390297
vt 0.344158 0.790137
vt 0.336010 0.351934
vt 0.355711 0.342374
vt 0.341604 0.359437
vt 0.363372 0.369845
vt 0.337348 0.366335
vt 0.367628 0.337533
vt 0.374560 0.321680
vt 0.382100 0.333540
vt 0.371641 0.371660
vt 0.009128 0.395985
vt 0.008155 0.400946
vt 0.009128 0.395985
vt 0.008155 0.400946
vt 0.005480 0.400946
vt 0.005480 0.400946
vt 0.706185 0.798608
vt 0.714333 0.792073
vt 0.711171 0.804901
vt 0.720292 0.790258
vt 0.006209 0.403851
vt 0.006209 0.403851
vt 0.008520 0.406513
vt 0.008520 0.406513
vt 0.745100 0.778882
vt 0.743884 0.788322
vt 0.727345 0.767507
vt 0.725886 0.777067
vt 0.713725 0.765934
vt 0.527300 0.008609
vt 0.527300 0.005826
vt 0.527300 0.008609
vt 0.527300 0.005826
vt 0.731844 0.513371
vt 0.734641 0.503327
vt 0.746194 0.518454
vt 0.753369 0.503932
vt 0.739262 0.499696
vt 0.745464 0.488078
vt 0.754950 0.486989
vt 0.750815 0.479970
vt 0.137546 0.846289
vt 0.144356 0.842779
vt 0.154450 0.880295
vt 0.162233 0.876180
vt 0.154814 0.893485
vt 0.165516 0.887677
vt 0.153355 0.912969
vt 0.165516 0.912606
vt 0.133655 0.941771
vt 0.129642 0.963070
vt 0.124534 0.952905
vt 0.122102 0.966701
vt 0.115049 0.956656
vt 0.112252 0.972267
vt 0.126358 0.936204
vt 0.141316 0.914179
vt 0.140830 0.892396
vt 0.126845 0.910428
vt 0.114562 0.934389
vt 0.117724 0.945765
vt 0.107631 0.955083
vt 0.115049 0.956656
vt 0.112252 0.972267
vt 0.946239 0.428659
vt 0.941861 0.437614
vt 0.918026 0.413048
vt 0.902096 0.405666
vt 0.906352 0.397921
vt 0.891151 0.364762
vt 0.904163 0.378316
vt 0.895650 0.345762
vt 0.887259 0.375291
vt 0.878382 0.357985
vt 0.883368 0.348788
vt 0.882517 0.334871
vt 0.883368 0.322164
vt 0.883976 0.310789
vt 0.870356 0.294935
vt 0.007912 0.394411
vt 0.005115 0.394411
vt 0.007912 0.394411
vt 0.005237 0.394411
vt 0.009736 0.392959
vt 0.009736 0.392959
vt 0.006696 0.370813
vt 0.020316 0.359437
vt 0.013871 0.378679
vt 0.040989 0.363068
vt 0.056190 0.364762
vt 0.067865 0.367909
vt 0.099361 0.396469
vt 0.087444 0.364157
vt 0.046826 0.352660
vt 0.055704 0.348546
vt 0.078688 0.353508
vt 0.060203 0.336444
vt 0.063487 0.337533
vt 0.062879 0.327247
vt 0.058744 0.335476
vt 0.226563 0.586707
vt 0.231184 0.577389
vt 0.238238 0.590943
vt 0.243831 0.582472
vt 0.246628 0.596389
vt 0.241399 0.571096
vt 0.231549 0.562988
vt 0.238724 0.554880
vt 0.224009 0.571459
vt 0.219267 0.560689
vt 0.210389 0.562867
vt 0.211849 0.553670
vt 0.224253 0.549313
vt 0.215132 0.543383
vt 0.194823 0.544472
vt 0.785474 0.494008
vt 0.767719 0.488442
vt 0.778177 0.468837
vt 0.772340 0.475977
vt 0.592117 0.822932
vt 0.600873 0.818697
vt 0.608291 0.826321
vt 0.608534 0.810831
vt 0.614979 0.802239
vt 0.433054 0.123696
vt 0.427216 0.140276
vt 0.419312 0.146689
vt 0.418582 0.159638
vt 0.399733 0.166899
vt 0.409218 0.179485
vt 0.382343 0.188440
vt 0.390612 0.203204
vt 0.416636 0.186141
vt 0.425635 0.163390
vt 0.420041 0.153830
vt 0.397058 0.214943
vt 0.412380 0.210223
vt 0.412867 0.228255
vt 0.400341 0.228860
vt 0.411286 0.238420
vt 0.376627 0.256452
vt 0.388180 0.256936
vt 0.380032 0.272426
vt 0.386478 0.224866
vt 0.367507 0.248465
vt 0.371155 0.220873
vt 0.397058 0.214943
vt 0.375898 0.207682
vt 0.010466 0.380494
vt 0.007425 0.380373
vt 0.010466 0.380494
vt 0.007425 0.380373
vt 0.276787 0.958956
vt 0.264870 0.943950
vt 0.281895 0.950726
vt 0.273990 0.935115
vt 0.264870 0.925797
vt 0.276909 0.924466
vt 0.300987 0.884530
vt 0.306824 0.881505
vt 0.006574 0.383762
vt 0.007304 0.390055
vt 0.006453 0.383399
vt 0.007304 0.390055
vt 0.767719 0.488442
vt 0.785474 0.494008
vt 0.762003 0.491104
vt 0.782433 0.509983
vt 0.763098 0.516033
vt 0.006209 0.399373
vt 0.006209 0.399373
vt 0.009128 0.399494
vt 0.009128 0.399494
vt 0.432567 0.763997
vt 0.432202 0.775978
vt 0.414326 0.775978
vt 0.433540 0.786022
vt 0.425514 0.791831
vt 0.439742 0.794978
vt 0.431473 0.805506
vt 0.412745 0.798245
vt 0.415420 0.813251
vt 0.401922 0.807200
vt 0.404962 0.823175
vt 0.416636 0.833340
vt 0.425514 0.822085
vt 0.225104 0.429627
vt 0.215618 0.435799
vt 0.215132 0.423455
vt 0.203336 0.420672
vt 0.198837 0.433742
vt 0.208200 0.441608
vt 0.019221 0.406876
vt 0.014236 0.396953
vt 0.039408 0.403488
vt 0.022991 0.388966
vt 0.407516 0.764239
vt 0.420893 0.758672
vt 0.414326 0.775978
vt 0.432567 0.763997
vt 0.164057 0.676381
vt 0.155301 0.664158
vt 0.166854 0.630758
vt 0.158949 0.636808
vt 0.159071 0.613210
vt 0.149707 0.631484
vt 0.137546 0.606796
vt 0.128425 0.627853
vt 0.112981 0.598204
vt 0.138033 0.656050
vt 0.878260 0.130715
vt 0.861965 0.153951
vt 0.816362 0.208529
vt 0.879841 0.158307
vt 0.866221 0.161091
vt 0.857952 0.193886
vt 0.871086 0.177065
vt 0.874126 0.200058
vt 0.890908 0.178517
vt 0.901974 0.187956
vt 0.930552 0.169441
vt 0.918513 0.184810
vt 0.919972 0.199453
vt 0.889570 0.232854
vt 0.911581 0.224503
vt 0.860141 0.259719
vt 0.916567 0.234064
vt 0.878017 0.291305
vt 0.918756 0.277630
vt 0.870842 0.227771
vt 0.844089 0.254516
vt 0.868775 0.216153
vt 0.846034 0.201510
vt 0.840319 0.197517
vt 0.485467 0.244955
vt 0.476589 0.233822
vt 0.491304 0.233580
vt 0.487169 0.225714
vt 0.472211 0.222567
vt 0.467104 0.199090
vt 0.483886 0.209134
vt 0.487047 0.195338
vt 0.491304 0.201873
vt 0.461267 0.235153
vt 0.454213 0.220510
vt 0.455429 0.207077
vt 0.440836 0.188198
vt 0.434391 0.199090
vt 0.426608 0.177428
vt 0.419069 0.195217
vt 0.431229 0.213491
vt 0.412867 0.228255
vt 0.440593 0.246529
vt 0.454092 0.255121
vt 0.439985 0.253426
vt 0.422960 0.242777
vt 0.411286 0.238420
vt 0.021289 0.495582
vt 0.038071 0.483964
vt 0.045124 0.502964
vt 0.072121 0.494492
vt 0.067986 0.516275
vt 0.094618 0.505384
vt 0.083309 0.519180
vt 0.107874 0.516154
vt 0.094740 0.523778
vt 0.111765 0.529708
vt 0.087687 0.535517
vt 0.096199 0.535396
vt 0.049380 0.468474
vt 0.074553 0.485416
vt 0.092916 0.495097
vt 0.109576 0.501995
vt 0.106779 0.486505
vt 0.122588 0.488442
vt 0.072243 0.462423
vt 0.083552 0.471499
vt 0.102280 0.486747
vt 0.101429 0.500785
vt 0.102401 0.496429
vt 0.102037 0.498365
vt 0.102280 0.497760
vt 0.110184 0.436041
vt 0.090849 0.417647
vt 0.110428 0.475493
vt 0.109090 0.481059
vt 0.103617 0.490378
vt 0.102888 0.494008
vt 0.102766 0.494976
vt 0.105077 0.488320
vt 0.104469 0.489289
vt 0.534110 0.033660
vt 0.533867 0.031723
vt 0.533867 0.031602
vt 0.533623 0.028819
vt 0.533623 0.029061
vt 0.122467 0.502479
vt 0.115170 0.521963
vt 0.111765 0.529708
vt 0.625194 0.916721
vt 0.601237 0.905587
vt 0.610844 0.902441
vt 0.583969 0.891307
vt 0.586280 0.874728
vt 0.573632 0.876785
vt 0.558067 0.874607
vt 0.565971 0.888524
vt 0.543230 0.867830
vt 0.538731 0.885861
vt 0.520976 0.861779
vt 0.475130 0.855970
vt 0.510153 0.883925
vt 0.528637 0.893969
vt 0.511612 0.900988
vt 0.528273 0.908007
vt 0.506991 0.917447
vt 0.546757 0.914905
vt 0.552108 0.920835
vt 0.578862 0.916479
vt 0.543352 0.892759
vt 0.565971 0.888524
vt 0.570714 0.896753
vt 0.574605 0.907523
vt 0.585428 0.910912
vt 0.583969 0.891307
vt 0.585428 0.910912
vt 0.601237 0.905587
vt 0.439985 0.329788
vt 0.422352 0.324827
vt 0.423933 0.298566
vt 0.403868 0.307763
vt 0.396085 0.289611
vt 0.378452 0.291426
vt 0.397544 0.275089
vt 0.380032 0.272426
vt 0.406908 0.263592
vt 0.388180 0.256936
vt 0.419312 0.253305
vt 0.411286 0.238420
vt 0.422960 0.242777
vt 0.418704 0.287674
vt 0.425757 0.272184
vt 0.439499 0.290700
vt 0.436580 0.303891
vt 0.447525 0.304980
vt 0.445458 0.320833
vt 0.451416 0.313814
vt 0.454335 0.284165
vt 0.441809 0.266012
vt 0.439985 0.253426
vt 0.459686 0.276541
vt 0.474400 0.262503
vt 0.454092 0.255121
vt 0.479021 0.251732
vt 0.461996 0.250522
vt 0.472455 0.244834
vt 0.439985 0.329788
vt 0.468077 0.316839
vt 0.460537 0.330998
vt 0.455186 0.343947
vt 0.369209 0.972994
vt 0.402530 0.951937
vt 0.406786 0.959077
vt 0.424906 0.929185
vt 0.438404 0.933421
vt 0.439742 0.889371
vt 0.453362 0.867225
vt 0.437310 0.867104
vt 0.423325 0.847983
vt 0.182663 0.366093
vt 0.163205 0.375533
vt 0.173785 0.367061
vt 0.167218 0.358106
vt 0.395233 0.506352
vt 0.402043 0.518212
vt 0.405449 0.510104
vt 0.407273 0.516275
vt 0.408732 0.506352
vt 0.411042 0.518817
vt 0.405813 0.522205
vt 0.412502 0.521963
vt 0.417609 0.527167
vt 0.402043 0.530918
vt 0.407516 0.521721
vt 0.400827 0.529950
vt 0.400098 0.545198
vt 0.399368 0.566982
vt 0.391099 0.587191
vt 0.439985 0.329788
vt 0.429284 0.333419
vt 0.406057 0.332330
vt 0.394017 0.324100
vt 0.393896 0.337049
vt 0.378452 0.291426
vt 0.374317 0.297961
vt 0.380032 0.272426
vt 0.853088 0.474646
vt 0.855277 0.447417
vt 0.884706 0.466779
vt 0.887746 0.451894
vt 0.905744 0.450321
vt 0.658272 0.684489
vt 0.638936 0.675534
vt 0.651948 0.662222
vt 0.638571 0.665731
vt 0.630667 0.648789
vt 0.626897 0.659560
vt 0.615709 0.651935
vt 0.622640 0.670088
vt 0.623370 0.676260
vt 0.609385 0.671419
vt 0.617411 0.678559
vt 0.616317 0.652541
vt 0.625924 0.660770
vt 0.690741 0.456614
vt 0.691106 0.475735
vt 0.679188 0.468111
vt 0.680647 0.477429
vt 0.678702 0.494976
vt 0.682228 0.505868
vt 0.670068 0.502964
vt 0.680039 0.511798
vt 0.667635 0.518454
vt 0.682472 0.524989
vt 0.677486 0.535396
vt 0.688066 0.537816
vt 0.674081 0.541205
vt 0.675053 0.564319
vt 0.666906 0.543988
vt 0.697308 0.575211
vt 0.715062 0.563956
vt 0.715792 0.597599
vt 0.726129 0.586707
vt 0.735006 0.607401
vt 0.739992 0.595421
vt 0.755923 0.609701
vt 0.763341 0.595663
vt 0.746437 0.583319
vt 0.736952 0.573153
vt 0.728804 0.556332
vt 0.718954 0.535396
vt 0.746316 0.536969
vt 0.746194 0.518454
vt 0.763098 0.516033
vt 0.759328 0.543746
vt 0.757747 0.566497
vt 0.767111 0.578841
vt 0.512099 0.473798
vt 0.499816 0.420067
vt 0.528881 0.483117
vt 0.519030 0.441366
vt 0.425514 0.822085
vt 0.428189 0.835397
vt 0.533623 0.028819
vt 0.533623 0.029061
vt 0.533623 0.029061
vt 0.533867 0.031602
vt 0.530705 0.020469
vt 0.528881 0.022284
vt 0.530826 0.020469
vt 0.528881 0.022284
vt 0.110184 0.583924
vt 0.119427 0.557179
vt 0.144599 0.590459
vt 0.136087 0.563351
vt 0.150680 0.586707
vt 0.145937 0.563472
vt 0.159314 0.580535
vt 0.160287 0.566376
vt 0.175853 0.577147
vt 0.175366 0.562504
vt 0.192635 0.556574
vt 0.173299 0.542294
vt 0.194823 0.544472
vt 0.176704 0.530676
vt 0.191783 0.528135
vt 0.187527 0.516881
vt 0.207471 0.516033
vt 0.175245 0.588038
vt 0.157368 0.593242
vt 0.146910 0.601350
vt 0.191175 0.594331
vt 0.176825 0.595784
vt 0.182541 0.605102
vt 0.175245 0.608127
vt 0.185824 0.616235
vt 0.177798 0.616477
vt 0.187041 0.630394
vt 0.167583 0.615751
vt 0.164665 0.623012
vt 0.159071 0.613210
vt 0.166854 0.630758
vt 0.165394 0.598446
vt 0.157368 0.593242
vt 0.612304 0.682069
vt 0.609142 0.687635
vt 0.609385 0.671419
vt 0.596616 0.692113
vt 0.454092 0.357743
vt 0.689403 0.804901
vt 0.669095 0.817487
vt 0.670676 0.802239
vt 0.659852 0.810710
vt 0.659366 0.828862
vt 0.671892 0.833219
vt 0.666419 0.844958
vt 0.681134 0.849193
vt 0.667514 0.865530
vt 0.689160 0.841206
vt 0.682228 0.868314
vt 0.690498 0.878842
vt 0.702172 0.879084
vt 0.078688 0.353508
vt 0.062879 0.327247
vt 0.080877 0.344189
vt 0.062879 0.319865
vt 0.686606 0.829951
vt 0.682958 0.821238
vt 0.689403 0.804901
vt 0.708617 0.781061
vt 0.725886 0.777067
vt 0.720292 0.790258
vt 0.737317 0.796188
vt 0.743884 0.788322
vt 0.747775 0.797882
vt 0.740965 0.811194
vt 0.721873 0.799334
vt 0.720292 0.790258
vt 0.725886 0.777067
vt 0.708617 0.781061
vt 0.713725 0.765934
vt 0.692565 0.792557
vt 0.703023 0.790500
vt 0.714333 0.792073
vt 0.213916 0.007520
vt 0.227050 0.003163
vt 0.217686 0.030029
vt 0.233495 0.035596
vt 0.238724 0.048061
vt 0.250520 0.028698
vt 0.220361 0.045398
vt 0.207106 0.041647
vt 0.208444 0.018774
vt 0.196526 0.023131
vt 0.201634 0.003163
vt 0.209052 0.057621
vt 0.203093 0.077952
vt 0.187770 0.080130
vt 0.203701 0.089085
vt 0.180109 0.105181
vt 0.191905 0.098041
vt 0.156031 0.141244
vt 0.196769 0.045398
vt 0.668487 0.553307
vt 0.675053 0.564319
vt 0.665933 0.566982
vt 0.662285 0.582956
vt 0.699497 0.441487
vt 0.700348 0.461213
vt 0.696578 0.452499
vt 0.690741 0.456614
vt 0.691106 0.475735
vt 0.693295 0.484690
vt 0.682228 0.505868
vt 0.695484 0.505505
vt 0.680039 0.511798
vt 0.704118 0.532613
vt 0.682472 0.524989
vt 0.712995 0.527530
vt 0.722481 0.506715
vt 0.712995 0.509498
vt 0.701564 0.505626
vt 0.708860 0.498002
vt 0.940524 0.146811
vt 0.950496 0.165931
vt 0.960224 0.177428
vt 0.935173 0.204294
vt 0.947334 0.202841
vt 0.927268 0.258146
vt 0.712995 0.527530
vt 0.701564 0.505626
vt 0.538244 0.035233
vt 0.536420 0.034507
vt 0.536055 0.034386
vt 0.534110 0.033660
vt 0.534110 0.033660
vt 0.117724 0.166899
vt 0.118575 0.164721
vt 0.132682 0.160364
vt 0.118332 0.163027
vt 0.006453 0.383399
vt 0.007304 0.390055
vt 0.006574 0.383762
vt 0.007304 0.390055
vt 0.513193 0.821843
vt 0.524989 0.846894
vt 0.509423 0.841569
vt 0.515382 0.854276
vt 0.500911 0.851493
vt 0.493736 0.837939
vt 0.513193 0.821843
vt 0.196283 0.829830
vt 0.207106 0.829830
vt 0.189473 0.847257
vt 0.206011 0.843868
vt 0.261708 0.815308
vt 0.222915 0.844231
vt 0.205890 0.853792
vt 0.241643 0.855123
vt 0.248696 0.872065
vt 0.271193 0.855728
vt 0.189473 0.847257
vt 0.188621 0.863110
vt 0.173056 0.855002
vt 0.148491 0.825232
vt 0.195310 0.888887
vt 0.206133 0.906071
vt 0.177190 0.924345
vt 0.212213 0.276783
vt 0.209660 0.267222
vt 0.222672 0.275089
vt 0.224496 0.265044
vt 0.211362 0.255363
vt 0.201390 0.259477
vt 0.423325 0.847983
vt 0.437310 0.867104
vt 0.423203 0.860206
vt 0.429040 0.874123
vt 0.398395 0.872307
vt 0.385383 0.889371
vt 0.388180 0.875817
vt 0.378938 0.882836
vt 0.432324 0.888403
vt 0.416515 0.919746
vt 0.393044 0.938988
vt 0.361305 0.920472
vt 0.355468 0.975293
vt 0.332727 0.955083
vt 0.424906 0.929185
vt 0.392558 0.950242
vt 0.402530 0.951937
vt 0.304514 0.109779
vt 0.290286 0.108327
vt 0.297825 0.098767
vt 0.278976 0.101913
vt 0.286273 0.086907
vt 0.294542 0.077710
vt 0.302325 0.070812
vt 0.303663 0.085334
vt 0.314729 0.074563
vt 0.289678 0.060404
vt 0.285786 0.069965
vt 0.277274 0.058347
vt 0.272774 0.069723
vt 0.261221 0.059557
vt 0.263167 0.073958
vt 0.286273 0.086907
vt 0.267667 0.082792
vt 0.264262 0.091990
vt 0.267302 0.111232
vt 0.278976 0.101913
vt 0.286151 0.122002
vt 0.281773 0.132167
vt 0.177190 0.924345
vt 0.206133 0.906071
vt 0.184487 0.932211
vt 0.208930 0.914058
vt 0.248696 0.872065
vt 0.236170 0.890097
vt 0.197985 0.940682
vt 0.225347 0.924224
vt 0.209052 0.947459
vt 0.228144 0.954841
vt 0.207836 0.957866
vt 0.225712 0.962586
vt 0.253803 0.932695
vt 0.248209 0.945644
vt 0.246020 0.965854
vt 0.256722 0.984248
vt 0.276179 0.984248
vt 0.262681 0.955930
vt 0.264870 0.943950
vt 0.264870 0.925797
vt 0.285786 0.978802
vt 0.403260 0.789774
vt 0.414326 0.775978
vt 0.201390 0.259477
vt 0.197742 0.251490
vt 0.211362 0.255363
vt 0.204066 0.240357
vt 0.214889 0.245923
vt 0.196526 0.023131
vt 0.196769 0.045398
vt 0.159314 0.018411
vt 0.153842 0.029061
vt 0.154571 0.046366
vt 0.161503 0.068755
vt 0.187770 0.080130
vt 0.155909 0.079646
vt 0.180109 0.105181
vt 0.160165 0.095862
vt 0.145451 0.082671
vt 0.141438 0.125633
vt 0.133533 0.106754
vt 0.098510 0.119703
vt 0.128912 0.099130
vt 0.067865 0.109416
vt 0.110792 0.091264
vt 0.088295 0.092353
vt 0.098631 0.074321
vt 0.075161 0.086060
vt 0.059960 0.102397
vt 0.058866 0.116072
vt 0.091578 0.134588
vt 0.144964 0.148021
vt 0.116143 0.159033
vt 0.118332 0.163027
vt 0.113833 0.172466
vt 0.117724 0.166899
vt 0.151409 0.136282
vt 0.491669 0.776220
vt 0.483034 0.771016
vt 0.394625 0.109416
vt 0.404476 0.101308
vt 0.421744 0.122607
vt 0.418096 0.104697
vt 0.441566 0.103123
vt 0.434026 0.087391
vt 0.452754 0.082550
vt 0.435121 0.065971
vt 0.445336 0.060888
vt 0.401192 0.090417
vt 0.410434 0.092716
vt 0.253317 0.648305
vt 0.237751 0.638382
vt 0.257695 0.639229
vt 0.235927 0.623618
vt 0.223523 0.633420
vt 0.224617 0.652420
vt 0.205282 0.637655
vt 0.203701 0.643464
vt 0.202485 0.624344
vt 0.192999 0.608490
vt 0.208444 0.608611
vt 0.238238 0.613210
vt 0.223280 0.604860
vt 0.212457 0.599535
vt 0.195675 0.578962
vt 0.200417 0.566497
vt 0.203458 0.577268
vt 0.219388 0.592274
vt 0.223280 0.604860
vt 0.238238 0.613210
vt 0.210389 0.562867
vt 0.209538 0.571459
vt 0.314729 0.074563
vt 0.289678 0.060404
vt 0.313513 0.062946
vt 0.291623 0.049392
vt 0.236535 0.602803
vt 0.226563 0.586707
vt 0.211849 0.582714
vt 0.217807 0.578236
vt 0.231184 0.577389
vt 0.203458 0.577268
vt 0.209538 0.571459
vt 0.548581 0.831041
vt 0.538974 0.845200
vt 0.530218 0.838907
vt 0.533259 0.862021
vt 0.346225 0.781182
vt 0.349144 0.766902
vt 0.366534 0.765207
vt 0.350725 0.755405
vt 0.355468 0.749233
vt 0.340753 0.760246
vt 0.346225 0.781182
vt 0.333213 0.765328
vt 0.334186 0.754074
vt 0.355468 0.749233
vt 0.350725 0.755405
vt 0.347563 0.742093
vt 0.357778 0.737737
vt 0.366412 0.743787
vt 0.366534 0.765207
vt 0.381857 0.764360
vt 0.358021 0.786022
vt 0.374074 0.786748
vt 0.362156 0.793646
vt 0.344158 0.790137
vt 0.346225 0.781182
vt 0.114684 0.478155
vt 0.114441 0.478276
vt 0.114319 0.478155
vt 0.112981 0.478518
vt 0.179014 0.505505
vt 0.181082 0.509741
vt 0.171110 0.507078
vt 0.173785 0.510709
vt 0.165638 0.508046
vt 0.172326 0.513855
vt 0.165394 0.513492
vt 0.178042 0.512403
vt 0.182541 0.511798
vt 0.179258 0.513492
vt 0.183392 0.512645
vt 0.379546 0.799939
vt 0.388302 0.797398
vt 0.370304 0.813130
vt 0.373952 0.828741
vt 0.396328 0.769322
vt 0.414326 0.775978
vt 0.407516 0.764239
vt 0.403260 0.789774
vt 0.401922 0.807200
vt 0.396936 0.819060
vt 0.404962 0.823175
vt 0.381735 0.834792
vt 0.210632 0.772952
vt 0.201755 0.788806
vt 0.197134 0.777309
vt 0.190567 0.794978
vt 0.186554 0.781061
vt 0.180595 0.794372
vt 0.173299 0.785296
vt 0.167462 0.798366
vt 0.159679 0.782271
vt 0.152382 0.789895
vt 0.143991 0.764965
vt 0.173907 0.765207
vt 0.178528 0.759278
vt 0.188013 0.762787
vt 0.202850 0.762061
vt 0.208930 0.737616
vt 0.218659 0.773073
vt 0.223645 0.747418
vt 0.229725 0.773316
vt 0.238602 0.754437
vt 0.244561 0.769927
vt 0.248939 0.756978
vt 0.258303 0.767265
vt 0.201025 0.739552
vt 0.196648 0.805506
vt 0.207227 0.802965
vt 0.210632 0.772952
vt 0.630667 0.648789
vt 0.633220 0.643343
vt 0.651948 0.662222
vt 0.647327 0.637534
vt 0.682107 0.652178
vt 0.680161 0.630637
vt 0.705455 0.632089
vt 0.700713 0.613210
vt 0.721629 0.619987
vt 0.659852 0.611879
vt 0.679675 0.615267
vt 0.685998 0.593363
vt 0.662285 0.582956
vt 0.651097 0.586223
vt 0.645016 0.594089
vt 0.642706 0.585013
vt 0.644895 0.571338
vt 0.665933 0.566982
vt 0.655110 0.562625
vt 0.657420 0.539390
vt 0.650124 0.547619
vt 0.641854 0.561657
vt 0.674810 0.780940
vt 0.657177 0.784570
vt 0.653407 0.775373
vt 0.639544 0.788927
vt 0.639544 0.775736
vt 0.661555 0.767870
vt 0.674810 0.780940
vt 0.640152 0.601350
vt 0.650002 0.613815
vt 0.632369 0.605465
vt 0.631153 0.623496
vt 0.624465 0.615509
vt 0.616803 0.624586
vt 0.636139 0.634146
vt 0.647084 0.626885
vt 0.915716 0.623012
vt 0.901001 0.621923
vt 0.867802 0.597599
vt 0.860384 0.610790
vt 0.843237 0.620229
vt 0.826699 0.624586
vt 0.844453 0.610427
vt 0.827793 0.614662
vt 0.836062 0.604013
vt 0.820010 0.612000
vt 0.848102 0.587070
vt 0.832536 0.589491
vt 0.823172 0.578720
vt 0.813687 0.628458
vt 0.803958 0.624465
vt 0.815511 0.606796
vt 0.803228 0.609580
vt 0.797391 0.659560
vt 0.796905 0.631605
vt 0.791311 0.660407
vt 0.797148 0.666942
vt 0.155666 0.743545
vt 0.173907 0.765207
vt 0.158219 0.763392
vt 0.159679 0.782271
vt 0.848102 0.587070
vt 0.855277 0.592758
vt 0.004507 0.395985
vt 0.005358 0.395863
vt 0.004507 0.395985
vt 0.005237 0.395863
vt 0.101307 0.176702
vt 0.109333 0.172708
vt 0.113711 0.168231
vt 0.108847 0.170409
vt 0.091821 0.149231
vt 0.073823 0.134346
vt 0.069810 0.132531
vt 0.101307 0.176702
vt 0.067986 0.154193
vt 0.070418 0.135072
vt 0.051934 0.143664
vt 0.049502 0.120913
vt 0.039530 0.098525
vt 0.036125 0.070812
vt 0.047556 0.078194
vt 0.065068 0.058226
vt 0.042327 0.057258
vt 0.507478 0.464722
vt 0.501276 0.444875
vt 0.494344 0.434105
vt 0.197256 0.305706
vt 0.055339 0.770653
vt 0.048286 0.750685
vt 0.065797 0.775373
vt 0.059595 0.749838
vt 0.072972 0.768596
vt 0.073459 0.750322
vt 0.076134 0.784328
vt 0.084039 0.774284
vt 0.087079 0.789411
vt 0.099848 0.782997
vt 0.455065 0.068633
vt 0.459686 0.059073
vt 0.059960 0.729507
vt 0.071148 0.735074
vt 0.066649 0.721399
vt 0.078688 0.726240
vt 0.081363 0.741488
vt 0.093038 0.729628
vt 0.093159 0.756978
vt 0.073459 0.750322
vt 0.085376 0.756373
vt 0.072972 0.768596
vt 0.418461 0.548587
vt 0.425149 0.570370
vt 0.533623 0.029061
vt 0.533867 0.031602
vt 0.533867 0.031602
vt 0.534110 0.033660
vt 0.534110 0.033660
vt 0.609750 0.791105
vt 0.605615 0.775010
vt 0.613033 0.782997
vt 0.619114 0.775857
vt 0.625681 0.762787
vt 0.634558 0.762303
vt 0.651705 0.747781
vt 0.667757 0.750927
vt 0.157733 0.815913
vt 0.172448 0.833582
vt 0.520125 0.815308
vt 0.518909 0.803328
vt 0.533867 0.797761
vt 0.517814 0.791347
vt 0.523408 0.776462
vt 0.523408 0.776462
vt 0.505045 0.788080
vt 0.501884 0.804417
vt 0.114562 0.478518
vt 0.114441 0.478276
vt 0.115170 0.477913
vt 0.114684 0.478155
vt 0.393896 0.337049
vt 0.406057 0.332330
vt 0.425635 0.163390
vt 0.420041 0.153830
vt 0.408245 0.147295
vt 0.420771 0.144390
vt 0.420406 0.135314
vt 0.420771 0.138097
vt 0.421744 0.122607
vt 0.428919 0.141244
vt 0.435729 0.138097
vt 0.418582 0.159638
vt 0.427216 0.140276
vt 0.435729 0.138097
vt 0.646354 0.092353
vt 0.651218 0.138218
vt 0.635652 0.073111
vt 0.638206 0.114983
vt 0.623492 0.073837
vt 0.616560 0.081582
vt 0.632977 0.144269
vt 0.641854 0.159154
vt 0.619965 0.154072
vt 0.641854 0.159154
vt 0.614979 0.103244
vt 0.604034 0.102397
vt 0.604521 0.154798
vt 0.613033 0.167383
vt 0.590658 0.166778
vt 0.569255 0.183479
vt 0.545663 0.175371
vt 0.527057 0.191224
vt 0.551743 0.195943
vt 0.584334 0.209134
vt 0.588469 0.221478
vt 0.607683 0.196549
vt 0.598319 0.225714
vt 0.620330 0.238178
vt 0.584699 0.240599
vt 0.602697 0.247618
vt 0.587009 0.261051
vt 0.602818 0.258267
vt 0.601845 0.276420
vt 0.632855 0.262019
vt 0.625437 0.285375
vt 0.647813 0.294330
vt 0.622397 0.299776
vt 0.619843 0.324463
vt 0.591995 0.296993
vt 0.585793 0.316597
vt 0.576551 0.295419
vt 0.532529 0.287795
vt 0.584577 0.277267
vt 0.547122 0.257662
vt 0.629207 0.180816
vt 0.627140 0.193644
vt 0.624465 0.201026
vt 0.634801 0.211797
vt 0.643314 0.209981
vt 0.658150 0.217848
vt 0.643922 0.178033
vt 0.669946 0.199211
vt 0.685998 0.171982
vt 0.682107 0.206714
vt 0.717130 0.195580
vt 0.704726 0.218816
vt 0.728804 0.227650
vt 0.736222 0.246408
vt 0.764314 0.237331
vt 0.773556 0.251006
vt 0.789122 0.232370
vt 0.804931 0.248828
vt 0.777569 0.269764
vt 0.735493 0.259477
vt 0.709104 0.248949
vt 0.674689 0.236363
vt 0.717130 0.277509
vt 0.669824 0.263592
vt 0.743762 0.304738
vt 0.655961 0.285980
vt 0.777812 0.324948
vt 0.792648 0.344673
vt 0.661677 0.319260
vt 0.718711 0.337170
vt 0.648908 0.324221
vt 0.652191 0.352055
vt 0.618992 0.342253
vt 0.600021 0.335355
vt 0.563174 0.319139
vt 0.584820 0.371418
vt 0.566458 0.367667
vt 0.584455 0.379163
vt 0.588104 0.388845
vt 0.600386 0.361132
vt 0.609872 0.365004
vt 0.618749 0.355323
vt 0.628234 0.362947
vt 0.637355 0.382068
vt 0.680647 0.378679
vt 0.667149 0.408449
vt 0.717008 0.386182
vt 0.709590 0.401067
vt 0.748261 0.409901
vt 0.720292 0.414621
vt 0.744735 0.421156
vt 0.795081 0.355807
vt 0.741208 0.351450
vt 0.698889 0.356533
vt 0.731723 0.383399
vt 0.768813 0.404214
vt 0.767354 0.375049
vt 0.788271 0.408207
vt 0.224617 0.668636
vt 0.230333 0.677228
vt 0.212335 0.670209
vt 0.223888 0.685820
vt 0.210024 0.690177
vt 0.221942 0.699979
vt 0.202606 0.665610
vt 0.188986 0.659075
vt 0.181325 0.649152
vt 0.164057 0.676381
vt 0.642706 0.244108
vt 0.788392 0.218211
vt 0.764679 0.216032
vt 0.741330 0.207319
vt 0.751423 0.283439
vt 0.787906 0.303891
vt 0.806147 0.302922
vt 0.804931 0.317444
vt 0.007061 0.422608
vt 0.007061 0.422608
vt 0.006939 0.422608
vt 0.007061 0.422608
vt 0.179258 0.683158
vt 0.651218 0.138218
vt 0.641854 0.159154
vt 0.543717 0.208408
vt 0.567674 0.232733
vt 0.527300 0.224745
vt 0.140708 0.672992
vt 0.121737 0.622407
vt 0.138033 0.656050
vt 0.128425 0.627853
vt 0.112981 0.598204
vt 0.105442 0.594089
vt 0.110184 0.583924
vt 0.102280 0.580293
vt 0.100942 0.565771
vt 0.089146 0.551612
vt 0.087444 0.548829
vt 0.086227 0.626038
vt 0.084768 0.603650
vt 0.102280 0.580293
vt 0.078445 0.579567
vt 0.089146 0.551612
vt 0.077107 0.557784
vt 0.088295 0.546530
vt 0.091578 0.529950
vt 0.088416 0.541931
vt 0.083552 0.539390
vt 0.086106 0.539874
vt 0.088903 0.538180
vt 0.088781 0.542052
vt 0.089389 0.533218
vt 0.095470 0.518817
vt 0.097294 0.513250
vt 0.621060 0.604013
vt 0.609264 0.604376
vt 0.268031 0.199937
vt 0.252830 0.189287
vt 0.267910 0.182511
vt 0.256600 0.177549
vt 0.265599 0.170651
vt 0.269126 0.156250
vt 0.245656 0.180574
vt 0.244561 0.169320
vt 0.240548 0.145600
vt 0.234224 0.176339
vt 0.236413 0.190014
vt 0.244196 0.201873
vt 0.252830 0.189287
vt 0.255263 0.199453
vt 0.245656 0.180574
vt 0.234224 0.176339
vt 0.244561 0.169320
vt 0.914135 0.674566
vt 0.893097 0.669725
vt 0.918148 0.657865
vt 0.898691 0.631484
vt 0.926539 0.649878
vt 0.941497 0.644069
vt 0.915716 0.623012
vt 0.957062 0.629305
vt 0.939308 0.613936
vt 0.917053 0.597962
vt 0.952076 0.595784
vt 0.931525 0.584045
vt 0.945631 0.569281
vt 0.892975 0.556937
vt 0.952198 0.549797
vt 0.950374 0.529466
vt 0.978952 0.523536
vt 0.961684 0.496429
vt 0.892002 0.598688
vt 0.884219 0.565771
vt 0.893097 0.563230
vt 0.881787 0.558268
vt 0.895772 0.548466
vt 0.938092 0.512161
vt 0.943199 0.472588
vt 0.765287 0.571096
vt 0.761273 0.549071
vt 0.788757 0.571096
vt 0.785595 0.555848
vt 0.812835 0.581746
vt 0.795202 0.550402
vt 0.813443 0.572064
vt 0.810768 0.536122
vt 0.819159 0.561899
vt 0.769421 0.535275
vt 0.783649 0.527530
vt 0.802255 0.503448
vt 0.182663 0.366093
vt 0.173785 0.367061
vt 0.179379 0.363915
vt 0.167218 0.358106
vt 0.186311 0.362221
vt 0.453484 0.719705
vt 0.452876 0.709540
vt 0.470509 0.706393
vt 0.458713 0.683037
vt 0.466131 0.677228
vt 0.470266 0.661012
vt 0.483278 0.702521
vt 0.478048 0.670088
vt 0.489723 0.683642
vt 0.491061 0.668152
vt 0.487412 0.661012
vt 0.461996 0.655203
vt 0.451295 0.667426
vt 0.464428 0.641286
vt 0.447768 0.623981
vt 0.444485 0.654356
vt 0.430135 0.657260
vt 0.423325 0.622407
vt 0.431473 0.668152
vt 0.419433 0.665973
vt 0.638328 0.950363
vt 0.625073 0.948911
vt 0.623735 0.941166
vt 0.600265 0.941408
vt 0.594062 0.944434
vt 0.617046 0.960408
vt 0.602332 0.978802
vt 0.624951 0.968274
vt 0.628964 0.958593
vt 0.638328 0.950363
vt 0.151896 0.388481
vt 0.156031 0.362342
vt 0.167218 0.358106
vt 0.163205 0.375533
vt 0.151896 0.388481
vt 0.168191 0.392838
vt 0.164057 0.403367
vt 0.148004 0.402398
vt 0.144478 0.417405
vt 0.130371 0.399615
vt 0.138154 0.444149
vt 0.127817 0.466537
vt 0.136452 0.457824
vt 0.141194 0.470047
vt 0.148977 0.454678
vt 0.148856 0.463270
vt 0.158098 0.452136
vt 0.155909 0.462302
vt 0.162597 0.460487
vt 0.182906 0.385577
vt 0.177434 0.401430
vt 0.168556 0.418131
vt 0.153598 0.431442
vt 0.167826 0.429990
vt 0.166002 0.443544
vt 0.185824 0.435073
vt 0.173664 0.445359
vt 0.176582 0.455041
vt 0.173299 0.464238
vt 0.163692 0.470047
vt 0.174272 0.477187
vt 0.158706 0.481665
vt 0.172812 0.486263
vt 0.169043 0.491104
vt 0.177434 0.499212
vt 0.153477 0.494976
vt 0.150072 0.483359
vt 0.139127 0.486626
vt 0.146910 0.475251
vt 0.156031 0.470289
vt 0.658758 0.697196
vt 0.650732 0.713775
vt 0.644408 0.697922
vt 0.641246 0.710266
vt 0.186311 0.497518
vt 0.188135 0.505263
vt 0.179014 0.505505
vt 0.199445 0.501995
vt 0.202971 0.491225
vt 0.216956 0.503569
vt 0.188013 0.374928
vt 0.182663 0.366093
vt 0.412867 0.228255
vt 0.412380 0.210223
vt 0.419069 0.195217
vt 0.416636 0.186141
vt 0.426608 0.177428
vt 0.425635 0.163390
vt 0.439377 0.169320
vt 0.458713 0.166415
vt 0.450808 0.156129
vt 0.421744 0.157581
vt 0.430500 0.145479
vt 0.410921 0.136403
vt 0.462726 0.159517
vt 0.448011 0.144753
vt 0.462361 0.133015
vt 0.435729 0.138097
vt 0.471360 0.113047
vt 0.458105 0.106270
vt 0.468198 0.092232
vt 0.452754 0.082550
vt 0.455065 0.068633
vt 0.433054 0.123696
vt 0.441566 0.103123
vt 0.354495 0.381220
vt 0.335889 0.379768
vt 0.363372 0.369845
vt 0.337348 0.366335
vt 0.690498 0.878842
vt 0.674932 0.880779
vt 0.682228 0.868314
vt 0.667514 0.865530
vt 0.681134 0.849193
vt 0.661312 0.872065
vt 0.652921 0.848346
vt 0.666419 0.844958
vt 0.659366 0.828862
vt 0.649881 0.866136
vt 0.637598 0.890702
vt 0.648421 0.810710
vt 0.658393 0.798850
vt 0.250520 0.002679
vt 0.274598 0.004615
vt 0.254898 0.009577
vt 0.276787 0.016717
vt 0.260127 0.025430
vt 0.275085 0.027730
vt 0.252587 0.042373
vt 0.270707 0.046124
vt 0.301230 0.042736
vt 0.293812 0.029908
vt 0.285908 0.019501
vt 0.448011 0.144753
vt 0.420771 0.138097
vt 0.435729 0.138097
vt 0.410921 0.136403
vt 0.410678 0.123696
vt 0.421744 0.122607
vt 0.394625 0.117887
vt 0.403746 0.451410
vt 0.388302 0.458066
vt 0.383437 0.455525
vt 0.379060 0.455767
vt 0.349752 0.403609
vt 0.360210 0.418494
vt 0.338564 0.414379
vt 0.362886 0.443181
vt 0.345496 0.436283
vt 0.342091 0.448264
vt 0.330781 0.444391
vt 0.368480 0.445117
vt 0.376992 0.439067
vt 0.380884 0.453105
vt 0.377479 0.470894
vt 0.384654 0.487836
vt 0.391585 0.507078
vt 0.395355 0.510830
vt 0.398274 0.515791
vt 0.404354 0.511556
vt 0.405449 0.510104
vt 0.417853 0.501511
vt 0.408732 0.506352
vt 0.416636 0.512524
vt 0.431716 0.510225
vt 0.420893 0.517365
vt 0.426243 0.524747
vt 0.407516 0.521721
vt 0.398274 0.515791
vt 0.391585 0.525957
vt 0.294785 0.747660
vt 0.285908 0.748870
vt 0.284692 0.732049
vt 0.271437 0.737010
vt 0.275571 0.759036
vt 0.276058 0.775615
vt 0.263046 0.774647
vt 0.272045 0.789774
vt 0.294785 0.747660
vt 0.287975 0.774163
vt 0.294785 0.781061
vt 0.274598 0.798971
vt 0.286759 0.798366
vt 0.260370 0.809742
vt 0.257452 0.794372
vt 0.263046 0.774647
vt 0.245777 0.787596
vt 0.240548 0.796430
vt 0.228995 0.791347
vt 0.214767 0.808168
vt 0.228387 0.811920
vt 0.250155 0.805143
vt 0.260370 0.809742
vt 0.991599 0.348546
vt 0.974331 0.357501
vt 0.980533 0.340559
vt 0.968858 0.347820
vt 0.120886 0.302196
vt 0.141681 0.363794
vt 0.114562 0.316113
vt 0.128790 0.357985
vt 0.102888 0.323253
vt 0.117359 0.376380
vt 0.094132 0.373838
vt 0.111279 0.415226
vt 0.141073 0.382673
vt 0.215132 0.423455
vt 0.203336 0.420672
vt 0.211484 0.415710
vt 0.203701 0.402519
vt 0.110914 0.477550
vt 0.115170 0.477913
vt 0.113833 0.481544
vt 0.125507 0.483843
vt 0.131344 0.487715
vt 0.112373 0.484690
vt 0.109211 0.486142
vt 0.115049 0.486505
vt 0.122588 0.488442
vt 0.122467 0.502479
vt 0.007304 0.413169
vt 0.005601 0.414621
vt 0.006939 0.413411
vt 0.005480 0.414621
vt 0.113224 0.478034
vt 0.112981 0.478518
vt 0.391099 0.587191
vt 0.406543 0.579325
vt 0.424663 0.591306
vt 0.420285 0.588402
vt 0.445944 0.574969
vt 0.435607 0.578478
vt 0.439377 0.585255
vt 0.427824 0.601592
vt 0.406786 0.604618
vt 0.438647 0.603287
vt 0.455186 0.581746
vt 0.417609 0.527167
vt 0.412502 0.521963
vt 0.426243 0.524747
vt 0.407516 0.521721
vt 0.970682 0.610064
vt 0.968980 0.591064
vt 0.970926 0.576421
vt 0.976155 0.551491
vt 0.013384 0.413290
vt 0.013384 0.413290
vt 0.013384 0.413290
vt 0.013384 0.413290
vt 0.078688 0.353508
vt 0.080877 0.344189
vt 0.087444 0.364157
vt 0.094132 0.373838
vt 0.099361 0.396469
vt 0.111279 0.415226
vt 0.110184 0.436041
vt 0.232279 0.539269
vt 0.230941 0.530313
vt 0.341848 0.235516
vt 0.342212 0.245923
vt 0.331024 0.243019
vt 0.338929 0.260688
vt 0.358629 0.264439
vt 0.339537 0.282350
vt 0.368601 0.282350
vt 0.376627 0.256452
vt 0.380032 0.272426
vt 0.345131 0.305222
vt 0.361183 0.316597
vt 0.348050 0.317202
vt 0.348779 0.325553
vt 0.335159 0.327610
vt 0.374317 0.297961
vt 0.374560 0.321680
vt 0.393896 0.337049
vt 0.382100 0.333540
vt 0.383194 0.362221
vt 0.371641 0.371660
vt 0.382221 0.379647
vt 0.380519 0.394169
vt 0.390612 0.397800
vt 0.394625 0.427570
vt 0.404719 0.428901
vt 0.373101 0.402277
vt 0.361183 0.387634
vt 0.385018 0.435436
vt 0.376992 0.439067
vt 0.360210 0.418494
vt 0.349752 0.403609
vt 0.196040 0.201147
vt 0.512220 0.581988
vt 0.505897 0.575211
vt 0.513072 0.562625
vt 0.499330 0.568192
vt 0.480845 0.576542
vt 0.477319 0.567345
vt 0.469779 0.551007
vt 0.458348 0.553065
vt 0.464185 0.538785
vt 0.445944 0.539753
vt 0.462483 0.523899
vt 0.446795 0.517970
vt 0.467225 0.506352
vt 0.449714 0.504537
vt 0.461388 0.494250
vt 0.440107 0.494371
vt 0.436580 0.482875
vt 0.489480 0.538906
vt 0.475981 0.528135
vt 0.482670 0.514944
vt 0.492155 0.498849
vt 0.480237 0.492072
vt 0.492885 0.484569
vt 0.503100 0.527893
vt 0.506262 0.543383
vt 0.515504 0.539027
vt 0.513072 0.562625
vt 0.533137 0.551733
vt 0.543230 0.556453
vt 0.517693 0.521237
vt 0.502248 0.512040
vt 0.516477 0.503811
vt 0.505653 0.494129
vt 0.382343 0.441850
vt 0.380884 0.453105
vt 0.388302 0.458066
vt 0.389153 0.481059
vt 0.407759 0.481786
vt 0.403746 0.451410
vt 0.426243 0.469200
vt 0.416393 0.449595
vt 0.421987 0.424787
vt 0.410313 0.415468
vt 0.392315 0.437009
vt 0.383437 0.455525
vt 0.376506 0.451047
vt 0.373344 0.458671
vt 0.360089 0.461697
vt 0.394625 0.427570
vt 0.373830 0.447054
vt 0.376506 0.451047
vt 0.362886 0.443181
vt 0.358143 0.448990
vt 0.347928 0.461092
vt 0.124777 0.285254
vt 0.689160 0.439430
vt 0.699497 0.441487
vt 0.692079 0.448869
vt 0.696578 0.452499
vt 0.404232 0.505021
vt 0.408732 0.506352
vt 0.408732 0.514097
vt 0.411042 0.518817
vt 0.412137 0.528498
vt 0.417609 0.527167
vt 0.426000 0.542778
vt 0.426243 0.524747
vt 0.445944 0.539753
vt 0.417853 0.501511
vt 0.425879 0.485900
vt 0.440107 0.494371
vt 0.431716 0.510225
vt 0.449714 0.504537
vt 0.446795 0.517970
vt 0.426243 0.524747
vt 0.445944 0.539753
vt 0.085011 0.544351
vt 0.068229 0.564077
vt 0.083552 0.539390
vt 0.056069 0.576300
vt 0.418461 0.548587
vt 0.425149 0.570370
vt 0.438039 0.560568
vt 0.452024 0.561536
vt 0.445944 0.574969
vt 0.435607 0.578478
vt 0.430378 0.582109
vt 0.425392 0.595300
vt 0.430500 0.602682
vt 0.468563 0.581262
vt 0.455186 0.581746
vt 0.454578 0.597841
vt 0.438647 0.603287
vt 0.274233 0.860690
vt 0.261586 0.886224
vt 0.270099 0.910186
vt 0.300987 0.884530
vt 0.764679 0.477550
vt 0.762003 0.491104
vt 0.755072 0.470410
vt 0.754950 0.486989
vt 0.750815 0.479970
vt 0.778177 0.468837
vt 0.790459 0.472467
vt 0.785474 0.494008
vt 0.799702 0.487957
vt 0.208200 0.441608
vt 0.214524 0.448143
vt 0.200539 0.448748
vt 0.215254 0.467022
vt 0.213308 0.475977
vt 0.201634 0.465327
vt 0.195310 0.457461
vt 0.198837 0.433742
vt 0.195553 0.426360
vt 0.203336 0.420672
vt 0.189716 0.415831
vt 0.203701 0.402519
vt 0.188500 0.399010
vt 0.210268 0.382794
vt 0.193243 0.381705
vt 0.198715 0.364641
vt 0.188013 0.374928
vt 0.182906 0.385577
vt 0.177434 0.401430
vt 0.833144 0.845805
vt 0.816362 0.847257
vt 0.822686 0.839028
vt 0.815754 0.835397
vt 0.005358 0.395863
vt 0.004507 0.395985
vt 0.005237 0.395863
vt 0.004507 0.395985
vt 0.718589 0.741972
vt 0.714333 0.749354
vt 0.698767 0.746934
vt 0.009736 0.402519
vt 0.006939 0.402398
vt 0.009858 0.402519
vt 0.007182 0.402398
vt 0.555513 0.650846
vt 0.565849 0.657502
vt 0.553689 0.639955
vt 0.532894 0.642012
vt 0.549311 0.631121
vt 0.317769 0.247134
vt 0.322755 0.266375
vt 0.313878 0.278356
vt 0.314729 0.294451
vt 0.300136 0.291910
vt 0.300866 0.301470
vt 0.339537 0.282350
vt 0.325917 0.305464
vt 0.308162 0.311878
vt 0.338929 0.260688
vt 0.317769 0.247134
vt 0.331024 0.243019
vt 0.571565 0.671782
vt 0.006817 0.419583
vt 0.007061 0.422608
vt 0.007061 0.422608
vt 0.007061 0.422608
vt 0.006939 0.422608
vt 0.739749 0.467990
vt 0.755072 0.470410
vt 0.744613 0.475493
vt 0.750815 0.479970
vt 0.469171 0.041768
vt 0.498722 0.051933
vt 0.489601 0.053022
vt 0.489844 0.066213
vt 0.101550 0.719947
vt 0.108968 0.714501
vt 0.109333 0.732412
vt 0.124899 0.732896
vt 0.093159 0.756978
vt 0.099969 0.757462
vt 0.099848 0.782997
vt 0.107144 0.762787
vt 0.124412 0.763997
vt 0.104347 0.773194
vt 0.099848 0.782997
vt 0.132439 0.767628
vt 0.131831 0.797035
vt 0.115292 0.782150
vt 0.119913 0.799455
vt 0.138397 0.738947
vt 0.121372 0.716196
vt 0.138762 0.718253
vt 0.149342 0.728660
vt 0.155666 0.743545
vt 0.143991 0.764965
vt 0.132439 0.767628
vt 0.143140 0.784691
vt 0.131831 0.797035
vt 0.152382 0.789895
vt 0.002683 0.373475
vt 0.002804 0.373475
vt 0.005601 0.373475
vt 0.005480 0.373596
vt 0.115292 0.782150
vt 0.119913 0.799455
vt 0.600143 0.393080
vt 0.579470 0.399010
vt 0.532772 0.369361
vt 0.545298 0.394895
vt 0.505532 0.347215
vt 0.523651 0.387513
vt 0.498722 0.366940
vt 0.488142 0.380010
vt 0.574727 0.421640
vt 0.561107 0.413895
vt 0.544568 0.408933
vt 0.530340 0.406634
vt 0.531921 0.442092
vt 0.509910 0.414379
vt 0.519030 0.441366
vt 0.560742 0.466053
vt 0.548095 0.467385
vt 0.536299 0.481302
vt 0.433054 0.123696
vt 0.419312 0.146689
vt 0.420406 0.135314
vt 0.399733 0.166899
vt 0.404354 0.151046
vt 0.380032 0.148263
vt 0.403260 0.145479
vt 0.388910 0.139307
vt 0.403989 0.137855
vt 0.421744 0.157581
vt 0.408245 0.147295
vt 0.145451 0.449353
vt 0.483278 0.702521
vt 0.475008 0.718253
vt 0.470509 0.706393
vt 0.465158 0.731686
vt 0.453484 0.719705
vt 0.630059 0.875696
vt 0.616195 0.872428
vt 0.624465 0.861779
vt 0.614979 0.852340
vt 0.633828 0.846168
vt 0.221820 0.456372
vt 0.214524 0.448143
vt 0.231063 0.450563
vt 0.228509 0.440277
vt 0.215618 0.435799
vt 0.208200 0.441608
vt 0.434026 0.087391
vt 0.422352 0.086302
vt 0.395112 0.082066
vt 0.405570 0.075531
vt 0.458713 0.166415
vt 0.462726 0.159517
vt 0.471968 0.171014
vt 0.475130 0.157218
vt 0.488507 0.175007
vt 0.482670 0.144511
vt 0.505289 0.150320
vt 0.491182 0.125391
vt 0.520246 0.132894
vt 0.508207 0.114862
vt 0.528759 0.109658
vt 0.496533 0.101066
vt 0.529732 0.091022
vt 0.481818 0.110142
vt 0.470387 0.125633
vt 0.753004 0.623618
vt 0.744248 0.626280
vt 0.724913 0.632210
vt 0.719805 0.644069
vt 0.706185 0.651935
vt 0.732696 0.654235
vt 0.714090 0.667789
vt 0.742911 0.661375
vt 0.732209 0.673840
vt 0.738290 0.685578
vt 0.716035 0.684973
vt 0.721386 0.715106
vt 0.701929 0.702521
vt 0.690011 0.734469
vt 0.682107 0.702521
vt 0.678702 0.670693
vt 0.692687 0.687999
vt 0.658272 0.684489
vt 0.658758 0.697196
vt 0.674081 0.711597
vt 0.655596 0.706514
vt 0.250520 0.002679
vt 0.244804 0.008367
vt 0.251979 0.021195
vt 0.250520 0.028698
vt 0.748383 0.627732
vt 0.743762 0.639229
vt 0.762003 0.644795
vt 0.752396 0.666337
vt 0.758841 0.680859
vt 0.750329 0.698648
vt 0.772097 0.688120
vt 0.765287 0.708692
vt 0.788514 0.700100
vt 0.778542 0.727934
vt 0.799215 0.715106
vt 0.816362 0.729023
vt 0.761638 0.731081
vt 0.736587 0.724546
vt 0.773921 0.754679
vt 0.789608 0.750806
vt 0.803350 0.749959
vt 0.818186 0.750201
vt 0.745343 0.758309
vt 0.718589 0.741972
vt 0.691714 0.746571
vt 0.684174 0.751653
vt 0.672986 0.743545
vt 0.667757 0.750927
vt 0.663257 0.759883
vt 0.634558 0.762303
vt 0.637477 0.771379
vt 0.661555 0.767870
vt 0.685633 0.764481
vt 0.684174 0.751653
vt 0.791919 0.686788
vt 0.787419 0.668999
vt 0.772097 0.663190
vt 0.804688 0.755647
vt 0.805296 0.771500
vt 0.815997 0.760004
vt 0.811254 0.774284
vt 0.803228 0.776946
vt 0.802012 0.802965
vt 0.806755 0.807442
vt 0.807606 0.828378
vt 0.816970 0.828983
vt 0.819402 0.812404
vt 0.816362 0.790016
vt 0.811254 0.774284
vt 0.424906 0.929185
vt 0.432324 0.888403
vt 0.439742 0.889371
vt 0.437310 0.867104
vt 0.005601 0.373475
vt 0.005480 0.373596
vt 0.002683 0.373475
vt 0.002804 0.373475
vt 0.624951 0.639229
vt 0.612790 0.645280
vt 0.606223 0.624102
vt 0.599048 0.646006
vt 0.593454 0.618535
vt 0.592360 0.605828
vt 0.597103 0.600261
vt 0.624951 0.639229
vt 0.635774 0.639592
vt 0.582388 0.829951
vt 0.593333 0.838423
vt 0.579105 0.853913
vt 0.596373 0.853792
vt 0.579105 0.853913
vt 0.588469 0.868435
vt 0.530340 0.004979
vt 0.530340 0.004979
vt 0.530218 0.007762
vt 0.530340 0.007641
vt 0.682228 0.453468
vt 0.679188 0.468111
vt 0.670554 0.452741
vt 0.664838 0.470168
vt 0.664960 0.482149
vt 0.653042 0.494371
vt 0.840927 0.638019
vt 0.829496 0.647579
vt 0.831563 0.633420
vt 0.818064 0.646127
vt 0.809309 0.666700
vt 0.797148 0.666942
vt 0.797148 0.666942
vt 0.784379 0.655687
vt 0.791311 0.660407
vt 0.790338 0.627853
vt 0.796905 0.631605
vt 0.803228 0.609580
vt 0.318985 0.857664
vt 0.599657 0.794736
vt 0.599048 0.805869
vt 0.588104 0.804054
vt 0.600873 0.818697
vt 0.592117 0.822932
vt 0.009858 0.402519
vt 0.007182 0.402398
vt 0.009736 0.402519
vt 0.006939 0.402398
vt 0.293204 0.913816
vt 0.316918 0.882110
vt 0.295880 0.929306
vt 0.303784 0.943102
vt 0.341604 0.910549
vt 0.373466 0.876059
vt 0.366048 0.891791
vt 0.372979 0.892154
vt 0.351576 0.912122
vt 0.357535 0.915147
vt 0.325187 0.950121
vt 0.319958 0.946007
vt 0.097780 0.511798
vt 0.097294 0.513250
vt 0.098631 0.509256
vt 0.101429 0.500785
vt 0.102280 0.497760
vt 0.488020 0.183842
vt 0.499938 0.188561
vt 0.170380 0.529950
vt 0.159922 0.542657
vt 0.153234 0.528982
vt 0.141802 0.517002
vt 0.148977 0.520269
vt 0.165394 0.523173
vt 0.157490 0.520995
vt 0.375776 0.471620
vt 0.375168 0.460971
vt 0.368480 0.445117
vt 0.370912 0.445965
vt 0.375655 0.463028
vt 0.383437 0.455525
vt 0.379060 0.455767
vt 0.370912 0.445965
vt 0.378330 0.448385
vt 0.373830 0.447054
vt 0.385018 0.435436
vt 0.394625 0.427570
vt 0.388302 0.458066
vt 0.382343 0.441850
vt 0.159922 0.542657
vt 0.170380 0.529950
vt 0.148491 0.553065
vt 0.133533 0.538785
vt 0.131952 0.552823
vt 0.111765 0.529708
vt 0.101672 0.539511
vt 0.097051 0.546893
vt 0.098267 0.543867
vt 0.382951 0.651330
vt 0.393531 0.643827
vt 0.401071 0.645159
vt 0.173664 0.524020
vt 0.181811 0.519301
vt 0.165394 0.523173
vt 0.171961 0.522326
vt 0.459686 0.059073
vt 0.463456 0.070570
vt 0.454578 0.597841
vt 0.450808 0.611637
vt 0.438647 0.603287
vt 0.447768 0.623981
vt 0.458105 0.627248
vt 0.464428 0.641286
vt 0.487412 0.661012
vt 0.497263 0.644069
vt 0.501884 0.658470
vt 0.515747 0.646732
vt 0.521949 0.651209
vt 0.532894 0.642012
vt 0.504073 0.624465
vt 0.475008 0.624707
vt 0.470752 0.612000
vt 0.450808 0.611637
vt 0.475130 0.599777
vt 0.454578 0.597841
vt 0.468563 0.581262
vt 0.498843 0.615267
vt 0.497627 0.598083
vt 0.484494 0.586102
vt 0.512220 0.581988
vt 0.516477 0.593000
vt 0.529489 0.588644
vt 0.529489 0.577752
vt 0.532650 0.570007
vt 0.567066 0.563230
vt 0.648786 0.525473
vt 0.663865 0.538180
vt 0.657420 0.539390
vt 0.668487 0.553307
vt 0.665933 0.566982
vt 0.407516 0.137976
vt 0.403989 0.137855
vt 0.391099 0.587191
vt 0.404476 0.594331
vt 0.523408 0.776462
vt 0.505045 0.788080
vt 0.510883 0.773073
vt 0.502492 0.779608
vt 0.621911 0.684247
vt 0.634558 0.695139
vt 0.620695 0.694897
vt 0.621060 0.705062
vt 0.629815 0.712444
vt 0.641246 0.710266
vt 0.624951 0.719826
vt 0.637112 0.722367
vt 0.644408 0.697922
vt 0.637963 0.686304
vt 0.530340 0.004979
vt 0.530340 0.004979
vt 0.530340 0.007641
vt 0.530218 0.007762
vt 0.694754 0.114862
vt 0.695605 0.111111
vt 0.766016 0.116193
vt 0.518787 0.189651
vt 0.520733 0.172950
vt 0.530218 0.173192
vt 0.541285 0.162301
vt 0.007182 0.421156
vt 0.006817 0.419583
vt 0.007182 0.421156
vt 0.006939 0.419583
vt 0.778177 0.468837
vt 0.787176 0.450079
vt 0.790459 0.472467
vt 0.796418 0.461213
vt 0.748018 0.176944
vt 0.856493 0.589733
vt 0.867802 0.597599
vt 0.855277 0.592758
vt 0.860384 0.610790
vt 0.109698 0.312725
vt 0.113224 0.297598
vt 0.114562 0.316113
vt 0.120886 0.302196
vt 0.528881 0.009698
vt 0.528759 0.006915
vt 0.528881 0.009698
vt 0.528759 0.006915
vt 0.593090 0.149715
vt 0.549676 0.164600
vt 0.430500 0.602682
vt 0.430378 0.582109
vt 0.430986 0.585981
vt 0.435607 0.578478
vt 0.420285 0.588402
vt 0.415907 0.584529
vt 0.420650 0.596026
vt 0.420285 0.597236
vt 0.414204 0.609822
vt 0.406786 0.604618
vt 0.428676 0.599535
vt 0.438647 0.603287
vt 0.430500 0.602682
vt 0.093159 0.756978
vt 0.109333 0.732412
vt 0.101550 0.719947
vt 0.086714 0.717164
vt 0.713725 0.765934
vt 0.725886 0.750685
vt 0.727345 0.767507
vt 0.740722 0.766902
vt 0.745100 0.778882
vt 0.752639 0.774647
vt 0.748748 0.769322
vt 0.756409 0.773921
vt 0.764679 0.763150
vt 0.763584 0.773558
vt 0.783893 0.781424
vt 0.774650 0.788322
vt 0.791311 0.775252
vt 0.805296 0.771500
vt 0.803228 0.776946
vt 0.725886 0.750685
vt 0.718589 0.741972
vt 0.080877 0.344189
vt 0.062879 0.319865
vt 0.073215 0.327610
vt 0.072243 0.323979
vt 0.248696 0.872065
vt 0.271193 0.855728
vt 0.274233 0.860690
vt 0.326282 0.845442
vt 0.695848 0.409780
vt 0.009128 0.395985
vt 0.008155 0.400946
vt 0.009128 0.395985
vt 0.008155 0.400946
vt 0.005480 0.400946
vt 0.005480 0.400946
vt 0.348779 0.325553
vt 0.361183 0.316597
vt 0.349509 0.326400
vt 0.349022 0.332572
vt 0.341240 0.329304
vt 0.335767 0.331240
vt 0.815997 0.760004
vt 0.825726 0.765328
vt 0.811254 0.774284
vt 0.824266 0.780940
vt 0.816362 0.790016
vt 0.824875 0.793041
vt 0.819402 0.812404
vt 0.835698 0.781303
vt 0.834482 0.770048
vt 0.579105 0.853913
vt 0.568160 0.832251
vt 0.582388 0.829951
vt 0.576916 0.815187
vt 0.867802 0.597599
vt 0.876436 0.562262
vt 0.857101 0.581988
vt 0.852480 0.578115
vt 0.856006 0.586223
vt 0.856493 0.589733
vt 0.076256 0.172708
vt 0.080390 0.183358
vt 0.893826 0.319744
vt 0.899420 0.339107
vt 0.883976 0.310789
vt 0.895650 0.345762
vt 0.909270 0.367909
vt 0.904163 0.378316
vt 0.251250 0.690540
vt 0.237265 0.696954
vt 0.239454 0.684489
vt 0.246628 0.675534
vt 0.251250 0.690540
vt 0.086714 0.717164
vt 0.078323 0.710629
vt 0.304757 0.782755
vt 0.222672 0.253911
vt 0.211362 0.255363
vt 0.679188 0.468111
vt 0.671162 0.486868
vt 0.664960 0.482149
vt 0.653042 0.494371
vt 0.492520 0.703489
vt 0.496168 0.721883
vt 0.479751 0.721399
vt 0.478292 0.747297
vt 0.501640 0.757462
vt 0.513558 0.750564
vt 0.524138 0.746087
vt 0.521584 0.733017
vt 0.551135 0.749475
vt 0.439012 0.757099
vt 0.445214 0.780335
vt 0.448741 0.763029
vt 0.454943 0.782997
vt 0.439742 0.794978
vt 0.433540 0.786022
vt 0.432202 0.775978
vt 0.739262 0.499696
vt 0.732331 0.482754
vt 0.745464 0.488078
vt 0.744613 0.475493
vt 0.998044 0.202962
vt 0.990018 0.238057
vt 0.985397 0.233943
vt 0.985640 0.262503
vt 0.319715 0.436767
vt 0.335646 0.425271
vt 0.096807 0.514823
vt 0.092308 0.528498
vt 0.091578 0.529950
vt 0.087444 0.548829
vt 0.089146 0.551612
vt 0.155666 0.743545
vt 0.176582 0.743182
vt 0.168921 0.727208
vt 0.180960 0.725272
vt 0.190081 0.742577
vt 0.201025 0.739552
vt 0.178528 0.759278
vt 0.516720 0.081582
vt 0.529732 0.091022
vt 0.484494 0.097315
vt 0.496533 0.101066
vt 0.481818 0.110142
vt 0.471360 0.113047
vt 0.470387 0.125633
vt 0.462361 0.133015
vt 0.462726 0.159517
vt 0.007425 0.411354
vt 0.003899 0.410628
vt 0.007547 0.411354
vt 0.004020 0.410628
vt 0.489601 0.053022
vt 0.473914 0.052659
vt 0.469171 0.041768
vt 0.447038 0.051933
vt 0.453362 0.041526
vt 0.435851 0.043220
vt 0.451173 0.014902
vt 0.459321 0.018411
vt 0.481454 0.008851
vt 0.481210 0.020832
vt 0.485588 0.029182
vt 0.627140 0.414500
vt 0.581780 0.428659
vt 0.797148 0.666942
vt 0.797391 0.659560
vt 0.818064 0.646127
vt 0.816484 0.634993
vt 0.813687 0.628458
vt 0.114927 0.239389
vt 0.091700 0.238783
vt 0.107144 0.226561
vt 0.081850 0.214822
vt 0.090605 0.201147
vt 0.106171 0.199574
vt 0.141316 0.183479
vt 0.142654 0.206230
vt 0.150072 0.190740
vt 0.151531 0.213612
vt 0.159800 0.204536
vt 0.172204 0.215911
vt 0.166124 0.190982
vt 0.179258 0.207198
vt 0.182298 0.191345
vt 0.192270 0.208408
vt 0.196040 0.201147
vt 0.164543 0.177670
vt 0.165030 0.160001
vt 0.180717 0.158065
vt 0.181447 0.171014
vt 0.192026 0.178638
vt 0.195796 0.183116
vt 0.217686 0.360890
vt 0.201269 0.356049
vt 0.217686 0.360890
vt 0.214159 0.348909
vt 0.224739 0.336081
vt 0.582510 0.952421
vt 0.580564 0.935599
vt 0.594062 0.944434
vt 0.600265 0.941408
vt 0.298920 0.263713
vt 0.287610 0.262140
vt 0.309135 0.246286
vt 0.290164 0.236121
vt 0.298190 0.232249
vt 0.309986 0.228497
vt 0.312054 0.256452
vt 0.118332 0.163027
vt 0.144964 0.148021
vt 0.132682 0.160364
vt 0.151409 0.136282
vt 0.537880 0.134830
vt 0.542258 0.123817
vt 0.551865 0.129505
vt 0.549068 0.115830
vt 0.539947 0.101308
vt 0.504316 0.321317
vt 0.527421 0.336928
vt 0.509667 0.336807
vt 0.531921 0.348909
vt 0.562201 0.340317
vt 0.556972 0.365972
vt 0.537880 0.336202
vt 0.532407 0.327731
vt 0.527421 0.336928
vt 0.504316 0.321317
vt 0.504316 0.321317
vt 0.526692 0.311273
vt 0.217564 0.312120
vt 0.213308 0.322648
vt 0.201998 0.325916
vt 0.214038 0.329909
vt 0.201025 0.337533
vt 0.029801 0.505142
vt 0.032598 0.504416
vt 0.029801 0.505142
vt 0.032598 0.504416
vt 0.092916 0.536606
vt 0.642706 0.585013
vt 0.623492 0.582956
vt 0.634193 0.575332
vt 0.628356 0.571217
vt 0.203701 0.103849
vt 0.204674 0.116435
vt 0.198958 0.132288
vt 0.184000 0.131078
vt 0.156031 0.141244
vt 0.132682 0.160364
vt 0.113833 0.172466
vt 0.117724 0.166899
vt 0.108725 0.175613
vt 0.103739 0.180816
vt 0.085741 0.188924
vt 0.244804 0.008367
vt 0.231914 0.005342
vt 0.232887 0.018169
vt 0.227050 0.003163
vt 0.251979 0.021195
vt 0.818916 0.260809
vt 0.818672 0.227529
vt 0.029801 0.505142
vt 0.032598 0.504416
vt 0.029801 0.505142
vt 0.032598 0.504416
vt 0.224617 0.652420
vt 0.237751 0.638382
vt 0.239332 0.654719
vt 0.253317 0.648305
vt 0.246750 0.664521
vt 0.233252 0.663190
vt 0.230333 0.677228
vt 0.140830 0.892396
vt 0.112008 0.912848
vt 0.090605 0.950484
vt 0.098023 0.977350
vt 0.118454 0.988363
vt 0.947212 0.374080
vt 0.937970 0.356533
vt 0.952198 0.331240
vt 0.943564 0.324585
vt 0.958278 0.307763
vt 0.954995 0.294088
vt 0.970196 0.282834
vt 0.976033 0.259840
vt 0.985640 0.262503
vt 0.909635 0.352902
vt 0.918877 0.336565
vt 0.936389 0.315871
vt 0.955117 0.270369
vt 0.965210 0.250522
vt 0.224617 0.652420
vt 0.233252 0.663190
vt 0.224617 0.668636
vt 0.230333 0.677228
vt 0.719076 0.854881
vt 0.713846 0.872913
vt 0.706063 0.862263
vt 0.702172 0.879084
vt 0.532894 0.642012
vt 0.549311 0.631121
vt 0.007669 0.412806
vt 0.005480 0.414621
vt 0.007304 0.413169
vt 0.005601 0.414621
vt 0.685390 0.446570
vt 0.692079 0.448869
vt 0.682228 0.453468
vt 0.690741 0.456614
vt 0.679188 0.468111
vt 0.827672 0.835881
vt 0.822686 0.839028
vt 0.826212 0.828378
vt 0.816970 0.828983
vt 0.819402 0.812404
vt 0.468441 0.573153
vt 0.468563 0.581262
vt 0.621060 0.604013
vt 0.630910 0.591790
vt 0.632369 0.605465
vt 0.870356 0.294935
vt 0.873031 0.319744
vt 0.864640 0.311515
vt 0.875950 0.343826
vt 0.866464 0.353871
vt 0.878382 0.357985
vt 0.883125 0.385577
vt 0.887259 0.375291
vt 0.902096 0.405666
vt 0.914256 0.425876
vt 0.887381 0.401793
vt 0.869505 0.379768
vt 0.881057 0.405424
vt 0.861722 0.383036
vt 0.885557 0.423818
vt 0.857830 0.353145
vt 0.004507 0.407118
vt 0.008642 0.409659
vt 0.004628 0.407118
vt 0.008763 0.409659
vt 0.015452 0.408328
vt 0.013263 0.410386
vt 0.015452 0.408328
vt 0.013263 0.410386
vt 0.133533 0.538785
vt 0.115170 0.521963
vt 0.125142 0.517849
vt 0.122467 0.502479
vt 0.139127 0.486626
vt 0.131344 0.487715
vt 0.141194 0.470047
vt 0.372979 0.892154
vt 0.357535 0.915147
vt 0.325187 0.950121
vt 0.013263 0.411838
vt 0.013263 0.411838
vt 0.013263 0.411838
vt 0.013263 0.411838
vt 0.015452 0.408328
vt 0.013263 0.410386
vt 0.015452 0.408328
vt 0.013263 0.410386
vt 0.627140 0.193644
vt 0.013384 0.414621
vt 0.013384 0.414621
vt 0.013384 0.414621
vt 0.013384 0.414621
vt 0.086349 0.666094
vt 0.098753 0.645764
vt 0.104712 0.682311
vt 0.120399 0.664279
vt 0.112008 0.698043
vt 0.140708 0.672992
vt 0.089268 0.658712
vt 0.070418 0.645401
vt 0.064095 0.639955
vt 0.058379 0.653025
vt 0.074553 0.615751
vt 0.064581 0.594089
vt 0.061906 0.572064
vt 0.055825 0.618293
vt 0.048043 0.640560
vt 0.058379 0.653025
vt 0.047799 0.655082
vt 0.055217 0.665731
vt 0.930552 0.310183
vt 0.927147 0.267464
vt 0.933227 0.271216
vt 0.941983 0.242535
vt 0.955725 0.228981
vt 0.950860 0.222809
vt 0.965575 0.217969
vt 0.977736 0.201631
vt 0.949279 0.213007
vt 0.976520 0.194370
vt 0.094740 0.521479
vt 0.092794 0.527530
vt 0.096807 0.514823
vt 0.092308 0.528498
vt 0.089511 0.539269
vt 0.091335 0.532371
vt 0.934565 0.468474
vt 0.917540 0.448990
vt 0.528759 0.006915
vt 0.528881 0.009698
vt 0.528759 0.006915
vt 0.528881 0.009698
vt 0.875463 0.551612
vt 0.878260 0.541810
vt 0.850534 0.512161
vt 0.865613 0.497760
vt 0.825118 0.483601
vt 0.838008 0.530313
vt 0.834482 0.552944
vt 0.831441 0.575695
vt 0.847372 0.581746
vt 0.817578 0.512645
vt 0.810768 0.536122
vt 0.819159 0.561899
vt 0.884706 0.466779
vt 0.885070 0.497760
vt 0.885314 0.542899
vt 0.906352 0.489894
vt 0.892975 0.543746
vt 0.922526 0.501027
vt 0.910243 0.462665
vt 0.180960 0.725272
vt 0.192026 0.720189
vt 0.201025 0.739552
vt 0.646111 0.726240
vt 0.656447 0.716680
vt 0.654745 0.729749
vt 0.661190 0.726361
vt 0.661069 0.737495
vt 0.672986 0.743545
vt 0.667757 0.750927
vt 0.674081 0.711597
vt 0.094740 0.539148
vt 0.085011 0.544351
vt 0.096929 0.545319
vt 0.089876 0.547619
vt 0.087444 0.548829
vt 0.087322 0.549071
vt 0.100942 0.565771
vt 0.423325 0.847983
vt 0.408124 0.850645
vt 0.399368 0.863594
vt 0.392193 0.866862
vt 0.388180 0.875817
vt 0.378938 0.882836
vt 0.404354 0.830678
vt 0.339659 0.851129
vt 0.333213 0.765328
vt 0.346225 0.781182
vt 0.327255 0.774647
vt 0.329687 0.784328
vt 0.344158 0.790137
vt 0.326403 0.801391
vt 0.313999 0.779366
vt 0.358143 0.448990
vt 0.347928 0.461092
vt 0.430500 0.602682
vt 0.430986 0.585981
vt 0.428676 0.599535
vt 0.429527 0.588765
vt 0.420650 0.596026
vt 0.420285 0.588402
vt 0.435607 0.578478
vt 0.379546 0.799939
vt 0.370304 0.813130
vt 0.363372 0.803328
vt 0.362764 0.828378
vt 0.468563 0.581262
vt 0.452024 0.561536
vt 0.468441 0.573153
vt 0.010466 0.380494
vt 0.007425 0.380373
vt 0.010466 0.380494
vt 0.007425 0.380373
vt 0.118454 0.988363
vt 0.124534 0.981707
vt 0.139857 0.977834
vt 0.118454 0.988363
vt 0.143748 0.982675
vt 0.145815 0.958351
vt 0.152747 0.946128
vt 0.161016 0.955809
vt 0.184487 0.932211
vt 0.197985 0.940682
vt 0.170745 0.963191
vt 0.157976 0.975656
vt 0.151409 0.965491
vt 0.137668 0.993203
vt 0.382343 0.188440
vt 0.378208 0.167746
vt 0.167218 0.358106
vt 0.009736 0.392959
vt 0.005115 0.394411
vt 0.009736 0.392959
vt 0.005237 0.394411
vt 0.007912 0.394411
vt 0.007912 0.394411
vt 0.499938 0.188561
vt 0.488020 0.183842
vt 0.462726 0.182390
vt 0.471968 0.171014
vt 0.458713 0.166415
vt 0.439377 0.169320
vt 0.008520 0.406513
vt 0.008520 0.406513
vt 0.006209 0.403851
vt 0.006209 0.403851
vt 0.585550 0.584408
vt 0.609264 0.604376
vt 0.597103 0.600261
vt 0.616803 0.624586
vt 0.217321 0.087270
vt 0.195067 0.117040
vt 0.110914 0.477550
vt 0.111279 0.415226
vt 0.113224 0.478034
vt 0.115170 0.477913
vt 0.114319 0.478155
vt 0.114684 0.478155
vt 0.813443 0.572064
vt 0.831441 0.575695
vt 0.104225 0.489652
vt 0.103982 0.490015
vt 0.104469 0.489289
vt 0.103861 0.490136
vt 0.911703 0.141244
vt 0.909635 0.145479
vt 0.908784 0.144874
vt 0.904163 0.144632
vt 0.101307 0.176702
vt 0.108847 0.170409
vt 0.108725 0.175613
vt 0.113833 0.172466
vt 0.189473 0.705062
vt 0.183271 0.690177
vt 0.191662 0.685215
vt 0.179258 0.683158
vt 0.202606 0.665610
vt 0.216956 0.503569
vt 0.203093 0.511556
vt 0.199445 0.501995
vt 0.188135 0.505263
vt 0.188621 0.512524
vt 0.181082 0.509741
vt 0.179014 0.505505
vt 0.233252 0.395258
vt 0.234468 0.405182
vt 0.503343 0.946975
vt 0.533623 0.934389
vt 0.561715 0.932332
vt 0.580564 0.935599
vt 0.578862 0.916479
vt 0.601116 0.914542
vt 0.600265 0.941408
vt 0.621424 0.922772
vt 0.623735 0.941166
vt 0.641611 0.932937
vt 0.638328 0.950363
vt 0.625194 0.916721
vt 0.601237 0.905587
vt 0.585428 0.910912
vt 0.796418 0.461213
vt 0.803228 0.474646
vt 0.790459 0.472467
vt 0.799702 0.487957
vt 0.551135 0.749475
vt 0.521584 0.733017
vt 0.539461 0.737858
vt 0.503708 0.716922
vt 0.361183 0.387634
vt 0.354495 0.381220
vt 0.371641 0.371660
vt 0.363372 0.369845
vt 0.658636 0.513371
vt 0.651948 0.505021
vt 0.670068 0.502964
vt 0.671162 0.486868
vt 0.341848 0.235516
vt 0.362642 0.257541
vt 0.342212 0.245923
vt 0.358629 0.264439
vt 0.688795 0.073474
vt 0.757382 0.046608
vt 0.682715 0.085092
vt 0.762003 0.054717
vt 0.731601 0.076016
vt 0.767111 0.061978
vt 0.773069 0.072748
vt 0.778177 0.052175
vt 0.784987 0.070570
vt 0.769543 0.047335
vt 0.760544 0.038137
vt 0.006209 0.399373
vt 0.006209 0.399373
vt 0.009128 0.399494
vt 0.009128 0.399494
vt 0.203701 0.402519
vt 0.234468 0.405182
vt 0.216348 0.405182
vt 0.224861 0.414984
vt 0.215132 0.423455
vt 0.237386 0.424787
vt 0.211484 0.415710
vt 0.203701 0.402519
vt 0.819402 0.812404
vt 0.824631 0.820996
vt 0.826212 0.828378
vt 0.835941 0.821480
vt 0.554175 0.584408
vt 0.569741 0.572669
vt 0.565363 0.583803
vt 0.576916 0.588644
vt 0.021775 0.499454
vt 0.019830 0.497518
vt 0.021775 0.499454
vt 0.019830 0.497518
vt 0.250155 0.739915
vt 0.235076 0.737373
vt 0.246264 0.728902
vt 0.227901 0.725151
vt 0.237751 0.720915
vt 0.908784 0.144874
vt 0.904163 0.144632
vt 0.911703 0.141244
vt 0.902704 0.122365
vt 0.919607 0.126722
vt 0.919486 0.113410
vt 0.942105 0.102397
vt 0.956819 0.092474
vt 0.930065 0.149473
vt 0.911824 0.150320
vt 0.909635 0.145479
vt 0.903920 0.109779
vt 0.922283 0.103971
vt 0.940524 0.146811
vt 0.937727 0.130957
vt 0.956819 0.092474
vt 0.942105 0.102397
vt 0.918026 0.413048
vt 0.935295 0.418494
vt 0.917175 0.400946
vt 0.008642 0.409659
vt 0.004507 0.407118
vt 0.008763 0.409659
vt 0.004628 0.407118
vt 0.527300 0.005826
vt 0.527300 0.008609
vt 0.527300 0.005826
vt 0.527300 0.008609
vt 0.440107 0.494371
vt 0.425879 0.485900
vt 0.436580 0.482875
vt 0.426243 0.469200
vt 0.019830 0.497518
vt 0.021775 0.499454
vt 0.019830 0.497518
vt 0.021775 0.499454
vt 0.570835 0.595421
vt 0.584455 0.608490
vt 0.568768 0.607280
vt 0.579713 0.621802
vt 0.151409 0.965491
vt 0.451295 0.667426
vt 0.450200 0.682311
vt 0.448984 0.691266
vt 0.447646 0.698648
vt 0.404476 0.751048
vt 0.415056 0.749838
vt 0.570835 0.595421
vt 0.581537 0.597115
vt 0.584455 0.608490
vt 0.593454 0.618535
vt 0.589563 0.629426
vt 0.599048 0.646006
vt 0.617411 0.787717
vt 0.613033 0.782997
vt 0.626410 0.781545
vt 0.619114 0.775857
vt 0.637477 0.771379
vt 0.639544 0.775736
vt 0.661555 0.767870
vt 0.581537 0.597115
vt 0.570835 0.595421
vt 0.576916 0.588644
vt 0.565363 0.583803
vt 0.180717 0.826563
vt 0.189473 0.847257
vt 0.255506 0.211434
vt 0.245412 0.221962
vt 0.234711 0.206956
vt 0.245412 0.221962
vt 0.214038 0.234306
vt 0.204066 0.240357
vt 0.214889 0.245923
vt 0.226685 0.242051
vt 0.870356 0.294935
vt 0.891881 0.303164
vt 0.883976 0.310789
vt 0.893826 0.319744
vt 0.906595 0.340196
vt 0.899420 0.339107
vt 0.013384 0.413290
vt 0.013384 0.413290
vt 0.013384 0.413290
vt 0.013384 0.413290
vt 0.069202 0.520027
vt 0.071999 0.538301
vt 0.537880 0.134830
vt 0.551865 0.129505
vt 0.551621 0.147295
vt 0.570835 0.140397
vt 0.184244 0.218574
vt 0.192270 0.208408
vt 0.576916 0.588644
vt 0.585550 0.584408
vt 0.581537 0.597115
vt 0.202971 0.491225
vt 0.191662 0.483843
vt 0.205647 0.482391
vt 0.213308 0.475977
vt 0.186676 0.465690
vt 0.947334 0.263350
vt 0.955117 0.270369
vt 0.936389 0.315871
vt 0.930552 0.310183
vt 0.920337 0.322285
vt 0.551135 0.749475
vt 0.539461 0.737858
vt 0.553932 0.732291
vt 0.532164 0.716801
vt 0.566822 0.721520
vt 0.572781 0.707482
vt 0.250155 0.739915
vt 0.260249 0.748386
vt 0.248939 0.756978
vt 0.013263 0.411838
vt 0.013263 0.411838
vt 0.013263 0.411838
vt 0.013263 0.411838
vt 0.262073 0.276904
vt 0.264262 0.254516
vt 0.277760 0.277267
vt 0.288097 0.284165
vt 0.288218 0.264318
vt 0.292596 0.266617
vt 0.682107 0.702521
vt 0.690011 0.734469
vt 0.683809 0.723335
vt 0.670554 0.725756
vt 0.674081 0.711597
vt 0.812835 0.581746
vt 0.823172 0.578720
vt 0.823294 0.587433
vt 0.832536 0.589491
vt 0.806998 0.601108
vt 0.803228 0.609580
vt 0.361183 0.316597
vt 0.349022 0.332572
vt 0.331997 0.340801
vt 0.336010 0.351934
vt 0.322877 0.345520
vt 0.335767 0.331240
vt 0.521098 0.004737
vt 0.527543 0.022042
vt 0.510031 0.013208
vt 0.527543 0.030513
vt 0.504437 0.027125
vt 0.498722 0.051933
vt 0.493128 0.022163
vt 0.493736 0.039710
vt 0.485588 0.029182
vt 0.469171 0.041768
vt 0.582510 0.952421
vt 0.573632 0.950968
vt 0.580564 0.935599
vt 0.561715 0.932332
vt 0.558675 0.950121
vt 0.533623 0.934389
vt 0.540433 0.948911
vt 0.503343 0.946975
vt 0.463456 0.404819
vt 0.451052 0.413411
vt 0.435972 0.426118
vt 0.194823 0.544472
vt 0.215132 0.543383
vt 0.224253 0.549313
vt 0.840927 0.638019
vt 0.831563 0.633420
vt 0.841900 0.629668
vt 0.856614 0.641649
vt 0.859290 0.630878
vt 0.885314 0.643464
vt 0.877288 0.647700
vt 0.530462 0.035112
vt 0.528881 0.031602
vt 0.531799 0.034507
vt 0.529002 0.031602
vt 0.468198 0.092232
vt 0.463456 0.070570
vt 0.476589 0.086907
vt 0.473427 0.060283
vt 0.489844 0.066213
vt 0.489601 0.053022
vt 0.459686 0.059073
vt 0.473914 0.052659
vt 0.747775 0.797882
vt 0.743884 0.788322
vt 0.755072 0.790137
vt 0.745100 0.778882
vt 0.752639 0.774647
vt 0.198715 0.274362
vt 0.212213 0.276783
vt 0.206984 0.284044
vt 0.219267 0.285375
vt 0.917540 0.448990
vt 0.902704 0.436041
vt 0.892732 0.442213
vt 0.905744 0.450321
vt 0.882517 0.442576
vt 0.885557 0.423818
vt 0.625924 0.660770
vt 0.622640 0.670088
vt 0.288097 0.284165
vt 0.301352 0.274725
vt 0.292596 0.266617
vt 0.298677 0.268433
vt 0.304757 0.261414
vt 0.312054 0.256452
vt 0.313878 0.278356
vt 0.309135 0.246286
vt 0.298920 0.263713
vt 0.551621 0.147295
vt 0.541285 0.162301
vt 0.537880 0.134830
vt 0.542258 0.123817
vt 0.980898 0.287916
vt 0.964602 0.313814
vt 0.958278 0.307763
vt 0.952198 0.331240
vt 0.957184 0.342253
vt 0.958400 0.367425
vt 0.969466 0.325069
vt 0.957184 0.342253
vt 0.980533 0.340559
vt 0.977128 0.330272
vt 0.984303 0.329304
vt 0.980898 0.287916
vt 0.658272 0.684489
vt 0.658758 0.697196
vt 0.638936 0.675534
vt 0.644408 0.697922
vt 0.637963 0.686304
vt 0.623370 0.676260
vt 0.621911 0.684247
vt 0.617411 0.678559
vt 0.612304 0.682069
vt 0.609142 0.687635
vt 0.620695 0.694897
vt 0.186311 0.497518
vt 0.187405 0.490862
vt 0.202971 0.491225
vt 0.870356 0.294935
vt 0.883368 0.322164
vt 0.873031 0.319744
vt 0.882517 0.334871
vt 0.875950 0.343826
vt 0.883368 0.348788
vt 0.878382 0.357985
vt 0.528881 0.022284
vt 0.530705 0.020469
vt 0.528881 0.022284
vt 0.530826 0.020469
vt 0.213916 0.007520
vt 0.080390 0.183358
vt 0.101307 0.176702
vt 0.085741 0.188924
vt 0.103739 0.180816
vt 0.148977 0.520269
vt 0.141802 0.517002
vt 0.157003 0.515307
vt 0.207227 0.802965
vt 0.201755 0.788806
vt 0.210632 0.772952
vt 0.547487 0.629668
vt 0.532407 0.619745
vt 0.544933 0.617083
vt 0.534961 0.600987
vt 0.183757 0.962828
vt 0.793864 0.095257
vt 0.776961 0.103849
vt 0.786811 0.086544
vt 0.775988 0.088964
vt 0.766016 0.116193
vt 0.752153 0.102639
vt 0.728804 0.108448
vt 0.722237 0.085092
vt 0.693295 0.088117
vt 0.694754 0.106512
vt 0.695605 0.111111
vt 0.007182 0.421156
vt 0.006939 0.419583
vt 0.007182 0.421156
vt 0.006817 0.419583
vt 0.159922 0.542657
vt 0.133533 0.538785
vt 0.141802 0.517002
vt 0.125142 0.517849
vt 0.145815 0.501148
vt 0.533259 0.862021
vt 0.524989 0.846894
vt 0.237265 0.696954
vt 0.236535 0.708329
vt 0.116873 0.268917
vt 0.113224 0.297598
vt 0.103739 0.288884
vt 0.099118 0.298203
vt 0.003899 0.410628
vt 0.007425 0.411354
vt 0.004020 0.410628
vt 0.007547 0.411354
vt 0.236778 0.255242
vt 0.222672 0.253911
vt 0.226685 0.242051
vt 0.214889 0.245923
vt 0.976033 0.259840
vt 0.976155 0.244592
vt 0.985397 0.233943
vt 0.993910 0.195096
vt 0.348050 0.317202
vt 0.335159 0.327610
vt 0.345131 0.305222
vt 0.335037 0.312362
vt 0.320809 0.323374
vt 0.496655 0.217000
vt 0.517449 0.205625
vt 0.507721 0.189287
vt 0.499938 0.188561
vt 0.510153 0.169683
vt 0.518787 0.189651
vt 0.520733 0.172950
vt 0.505289 0.150320
vt 0.523651 0.157460
vt 0.541285 0.162301
vt 0.520246 0.132894
vt 0.258911 0.823538
vt 0.274233 0.805748
vt 0.463456 0.404819
vt 0.451052 0.413411
vt 0.442904 0.407965
vt 0.114927 0.239389
vt 0.134141 0.232491
vt 0.130858 0.245197
vt 0.121615 0.228013
vt 0.121615 0.228013
vt 0.414204 0.609822
vt 0.108847 0.170409
vt 0.109333 0.172708
vt 0.113833 0.172466
vt 0.081850 0.214822
vt 0.084282 0.201994
vt 0.086836 0.199453
vt 0.113833 0.172466
vt 0.103739 0.180816
vt 0.113711 0.168231
vt 0.103739 0.180816
vt 0.113833 0.172466
vt 0.109333 0.172708
vt 0.108725 0.175613
vt 0.103739 0.180816
vt 0.109333 0.172708
vt 0.108725 0.175613
vt 0.109333 0.172708
vt 0.101307 0.176702
vt 0.073215 0.327610
vt 0.075283 0.327005
vt 0.080877 0.344189
vt 0.113711 0.168231
vt 0.080877 0.344189
vt 0.116143 0.159033
vt 0.113833 0.172466
vt 0.113711 0.168231
vt 0.432202 0.701068
vt 0.459686 0.059073
vt 0.492520 0.771016
vt 0.478292 0.747297
vt 0.422352 0.086302
vt 0.421014 0.066697
vt 0.430865 0.076379
vt 0.013263 0.406876
vt 0.013263 0.406876
vt 0.014722 0.405545
vt 0.007182 0.424060
vt 0.007182 0.424060
vt 0.007182 0.424060
vt 0.001953 0.001953
vt 0.001953 0.001953
vt 0.001953 0.001953
vt 0.530462 0.035112
vt 0.531799 0.034507
vt 0.529002 0.031602
vt 0.530462 0.035112
vt 0.529002 0.031602
vt 0.528881 0.031602
vt 0.013263 0.406876
vt 0.013263 0.406876
vt 0.014722 0.405545
vt 0.007182 0.424060
vt 0.007182 0.424060
vt 0.007182 0.424060
vt 0.001953 0.001953
vt 0.001953 0.001953
vt 0.001953 0.001953
vt 0.008277 0.415468
vt 0.006939 0.416799
vt 0.007061 0.416678
vt 0.006939 0.419583
vt 0.007061 0.422608
vt 0.030409 0.500664
vt 0.030409 0.500664
vt 0.032112 0.502964
vt 0.030409 0.500664
vt 0.032112 0.502964
vt 0.032112 0.502964
vt 0.421014 0.066697
vt 0.008277 0.415468
vt 0.007061 0.416678
vt 0.006939 0.416799
vt 0.007061 0.422608
vt 0.030409 0.500664
vt 0.030409 0.500664
vt 0.032112 0.502964
vt 0.030409 0.500664
vt 0.032112 0.502964
vt 0.032112 0.502964
vt 0.005237 0.418131
vt 0.007061 0.418131
vt 0.007061 0.418131
vt 0.005237 0.418131
vt 0.007061 0.418131
vt 0.007061 0.418131
vt 0.018613 0.505263
vt 0.020802 0.503569
vt 0.022383 0.502358
vt 0.018613 0.505263
vt 0.022383 0.502358
vt 0.020073 0.504174
vt 0.020438 0.503811
vt 0.020073 0.504174
vt 0.022383 0.502358
vt 0.020438 0.503811
vt 0.022383 0.502358
vt 0.022383 0.502358
vt 0.022140 0.500906
vt 0.022140 0.500785
vt 0.024937 0.500906
vt 0.022140 0.500906
vt 0.024937 0.500906
vt 0.024937 0.500906
vt 0.003048 0.377227
vt 0.003048 0.377227
vt 0.005358 0.375049
vt 0.003048 0.377227
vt 0.005358 0.375049
vt 0.005358 0.375049
vt 0.007669 0.378921
vt 0.007669 0.378921
vt 0.004750 0.378921
vt 0.007669 0.378921
vt 0.004750 0.378921
vt 0.004750 0.378921
vt 0.004628 0.381947
vt 0.004628 0.381947
vt 0.007304 0.381947
vt 0.004628 0.381947
vt 0.007304 0.381947
vt 0.007304 0.381947
vt 0.523530 0.004494
vt 0.523530 0.004494
vt 0.525840 0.006915
vt 0.523530 0.004494
vt 0.525840 0.006915
vt 0.525840 0.006915
vt 0.020802 0.503569
vt 0.020438 0.503811
vt 0.022383 0.502358
vt 0.020802 0.503569
vt 0.022383 0.502358
vt 0.022383 0.502358
vt 0.022140 0.500785
vt 0.022140 0.500906
vt 0.024937 0.500906
vt 0.022140 0.500785
vt 0.024937 0.500906
vt 0.024937 0.500906
vt 0.003048 0.377227
vt 0.003048 0.377227
vt 0.005358 0.375049
vt 0.003048 0.377227
vt 0.005358 0.375049
vt 0.005358 0.375049
vt 0.007669 0.378921
vt 0.007669 0.378921
vt 0.004750 0.378921
vt 0.007669 0.378921
vt 0.004750 0.378921
vt 0.004750 0.378921
vt 0.004628 0.381947
vt 0.004628 0.381947
vt 0.007304 0.381947
vt 0.004628 0.381947
vt 0.007304 0.381947
vt 0.007304 0.381947
vt 0.523530 0.004494
vt 0.523530 0.004494
vt 0.525840 0.006915
vt 0.523530 0.004494
vt 0.525840 0.006915
vt 0.525840 0.006915
vt 0.013384 0.416073
vt 0.013384 0.416073
vt 0.013384 0.416073
vt 0.013384 0.416073
vt 0.013384 0.416073
vt 0.013384 0.416073
vt 0.848102 0.587070
vt 0.852480 0.578115
vt 0.856006 0.586223
vt 0.847372 0.581746
vt 0.852480 0.578115
vt 0.848102 0.587070
vt 0.533867 0.031723
vt 0.533623 0.029061
vt 0.533623 0.028819
vt 0.855277 0.592758
vt 0.848102 0.587070
vt 0.856006 0.586223
vt 0.847372 0.581746
vt 0.855277 0.592758
vt 0.104225 0.489652
vt 0.105077 0.488320
vt 0.104225 0.489652
vt 0.114562 0.478518
vt 0.115170 0.477913
vt 0.113833 0.481544
vt 0.103982 0.490015
vt 0.104225 0.489652
vt 0.105077 0.488320
vt 0.103861 0.490136
vt 0.103617 0.490378
vt 0.104469 0.489289
vt 0.103617 0.490378
vt 0.103861 0.490136
vt 0.103982 0.490015
vt 0.102645 0.495824
vt 0.102280 0.497760
vt 0.102766 0.494976
vt 0.102280 0.497760
vt 0.102888 0.494008
vt 0.103617 0.490378
vt 0.102280 0.497760
vt 0.103617 0.490378
vt 0.103982 0.490015
vt 0.102280 0.497760
vt 0.102645 0.495824
vt 0.102888 0.494008
vt 0.102401 0.496429
vt 0.102766 0.494976
vt 0.102280 0.497760
vt 0.101429 0.500785
vt 0.102037 0.498365
vt 0.102280 0.497760
vt 0.098631 0.509256
vt 0.102280 0.497760
vt 0.097902 0.511556
vt 0.097902 0.511556
vt 0.096807 0.514823
vt 0.097659 0.512403
vt 0.097902 0.511556
vt 0.097659 0.512403
vt 0.098631 0.509256
vt 0.097780 0.511798
vt 0.096807 0.514823
vt 0.097294 0.513250
vt 0.096807 0.514823
vt 0.097780 0.511798
vt 0.097659 0.512403
vt 0.098023 0.511072
vt 0.101429 0.500785
vt 0.097294 0.513250
vt 0.098023 0.511072
vt 0.097294 0.513250
vt 0.097902 0.511556
vt 0.097294 0.513250
vt 0.095470 0.518817
vt 0.097902 0.511556
vt 0.095470 0.518817
vt 0.096807 0.514823
vt 0.097902 0.511556
vt 0.091578 0.529950
vt 0.097294 0.513250
vt 0.096807 0.514823
vt 0.101429 0.500785
vt 0.098023 0.511072
vt 0.097902 0.511556
vt 0.094740 0.521479
vt 0.096807 0.514823
vt 0.095470 0.518817
vt 0.089389 0.533218
vt 0.083552 0.539390
vt 0.088173 0.535154
vt 0.094254 0.523052
vt 0.093402 0.525594
vt 0.092794 0.527530
vt 0.094740 0.521479
vt 0.094254 0.523052
vt 0.092794 0.527530
vt 0.083552 0.539390
vt 0.094740 0.539148
vt 0.085011 0.544351
vt 0.088781 0.542052
vt 0.089511 0.539269
vt 0.086106 0.539874
vt 0.087322 0.548345
vt 0.088416 0.541931
vt 0.088295 0.546530
vt 0.088781 0.542052
vt 0.088295 0.546530
vt 0.087444 0.548829
vt 0.089511 0.539269
vt 0.088295 0.546530
vt 0.089511 0.539269
vt 0.088781 0.542052
vt 0.087444 0.548829
vt 0.083552 0.539390
vt 0.092916 0.536606
vt 0.096199 0.535396
vt 0.088295 0.546530
vt 0.077107 0.557784
vt 0.087444 0.548829
vt 0.087444 0.548829
vt 0.087322 0.549071
vt 0.338564 0.414379
vt 0.097051 0.546893
vt 0.096929 0.545319
vt 0.097537 0.544956
vt 0.097537 0.544956
vt 0.098267 0.543867
vt 0.097051 0.546893
vt 0.342942 0.400704
vt 0.351941 0.235153
vt 0.362642 0.257541
vt 0.341848 0.235516
vt 0.212335 0.670209
vt 0.224617 0.652420
vt 0.224617 0.668636
vt 0.186311 0.497518
vt 0.509910 0.414379
vt 0.140708 0.672992
vt 0.319350 0.836607
vt 0.049380 0.468474
vt 0.503343 0.946975
vt 0.540433 0.948911
vt 0.519395 0.953268
vt 0.675053 0.564319
vt 0.668487 0.553307
vt 0.157733 0.815913
vt 0.184487 0.932211
vt 0.447646 0.698648
vt 0.291623 0.049392
vt 0.405813 0.522205
vt 0.201390 0.259477
vt 0.209660 0.267222
vt 0.191175 0.261172
vt 0.335889 0.379768
vt 0.165394 0.523173
vt 0.170380 0.529950
vt 0.153234 0.528982
vt 0.789608 0.750806
vt 0.438647 0.603287
vt 0.658636 0.513371
vt 0.414326 0.775978
vt 0.910243 0.462665
vt 0.985397 0.233943
vt 0.985640 0.262503
vt 0.976033 0.259840
vt 0.421622 0.684731
vt 0.407394 0.679164
vt 0.431473 0.668152
vt 0.976155 0.244592
vt 0.432567 0.763997
vt 0.917175 0.400946
vt 0.454092 0.255121
vt 0.294542 0.077710
vt 0.286273 0.086907
vt 0.285786 0.069965
vt 0.390612 0.203204
vt 0.155666 0.743545
vt 0.158219 0.763392
vt 0.143991 0.764965
vt 0.523408 0.776462
vt 0.347928 0.461092
vt 0.376506 0.451047
vt 0.360089 0.461697
vt 0.431473 0.805506
vt 0.431473 0.805506
vt 0.375655 0.463028
vt 0.158219 0.763392
vt 0.191662 0.190377
vt 0.327255 0.774647
vt 0.250155 0.739915
vt 0.260249 0.748386
vt 0.236535 0.602803
vt 0.226563 0.586707
vt 0.238238 0.590943
vt 0.425635 0.163390
vt 0.634193 0.575332
vt 0.614128 0.563835
vt 0.793135 0.228739
vt 0.864640 0.311515
vt 0.866464 0.353871
vt 0.857830 0.353145
vt 0.274233 0.860690
vt 0.318985 0.857664
vt 0.202850 0.316234
vt 0.204309 0.305585
vt 0.217564 0.312120
vt 0.202850 0.316234
vt 0.217564 0.312120
vt 0.201998 0.325916
vt 0.204309 0.305585
vt 0.202850 0.316234
vt 0.186797 0.319865
vt 0.072607 0.174523
vt 0.076256 0.172708
vt 0.080390 0.183358
vt 0.090605 0.201147
vt 0.081850 0.214822
vt 0.086836 0.199453
vt 0.181933 0.336807
vt 0.186797 0.319865
vt 0.193364 0.332088
vt 0.186797 0.319865
vt 0.202850 0.316234
vt 0.201998 0.325916
vt 0.619965 0.154072
vt 0.186797 0.319865
vt 0.201998 0.325916
vt 0.193364 0.332088
vt 0.196526 0.023131
vt 0.648421 0.810710
vt 0.193364 0.332088
vt 0.244804 0.008367
vt 0.093159 0.756978
vt 0.093159 0.756978
vt 0.564269 0.798850
vt 0.624465 0.615509
vt 0.092551 0.708934
vt 0.228509 0.440277
vt 0.215618 0.435799
vt 0.225104 0.429627
vt 0.225104 0.429627
vt 0.215132 0.423455
vt 0.237386 0.424787
vt 0.228509 0.440277
vt 0.225104 0.429627
vt 0.237386 0.424787
vt 0.224617 0.652420
vt 0.231549 0.562988
vt 0.219267 0.560689
vt 0.238724 0.554880
vt 0.683080 0.776220
vt 0.178042 0.512403
vt 0.182541 0.511798
vt 0.183392 0.512645
vt 0.179014 0.505505
vt 0.171110 0.507078
vt 0.177434 0.499212
vt 0.451173 0.014902
vt 0.462118 0.002679
vt 0.481454 0.008851
vt 0.513072 0.562625
vt 0.980290 0.187109
vt 0.993910 0.195096
vt 0.976520 0.194370
vt 0.993910 0.195096
vt 0.977736 0.201631
vt 0.976520 0.194370
vt 0.753369 0.503932
vt 0.113224 0.297598
vt 0.278976 0.101913
vt 0.275814 0.091748
vt 0.286273 0.086907
vt 0.427216 0.140276
vt 0.362642 0.257541
vt 0.283476 0.172224
vt 0.283476 0.172224
vt 0.407394 0.679164
vt 0.589563 0.629426
vt 0.579713 0.621802
vt 0.584455 0.608490
vt 0.404354 0.151046
vt 0.534961 0.600987
vt 0.723453 0.883441
vt 0.304514 0.109779
vt 0.286151 0.122002
vt 0.290286 0.108327
vt 0.286151 0.122002
vt 0.278976 0.101913
vt 0.290286 0.108327
vt 0.447525 0.304980
vt 0.456402 0.295419
vt 0.459078 0.307400
vt 0.538974 0.845200
vt 0.543352 0.860690
vt 0.459078 0.307400
vt 0.451416 0.313814
vt 0.447525 0.304980
vt 0.794959 0.798124
vt 0.484494 0.097315
vt 0.484494 0.097315
vt 0.468198 0.092232
vt 0.476589 0.086907
vt 0.483278 0.702521
vt 0.479751 0.721399
vt 0.475008 0.718253
vt 0.648786 0.525473
vt 0.657420 0.539390
vt 0.651583 0.535880
vt 0.633707 0.549434
vt 0.648786 0.525473
vt 0.647084 0.536001
vt 0.633707 0.549434
vt 0.637720 0.532129
vt 0.327255 0.384488
vt 0.579105 0.853913
vt 0.651948 0.505021
vt 0.571565 0.671782
vt 0.579348 0.682190
vt 0.566214 0.686183
vt 0.579348 0.682190
vt 0.584334 0.695139
vt 0.566214 0.686183
vt 0.661069 0.737495
vt 0.071148 0.735074
vt 0.654745 0.729749
vt 0.661069 0.737495
vt 0.651705 0.747781
vt 0.651583 0.535880
vt 0.706185 0.798608
vt 0.711171 0.804901
vt 0.692565 0.792557
vt 0.703023 0.790500
vt 0.706185 0.798608
vt 0.373952 0.828741
vt 0.714333 0.792073
vt 0.706185 0.798608
vt 0.703023 0.790500
vt 0.739749 0.467990
vt 0.400827 0.529950
vt 0.744613 0.475493
vt 0.750815 0.479970
vt 0.745464 0.488078
vt 0.764679 0.477550
vt 0.767719 0.488442
vt 0.762003 0.491104
vt 0.791311 0.775252
vt 0.794959 0.798124
vt 0.783893 0.781424
vt 0.551135 0.749475
vt 0.535326 0.752864
vt 0.524138 0.746087
vt 0.485467 0.244955
vt 0.472455 0.244834
vt 0.476589 0.233822
vt 0.582510 0.952421
vt 0.434634 0.346005
vt 0.439985 0.329788
vt 0.434634 0.346005
vt 0.429284 0.333419
vt 0.816362 0.729023
vt 0.826091 0.741488
vt 0.609385 0.671419
vt 0.617411 0.678559
vt 0.612304 0.682069
vt 0.219267 0.285375
vt 0.212213 0.276783
vt 0.222672 0.275089
vt 0.212213 0.276783
vt 0.201390 0.259477
vt 0.191175 0.261172
vt 0.197742 0.251490
vt 0.502492 0.779608
vt 0.491669 0.776220
vt 0.456402 0.295419
vt 0.493736 0.837939
vt 0.188621 0.512524
vt 0.183392 0.512645
vt 0.182541 0.511798
vt 0.608291 0.826321
vt 0.303663 0.085334
vt 0.302325 0.070812
vt 0.294542 0.077710
vt 0.285786 0.069965
vt 0.303663 0.085334
vt 0.286273 0.086907
vt 0.294542 0.077710
vt 0.181082 0.509741
vt 0.188621 0.512524
vt 0.182541 0.511798
vt 0.574119 0.784933
vt 0.572173 0.127569
vt 0.619114 0.775857
vt 0.639544 0.788927
vt 0.626410 0.781545
vt 0.639544 0.775736
vt 0.626410 0.781545
vt 0.639544 0.788927
vt 0.628964 0.799455
vt 0.628964 0.799455
vt 0.618871 0.798608
vt 0.626410 0.781545
vt 0.491061 0.668152
vt 0.200539 0.448748
vt 0.198837 0.433742
vt 0.208200 0.441608
vt 0.682228 0.453468
vt 0.670554 0.452741
vt 0.673594 0.440398
vt 0.459564 0.371176
vt 0.479265 0.365730
vt 0.474887 0.376501
vt 0.237751 0.720915
vt 0.246264 0.728902
vt 0.235076 0.737373
vt 0.459564 0.371176
vt 0.474887 0.376501
vt 0.465644 0.384972
vt 0.252830 0.189287
vt 0.268031 0.199937
vt 0.255263 0.199453
vt 0.255506 0.211434
vt 0.255263 0.199453
vt 0.244196 0.201873
vt 0.255263 0.199453
vt 0.255506 0.211434
vt 0.155909 0.462302
vt 0.527543 0.527046
vt 0.533137 0.551733
vt 0.515504 0.539027
vt 0.528273 0.537574
vt 0.524381 0.509983
vt 0.720292 0.790258
vt 0.701564 0.505626
vt 0.695484 0.505505
vt 0.693295 0.484690
vt 0.574727 0.421640
vt 0.581780 0.428659
vt 0.560742 0.466053
vt 0.725886 0.750685
vt 0.524381 0.509983
vt 0.101672 0.539511
vt 0.096199 0.535396
vt 0.094740 0.539148
vt 0.083552 0.539390
vt 0.496290 0.791952
vt 0.491669 0.776220
vt 0.502492 0.779608
vt 0.029680 0.086302
vt 0.655110 0.562625
vt 0.114927 0.239389
vt 0.099726 0.243503
vt 0.091700 0.238783
vt 0.096199 0.318534
vt 0.683809 0.723335
vt 0.114562 0.316113
vt 0.096199 0.318534
vt 0.109698 0.312725
vt 0.803228 0.776946
vt 0.802012 0.802965
vt 0.794959 0.798124
vt 0.824631 0.820996
vt 0.386113 0.668999
vt 0.824631 0.820996
vt 0.830468 0.800544
vt 0.836427 0.804780
vt 0.094740 0.539148
vt 0.096199 0.535396
vt 0.101672 0.539511
vt 0.040503 0.513129
vt 0.664717 0.524868
vt 0.667635 0.518454
vt 0.664717 0.524868
vt 0.658636 0.513371
vt 0.408732 0.514097
vt 0.238724 0.554880
vt 0.375898 0.207682
vt 0.378452 0.200663
vt 0.390612 0.203204
vt 0.420893 0.758672
vt 0.407516 0.764239
vt 0.415056 0.749838
vt 0.325917 0.305464
vt 0.320809 0.323374
vt 0.318256 0.313935
vt 0.211362 0.255363
vt 0.991113 0.338259
vt 0.991113 0.338259
vt 0.991599 0.348546
vt 0.980533 0.340559
vt 0.682228 0.453468
vt 0.683323 0.435920
vt 0.685390 0.446570
vt 0.685390 0.446570
vt 0.689160 0.439430
vt 0.692079 0.448869
vt 0.685390 0.446570
vt 0.683323 0.435920
vt 0.689160 0.439430
vt 0.683323 0.435920
vt 0.699497 0.441487
vt 0.689160 0.439430
vt 0.673594 0.440398
vt 0.683323 0.435920
vt 0.682228 0.453468
vt 0.415907 0.584529
vt 0.771002 0.589128
vt 0.320566 0.734832
vt 0.157003 0.515307
vt 0.572173 0.127569
vt 0.551865 0.129505
vt 0.557094 0.124180
vt 0.718589 0.741972
vt 0.725886 0.750685
vt 0.714333 0.749354
vt 0.633099 0.959319
vt 0.628964 0.958593
vt 0.638328 0.950363
vt 0.624951 0.968274
vt 0.628964 0.958593
vt 0.633099 0.959319
vt 0.362886 0.443181
vt 0.905744 0.450321
vt 0.902704 0.436041
vt 0.917540 0.448990
vt 0.648786 0.525473
vt 0.651583 0.535880
vt 0.647084 0.536001
vt 0.836427 0.804780
vt 0.815754 0.835397
vt 0.826212 0.828378
vt 0.835941 0.821480
vt 0.843237 0.833098
vt 0.826212 0.828378
vt 0.834846 0.837697
vt 0.827672 0.835881
vt 0.807606 0.828378
vt 0.107144 0.226561
vt 0.121615 0.228013
vt 0.114927 0.239389
vt 0.827672 0.835881
vt 0.834846 0.837697
vt 0.833144 0.845805
vt 0.843237 0.833098
vt 0.834846 0.837697
vt 0.826212 0.828378
vt 0.637112 0.722367
vt 0.833144 0.845805
vt 0.834846 0.837697
vt 0.843237 0.833098
vt 0.827672 0.835881
vt 0.833144 0.845805
vt 0.822686 0.839028
vt 0.461996 0.655203
vt 0.451295 0.667426
vt 0.683080 0.776220
vt 0.834482 0.770048
vt 0.215254 0.467022
vt 0.214524 0.448143
vt 0.221820 0.456372
vt 0.229360 0.462907
vt 0.221820 0.456372
vt 0.993910 0.195096
vt 0.679188 0.468111
vt 0.229360 0.462907
vt 0.215254 0.467022
vt 0.221820 0.456372
vt 0.605615 0.775010
vt 0.609750 0.791105
vt 0.601237 0.787233
vt 0.626410 0.781545
vt 0.618871 0.798608
vt 0.617411 0.787717
vt 0.618871 0.798608
vt 0.609750 0.791105
vt 0.617411 0.787717
vt 0.609750 0.791105
vt 0.613033 0.782997
vt 0.617411 0.787717
vt 0.581537 0.597115
vt 0.634558 0.695139
vt 0.797391 0.659560
vt 0.813687 0.628458
vt 0.816484 0.634993
vt 0.711171 0.804901
vt 0.317769 0.247134
vt 0.692079 0.448869
vt 0.696578 0.452499
vt 0.690741 0.456614
vt 0.831441 0.575695
vt 0.093402 0.525594
vt 0.980290 0.187109
vt 0.976520 0.194370
vt 0.949279 0.213007
vt 0.993910 0.195096
vt 0.998044 0.202962
vt 0.985397 0.233943
vt 0.823172 0.578720
vt 0.620695 0.694897
vt 0.601481 0.700463
vt 0.609142 0.687635
vt 0.601481 0.700463
vt 0.620695 0.694897
vt 0.611209 0.704578
vt 0.601481 0.700463
vt 0.109698 0.312725
vt 0.527543 0.527046
vt 0.528273 0.537574
vt 0.515504 0.539027
vt 0.191662 0.190377
vt 0.204309 0.305585
vt 0.197256 0.305706
vt 0.906595 0.340196
vt 0.899420 0.339107
vt 0.278976 0.101913
vt 0.264262 0.091990
vt 0.275814 0.091748
vt 0.275814 0.091748
vt 0.815754 0.835397
vt 0.599048 0.805869
vt 0.264262 0.091990
vt 0.267667 0.082792
vt 0.275814 0.091748
vt 0.825239 0.754195
vt 0.825726 0.765328
vt 0.815997 0.760004
vt 0.825239 0.754195
vt 0.585550 0.584408
vt 0.570835 0.595421
vt 0.568768 0.607280
vt 0.553445 0.602561
vt 0.553445 0.602561
vt 0.557580 0.591911
vt 0.570835 0.595421
vt 0.554175 0.584408
vt 0.557580 0.591911
vt 0.553445 0.602561
vt 0.557580 0.591911
vt 0.563417 0.589007
vt 0.570835 0.595421
vt 0.236535 0.602803
vt 0.563417 0.589007
vt 0.557580 0.591911
vt 0.554175 0.584408
vt 0.109090 0.481059
vt 0.110914 0.477550
vt 0.112981 0.478518
vt 0.565363 0.583803
vt 0.563417 0.589007
vt 0.554175 0.584408
vt 0.563417 0.589007
vt 0.487047 0.195338
vt 0.112981 0.478518
vt 0.113224 0.478034
vt 0.114319 0.478155
vt 0.532894 0.642012
vt 0.538974 0.656776
vt 0.531434 0.655203
vt 0.133533 0.538785
vt 0.370912 0.445965
vt 0.362886 0.443181
vt 0.368480 0.445117
vt 0.793500 0.510467
vt 0.333213 0.765328
vt 0.327255 0.774647
vt 0.313999 0.779366
f 1/1/1 2/2/2 3/3/3
f 2/2/2 4/4/4 3/3/3
f 3/3/3 4/4/4 5/5/5
f 4/4/4 6/6/6 5/5/5
f 7/7/7 8/8/8 9/9/9
f 8/8/8 10/10/10 9/9/9
f 11/11/11 12/12/12 13/13/13
f 12/12/12 14/14/14 13/13/13
f 15/15/15 16/16/16 17/17/17
f 16/16/16 18/18/18 17/17/17
f 16/16/16 19/19/19 18/18/18
f 19/19/19 20/20/20 18/18/18
f 18/18/18 20/20/20 21/21/21
f 20/20/20 22/22/22 21/21/21
f 21/21/21 22/22/22 23/23/23
f 22/22/22 24/24/24 23/23/23
f 24/24/24 22/22/22 25/25/25
f 22/22/22 20/20/20 25/25/25
f 25/25/25 20/20/20 19/19/19
f 26/26/26 27/27/27 28/28/28
f 27/27/27 29/29/29 28/28/28
f 28/28/28 29/29/29 30/30/30
f 28/28/28 30/30/30 31/31/31
f 30/30/30 32/32/32 31/31/31
f 31/31/31 32/32/32 33/33/33
f 32/32/32 34/34/34 33/33/33
f 33/33/33 34/34/34 35/35/35
f 34/34/34 36/36/36 35/35/35
f 30/30/30 37/37/37 32/32/32
f 37/37/37 38/38/38 32/32/32
f 32/32/32 38/38/38 39/39/39
f 38/38/38 37/37/37 40/40/40
f 37/37/37 30/30/30 40/40/40
f 40/40/40 30/30/30 41/41/41
f 42/42/42 43/43/43 44/44/44
f 43/43/43 45/45/45 44/44/44
f 46/46/46 47/47/47 48/48/48
f 47/47/47 49/49/49 48/48/48
f 48/48/48 49/49/49 50/50/50
f 50/50/50 51/51/51 48/48/48
f 51/51/51 52/52/52 48/48/48
f 52/52/52 51/51/51 53/53/53
f 51/51/51 54/54/54 53/53/53
f 53/53/53 54/54/54 55/55/55
f 51/51/51 56/56/56 54/54/54
f 56/56/56 57/57/57 54/54/54
f 54/54/54 57/57/57 58/58/58
f 58/58/58 18/18/18 54/54/54
f 18/18/18 21/21/21 54/54/54
f 54/54/54 21/21/21 59/59/59
f 21/21/21 60/60/60 59/59/59
f 18/18/18 58/58/58 61/61/61
f 58/58/58 15/15/15 61/61/61
f 62/62/62 63/63/63 64/64/64
f 63/63/63 65/65/65 64/64/64
f 66/66/66 67/67/67 68/68/68
f 67/67/67 38/38/38 68/68/68
f 69/69/69 70/70/70 71/71/71
f 70/70/70 72/72/72 71/71/71
f 73/73/73 74/74/74 75/75/75
f 74/74/74 76/76/76 75/75/75
f 77/77/77 78/78/78 79/79/79
f 78/78/78 80/80/80 79/79/79
f 79/79/79 80/80/80 81/81/81
f 80/80/80 82/82/82 81/81/81
f 78/78/78 83/83/83 80/80/80
f 83/83/83 84/84/84 80/80/80
f 85/85/85 86/86/86 87/87/87
f 86/86/86 88/88/88 87/87/87
f 88/88/88 86/86/86 89/89/89
f 86/86/86 90/90/90 89/89/89
f 89/89/89 90/90/90 91/91/91
f 89/89/89 92/92/92 88/88/88
f 92/92/92 93/93/93 88/88/88
f 88/88/88 93/93/93 94/94/94
f 88/88/88 94/94/94 95/95/95
f 94/94/94 96/96/96 95/95/95
f 97/97/97 98/98/98 99/99/99
f 98/98/98 100/100/100 99/99/99
f 99/99/99 100/100/100 101/101/101
f 100/100/100 102/102/102 101/101/101
f 101/101/101 102/102/102 103/103/103
f 101/101/101 104/104/104 99/99/99
f 104/104/104 105/105/105 99/99/99
f 106/106/106 107/107/107 108/108/108
f 107/107/107 109/109/109 108/108/108
f 108/108/108 109/109/109 110/110/110
f 109/109/109 111/111/111 110/110/110
f 110/110/110 111/111/111 112/112/112
f 111/111/111 113/113/113 112/112/112
f 112/112/112 113/113/113 114/114/114
f 113/113/113 115/115/115 114/114/114
f 114/114/114 115/115/115 116/116/116
f 115/115/115 117/117/117 116/116/116
f 116/116/116 117/117/117 118/118/118
f 117/117/117 119/119/119 118/118/118
f 107/107/107 120/120/120 109/109/109
f 120/120/120 113/113/113 109/109/109
f 109/109/109 113/113/113 111/111/111
f 120/120/120 121/121/121 113/113/113
f 121/121/121 115/115/115 113/113/113
f 121/121/121 122/122/122 115/115/115
f 122/122/122 123/123/123 115/115/115
f 115/115/115 123/123/123 117/117/117
f 123/123/123 62/62/62 117/117/117
f 117/117/117 62/62/62 124/124/124
f 122/122/122 121/121/121 125/125/125
f 121/121/121 126/126/126 125/125/125
f 125/125/125 126/126/126 127/127/127
f 126/126/126 128/128/128 127/127/127
f 127/127/127 128/128/128 129/129/129
f 128/128/128 130/130/130 129/129/129
f 129/129/129 130/130/130 131/131/131
f 130/130/130 132/132/132 131/131/131
f 121/121/121 120/120/120 126/126/126
f 120/120/120 133/133/133 126/126/126
f 126/126/126 133/133/133 128/128/128
f 133/133/133 130/130/130 128/128/128
f 120/120/120 107/107/107 133/133/133
f 107/107/107 134/134/134 133/133/133
f 133/133/133 134/134/134 135/135/135
f 134/134/134 136/136/136 135/135/135
f 135/135/135 136/136/136 132/132/132
f 132/132/132 130/130/130 135/135/135
f 130/130/130 133/133/133 135/135/135
f 137/137/137 138/138/138 139/139/139
f 138/138/138 140/140/140 139/139/139
f 139/139/139 140/140/140 141/141/141
f 140/140/140 142/142/142 141/141/141
f 141/141/141 142/142/142 143/143/143
f 142/142/142 144/144/144 143/143/143
f 143/143/143 144/144/144 145/145/145
f 144/144/144 146/146/146 145/145/145
f 141/141/141 143/143/143 139/139/139
f 143/143/143 145/145/145 139/139/139
f 139/139/139 145/145/145 147/147/147
f 148/148/148 149/149/149 150/150/150
f 149/149/149 151/151/151 150/150/150
f 151/151/151 149/149/149 152/152/152
f 149/149/149 153/153/153 152/152/152
f 152/152/152 153/153/153 154/154/154
f 153/153/153 155/155/155 154/154/154
f 151/151/151 152/152/152 156/156/156
f 152/152/152 157/157/157 156/156/156
f 152/152/152 158/158/158 157/157/157
f 158/158/158 159/159/159 157/157/157
f 157/157/157 159/159/159 160/160/160
f 159/159/159 161/161/161 160/160/160
f 160/160/160 161/161/161 162/162/162
f 161/161/161 163/163/163 162/162/162
f 162/162/162 163/163/163 164/164/164
f 163/163/163 165/165/165 164/164/164
f 164/164/164 165/165/165 166/166/166
f 158/158/158 152/152/152 167/167/167
f 152/152/152 154/154/154 167/167/167
f 167/167/167 154/154/154 168/168/168
f 154/154/154 169/169/169 168/168/168
f 168/168/168 169/169/169 170/170/170
f 169/169/169 171/171/171 170/170/170
f 170/170/170 171/171/171 172/172/172
f 171/171/171 173/173/173 172/172/172
f 172/172/172 173/173/173 174/174/174
f 173/173/173 175/175/175 174/174/174
f 168/168/168 176/176/176 167/167/167
f 176/176/176 177/177/177 167/167/167
f 167/167/167 177/177/177 158/158/158
f 177/177/177 178/178/178 158/158/158
f 158/158/158 178/178/178 159/159/159
f 178/178/178 179/179/179 159/159/159
f 177/177/177 180/180/180 178/178/178
f 180/180/180 181/181/181 178/178/178
f 178/178/178 181/181/181 179/179/179
f 177/177/177 182/182/182 180/180/180
f 182/182/182 183/183/183 180/180/180
f 180/180/180 183/183/183 181/181/181
f 183/183/183 184/184/184 181/181/181
f 181/181/181 184/184/184 161/161/161
f 184/184/184 185/185/185 161/161/161
f 161/161/161 185/185/185 163/163/163
f 185/185/185 165/165/165 163/163/163
f 181/181/181 161/161/161 186/186/186
f 161/161/161 159/159/159 186/186/186
f 187/187/187 188/188/188 189/189/189
f 188/188/188 190/190/190 189/189/189
f 189/189/189 190/190/190 191/191/191
f 190/190/190 192/192/192 191/191/191
f 191/191/191 192/192/192 193/193/193
f 192/192/192 194/194/194 193/193/193
f 193/193/193 194/194/194 195/195/195
f 194/194/194 196/196/196 195/195/195
f 188/188/188 197/197/197 190/190/190
f 197/197/197 198/198/198 190/190/190
f 190/190/190 198/198/198 192/192/192
f 198/198/198 199/199/199 192/192/192
f 192/192/192 199/199/199 200/200/200
f 199/199/199 201/201/201 200/200/200
f 200/200/200 201/201/201 202/202/202
f 192/192/192 200/200/200 194/194/194
f 200/200/200 203/203/203 194/194/194
f 194/194/194 203/203/203 196/196/196
f 203/203/203 204/204/204 196/196/196
f 196/196/196 204/204/204 205/205/205
f 203/203/203 200/200/200 206/206/206
f 200/200/200 202/202/202 206/206/206
f 206/206/206 207/207/207 203/203/203
f 207/207/207 208/208/208 203/203/203
f 203/203/203 208/208/208 204/204/204
f 209/209/209 210/210/210 211/211/211
f 210/210/210 212/212/212 211/211/211
f 213/213/213 214/214/214 215/215/215
f 214/214/214 216/216/216 215/215/215
f 215/215/215 216/216/216 217/217/217
f 216/216/216 218/218/218 217/217/217
f 217/217/217 218/218/218 219/219/219
f 219/219/219 220/220/220 217/217/217
f 220/220/220 221/221/221 217/217/217
f 217/217/217 221/221/221 215/215/215
f 222/222/222 223/223/223 224/224/224
f 223/223/223 225/225/225 224/224/224
f 224/224/224 225/225/225 226/226/226
f 225/225/225 223/223/223 227/227/227
f 223/223/223 228/228/228 227/227/227
f 227/227/227 228/228/228 229/229/229
f 228/228/228 230/230/230 229/229/229
f 223/223/223 231/231/231 228/228/228
f 231/231/231 230/230/230 228/228/228
f 231/231/231 232/232/232 230/230/230
f 232/232/232 233/233/233 230/230/230
f 230/230/230 233/233/233 234/234/234
f 233/233/233 232/232/232 235/235/235
f 232/232/232 236/236/236 235/235/235
f 235/235/235 236/236/236 237/237/237
f 236/236/236 238/238/238 237/237/237
f 239/239/239 240/240/240 241/241/241
f 240/240/240 242/242/242 241/241/241
f 240/240/240 243/243/243 242/242/242
f 243/243/243 244/244/244 242/242/242
f 242/242/242 244/244/244 245/245/245
f 244/244/244 246/246/246 245/245/245
f 244/244/244 247/247/247 246/246/246
f 247/247/247 248/248/248 246/246/246
f 246/246/246 248/248/248 249/249/249
f 249/249/249 250/250/250 246/246/246
f 250/250/250 251/251/251 246/246/246
f 246/246/246 251/251/251 252/252/252
f 251/251/251 253/253/253 252/252/252
f 252/252/252 253/253/253 254/254/254
f 253/253/253 255/255/255 254/254/254
f 254/254/254 255/255/255 256/256/256
f 255/255/255 257/257/257 256/256/256
f 256/256/256 257/257/257 258/258/258
f 246/246/246 252/252/252 259/259/259
f 252/252/252 254/254/254 259/259/259
f 259/259/259 254/254/254 256/256/256
f 256/256/256 260/260/260 259/259/259
f 260/260/260 261/261/261 259/259/259
f 224/224/224 226/226/226 262/262/262
f 226/226/226 263/263/263 262/262/262
f 226/226/226 264/264/264 263/263/263
f 264/264/264 265/265/265 263/263/263
f 266/266/266 267/267/267 268/268/268
f 267/267/267 269/269/269 268/268/268
f 268/268/268 269/269/269 270/270/270
f 270/270/270 271/271/271 268/268/268
f 271/271/271 272/272/272 268/268/268
f 268/268/268 272/272/272 273/273/273
f 272/272/272 274/274/274 273/273/273
f 273/273/273 274/274/274 275/275/275
f 272/272/272 276/276/276 274/274/274
f 276/276/276 277/277/277 274/274/274
f 274/274/274 277/277/277 278/278/278
f 277/277/277 279/279/279 278/278/278
f 278/278/278 279/279/279 280/280/280
f 279/279/279 281/281/281 280/280/280
f 280/280/280 281/281/281 282/282/282
f 281/281/281 283/283/283 282/282/282
f 279/279/279 284/284/284 281/281/281
f 284/284/284 285/285/285 281/281/281
f 281/281/281 285/285/285 283/283/283
f 279/279/279 286/286/286 284/284/284
f 286/286/286 287/287/287 284/284/284
f 284/284/284 287/287/287 288/288/288
f 287/287/287 289/289/289 288/288/288
f 288/288/288 289/289/289 290/290/290
f 290/290/290 291/291/291 288/288/288
f 291/291/291 292/292/292 288/288/288
f 288/288/288 292/292/292 293/293/293
f 292/292/292 294/294/294 293/293/293
f 295/295/295 296/296/296 297/297/297
f 296/296/296 298/298/298 297/297/297
f 299/299/299 300/300/300 301/301/301
f 300/300/300 302/302/302 301/301/301
f 301/301/301 302/302/302 303/303/303
f 302/302/302 304/304/304 303/303/303
f 303/303/303 304/304/304 305/305/305
f 304/304/304 102/102/102 305/305/305
f 305/305/305 102/102/102 100/100/100
f 304/304/304 302/302/302 306/306/306
f 302/302/302 300/300/300 306/306/306
f 306/306/306 300/300/300 307/307/307
f 306/306/306 308/308/308 304/304/304
f 308/308/308 102/102/102 304/304/304
f 308/308/308 306/306/306 309/309/309
f 306/306/306 310/310/310 309/309/309
f 309/309/309 310/310/310 311/311/311
f 310/310/310 312/312/312 311/311/311
f 311/311/311 312/312/312 313/313/313
f 310/310/310 306/306/306 314/314/314
f 306/306/306 307/307/307 314/314/314
f 314/314/314 307/307/307 315/315/315
f 307/307/307 316/316/316 315/315/315
f 315/315/315 316/316/316 317/317/317
f 315/315/315 317/317/317 318/318/318
f 317/317/317 319/319/319 318/318/318
f 318/318/318 319/319/319 320/320/320
f 319/319/319 321/321/321 320/320/320
f 320/320/320 321/321/321 314/314/314
f 321/321/321 310/310/310 314/314/314
f 310/310/310 321/321/321 322/322/322
f 321/321/321 319/319/319 322/322/322
f 322/322/322 319/319/319 323/323/323
f 319/319/319 324/324/324 323/323/323
f 323/323/323 324/324/324 325/325/325
f 324/324/324 317/317/317 325/325/325
f 325/325/325 317/317/317 326/326/326
f 317/317/317 327/327/327 326/326/326
f 326/326/326 327/327/327 328/328/328
f 327/327/327 329/329/329 328/328/328
f 325/325/325 330/330/330 323/323/323
f 330/330/330 331/331/331 323/323/323
f 323/323/323 331/331/331 322/322/322
f 331/331/331 332/332/332 322/322/322
f 322/322/322 332/332/332 310/310/310
f 332/332/332 333/333/333 310/310/310
f 310/310/310 333/333/333 312/312/312
f 331/331/331 330/330/330 334/334/334
f 330/330/330 335/335/335 334/334/334
f 334/334/334 335/335/335 336/336/336
f 335/335/335 337/337/337 336/336/336
f 336/336/336 337/337/337 338/338/338
f 337/337/337 339/339/339 338/338/338
f 338/338/338 339/339/339 340/340/340
f 339/339/339 341/341/341 340/340/340
f 340/340/340 341/341/341 175/175/175
f 341/341/341 342/342/342 175/175/175
f 175/175/175 342/342/342 343/343/343
f 342/342/342 344/344/344 343/343/343
f 343/343/343 344/344/344 345/345/345
f 344/344/344 346/346/346 345/345/345
f 345/345/345 346/346/346 347/347/347
f 340/340/340 175/175/175 338/338/338
f 175/175/175 348/348/348 338/338/338
f 338/338/338 348/348/348 336/336/336
f 348/348/348 349/349/349 336/336/336
f 336/336/336 349/349/349 350/350/350
f 349/349/349 351/351/351 350/350/350
f 350/350/350 351/351/351 334/334/334
f 351/351/351 352/352/352 334/334/334
f 334/334/334 352/352/352 331/331/331
f 352/352/352 353/353/353 331/331/331
f 331/331/331 353/353/353 332/332/332
f 353/353/353 354/354/354 332/332/332
f 354/354/354 353/353/353 355/355/355
f 353/353/353 352/352/352 355/355/355
f 355/355/355 352/352/352 356/356/356
f 355/355/355 357/357/357 354/354/354
f 357/357/357 358/358/358 354/354/354
f 359/359/359 360/360/360 361/361/361
f 360/360/360 362/362/362 361/361/361
f 361/361/361 362/362/362 363/363/363
f 362/362/362 364/364/364 363/363/363
f 362/362/362 365/365/365 364/364/364
f 365/365/365 366/366/366 364/364/364
f 366/366/366 365/365/365 367/367/367
f 365/365/365 368/368/368 367/367/367
f 367/367/367 368/368/368 369/369/369
f 368/368/368 370/370/370 369/369/369
f 365/365/365 371/371/371 368/368/368
f 371/371/371 372/372/372 368/368/368
f 368/368/368 372/372/372 370/370/370
f 372/372/372 373/373/373 370/370/370
f 371/371/371 374/374/374 372/372/372
f 374/374/374 375/375/375 372/372/372
f 372/372/372 375/375/375 373/373/373
f 375/375/375 376/376/376 373/373/373
f 373/373/373 376/376/376 377/377/377
f 376/376/376 378/378/378 377/377/377
f 371/371/371 365/365/365 374/374/374
f 365/365/365 379/379/379 374/374/374
f 374/374/374 379/379/379 380/380/380
f 379/379/379 381/381/381 380/380/380
f 380/380/380 381/381/381 382/382/382
f 382/382/382 383/383/383 380/380/380
f 383/383/383 374/374/374 380/380/380
f 374/374/374 383/383/383 384/384/384
f 383/383/383 385/385/385 384/384/384
f 384/384/384 385/385/385 386/386/386
f 384/384/384 386/386/386 387/387/387
f 386/386/386 388/388/388 387/387/387
f 387/387/387 388/388/388 389/389/389
f 388/388/388 390/390/390 389/389/389
f 387/387/387 389/389/389 391/391/391
f 389/389/389 392/392/392 391/391/391
f 391/391/391 392/392/392 393/393/393
f 392/392/392 394/394/394 393/393/393
f 393/393/393 394/394/394 395/395/395
f 394/394/394 396/396/396 395/395/395
f 395/395/395 396/396/396 397/397/397
f 396/396/396 398/398/398 397/397/397
f 395/395/395 397/397/397 393/393/393
f 397/397/397 391/391/391 393/393/393
f 397/397/397 399/399/399 391/391/391
f 399/399/399 400/400/400 391/391/391
f 391/391/391 400/400/400 401/401/401
f 400/400/400 402/402/402 401/401/401
f 401/401/401 402/402/402 403/403/403
f 402/402/402 400/400/400 404/404/404
f 400/400/400 405/405/405 404/404/404
f 404/404/404 405/405/405 406/406/406
f 405/405/405 397/397/397 406/406/406
f 406/406/406 397/397/397 407/407/407
f 397/397/397 408/408/408 407/407/407
f 407/407/407 408/408/408 409/409/409
f 397/397/397 405/405/405 399/399/399
f 405/405/405 400/400/400 399/399/399
f 410/410/410 411/411/411 412/412/412
f 411/411/411 413/413/413 412/412/412
f 411/411/411 414/414/414 413/413/413
f 414/414/414 415/415/415 413/413/413
f 413/413/413 415/415/415 416/416/416
f 414/414/414 417/417/417 415/415/415
f 417/417/417 418/418/418 415/415/415
f 415/415/415 418/418/418 419/419/419
f 418/418/418 420/420/420 419/419/419
f 414/414/414 421/421/421 417/417/417
f 421/421/421 422/422/422 417/417/417
f 417/417/417 422/422/422 423/423/423
f 378/378/378 376/376/376 424/424/424
f 376/376/376 425/425/425 424/424/424
f 426/426/426 427/427/427 428/428/428
f 427/427/427 429/429/429 428/428/428
f 430/430/430 431/431/431 432/432/432
f 431/431/431 433/433/433 432/432/432
f 434/434/434 435/435/435 436/436/436
f 435/435/435 437/437/437 436/436/436
f 436/436/436 437/437/437 438/438/438
f 439/439/439 440/440/440 441/441/441
f 440/440/440 442/442/442 441/441/441
f 442/442/442 440/440/440 443/443/443
f 440/440/440 444/444/444 443/443/443
f 443/443/443 444/444/444 445/445/445
f 444/444/444 446/446/446 445/445/445
f 445/445/445 446/446/446 447/447/447
f 446/446/446 448/448/448 447/447/447
f 447/447/447 448/448/448 449/449/449
f 448/448/448 450/450/450 449/449/449
f 449/449/449 450/450/450 451/451/451
f 450/450/450 452/452/452 451/451/451
f 451/451/451 452/452/452 453/453/453
f 446/446/446 444/444/444 454/454/454
f 444/444/444 440/440/440 454/454/454
f 454/454/454 440/440/440 455/455/455
f 454/454/454 455/455/455 456/456/456
f 455/455/455 457/457/457 456/456/456
f 456/456/456 457/457/457 458/458/458
f 457/457/457 459/459/459 458/458/458
f 457/457/457 460/460/460 459/459/459
f 460/460/460 461/461/461 459/459/459
f 462/462/462 463/463/463 464/464/464
f 463/463/463 465/465/465 464/464/464
f 464/464/464 465/465/465 466/466/466
f 446/446/446 467/467/467 448/448/448
f 467/467/467 450/450/450 448/448/448
f 468/468/468 469/469/469 470/470/470
f 469/469/469 471/471/471 470/470/470
f 470/470/470 471/471/471 472/472/472
f 471/471/471 469/469/469 473/473/473
f 469/469/469 474/474/474 473/473/473
f 473/473/473 474/474/474 475/475/475
f 473/473/473 475/475/475 471/471/471
f 475/475/475 476/476/476 471/471/471
f 477/477/477 478/478/478 479/479/479
f 478/478/478 480/480/480 479/479/479
f 478/478/478 481/481/481 480/480/480
f 481/481/481 482/482/482 480/480/480
f 483/483/483 484/484/484 485/485/485
f 484/484/484 486/486/486 485/485/485
f 487/487/487 488/488/488 489/489/489
f 488/488/488 490/490/490 489/489/489
f 491/491/491 492/492/492 493/493/493
f 492/492/492 494/494/494 493/493/493
f 493/493/493 494/494/494 495/495/495
f 496/496/496 497/497/497 498/498/498
f 497/497/497 499/499/499 498/498/498
f 500/500/500 501/501/501 502/502/502
f 501/501/501 503/503/503 502/502/502
f 501/501/501 504/504/504 503/503/503
f 504/504/504 505/505/505 503/503/503
f 503/503/503 505/505/505 506/506/506
f 505/505/505 507/507/507 506/506/506
f 508/508/508 509/509/509 510/510/510
f 509/509/509 511/511/511 510/510/510
f 510/510/510 511/511/511 512/512/512
f 511/511/511 513/513/513 512/512/512
f 512/512/512 513/513/513 514/514/514
f 513/513/513 515/515/515 514/514/514
f 514/514/514 515/515/515 516/516/516
f 515/515/515 517/517/517 516/516/516
f 516/516/516 517/517/517 518/518/518
f 517/517/517 519/519/519 518/518/518
f 518/518/518 519/519/519 520/520/520
f 519/519/519 521/521/521 520/520/520
f 516/516/516 522/522/522 514/514/514
f 522/522/522 523/523/523 514/514/514
f 514/514/514 523/523/523 512/512/512
f 523/523/523 524/524/524 512/512/512
f 512/512/512 524/524/524 510/510/510
f 524/524/524 523/523/523 525/525/525
f 523/523/523 522/522/522 525/525/525
f 525/525/525 522/522/522 526/526/526
f 522/522/522 527/527/527 526/526/526
f 526/526/526 527/527/527 528/528/528
f 527/527/527 529/529/529 528/528/528
f 528/528/528 529/529/529 530/530/530
f 527/527/527 522/522/522 518/518/518
f 522/522/522 516/516/516 518/518/518
f 531/531/531 532/532/532 533/533/533
f 532/532/532 534/534/534 533/533/533
f 533/533/533 534/534/534 535/535/535
f 534/534/534 536/536/536 535/535/535
f 535/535/535 536/536/536 537/537/537
f 536/536/536 538/538/538 537/537/537
f 534/534/534 539/539/539 536/536/536
f 539/539/539 540/540/540 536/536/536
f 536/536/536 540/540/540 541/541/541
f 536/536/536 541/541/541 538/538/538
f 541/541/541 542/542/542 538/538/538
f 538/538/538 542/542/542 543/543/543
f 538/538/538 543/543/543 544/544/544
f 543/543/543 545/545/545 544/544/544
f 546/546/546 547/547/547 548/548/548
f 547/547/547 549/549/549 548/548/548
f 547/547/547 550/550/550 549/549/549
f 550/550/550 551/551/551 549/549/549
f 552/552/552 553/553/553 554/554/554
f 553/553/553 555/555/555 554/554/554
f 554/554/554 555/555/555 138/138/138
f 555/555/555 556/556/556 138/138/138
f 138/138/138 556/556/556 140/140/140
f 556/556/556 557/557/557 140/140/140
f 140/140/140 557/557/557 558/558/558
f 557/557/557 559/559/559 558/558/558
f 555/555/555 560/560/560 556/556/556
f 560/560/560 561/561/561 556/556/556
f 556/556/556 561/561/561 557/557/557
f 561/561/561 562/562/562 557/557/557
f 557/557/557 562/562/562 559/559/559
f 561/561/561 563/563/563 562/562/562
f 563/563/563 564/564/564 562/562/562
f 562/562/562 564/564/564 565/565/565
f 564/564/564 566/566/566 565/565/565
f 567/567/567 568/568/568 569/569/569
f 568/568/568 570/570/570 569/569/569
f 569/569/569 570/570/570 571/571/571
f 570/570/570 568/568/568 572/572/572
f 568/568/568 573/573/573 572/572/572
f 572/572/572 573/573/573 574/574/574
f 568/568/568 575/575/575 573/573/573
f 575/575/575 576/576/576 573/573/573
f 575/575/575 577/577/577 576/576/576
f 577/577/577 578/578/578 576/576/576
f 576/576/576 578/578/578 579/579/579
f 578/578/578 580/580/580 579/579/579
f 580/580/580 578/578/578 581/581/581
f 578/578/578 577/577/577 581/581/581
f 582/582/582 583/583/583 584/584/584
f 583/583/583 585/585/585 584/584/584
f 586/586/586 587/587/587 588/588/588
f 587/587/587 589/589/589 588/588/588
f 588/588/588 589/589/589 590/590/590
f 591/591/591 592/592/592 593/593/593
f 592/592/592 594/594/594 593/593/593
f 593/593/593 594/594/594 595/595/595
f 594/594/594 596/596/596 595/595/595
f 595/595/595 596/596/596 597/597/597
f 596/596/596 598/598/598 597/597/597
f 598/598/598 596/596/596 599/599/599
f 596/596/596 594/594/594 599/599/599
f 599/599/599 594/594/594 600/600/600
f 594/594/594 601/601/601 600/600/600
f 598/598/598 599/599/599 602/602/602
f 599/599/599 603/603/603 602/602/602
f 602/602/602 603/603/603 604/604/604
f 602/602/602 604/604/604 605/605/605
f 604/604/604 606/606/606 605/605/605
f 605/605/605 606/606/606 607/607/607
f 606/606/606 608/608/608 607/607/607
f 607/607/607 608/608/608 609/609/609
f 605/605/605 607/607/607 610/610/610
f 607/607/607 611/611/611 610/610/610
f 610/610/610 611/611/611 612/612/612
f 605/605/605 610/610/610 613/613/613
f 610/610/610 612/612/612 613/613/613
f 613/613/613 612/612/612 614/614/614
f 615/615/615 616/616/616 617/617/617
f 616/616/616 618/618/618 617/617/617
f 619/619/619 620/620/620 621/621/621
f 620/620/620 622/622/622 621/621/621
f 620/620/620 623/623/623 622/622/622
f 623/623/623 624/624/624 622/622/622
f 623/623/623 625/625/625 624/624/624
f 625/625/625 626/626/626 624/624/624
f 627/627/627 628/628/628 629/629/629
f 628/628/628 630/630/630 629/629/629
f 631/631/631 632/632/632 633/633/633
f 632/632/632 634/634/634 633/633/633
f 633/633/633 634/634/634 635/635/635
f 636/636/636 637/637/637 638/638/638
f 637/637/637 639/639/639 638/638/638
f 640/640/640 641/641/641 642/642/642
f 641/641/641 643/643/643 642/642/642
f 642/642/642 643/643/643 644/644/644
f 643/643/643 645/645/645 644/644/644
f 644/644/644 645/645/645 646/646/646
f 644/644/644 646/646/646 647/647/647
f 646/646/646 648/648/648 647/647/647
f 647/647/647 648/648/648 649/649/649
f 648/648/648 650/650/650 649/649/649
f 650/650/650 648/648/648 651/651/651
f 648/648/648 652/652/652 651/651/651
f 653/653/653 654/654/654 655/655/655
f 654/654/654 656/656/656 655/655/655
f 656/656/656 654/654/654 657/657/657
f 654/654/654 658/658/658 657/657/657
f 659/659/659 660/660/660 661/661/661
f 660/660/660 662/662/662 661/661/661
f 663/663/663 664/664/664 665/665/665
f 664/664/664 666/666/666 665/665/665
f 667/667/667 668/668/668 669/669/669
f 668/668/668 670/670/670 669/669/669
f 669/669/669 670/670/670 671/671/671
f 670/670/670 672/672/672 671/671/671
f 671/671/671 672/672/672 673/673/673
f 672/672/672 674/674/674 673/673/673
f 673/673/673 674/674/674 675/675/675
f 670/670/670 668/668/668 672/672/672
f 668/668/668 676/676/676 672/672/672
f 672/672/672 676/676/676 674/674/674
f 116/116/116 677/677/677 114/114/114
f 677/677/677 112/112/112 114/114/114
f 677/677/677 678/678/678 112/112/112
f 678/678/678 679/679/679 112/112/112
f 112/112/112 679/679/679 110/110/110
f 679/679/679 108/108/108 110/110/110
f 677/677/677 680/680/680 678/678/678
f 680/680/680 681/681/681 678/678/678
f 678/678/678 681/681/681 682/682/682
f 681/681/681 683/683/683 682/682/682
f 682/682/682 683/683/683 684/684/684
f 683/683/683 685/685/685 684/684/684
f 684/684/684 685/685/685 686/686/686
f 685/685/685 687/687/687 686/686/686
f 686/686/686 687/687/687 688/688/688
f 687/687/687 689/689/689 688/688/688
f 688/688/688 689/689/689 690/690/690
f 689/689/689 691/691/691 690/690/690
f 690/690/690 691/691/691 692/692/692
f 691/691/691 693/693/693 692/692/692
f 692/692/692 693/693/693 694/694/694
f 693/693/693 695/695/695 694/694/694
f 690/690/690 692/692/692 696/696/696
f 692/692/692 697/697/697 696/696/696
f 696/696/696 697/697/697 698/698/698
f 697/697/697 699/699/699 698/698/698
f 698/698/698 699/699/699 682/682/682
f 699/699/699 700/700/700 682/682/682
f 682/682/682 700/700/700 678/678/678
f 700/700/700 679/679/679 678/678/678
f 698/698/698 684/684/684 696/696/696
f 684/684/684 686/686/686 696/696/696
f 696/696/696 686/686/686 688/688/688
f 701/701/701 702/702/702 703/703/703
f 702/702/702 704/704/704 703/703/703
f 702/702/702 705/705/705 704/704/704
f 705/705/705 706/706/706 704/704/704
f 704/704/704 706/706/706 707/707/707
f 706/706/706 708/708/708 707/707/707
f 707/707/707 708/708/708 709/709/709
f 702/702/702 710/710/710 705/705/705
f 710/710/710 711/711/711 705/705/705
f 705/705/705 711/711/711 706/706/706
f 711/711/711 712/712/712 706/706/706
f 706/706/706 712/712/712 713/713/713
f 712/712/712 714/714/714 713/713/713
f 713/713/713 714/714/714 715/715/715
f 714/714/714 716/716/716 715/715/715
f 712/712/712 711/711/711 714/714/714
f 711/711/711 717/717/717 714/714/714
f 714/714/714 717/717/717 716/716/716
f 717/717/717 718/718/718 716/716/716
f 718/718/718 717/717/717 719/719/719
f 717/717/717 711/711/711 719/719/719
f 719/719/719 711/711/711 720/720/720
f 720/720/720 721/721/721 719/719/719
f 721/721/721 722/722/722 719/719/719
f 719/719/719 722/722/722 718/718/718
f 722/722/722 723/723/723 718/718/718
f 724/724/724 725/725/725 726/726/726
f 725/725/725 727/727/727 726/726/726
f 726/726/726 727/727/727 728/728/728
f 727/727/727 729/729/729 728/728/728
f 728/728/728 729/729/729 730/730/730
f 729/729/729 731/731/731 730/730/730
f 730/730/730 731/731/731 732/732/732
f 731/731/731 733/733/733 732/732/732
f 732/732/732 733/733/733 734/734/734
f 733/733/733 735/735/735 734/734/734
f 725/725/725 736/736/736 727/727/727
f 736/736/736 737/737/737 727/727/727
f 727/727/727 737/737/737 729/729/729
f 737/737/737 738/738/738 729/729/729
f 729/729/729 738/738/738 739/739/739
f 738/738/738 740/740/740 739/739/739
f 739/739/739 740/740/740 741/741/741
f 736/736/736 144/144/144 737/737/737
f 144/144/144 742/742/742 737/737/737
f 737/737/737 742/742/742 738/738/738
f 742/742/742 743/743/743 738/738/738
f 738/738/738 743/743/743 740/740/740
f 743/743/743 744/744/744 740/740/740
f 740/740/740 744/744/744 745/745/745
f 744/744/744 746/746/746 745/745/745
f 745/745/745 746/746/746 747/747/747
f 746/746/746 748/748/748 747/747/747
f 144/144/144 142/142/142 742/742/742
f 142/142/142 743/743/743 742/742/742
f 743/743/743 142/142/142 749/749/749
f 142/142/142 750/750/750 749/749/749
f 749/749/749 750/750/750 558/558/558
f 750/750/750 140/140/140 558/558/558
f 749/749/749 751/751/751 743/743/743
f 751/751/751 744/744/744 743/743/743
f 751/751/751 752/752/752 744/744/744
f 752/752/752 753/753/753 744/744/744
f 744/744/744 753/753/753 746/746/746
f 753/753/753 754/754/754 746/746/746
f 746/746/746 754/754/754 755/755/755
f 752/752/752 756/756/756 753/753/753
f 756/756/756 757/757/757 753/753/753
f 758/758/758 759/759/759 760/760/760
f 759/759/759 761/761/761 760/760/760
f 760/760/760 761/761/761 762/762/762
f 741/741/741 763/763/763 739/739/739
f 763/763/763 731/731/731 739/739/739
f 739/739/739 731/731/731 729/729/729
f 763/763/763 764/764/764 731/731/731
f 764/764/764 765/765/765 731/731/731
f 766/766/766 767/767/767 768/768/768
f 767/767/767 769/769/769 768/768/768
f 768/768/768 769/769/769 770/770/770
f 769/769/769 771/771/771 770/770/770
f 771/771/771 769/769/769 772/772/772
f 769/769/769 773/773/773 772/772/772
f 772/772/772 773/773/773 774/774/774
f 773/773/773 775/775/775 774/774/774
f 774/774/774 775/775/775 776/776/776
f 775/775/775 777/777/777 776/776/776
f 777/777/777 775/775/775 778/778/778
f 775/775/775 779/779/779 778/778/778
f 778/778/778 779/779/779 780/780/780
f 779/779/779 781/781/781 780/780/780
f 780/780/780 781/781/781 782/782/782
f 781/781/781 783/783/783 782/782/782
f 782/782/782 783/783/783 784/784/784
f 783/783/783 785/785/785 784/784/784
f 783/783/783 781/781/781 786/786/786
f 781/781/781 779/779/779 786/786/786
f 786/786/786 779/779/779 775/775/775
f 775/775/775 787/787/787 786/786/786
f 787/787/787 788/788/788 786/786/786
f 786/786/786 788/788/788 783/783/783
f 788/788/788 789/789/789 783/783/783
f 783/783/783 789/789/789 785/785/785
f 789/789/789 790/790/790 785/785/785
f 787/787/787 791/791/791 788/788/788
f 791/791/791 789/789/789 788/788/788
f 789/789/789 791/791/791 792/792/792
f 791/791/791 793/793/793 792/792/792
f 794/794/794 795/795/795 796/796/796
f 795/795/795 797/797/797 796/796/796
f 796/796/796 797/797/797 798/798/798
f 797/797/797 799/799/799 798/798/798
f 798/798/798 799/799/799 800/800/800
f 799/799/799 801/801/801 800/800/800
f 800/800/800 801/801/801 802/802/802
f 801/801/801 803/803/803 802/802/802
f 802/802/802 803/803/803 804/804/804
f 803/803/803 805/805/805 804/804/804
f 804/804/804 805/805/805 806/806/806
f 796/796/796 798/798/798 807/807/807
f 798/798/798 800/800/800 807/807/807
f 807/807/807 800/800/800 808/808/808
f 800/800/800 802/802/802 808/808/808
f 808/808/808 802/802/802 804/804/804
f 807/807/807 808/808/808 796/796/796
f 808/808/808 809/809/809 796/796/796
f 796/796/796 809/809/809 810/810/810
f 809/809/809 811/811/811 810/810/810
f 810/810/810 811/811/811 812/812/812
f 811/811/811 813/813/813 812/812/812
f 811/811/811 809/809/809 814/814/814
f 809/809/809 808/808/808 814/814/814
f 814/814/814 808/808/808 815/815/815
f 808/808/808 804/804/804 815/815/815
f 815/815/815 804/804/804 816/816/816
f 804/804/804 806/806/806 816/816/816
f 814/814/814 815/815/815 817/817/817
f 815/815/815 818/818/818 817/817/817
f 815/815/815 819/819/819 818/818/818
f 819/819/819 820/820/820 818/818/818
f 820/820/820 819/819/819 821/821/821
f 819/819/819 710/710/710 821/821/821
f 821/821/821 710/710/710 822/822/822
f 710/710/710 702/702/702 822/822/822
f 810/810/810 812/812/812 796/796/796
f 812/812/812 823/823/823 796/796/796
f 812/812/812 824/824/824 823/823/823
f 824/824/824 825/825/825 823/823/823
f 823/823/823 825/825/825 826/826/826
f 827/827/827 828/828/828 829/829/829
f 828/828/828 830/830/830 829/829/829
f 829/829/829 830/830/830 831/831/831
f 830/830/830 832/832/832 831/831/831
f 831/831/831 832/832/832 833/833/833
f 832/832/832 834/834/834 833/833/833
f 833/833/833 834/834/834 835/835/835
f 836/836/836 837/837/837 838/838/838
f 837/837/837 839/839/839 838/838/838
f 840/840/840 841/841/841 842/842/842
f 841/841/841 843/843/843 842/842/842
f 842/842/842 843/843/843 844/844/844
f 843/843/843 845/845/845 844/844/844
f 841/841/841 846/846/846 843/843/843
f 846/846/846 847/847/847 843/843/843
f 843/843/843 847/847/847 845/845/845
f 847/847/847 848/848/848 845/845/845
f 841/841/841 849/849/849 846/846/846
f 849/849/849 850/850/850 846/846/846
f 850/850/850 849/849/849 851/851/851
f 849/849/849 852/852/852 851/851/851
f 849/849/849 273/273/273 852/852/852
f 273/273/273 853/853/853 852/852/852
f 273/273/273 275/275/275 853/853/853
f 275/275/275 854/854/854 853/853/853
f 855/855/855 856/856/856 795/795/795
f 856/856/856 857/857/857 795/795/795
f 795/795/795 857/857/857 797/797/797
f 857/857/857 858/858/858 797/797/797
f 797/797/797 858/858/858 799/799/799
f 857/857/857 859/859/859 858/858/858
f 859/859/859 860/860/860 858/858/858
f 859/859/859 861/861/861 860/860/860
f 861/861/861 862/862/862 860/860/860
f 863/863/863 864/864/864 865/865/865
f 864/864/864 866/866/866 865/865/865
f 865/865/865 866/866/866 867/867/867
f 868/868/868 869/869/869 870/870/870
f 869/869/869 871/871/871 870/870/870
f 870/870/870 871/871/871 872/872/872
f 871/871/871 873/873/873 872/872/872
f 872/872/872 873/873/873 874/874/874
f 871/871/871 869/869/869 875/875/875
f 869/869/869 876/876/876 875/875/875
f 875/875/875 876/876/876 877/877/877
f 876/876/876 878/878/878 877/877/877
f 877/877/877 879/879/879 875/875/875
f 879/879/879 880/880/880 875/875/875
f 881/881/881 882/882/882 883/883/883
f 882/882/882 884/884/884 883/883/883
f 884/884/884 882/882/882 885/885/885
f 882/882/882 886/886/886 885/885/885
f 885/885/885 886/886/886 887/887/887
f 886/886/886 888/888/888 887/887/887
f 887/887/887 888/888/888 889/889/889
f 888/888/888 890/890/890 889/889/889
f 889/889/889 890/890/890 891/891/891
f 890/890/890 892/892/892 891/891/891
f 891/891/891 892/892/892 893/893/893
f 892/892/892 894/894/894 893/893/893
f 893/893/893 894/894/894 895/895/895
f 894/894/894 892/892/892 896/896/896
f 892/892/892 897/897/897 896/896/896
f 896/896/896 897/897/897 898/898/898
f 897/897/897 899/899/899 898/898/898
f 898/898/898 899/899/899 900/900/900
f 899/899/899 901/901/901 900/900/900
f 900/900/900 901/901/901 902/902/902
f 901/901/901 903/903/903 902/902/902
f 903/903/903 901/901/901 904/904/904
f 901/901/901 899/899/899 904/904/904
f 904/904/904 899/899/899 905/905/905
f 899/899/899 897/897/897 905/905/905
f 905/905/905 897/897/897 906/906/906
f 897/897/897 907/907/907 906/906/906
f 906/906/906 907/907/907 908/908/908
f 907/907/907 909/909/909 908/908/908
f 908/908/908 909/909/909 910/910/910
f 910/910/910 911/911/911 908/908/908
f 911/911/911 905/905/905 908/908/908
f 908/908/908 905/905/905 906/906/906
f 911/911/911 912/912/912 905/905/905
f 912/912/912 904/904/904 905/905/905
f 912/912/912 913/913/913 904/904/904
f 913/913/913 903/903/903 904/904/904
f 914/914/914 915/915/915 916/916/916
f 915/915/915 917/917/917 916/916/916
f 651/651/651 918/918/918 919/919/919
f 918/918/918 19/19/19 919/919/919
f 919/919/919 19/19/19 16/16/16
f 920/920/920 921/921/921 922/922/922
f 921/921/921 923/923/923 922/922/922
f 924/924/924 925/925/925 926/926/926
f 925/925/925 927/927/927 926/926/926
f 675/675/675 928/928/928 673/673/673
f 928/928/928 929/929/929 673/673/673
f 673/673/673 929/929/929 930/930/930
f 929/929/929 931/931/931 930/930/930
f 930/930/930 931/931/931 932/932/932
f 931/931/931 933/933/933 932/932/932
f 932/932/932 933/933/933 934/934/934
f 933/933/933 935/935/935 934/934/934
f 934/934/934 935/935/935 936/936/936
f 935/935/935 937/937/937 936/936/936
f 936/936/936 937/937/937 938/938/938
f 937/937/937 939/939/939 938/938/938
f 938/938/938 939/939/939 940/940/940
f 939/939/939 941/941/941 940/940/940
f 940/940/940 941/941/941 942/942/942
f 941/941/941 943/943/943 942/942/942
f 942/942/942 943/943/943 944/944/944
f 934/934/934 945/945/945 932/932/932
f 945/945/945 946/946/946 932/932/932
f 932/932/932 946/946/946 930/930/930
f 946/946/946 947/947/947 930/930/930
f 930/930/930 947/947/947 673/673/673
f 947/947/947 671/671/671 673/673/673
f 934/934/934 936/936/936 945/945/945
f 936/936/936 948/948/948 945/945/945
f 945/945/945 948/948/948 949/949/949
f 948/948/948 950/950/950 949/949/949
f 949/949/949 950/950/950 951/951/951
f 950/950/950 952/952/952 951/951/951
f 951/951/951 952/952/952 953/953/953
f 952/952/952 954/954/954 953/953/953
f 953/953/953 954/954/954 955/955/955
f 954/954/954 956/956/956 955/955/955
f 955/955/955 956/956/956 957/957/957
f 956/956/956 958/958/958 957/957/957
f 953/953/953 955/955/955 951/951/951
f 955/955/955 959/959/959 951/951/951
f 951/951/951 959/959/959 949/949/949
f 959/959/959 945/945/945 949/949/949
f 945/945/945 959/959/959 960/960/960
f 959/959/959 671/671/671 960/960/960
f 960/960/960 671/671/671 947/947/947
f 961/961/961 962/962/962 963/963/963
f 962/962/962 964/964/964 963/963/963
f 365/365/365 965/965/965 379/379/379
f 965/965/965 381/381/381 379/379/379
f 966/966/966 967/967/967 968/968/968
f 967/967/967 969/969/969 968/968/968
f 969/969/969 967/967/967 970/970/970
f 967/967/967 971/971/971 970/970/970
f 970/970/970 971/971/971 972/972/972
f 971/971/971 973/973/973 972/972/972
f 972/972/972 973/973/973 974/974/974
f 971/971/971 975/975/975 973/973/973
f 975/975/975 227/227/227 973/973/973
f 973/973/973 227/227/227 976/976/976
f 227/227/227 977/977/977 976/976/976
f 977/977/977 227/227/227 978/978/978
f 227/227/227 229/229/229 978/978/978
f 979/979/979 980/980/980 981/981/981
f 980/980/980 982/982/982 981/981/981
f 975/975/975 971/971/971 983/983/983
f 971/971/971 984/984/984 983/983/983
f 971/971/971 967/967/967 984/984/984
f 967/967/967 985/985/985 984/984/984
f 986/986/986 987/987/987 988/988/988
f 987/987/987 989/989/989 988/988/988
f 987/987/987 990/990/990 989/989/989
f 990/990/990 991/991/991 989/989/989
f 989/989/989 991/991/991 992/992/992
f 992/992/992 993/993/993 989/989/989
f 993/993/993 994/994/994 989/989/989
f 995/995/995 996/996/996 997/997/997
f 996/996/996 998/998/998 997/997/997
f 998/998/998 996/996/996 999/999/999
f 996/996/996 1000/1000/1000 999/999/999
f 1001/1001/1001 1002/1002/1002 1003/1003/1003
f 1002/1002/1002 1004/1004/1004 1003/1003/1003
f 1003/1003/1003 1004/1004/1004 1005/1005/1005
f 1004/1004/1004 1006/1006/1006 1005/1005/1005
f 1005/1005/1005 1007/1007/1007 1003/1003/1003
f 1007/1007/1007 1008/1008/1008 1003/1003/1003
f 1003/1003/1003 1008/1008/1008 1009/1009/1009
f 1008/1008/1008 1010/1010/1010 1009/1009/1009
f 1009/1009/1009 1010/1010/1010 1011/1011/1011
f 1008/1008/1008 1007/1007/1007 1012/1012/1012
f 1007/1007/1007 1005/1005/1005 1012/1012/1012
f 1012/1012/1012 1005/1005/1005 165/165/165
f 165/165/165 185/185/185 1012/1012/1012
f 185/185/185 1013/1013/1013 1012/1012/1012
f 1012/1012/1012 1013/1013/1013 1014/1014/1014
f 1013/1013/1013 1015/1015/1015 1014/1014/1014
f 1014/1014/1014 1015/1015/1015 1016/1016/1016
f 1015/1015/1015 1017/1017/1017 1016/1016/1016
f 1016/1016/1016 1017/1017/1017 1018/1018/1018
f 1014/1014/1014 1019/1019/1019 1012/1012/1012
f 1019/1019/1019 1008/1008/1008 1012/1012/1012
f 1020/1020/1020 1021/1021/1021 1022/1022/1022
f 1021/1021/1021 1023/1023/1023 1022/1022/1022
f 1024/1024/1024 1025/1025/1025 1026/1026/1026
f 1025/1025/1025 1027/1027/1027 1026/1026/1026
f 1027/1027/1027 1025/1025/1025 1028/1028/1028
f 1025/1025/1025 1029/1029/1029 1028/1028/1028
f 1028/1028/1028 1029/1029/1029 1030/1030/1030
f 1029/1029/1029 1031/1031/1031 1030/1030/1030
f 1030/1030/1030 1031/1031/1031 1032/1032/1032
f 1031/1031/1031 1033/1033/1033 1032/1032/1032
f 1032/1032/1032 1033/1033/1033 1034/1034/1034
f 1033/1033/1033 892/892/892 1034/1034/1034
f 892/892/892 1033/1033/1033 897/897/897
f 1033/1033/1033 907/907/907 897/897/897
f 1033/1033/1033 1035/1035/1035 907/907/907
f 1035/1035/1035 500/500/500 907/907/907
f 907/907/907 500/500/500 909/909/909
f 500/500/500 1035/1035/1035 1036/1036/1036
f 1035/1035/1035 1037/1037/1037 1036/1036/1036
f 1035/1035/1035 1038/1038/1038 1037/1037/1037
f 1038/1038/1038 1039/1039/1039 1037/1037/1037
f 1040/1040/1040 1041/1041/1041 687/687/687
f 1041/1041/1041 689/689/689 687/687/687
f 1041/1041/1041 1042/1042/1042 689/689/689
f 1042/1042/1042 691/691/691 689/689/689
f 1042/1042/1042 1043/1043/1043 691/691/691
f 1043/1043/1043 693/693/693 691/691/691
f 1042/1042/1042 1044/1044/1044 1043/1043/1043
f 1044/1044/1044 1045/1045/1045 1043/1043/1043
f 1043/1043/1043 1045/1045/1045 693/693/693
f 1045/1045/1045 695/695/695 693/693/693
f 1033/1033/1033 1031/1031/1031 1046/1046/1046
f 1031/1031/1031 1047/1047/1047 1046/1046/1046
f 1048/1048/1048 1049/1049/1049 1050/1050/1050
f 1049/1049/1049 1051/1051/1051 1050/1050/1050
f 1050/1050/1050 1051/1051/1051 1052/1052/1052
f 1053/1053/1053 1054/1054/1054 1055/1055/1055
f 1054/1054/1054 1056/1056/1056 1055/1055/1055
f 1057/1057/1057 1058/1058/1058 1059/1059/1059
f 1058/1058/1058 1060/1060/1060 1059/1059/1059
f 1061/1061/1061 1062/1062/1062 1063/1063/1063
f 1062/1062/1062 1064/1064/1064 1063/1063/1063
f 1063/1063/1063 1064/1064/1064 1065/1065/1065
f 1065/1065/1065 1066/1066/1066 1063/1063/1063
f 1066/1066/1066 1067/1067/1067 1063/1063/1063
f 1068/1068/1068 1069/1069/1069 1070/1070/1070
f 1069/1069/1069 1071/1071/1071 1070/1070/1070
f 1069/1069/1069 1072/1072/1072 1071/1071/1071
f 1072/1072/1072 1073/1073/1073 1071/1071/1071
f 1071/1071/1071 1073/1073/1073 1074/1074/1074
f 1073/1073/1073 1075/1075/1075 1074/1074/1074
f 1074/1074/1074 1075/1075/1075 1076/1076/1076
f 1075/1075/1075 1077/1077/1077 1076/1076/1076
f 1071/1071/1071 1074/1074/1074 1078/1078/1078
f 1074/1074/1074 1079/1079/1079 1078/1078/1078
f 1078/1078/1078 1079/1079/1079 1080/1080/1080
f 1079/1079/1079 511/511/511 1080/1080/1080
f 1080/1080/1080 511/511/511 1081/1081/1081
f 511/511/511 509/509/509 1081/1081/1081
f 1079/1079/1079 1074/1074/1074 1082/1082/1082
f 1074/1074/1074 1076/1076/1076 1082/1082/1082
f 1082/1082/1082 1076/1076/1076 515/515/515
f 1076/1076/1076 1083/1083/1083 515/515/515
f 515/515/515 1083/1083/1083 1084/1084/1084
f 515/515/515 513/513/513 1082/1082/1082
f 513/513/513 511/511/511 1082/1082/1082
f 1082/1082/1082 511/511/511 1079/1079/1079
f 1085/1085/1085 1086/1086/1086 1087/1087/1087
f 1086/1086/1086 1088/1088/1088 1087/1087/1087
f 1088/1088/1088 1086/1086/1086 1089/1089/1089
f 1086/1086/1086 1090/1090/1090 1089/1089/1089
f 1091/1091/1091 1092/1092/1092 1093/1093/1093
f 1092/1092/1092 1094/1094/1094 1093/1093/1093
f 1093/1093/1093 1094/1094/1094 1095/1095/1095
f 1094/1094/1094 1096/1096/1096 1095/1095/1095
f 1095/1095/1095 1096/1096/1096 1097/1097/1097
f 1096/1096/1096 1098/1098/1098 1097/1097/1097
f 1092/1092/1092 1099/1099/1099 1094/1094/1094
f 1099/1099/1099 1100/1100/1100 1094/1094/1094
f 1094/1094/1094 1100/1100/1100 1096/1096/1096
f 1100/1100/1100 1101/1101/1101 1096/1096/1096
f 1096/1096/1096 1101/1101/1101 1102/1102/1102
f 1101/1101/1101 1103/1103/1103 1102/1102/1102
f 1102/1102/1102 1103/1103/1103 1104/1104/1104
f 1099/1099/1099 1105/1105/1105 1100/1100/1100
f 1105/1105/1105 1106/1106/1106 1100/1100/1100
f 1100/1100/1100 1106/1106/1106 1101/1101/1101
f 1106/1106/1106 1103/1103/1103 1101/1101/1101
f 1105/1105/1105 1107/1107/1107 1106/1106/1106
f 1107/1107/1107 827/827/827 1106/1106/1106
f 1106/1106/1106 827/827/827 1103/1103/1103
f 1108/1108/1108 1109/1109/1109 1110/1110/1110
f 1109/1109/1109 1111/1111/1111 1110/1110/1110
f 1110/1110/1110 1111/1111/1111 1112/1112/1112
f 1113/1113/1113 1114/1114/1114 1115/1115/1115
f 1114/1114/1114 1116/1116/1116 1115/1115/1115
f 1116/1116/1116 1114/1114/1114 1117/1117/1117
f 1114/1114/1114 1118/1118/1118 1117/1117/1117
f 1117/1117/1117 1118/1118/1118 1119/1119/1119
f 1118/1118/1118 1120/1120/1120 1119/1119/1119
f 1119/1119/1119 1120/1120/1120 1121/1121/1121
f 1120/1120/1120 1122/1122/1122 1121/1121/1121
f 1121/1121/1121 1122/1122/1122 164/164/164
f 1122/1122/1122 162/162/162 164/164/164
f 1118/1118/1118 1123/1123/1123 1120/1120/1120
f 1123/1123/1123 1124/1124/1124 1120/1120/1120
f 1120/1120/1120 1124/1124/1124 1122/1122/1122
f 1124/1124/1124 162/162/162 1122/1122/1122
f 1124/1124/1124 1125/1125/1125 162/162/162
f 1125/1125/1125 1126/1126/1126 162/162/162
f 162/162/162 1126/1126/1126 160/160/160
f 1126/1126/1126 157/157/157 160/160/160
f 1125/1125/1125 1127/1127/1127 1126/1126/1126
f 1127/1127/1127 1128/1128/1128 1126/1126/1126
f 1126/1126/1126 1128/1128/1128 1129/1129/1129
f 1130/1130/1130 1131/1131/1131 1132/1132/1132
f 1131/1131/1131 1133/1133/1133 1132/1132/1132
f 1131/1131/1131 1134/1134/1134 1133/1133/1133
f 1134/1134/1134 1135/1135/1135 1133/1133/1133
f 1133/1133/1133 1135/1135/1135 1136/1136/1136
f 1135/1135/1135 1137/1137/1137 1136/1136/1136
f 1136/1136/1136 1137/1137/1137 1138/1138/1138
f 1137/1137/1137 1139/1139/1139 1138/1138/1138
f 1138/1138/1138 1139/1139/1139 1140/1140/1140
f 1139/1139/1139 1141/1141/1141 1140/1140/1140
f 1135/1135/1135 1142/1142/1142 1137/1137/1137
f 1142/1142/1142 1143/1143/1143 1137/1137/1137
f 1137/1137/1137 1143/1143/1143 1139/1139/1139
f 1143/1143/1143 1144/1144/1144 1139/1139/1139
f 1139/1139/1139 1144/1144/1144 1141/1141/1141
f 1144/1144/1144 1145/1145/1145 1141/1141/1141
f 1145/1145/1145 1144/1144/1144 1146/1146/1146
f 1144/1144/1144 1143/1143/1143 1146/1146/1146
f 1146/1146/1146 1143/1143/1143 1147/1147/1147
f 1143/1143/1143 1142/1142/1142 1147/1147/1147
f 1147/1147/1147 1142/1142/1142 1148/1148/1148
f 1142/1142/1142 1149/1149/1149 1148/1148/1148
f 1148/1148/1148 619/619/619 1147/1147/1147
f 619/619/619 1150/1150/1150 1147/1147/1147
f 1147/1147/1147 1150/1150/1150 1146/1146/1146
f 649/649/649 1151/1151/1151 647/647/647
f 1151/1151/1151 1152/1152/1152 647/647/647
f 1153/1153/1153 1154/1154/1154 1155/1155/1155
f 1154/1154/1154 1156/1156/1156 1155/1155/1155
f 1155/1155/1155 1156/1156/1156 1157/1157/1157
f 1158/1158/1158 1159/1159/1159 1160/1160/1160
f 1159/1159/1159 1161/1161/1161 1160/1160/1160
f 1161/1161/1161 1159/1159/1159 1162/1162/1162
f 1159/1159/1159 1163/1163/1163 1162/1162/1162
f 1159/1159/1159 1164/1164/1164 1163/1163/1163
f 1164/1164/1164 1165/1165/1165 1163/1163/1163
f 1164/1164/1164 1166/1166/1166 1165/1165/1165
f 1166/1166/1166 1167/1167/1167 1165/1165/1165
f 1165/1165/1165 1167/1167/1167 1168/1168/1168
f 1167/1167/1167 1169/1169/1169 1168/1168/1168
f 1168/1168/1168 1169/1169/1169 1170/1170/1170
f 1169/1169/1169 1171/1171/1171 1170/1170/1170
f 1170/1170/1170 1171/1171/1171 1172/1172/1172
f 1171/1171/1171 1173/1173/1173 1172/1172/1172
f 1172/1172/1172 1173/1173/1173 1174/1174/1174
f 1173/1173/1173 1175/1175/1175 1174/1174/1174
f 1174/1174/1174 1175/1175/1175 1176/1176/1176
f 1175/1175/1175 1177/1177/1177 1176/1176/1176
f 1177/1177/1177 1175/1175/1175 1178/1178/1178
f 1175/1175/1175 1173/1173/1173 1178/1178/1178
f 1178/1178/1178 1173/1173/1173 1179/1179/1179
f 1173/1173/1173 1171/1171/1171 1179/1179/1179
f 1179/1179/1179 1171/1171/1171 1180/1180/1180
f 1171/1171/1171 1181/1181/1181 1180/1180/1180
f 1180/1180/1180 1181/1181/1181 1182/1182/1182
f 1181/1181/1181 1183/1183/1183 1182/1182/1182
f 1182/1182/1182 1183/1183/1183 1184/1184/1184
f 1183/1183/1183 1185/1185/1185 1184/1184/1184
f 1171/1171/1171 1169/1169/1169 1181/1181/1181
f 1169/1169/1169 1186/1186/1186 1181/1181/1181
f 1169/1169/1169 1167/1167/1167 1186/1186/1186
f 1167/1167/1167 1166/1166/1166 1186/1186/1186
f 53/53/53 55/55/55 1187/1187/1187
f 55/55/55 1188/1188/1188 1187/1187/1187
f 1189/1189/1189 1190/1190/1190 1191/1191/1191
f 1190/1190/1190 1192/1192/1192 1191/1191/1191
f 1191/1191/1191 1192/1192/1192 1193/1193/1193
f 1192/1192/1192 1194/1194/1194 1193/1193/1193
f 1193/1193/1193 1194/1194/1194 1195/1195/1195
f 1194/1194/1194 1196/1196/1196 1195/1195/1195
f 1195/1195/1195 1196/1196/1196 1197/1197/1197
f 1190/1190/1190 1198/1198/1198 1192/1192/1192
f 1198/1198/1198 1199/1199/1199 1192/1192/1192
f 1192/1192/1192 1199/1199/1199 1194/1194/1194
f 1200/1200/1200 1201/1201/1201 1202/1202/1202
f 1201/1201/1201 1203/1203/1203 1202/1202/1202
f 1203/1203/1203 1201/1201/1201 1204/1204/1204
f 1201/1201/1201 1205/1205/1205 1204/1204/1204
f 1204/1204/1204 1205/1205/1205 1206/1206/1206
f 1205/1205/1205 1207/1207/1207 1206/1206/1206
f 1206/1206/1206 1207/1207/1207 954/954/954
f 1207/1207/1207 956/956/956 954/954/954
f 1206/1206/1206 954/954/954 1208/1208/1208
f 954/954/954 952/952/952 1208/1208/1208
f 1208/1208/1208 952/952/952 1209/1209/1209
f 952/952/952 950/950/950 1209/1209/1209
f 1209/1209/1209 950/950/950 948/948/948
f 1206/1206/1206 1208/1208/1208 1204/1204/1204
f 1208/1208/1208 1203/1203/1203 1204/1204/1204
f 1203/1203/1203 1208/1208/1208 1210/1210/1210
f 1208/1208/1208 1209/1209/1209 1210/1210/1210
f 1210/1210/1210 1209/1209/1209 948/948/948
f 1203/1203/1203 1210/1210/1210 1211/1211/1211
f 1210/1210/1210 1212/1212/1212 1211/1211/1211
f 1212/1212/1212 1210/1210/1210 1213/1213/1213
f 1210/1210/1210 948/948/948 1213/1213/1213
f 1213/1213/1213 948/948/948 1214/1214/1214
f 948/948/948 936/936/936 1214/1214/1214
f 1214/1214/1214 936/936/936 938/938/938
f 938/938/938 1215/1215/1215 1214/1214/1214
f 1215/1215/1215 1216/1216/1216 1214/1214/1214
f 1214/1214/1214 1216/1216/1216 1213/1213/1213
f 1216/1216/1216 1217/1217/1217 1213/1213/1213
f 1213/1213/1213 1217/1217/1217 1218/1218/1218
f 1217/1217/1217 1219/1219/1219 1218/1218/1218
f 938/938/938 1220/1220/1220 1215/1215/1215
f 1220/1220/1220 1221/1221/1221 1215/1215/1215
f 1215/1215/1215 1221/1221/1221 1216/1216/1216
f 1222/1222/1222 1223/1223/1223 1224/1224/1224
f 1223/1223/1223 1225/1225/1225 1224/1224/1224
f 1219/1219/1219 1217/1217/1217 1226/1226/1226
f 1217/1217/1217 1227/1227/1227 1226/1226/1226
f 1217/1217/1217 1228/1228/1228 1227/1227/1227
f 1228/1228/1228 1229/1229/1229 1227/1227/1227
f 1227/1227/1227 1229/1229/1229 1230/1230/1230
f 1229/1229/1229 575/575/575 1230/1230/1230
f 1217/1217/1217 1231/1231/1231 1228/1228/1228
f 1231/1231/1231 1232/1232/1232 1228/1228/1228
f 1228/1228/1228 1232/1232/1232 1229/1229/1229
f 1232/1232/1232 575/575/575 1229/1229/1229
f 1233/1233/1233 1234/1234/1234 1235/1235/1235
f 1234/1234/1234 1236/1236/1236 1235/1235/1235
f 1237/1237/1237 1238/1238/1238 1239/1239/1239
f 1238/1238/1238 1240/1240/1240 1239/1239/1239
f 1239/1239/1239 1240/1240/1240 1241/1241/1241
f 1240/1240/1240 1238/1238/1238 1242/1242/1242
f 1238/1238/1238 1243/1243/1243 1242/1242/1242
f 1242/1242/1242 1243/1243/1243 1244/1244/1244
f 1244/1244/1244 1245/1245/1245 1242/1242/1242
f 1245/1245/1245 1246/1246/1246 1242/1242/1242
f 1242/1242/1242 1246/1246/1246 1247/1247/1247
f 1245/1245/1245 1248/1248/1248 1246/1246/1246
f 1248/1248/1248 1249/1249/1249 1246/1246/1246
f 1246/1246/1246 1249/1249/1249 1250/1250/1250
f 1246/1246/1246 1250/1250/1250 1251/1251/1251
f 1250/1250/1250 1252/1252/1252 1251/1251/1251
f 1251/1251/1251 1252/1252/1252 1253/1253/1253
f 1252/1252/1252 1254/1254/1254 1253/1253/1253
f 1253/1253/1253 1254/1254/1254 1255/1255/1255
f 1254/1254/1254 452/452/452 1255/1255/1255
f 1255/1255/1255 452/452/452 450/450/450
f 1255/1255/1255 450/450/450 1253/1253/1253
f 450/450/450 1256/1256/1256 1253/1253/1253
f 1253/1253/1253 1256/1256/1256 1257/1257/1257
f 1258/1258/1258 1259/1259/1259 1260/1260/1260
f 1259/1259/1259 1261/1261/1261 1260/1260/1260
f 1262/1262/1262 1263/1263/1263 1264/1264/1264
f 1263/1263/1263 1265/1265/1265 1264/1264/1264
f 1264/1264/1264 1265/1265/1265 1266/1266/1266
f 1265/1265/1265 1267/1267/1267 1266/1266/1266
f 1266/1266/1266 1267/1267/1267 1268/1268/1268
f 1267/1267/1267 1265/1265/1265 1269/1269/1269
f 1265/1265/1265 1263/1263/1263 1269/1269/1269
f 1269/1269/1269 1263/1263/1263 1270/1270/1270
f 1267/1267/1267 1269/1269/1269 1271/1271/1271
f 1269/1269/1269 1272/1272/1272 1271/1271/1271
f 452/452/452 1254/1254/1254 1273/1273/1273
f 1254/1254/1254 1274/1274/1274 1273/1273/1273
f 1273/1273/1273 1274/1274/1274 1275/1275/1275
f 1274/1274/1274 1276/1276/1276 1275/1275/1275
f 1254/1254/1254 1252/1252/1252 1274/1274/1274
f 1252/1252/1252 1277/1277/1277 1274/1274/1274
f 1274/1274/1274 1277/1277/1277 1278/1278/1278
f 1277/1277/1277 1279/1279/1279 1278/1278/1278
f 1278/1278/1278 1280/1280/1280 1274/1274/1274
f 1280/1280/1280 1281/1281/1281 1274/1274/1274
f 1274/1274/1274 1281/1281/1281 1282/1282/1282
f 1281/1281/1281 1283/1283/1283 1282/1282/1282
f 1282/1282/1282 1284/1284/1284 1274/1274/1274
f 1284/1284/1284 1276/1276/1276 1274/1274/1274
f 1285/1285/1285 1286/1286/1286 1287/1287/1287
f 1286/1286/1286 1288/1288/1288 1287/1287/1287
f 1287/1287/1287 1288/1288/1288 1289/1289/1289
f 1288/1288/1288 1290/1290/1290 1289/1289/1289
f 1289/1289/1289 1290/1290/1290 1291/1291/1291
f 1290/1290/1290 1292/1292/1292 1291/1291/1291
f 1291/1291/1291 1292/1292/1292 1293/1293/1293
f 1292/1292/1292 1294/1294/1294 1293/1293/1293
f 1293/1293/1293 1294/1294/1294 1295/1295/1295
f 1293/1293/1293 1296/1296/1296 1291/1291/1291
f 1296/1296/1296 1289/1289/1289 1291/1291/1291
f 1296/1296/1296 1297/1297/1297 1289/1289/1289
f 1297/1297/1297 1298/1298/1298 1289/1289/1289
f 1289/1289/1289 1298/1298/1298 1299/1299/1299
f 1298/1298/1298 1300/1300/1300 1299/1299/1299
f 1299/1299/1299 1300/1300/1300 1301/1301/1301
f 1300/1300/1300 1302/1302/1302 1301/1301/1301
f 1301/1301/1301 1302/1302/1302 1303/1303/1303
f 1302/1302/1302 1304/1304/1304 1303/1303/1303
f 1303/1303/1303 1304/1304/1304 1305/1305/1305
f 1304/1304/1304 1306/1306/1306 1305/1305/1305
f 1305/1305/1305 1306/1306/1306 1307/1307/1307
f 1300/1300/1300 1298/1298/1298 1308/1308/1308
f 1298/1298/1298 1297/1297/1297 1308/1308/1308
f 1288/1288/1288 1286/1286/1286 1309/1309/1309
f 1286/1286/1286 1310/1310/1310 1309/1309/1309
f 1289/1289/1289 1299/1299/1299 1287/1287/1287
f 1299/1299/1299 1311/1311/1311 1287/1287/1287
f 1312/1312/1312 1313/1313/1313 1314/1314/1314
f 1313/1313/1313 1315/1315/1315 1314/1314/1314
f 1314/1314/1314 1315/1315/1315 1316/1316/1316
f 1315/1315/1315 1317/1317/1317 1316/1316/1316
f 1316/1316/1316 1317/1317/1317 1318/1318/1318
f 1317/1317/1317 1319/1319/1319 1318/1318/1318
f 1318/1318/1318 1319/1319/1319 1320/1320/1320
f 1319/1319/1319 898/898/898 1320/1320/1320
f 1320/1320/1320 898/898/898 900/900/900
f 1315/1315/1315 1321/1321/1321 1317/1317/1317
f 1321/1321/1321 1322/1322/1322 1317/1317/1317
f 1317/1317/1317 1322/1322/1322 1319/1319/1319
f 1322/1322/1322 1323/1323/1323 1319/1319/1319
f 1319/1319/1319 1323/1323/1323 898/898/898
f 1323/1323/1323 896/896/896 898/898/898
f 1322/1322/1322 1321/1321/1321 1323/1323/1323
f 1321/1321/1321 1324/1324/1324 1323/1323/1323
f 1323/1323/1323 1324/1324/1324 894/894/894
f 1324/1324/1324 1321/1321/1321 1325/1325/1325
f 1321/1321/1321 1326/1326/1326 1325/1325/1325
f 1325/1325/1325 1326/1326/1326 1327/1327/1327
f 1327/1327/1327 1328/1328/1328 1325/1325/1325
f 1328/1328/1328 1329/1329/1329 1325/1325/1325
f 1325/1325/1325 1329/1329/1329 1324/1324/1324
f 1328/1328/1328 1330/1330/1330 1329/1329/1329
f 1330/1330/1330 1331/1331/1331 1329/1329/1329
f 1331/1331/1331 1330/1330/1330 1332/1332/1332
f 1330/1330/1330 1333/1333/1333 1332/1332/1332
f 1334/1334/1334 1335/1335/1335 1336/1336/1336
f 1335/1335/1335 1337/1337/1337 1336/1336/1336
f 1336/1336/1336 1337/1337/1337 1338/1338/1338
f 1338/1338/1338 1339/1339/1339 1336/1336/1336
f 1339/1339/1339 1340/1340/1340 1336/1336/1336
f 1326/1326/1326 1321/1321/1321 1341/1341/1341
f 1321/1321/1321 1342/1342/1342 1341/1341/1341
f 1341/1341/1341 1342/1342/1342 1343/1343/1343
f 1342/1342/1342 1344/1344/1344 1343/1343/1343
f 1343/1343/1343 1344/1344/1344 1345/1345/1345
f 1344/1344/1344 1346/1346/1346 1345/1345/1345
f 1346/1346/1346 1344/1344/1344 1347/1347/1347
f 1344/1344/1344 1348/1348/1348 1347/1347/1347
f 1347/1347/1347 1348/1348/1348 1315/1315/1315
f 1348/1348/1348 1321/1321/1321 1315/1315/1315
f 1321/1321/1321 1348/1348/1348 1342/1342/1342
f 1348/1348/1348 1344/1344/1344 1342/1342/1342
f 1349/1349/1349 1350/1350/1350 1351/1351/1351
f 1350/1350/1350 1352/1352/1352 1351/1351/1351
f 1350/1350/1350 1353/1353/1353 1352/1352/1352
f 1353/1353/1353 1354/1354/1354 1352/1352/1352
f 1352/1352/1352 1354/1354/1354 1355/1355/1355
f 1354/1354/1354 1356/1356/1356 1355/1355/1355
f 1355/1355/1355 1356/1356/1356 1357/1357/1357
f 1356/1356/1356 1358/1358/1358 1357/1357/1357
f 1357/1357/1357 1358/1358/1358 1359/1359/1359
f 1358/1358/1358 1360/1360/1360 1359/1359/1359
f 1359/1359/1359 1360/1360/1360 1361/1361/1361
f 1356/1356/1356 1362/1362/1362 1358/1358/1358
f 1362/1362/1362 1363/1363/1363 1358/1358/1358
f 1358/1358/1358 1363/1363/1363 1364/1364/1364
f 1363/1363/1363 1365/1365/1365 1364/1364/1364
f 1364/1364/1364 1365/1365/1365 1360/1360/1360
f 1362/1362/1362 1366/1366/1366 1363/1363/1363
f 1366/1366/1366 1367/1367/1367 1363/1363/1363
f 1363/1363/1363 1367/1367/1367 1365/1365/1365
f 1367/1367/1367 1366/1366/1366 1368/1368/1368
f 1366/1366/1366 1369/1369/1369 1368/1368/1368
f 1370/1370/1370 1371/1371/1371 1372/1372/1372
f 1371/1371/1371 1373/1373/1373 1372/1372/1372
f 1357/1357/1357 1374/1374/1374 1355/1355/1355
f 1374/1374/1374 1375/1375/1375 1355/1355/1355
f 1376/1376/1376 1377/1377/1377 1378/1378/1378
f 1377/1377/1377 1379/1379/1379 1378/1378/1378
f 1380/1380/1380 1381/1381/1381 1382/1382/1382
f 1381/1381/1381 1182/1182/1182 1382/1382/1382
f 1381/1381/1381 1383/1383/1383 1182/1182/1182
f 1383/1383/1383 1384/1384/1384 1182/1182/1182
f 1182/1182/1182 1384/1384/1384 1180/1180/1180
f 1384/1384/1384 1385/1385/1385 1180/1180/1180
f 1180/1180/1180 1385/1385/1385 1386/1386/1386
f 1383/1383/1383 1387/1387/1387 1384/1384/1384
f 1387/1387/1387 1388/1388/1388 1384/1384/1384
f 1384/1384/1384 1388/1388/1388 1385/1385/1385
f 1388/1388/1388 1389/1389/1389 1385/1385/1385
f 1388/1388/1388 1390/1390/1390 1389/1389/1389
f 1390/1390/1390 1391/1391/1391 1389/1389/1389
f 1389/1389/1389 1391/1391/1391 1386/1386/1386
f 1391/1391/1391 1179/1179/1179 1386/1386/1386
f 1386/1386/1386 1179/1179/1179 1180/1180/1180
f 1391/1391/1391 1392/1392/1392 1179/1179/1179
f 1392/1392/1392 1178/1178/1178 1179/1179/1179
f 1392/1392/1392 1393/1393/1393 1178/1178/1178
f 1393/1393/1393 1394/1394/1394 1178/1178/1178
f 1178/1178/1178 1394/1394/1394 1177/1177/1177
f 1394/1394/1394 1395/1395/1395 1177/1177/1177
f 1395/1395/1395 1394/1394/1394 1396/1396/1396
f 1394/1394/1394 1393/1393/1393 1396/1396/1396
f 396/396/396 394/394/394 1397/1397/1397
f 394/394/394 1398/1398/1398 1397/1397/1397
f 1398/1398/1398 394/394/394 1399/1399/1399
f 394/394/394 392/392/392 1399/1399/1399
f 1399/1399/1399 392/392/392 389/389/389
f 311/311/311 1400/1400/1400 309/309/309
f 1400/1400/1400 308/308/308 309/309/309
f 1401/1401/1401 1402/1402/1402 1403/1403/1403
f 1402/1402/1402 1404/1404/1404 1403/1403/1403
f 1403/1403/1403 1404/1404/1404 1405/1405/1405
f 1404/1404/1404 1406/1406/1406 1405/1405/1405
f 1403/1403/1403 1405/1405/1405 1407/1407/1407
f 1405/1405/1405 1408/1408/1408 1407/1407/1407
f 1407/1407/1407 1408/1408/1408 1409/1409/1409
f 1408/1408/1408 1410/1410/1410 1409/1409/1409
f 1195/1195/1195 1197/1197/1197 1411/1411/1411
f 1197/1197/1197 1412/1412/1412 1411/1411/1411
f 1402/1402/1402 1413/1413/1413 1404/1404/1404
f 1413/1413/1413 1414/1414/1414 1404/1404/1404
f 1413/1413/1413 1415/1415/1415 1414/1414/1414
f 1415/1415/1415 1416/1416/1416 1414/1414/1414
f 1414/1414/1414 1416/1416/1416 1417/1417/1417
f 1416/1416/1416 1418/1418/1418 1417/1417/1417
f 1417/1417/1417 1418/1418/1418 1419/1419/1419
f 1414/1414/1414 1417/1417/1417 1420/1420/1420
f 1417/1417/1417 1421/1421/1421 1420/1420/1420
f 1420/1420/1420 1421/1421/1421 1422/1422/1422
f 1421/1421/1421 1419/1419/1419 1422/1422/1422
f 271/271/271 1423/1423/1423 272/272/272
f 1423/1423/1423 1424/1424/1424 272/272/272
f 1425/1425/1425 1426/1426/1426 1427/1427/1427
f 1426/1426/1426 1428/1428/1428 1427/1427/1427
f 1427/1427/1427 1428/1428/1428 1429/1429/1429
f 1430/1430/1430 1431/1431/1431 1432/1432/1432
f 1431/1431/1431 1433/1433/1433 1432/1432/1432
f 1431/1431/1431 1434/1434/1434 1433/1433/1433
f 1434/1434/1434 1435/1435/1435 1433/1433/1433
f 1434/1434/1434 1436/1436/1436 1435/1435/1435
f 1436/1436/1436 1437/1437/1437 1435/1435/1435
f 1438/1438/1438 1439/1439/1439 1080/1080/1080
f 1439/1439/1439 1078/1078/1078 1080/1080/1080
f 1440/1440/1440 1441/1441/1441 1442/1442/1442
f 1441/1441/1441 1443/1443/1443 1442/1442/1442
f 1442/1442/1442 1443/1443/1443 1444/1444/1444
f 1441/1441/1441 258/258/258 1443/1443/1443
f 258/258/258 1445/1445/1445 1443/1443/1443
f 1445/1445/1445 258/258/258 1446/1446/1446
f 258/258/258 1447/1447/1447 1446/1446/1446
f 1448/1448/1448 1449/1449/1449 1450/1450/1450
f 1449/1449/1449 1451/1451/1451 1450/1450/1450
f 369/369/369 1452/1452/1452 367/367/367
f 1452/1452/1452 1453/1453/1453 367/367/367
f 367/367/367 1453/1453/1453 366/366/366
f 1454/1454/1454 1455/1455/1455 1456/1456/1456
f 1455/1455/1455 1457/1457/1457 1456/1456/1456
f 1456/1456/1456 1457/1457/1457 1458/1458/1458
f 1457/1457/1457 1459/1459/1459 1458/1458/1458
f 1458/1458/1458 1459/1459/1459 1460/1460/1460
f 1455/1455/1455 1461/1461/1461 1457/1457/1457
f 1461/1461/1461 1462/1462/1462 1457/1457/1457
f 1457/1457/1457 1462/1462/1462 1459/1459/1459
f 1455/1455/1455 1463/1463/1463 1461/1461/1461
f 1463/1463/1463 1464/1464/1464 1461/1461/1461
f 1461/1461/1461 1464/1464/1464 1465/1465/1465
f 1466/1466/1466 1467/1467/1467 1468/1468/1468
f 1467/1467/1467 1469/1469/1469 1468/1468/1468
f 1468/1468/1468 1469/1469/1469 1470/1470/1470
f 1469/1469/1469 1471/1471/1471 1470/1470/1470
f 1471/1471/1471 1469/1469/1469 1472/1472/1472
f 1469/1469/1469 1467/1467/1467 1472/1472/1472
f 1472/1472/1472 1467/1467/1467 1473/1473/1473
f 1471/1471/1471 1472/1472/1472 1474/1474/1474
f 1472/1472/1472 1475/1475/1475 1474/1474/1474
f 1471/1471/1471 1474/1474/1474 1476/1476/1476
f 1474/1474/1474 1477/1477/1477 1476/1476/1476
f 1477/1477/1477 1474/1474/1474 1478/1478/1478
f 1474/1474/1474 1479/1479/1479 1478/1478/1478
f 1478/1478/1478 1479/1479/1479 1480/1480/1480
f 1479/1479/1479 1481/1481/1481 1480/1480/1480
f 1480/1480/1480 1481/1481/1481 1482/1482/1482
f 1481/1481/1481 1483/1483/1483 1482/1482/1482
f 1483/1483/1483 1481/1481/1481 1484/1484/1484
f 1481/1481/1481 1485/1485/1485 1484/1484/1484
f 1484/1484/1484 1485/1485/1485 1486/1486/1486
f 1485/1485/1485 1487/1487/1487 1486/1486/1486
f 1486/1486/1486 1487/1487/1487 1488/1488/1488
f 1487/1487/1487 1489/1489/1489 1488/1488/1488
f 1488/1488/1488 1489/1489/1489 1490/1490/1490
f 1489/1489/1489 1491/1491/1491 1490/1490/1490
f 1490/1490/1490 1491/1491/1491 1492/1492/1492
f 1491/1491/1491 1493/1493/1493 1492/1492/1492
f 1492/1492/1492 1493/1493/1493 1494/1494/1494
f 1493/1493/1493 1495/1495/1495 1494/1494/1494
f 1494/1494/1494 1495/1495/1495 1496/1496/1496
f 1495/1495/1495 1497/1497/1497 1496/1496/1496
f 1496/1496/1496 1497/1497/1497 1498/1498/1498
f 1497/1497/1497 1499/1499/1499 1498/1498/1498
f 1498/1498/1498 1499/1499/1499 1500/1500/1500
f 1499/1499/1499 1501/1501/1501 1500/1500/1500
f 1500/1500/1500 1501/1501/1501 1502/1502/1502
f 1501/1501/1501 1503/1503/1503 1502/1502/1502
f 1502/1502/1502 1503/1503/1503 1504/1504/1504
f 1503/1503/1503 1505/1505/1505 1504/1504/1504
f 1504/1504/1504 1505/1505/1505 1492/1492/1492
f 1505/1505/1505 1490/1490/1490 1492/1492/1492
f 1481/1481/1481 1479/1479/1479 1485/1485/1485
f 1479/1479/1479 1506/1506/1506 1485/1485/1485
f 1485/1485/1485 1506/1506/1506 1487/1487/1487
f 1506/1506/1506 1507/1507/1507 1487/1487/1487
f 1487/1487/1487 1507/1507/1507 1508/1508/1508
f 1507/1507/1507 1509/1509/1509 1508/1508/1508
f 1508/1508/1508 1509/1509/1509 1489/1489/1489
f 1509/1509/1509 1510/1510/1510 1489/1489/1489
f 1489/1489/1489 1510/1510/1510 1511/1511/1511
f 1510/1510/1510 1512/1512/1512 1511/1511/1511
f 1511/1511/1511 1512/1512/1512 1513/1513/1513
f 1512/1512/1512 1514/1514/1514 1513/1513/1513
f 1513/1513/1513 1514/1514/1514 1515/1515/1515
f 1514/1514/1514 1516/1516/1516 1515/1515/1515
f 1515/1515/1515 1516/1516/1516 1517/1517/1517
f 1516/1516/1516 1518/1518/1518 1517/1517/1517
f 1517/1517/1517 1518/1518/1518 1519/1519/1519
f 1518/1518/1518 1520/1520/1520 1519/1519/1519
f 1519/1519/1519 1520/1520/1520 1521/1521/1521
f 1520/1520/1520 1522/1522/1522 1521/1521/1521
f 1521/1521/1521 1522/1522/1522 1523/1523/1523
f 1523/1523/1523 1524/1524/1524 1521/1521/1521
f 1524/1524/1524 1525/1525/1525 1521/1521/1521
f 1521/1521/1521 1525/1525/1525 1519/1519/1519
f 1525/1525/1525 1526/1526/1526 1519/1519/1519
f 1519/1519/1519 1526/1526/1526 1517/1517/1517
f 1526/1526/1526 1515/1515/1515 1517/1517/1517
f 1515/1515/1515 1526/1526/1526 1527/1527/1527
f 1526/1526/1526 1528/1528/1528 1527/1527/1527
f 1527/1527/1527 1528/1528/1528 1529/1529/1529
f 1528/1528/1528 1530/1530/1530 1529/1529/1529
f 1529/1529/1529 1530/1530/1530 1531/1531/1531
f 1530/1530/1530 1532/1532/1532 1531/1531/1531
f 1531/1531/1531 1532/1532/1532 1497/1497/1497
f 1532/1532/1532 1533/1533/1533 1497/1497/1497
f 1497/1497/1497 1533/1533/1533 1534/1534/1534
f 1533/1533/1533 1535/1535/1535 1534/1534/1534
f 1534/1534/1534 1535/1535/1535 1536/1536/1536
f 1535/1535/1535 1537/1537/1537 1536/1536/1536
f 1536/1536/1536 1537/1537/1537 1499/1499/1499
f 1537/1537/1537 1538/1538/1538 1499/1499/1499
f 1499/1499/1499 1538/1538/1538 1501/1501/1501
f 1538/1538/1538 1539/1539/1539 1501/1501/1501
f 1501/1501/1501 1539/1539/1539 1540/1540/1540
f 1539/1539/1539 1541/1541/1541 1540/1540/1540
f 1540/1540/1540 1541/1541/1541 1542/1542/1542
f 1541/1541/1541 1543/1543/1543 1542/1542/1542
f 1542/1542/1542 1543/1543/1543 1544/1544/1544
f 1543/1543/1543 1545/1545/1545 1544/1544/1544
f 1544/1544/1544 1545/1545/1545 1546/1546/1546
f 1545/1545/1545 1539/1539/1539 1546/1546/1546
f 1546/1546/1546 1539/1539/1539 1547/1547/1547
f 1539/1539/1539 1538/1538/1538 1547/1547/1547
f 1547/1547/1547 1538/1538/1538 1548/1548/1548
f 1538/1538/1538 1537/1537/1537 1548/1548/1548
f 1548/1548/1548 1537/1537/1537 1549/1549/1549
f 1537/1537/1537 1550/1550/1550 1549/1549/1549
f 1549/1549/1549 1550/1550/1550 1551/1551/1551
f 1550/1550/1550 1552/1552/1552 1551/1551/1551
f 1551/1551/1551 1552/1552/1552 1553/1553/1553
f 1552/1552/1552 1554/1554/1554 1553/1553/1553
f 1553/1553/1553 1554/1554/1554 1555/1555/1555
f 1554/1554/1554 1556/1556/1556 1555/1555/1555
f 1533/1533/1533 1557/1557/1557 1535/1535/1535
f 1557/1557/1557 1558/1558/1558 1535/1535/1535
f 1535/1535/1535 1558/1558/1558 1537/1537/1537
f 1558/1558/1558 1559/1559/1559 1537/1537/1537
f 1537/1537/1537 1559/1559/1559 1550/1550/1550
f 1559/1559/1559 1560/1560/1560 1550/1550/1550
f 1550/1550/1550 1560/1560/1560 1552/1552/1552
f 1560/1560/1560 1561/1561/1561 1552/1552/1552
f 1552/1552/1552 1561/1561/1561 1554/1554/1554
f 1560/1560/1560 1559/1559/1559 1562/1562/1562
f 1559/1559/1559 1558/1558/1558 1562/1562/1562
f 1562/1562/1562 1558/1558/1558 1557/1557/1557
f 1562/1562/1562 1563/1563/1563 1560/1560/1560
f 1563/1563/1563 1561/1561/1561 1560/1560/1560
f 1564/1564/1564 1565/1565/1565 1566/1566/1566
f 1565/1565/1565 1567/1567/1567 1566/1566/1566
f 1566/1566/1566 1567/1567/1567 1568/1568/1568
f 1567/1567/1567 1569/1569/1569 1568/1568/1568
f 1568/1568/1568 1570/1570/1570 1566/1566/1566
f 1570/1570/1570 1205/1205/1205 1566/1566/1566
f 1205/1205/1205 1570/1570/1570 1207/1207/1207
f 1570/1570/1570 1571/1571/1571 1207/1207/1207
f 1207/1207/1207 1571/1571/1571 1572/1572/1572
f 1571/1571/1571 1573/1573/1573 1572/1572/1572
f 1572/1572/1572 1573/1573/1573 958/958/958
f 958/958/958 956/956/956 1572/1572/1572
f 956/956/956 1207/1207/1207 1572/1572/1572
f 1515/1515/1515 1527/1527/1527 1513/1513/1513
f 1527/1527/1527 1511/1511/1511 1513/1513/1513
f 1511/1511/1511 1527/1527/1527 1574/1574/1574
f 1527/1527/1527 1529/1529/1529 1574/1574/1574
f 1574/1574/1574 1529/1529/1529 1495/1495/1495
f 1529/1529/1529 1531/1531/1531 1495/1495/1495
f 1495/1495/1495 1531/1531/1531 1497/1497/1497
f 1495/1495/1495 1491/1491/1491 1574/1574/1574
f 1491/1491/1491 1489/1489/1489 1574/1574/1574
f 1574/1574/1574 1489/1489/1489 1511/1511/1511
f 1522/1522/1522 1520/1520/1520 1575/1575/1575
f 1520/1520/1520 1576/1576/1576 1575/1575/1575
f 1520/1520/1520 1518/1518/1518 1576/1576/1576
f 1518/1518/1518 1577/1577/1577 1576/1576/1576
f 1526/1526/1526 1525/1525/1525 1528/1528/1528
f 1525/1525/1525 1578/1578/1578 1528/1528/1528
f 1528/1528/1528 1578/1578/1578 1579/1579/1579
f 1578/1578/1578 1580/1580/1580 1579/1579/1579
f 1528/1528/1528 1579/1579/1579 1530/1530/1530
f 1579/1579/1579 1581/1581/1581 1530/1530/1530
f 1530/1530/1530 1581/1581/1581 1532/1532/1532
f 1582/1582/1582 1583/1583/1583 1584/1584/1584
f 1583/1583/1583 1585/1585/1585 1584/1584/1584
f 1570/1570/1570 1586/1586/1586 1571/1571/1571
f 1586/1586/1586 1573/1573/1573 1571/1571/1571
f 1539/1539/1539 1545/1545/1545 1541/1541/1541
f 1545/1545/1545 1543/1543/1543 1541/1541/1541
f 1534/1534/1534 1536/1536/1536 1497/1497/1497
f 1536/1536/1536 1499/1499/1499 1497/1497/1497
f 1514/1514/1514 1512/1512/1512 1587/1587/1587
f 1512/1512/1512 1588/1588/1588 1587/1587/1587
f 1484/1484/1484 1486/1486/1486 1589/1589/1589
f 1486/1486/1486 1590/1590/1590 1589/1589/1589
f 1589/1589/1589 1590/1590/1590 1591/1591/1591
f 1590/1590/1590 1505/1505/1505 1591/1591/1591
f 1486/1486/1486 1488/1488/1488 1590/1590/1590
f 1488/1488/1488 1490/1490/1490 1590/1590/1590
f 1590/1590/1590 1490/1490/1490 1505/1505/1505
f 1592/1592/1592 1593/1593/1593 1594/1594/1594
f 1593/1593/1593 1595/1595/1595 1594/1594/1594
f 1595/1595/1595 1593/1593/1593 1596/1596/1596
f 1593/1593/1593 1597/1597/1597 1596/1596/1596
f 1596/1596/1596 1597/1597/1597 1598/1598/1598
f 1597/1597/1597 1599/1599/1599 1598/1598/1598
f 1598/1598/1598 1599/1599/1599 1600/1600/1600
f 1599/1599/1599 1601/1601/1601 1600/1600/1600
f 1600/1600/1600 1601/1601/1601 1602/1602/1602
f 1593/1593/1593 1603/1603/1603 1597/1597/1597
f 1603/1603/1603 1604/1604/1604 1597/1597/1597
f 1597/1597/1597 1604/1604/1604 1605/1605/1605
f 1604/1604/1604 1606/1606/1606 1605/1605/1605
f 1605/1605/1605 1606/1606/1606 1607/1607/1607
f 1606/1606/1606 1608/1608/1608 1607/1607/1607
f 1607/1607/1607 1608/1608/1608 1609/1609/1609
f 1607/1607/1607 1609/1609/1609 1610/1610/1610
f 1609/1609/1609 1611/1611/1611 1610/1610/1610
f 1610/1610/1610 1611/1611/1611 1612/1612/1612
f 1611/1611/1611 1613/1613/1613 1612/1612/1612
f 1612/1612/1612 1613/1613/1613 1614/1614/1614
f 1613/1613/1613 1611/1611/1611 1614/1614/1614
f 1614/1614/1614 1611/1611/1611 1615/1615/1615
f 1612/1612/1612 1616/1616/1616 1610/1610/1610
f 1616/1616/1616 1617/1617/1617 1610/1610/1610
f 1610/1610/1610 1617/1617/1617 1618/1618/1618
f 1343/1343/1343 1345/1345/1345 1619/1619/1619
f 1345/1345/1345 1620/1620/1620 1619/1619/1619
f 1621/1621/1621 1622/1622/1622 1623/1623/1623
f 1622/1622/1622 1624/1624/1624 1623/1623/1623
f 1623/1623/1623 1624/1624/1624 1625/1625/1625
f 1624/1624/1624 153/153/153 1625/1625/1625
f 1625/1625/1625 153/153/153 1626/1626/1626
f 1622/1622/1622 1627/1627/1627 1624/1624/1624
f 1627/1627/1627 1628/1628/1628 1624/1624/1624
f 1624/1624/1624 1628/1628/1628 153/153/153
f 1628/1628/1628 155/155/155 153/153/153
f 1628/1628/1628 169/169/169 155/155/155
f 169/169/169 1629/1629/1629 155/155/155
f 169/169/169 1628/1628/1628 171/171/171
f 1628/1628/1628 1630/1630/1630 171/171/171
f 171/171/171 1630/1630/1630 173/173/173
f 1630/1630/1630 1631/1631/1631 173/173/173
f 173/173/173 1631/1631/1631 1632/1632/1632
f 1631/1631/1631 1633/1633/1633 1632/1632/1632
f 1632/1632/1632 1633/1633/1633 1634/1634/1634
f 1633/1633/1633 1631/1631/1631 1635/1635/1635
f 1631/1631/1631 1636/1636/1636 1635/1635/1635
f 1635/1635/1635 1636/1636/1636 1637/1637/1637
f 1638/1638/1638 1639/1639/1639 1640/1640/1640
f 1639/1639/1639 1641/1641/1641 1640/1640/1640
f 1640/1640/1640 1641/1641/1641 1642/1642/1642
f 1641/1641/1641 1643/1643/1643 1642/1642/1642
f 1643/1643/1643 1641/1641/1641 1350/1350/1350
f 1641/1641/1641 1353/1353/1353 1350/1350/1350
f 1350/1350/1350 1644/1644/1644 1643/1643/1643
f 1644/1644/1644 1645/1645/1645 1643/1643/1643
f 1645/1645/1645 1644/1644/1644 1646/1646/1646
f 1644/1644/1644 1647/1647/1647 1646/1646/1646
f 1646/1646/1646 1647/1647/1647 1648/1648/1648
f 1647/1647/1647 1649/1649/1649 1648/1648/1648
f 1648/1648/1648 1649/1649/1649 1650/1650/1650
f 1649/1649/1649 1651/1651/1651 1650/1650/1650
f 1650/1650/1650 1651/1651/1651 1652/1652/1652
f 1651/1651/1651 1653/1653/1653 1652/1652/1652
f 1652/1652/1652 1653/1653/1653 1654/1654/1654
f 1653/1653/1653 1655/1655/1655 1654/1654/1654
f 1644/1644/1644 1656/1656/1656 1647/1647/1647
f 1656/1656/1656 1657/1657/1657 1647/1647/1647
f 1647/1647/1647 1657/1657/1657 1658/1658/1658
f 1657/1657/1657 1659/1659/1659 1658/1658/1658
f 1658/1658/1658 1659/1659/1659 1651/1651/1651
f 1659/1659/1659 1660/1660/1660 1651/1651/1651
f 1651/1651/1651 1660/1660/1660 1653/1653/1653
f 1660/1660/1660 1661/1661/1661 1653/1653/1653
f 1653/1653/1653 1661/1661/1661 1655/1655/1655
f 1661/1661/1661 1662/1662/1662 1655/1655/1655
f 1651/1651/1651 1649/1649/1649 1658/1658/1658
f 1649/1649/1649 1647/1647/1647 1658/1658/1658
f 1663/1663/1663 1664/1664/1664 1665/1665/1665
f 1664/1664/1664 1666/1666/1666 1665/1665/1665
f 1665/1665/1665 1666/1666/1666 1667/1667/1667
f 1666/1666/1666 1668/1668/1668 1667/1667/1667
f 1667/1667/1667 1668/1668/1668 1669/1669/1669
f 1668/1668/1668 1670/1670/1670 1669/1669/1669
f 1669/1669/1669 1670/1670/1670 1671/1671/1671
f 1664/1664/1664 1672/1672/1672 1666/1666/1666
f 1672/1672/1672 1668/1668/1668 1666/1666/1666
f 1672/1672/1672 1673/1673/1673 1668/1668/1668
f 1673/1673/1673 1674/1674/1674 1668/1668/1668
f 1668/1668/1668 1674/1674/1674 1670/1670/1670
f 1675/1675/1675 1676/1676/1676 1677/1677/1677
f 1676/1676/1676 1678/1678/1678 1677/1677/1677
f 1677/1677/1677 1678/1678/1678 1679/1679/1679
f 1680/1680/1680 1681/1681/1681 1682/1682/1682
f 1681/1681/1681 1683/1683/1683 1682/1682/1682
f 1682/1682/1682 1683/1683/1683 1684/1684/1684
f 1683/1683/1683 1685/1685/1685 1684/1684/1684
f 1684/1684/1684 1685/1685/1685 1686/1686/1686
f 1685/1685/1685 1687/1687/1687 1686/1686/1686
f 1686/1686/1686 1687/1687/1687 1688/1688/1688
f 1687/1687/1687 1689/1689/1689 1688/1688/1688
f 1689/1689/1689 1687/1687/1687 1690/1690/1690
f 1687/1687/1687 1685/1685/1685 1690/1690/1690
f 1690/1690/1690 1685/1685/1685 1691/1691/1691
f 1685/1685/1685 1692/1692/1692 1691/1691/1691
f 1690/1690/1690 1691/1691/1691 1693/1693/1693
f 1691/1691/1691 1694/1694/1694 1693/1693/1693
f 1691/1691/1691 1695/1695/1695 1694/1694/1694
f 1695/1695/1695 1696/1696/1696 1694/1694/1694
f 1694/1694/1694 1696/1696/1696 1697/1697/1697
f 1695/1695/1695 1698/1698/1698 1696/1696/1696
f 1698/1698/1698 1699/1699/1699 1696/1696/1696
f 1700/1700/1700 1701/1701/1701 1702/1702/1702
f 1701/1701/1701 1703/1703/1703 1702/1702/1702
f 1703/1703/1703 1701/1701/1701 1704/1704/1704
f 1701/1701/1701 1705/1705/1705 1704/1704/1704
f 1704/1704/1704 1705/1705/1705 1706/1706/1706
f 1705/1705/1705 1707/1707/1707 1706/1706/1706
f 1707/1707/1707 1705/1705/1705 1708/1708/1708
f 1705/1705/1705 1701/1701/1701 1708/1708/1708
f 1708/1708/1708 1701/1701/1701 1709/1709/1709
f 1710/1710/1710 301/301/301 1711/1711/1711
f 301/301/301 303/303/303 1711/1711/1711
f 1711/1711/1711 303/303/303 1712/1712/1712
f 1712/1712/1712 1713/1713/1713 1711/1711/1711
f 1713/1713/1713 1714/1714/1714 1711/1711/1711
f 1713/1713/1713 1715/1715/1715 1714/1714/1714
f 1715/1715/1715 1716/1716/1716 1714/1714/1714
f 1714/1714/1714 1716/1716/1716 1717/1717/1717
f 1716/1716/1716 1718/1718/1718 1717/1717/1717
f 1717/1717/1717 1718/1718/1718 1719/1719/1719
f 1718/1718/1718 1720/1720/1720 1719/1719/1719
f 1719/1719/1719 1720/1720/1720 1721/1721/1721
f 1720/1720/1720 1722/1722/1722 1721/1721/1721
f 1721/1721/1721 1722/1722/1722 1723/1723/1723
f 1722/1722/1722 1724/1724/1724 1723/1723/1723
f 1723/1723/1723 1724/1724/1724 1725/1725/1725
f 1724/1724/1724 1726/1726/1726 1725/1725/1725
f 1725/1725/1725 1726/1726/1726 1727/1727/1727
f 1726/1726/1726 1728/1728/1728 1727/1727/1727
f 1713/1713/1713 1729/1729/1729 1715/1715/1715
f 1729/1729/1729 1730/1730/1730 1715/1715/1715
f 1715/1715/1715 1730/1730/1730 1716/1716/1716
f 1730/1730/1730 1731/1731/1731 1716/1716/1716
f 1716/1716/1716 1731/1731/1731 1732/1732/1732
f 1731/1731/1731 1733/1733/1733 1732/1732/1732
f 1732/1732/1732 1733/1733/1733 1734/1734/1734
f 1733/1733/1733 1735/1735/1735 1734/1734/1734
f 1734/1734/1734 1735/1735/1735 1736/1736/1736
f 1735/1735/1735 1737/1737/1737 1736/1736/1736
f 1736/1736/1736 1737/1737/1737 1728/1728/1728
f 1737/1737/1737 1738/1738/1738 1728/1728/1728
f 1728/1728/1728 1738/1738/1738 1739/1739/1739
f 1738/1738/1738 1740/1740/1740 1739/1739/1739
f 1739/1739/1739 1740/1740/1740 1741/1741/1741
f 1740/1740/1740 1742/1742/1742 1741/1741/1741
f 1741/1741/1741 1742/1742/1742 1743/1743/1743
f 1742/1742/1742 1744/1744/1744 1743/1743/1743
f 1743/1743/1743 1744/1744/1744 1264/1264/1264
f 1264/1264/1264 1266/1266/1266 1743/1743/1743
f 1266/1266/1266 1745/1745/1745 1743/1743/1743
f 1743/1743/1743 1745/1745/1745 1746/1746/1746
f 1745/1745/1745 1747/1747/1747 1746/1746/1746
f 1746/1746/1746 1747/1747/1747 1748/1748/1748
f 1747/1747/1747 1723/1723/1723 1748/1748/1748
f 1748/1748/1748 1723/1723/1723 1725/1725/1725
f 1743/1743/1743 1746/1746/1746 1741/1741/1741
f 1746/1746/1746 1748/1748/1748 1741/1741/1741
f 1741/1741/1741 1748/1748/1748 1749/1749/1749
f 1748/1748/1748 1725/1725/1725 1749/1749/1749
f 1749/1749/1749 1725/1725/1725 1727/1727/1727
f 1741/1741/1741 1749/1749/1749 1739/1739/1739
f 1749/1749/1749 1728/1728/1728 1739/1739/1739
f 1750/1750/1750 1751/1751/1751 1752/1752/1752
f 1751/1751/1751 1753/1753/1753 1752/1752/1752
f 1742/1742/1742 1754/1754/1754 1744/1744/1744
f 1754/1754/1754 1755/1755/1755 1744/1744/1744
f 1744/1744/1744 1755/1755/1755 1756/1756/1756
f 1755/1755/1755 1754/1754/1754 1757/1757/1757
f 1754/1754/1754 1758/1758/1758 1757/1757/1757
f 1757/1757/1757 1758/1758/1758 1759/1759/1759
f 1729/1729/1729 1713/1713/1713 1760/1760/1760
f 1713/1713/1713 1761/1761/1761 1760/1760/1760
f 1762/1762/1762 1763/1763/1763 1764/1764/1764
f 1763/1763/1763 1765/1765/1765 1764/1764/1764
f 1764/1764/1764 1765/1765/1765 1766/1766/1766
f 1765/1765/1765 1767/1767/1767 1766/1766/1766
f 1766/1766/1766 1767/1767/1767 1768/1768/1768
f 1767/1767/1767 1769/1769/1769 1768/1768/1768
f 1769/1769/1769 1767/1767/1767 1770/1770/1770
f 1767/1767/1767 1771/1771/1771 1770/1770/1770
f 1770/1770/1770 1771/1771/1771 1772/1772/1772
f 1771/1771/1771 1773/1773/1773 1772/1772/1772
f 1769/1769/1769 1770/1770/1770 1774/1774/1774
f 1770/1770/1770 1775/1775/1775 1774/1774/1774
f 1774/1774/1774 1775/1775/1775 1776/1776/1776
f 1775/1775/1775 1777/1777/1777 1776/1776/1776
f 1776/1776/1776 1777/1777/1777 1778/1778/1778
f 1777/1777/1777 1779/1779/1779 1778/1778/1778
f 1778/1778/1778 1779/1779/1779 1780/1780/1780
f 1779/1779/1779 1781/1781/1781 1780/1780/1780
f 1780/1780/1780 1781/1781/1781 1782/1782/1782
f 1777/1777/1777 1783/1783/1783 1779/1779/1779
f 1783/1783/1783 1784/1784/1784 1779/1779/1779
f 1779/1779/1779 1784/1784/1784 1781/1781/1781
f 1785/1785/1785 1786/1786/1786 1787/1787/1787
f 1786/1786/1786 1788/1788/1788 1787/1787/1787
f 1789/1789/1789 1790/1790/1790 1791/1791/1791
f 1790/1790/1790 1792/1792/1792 1791/1791/1791
f 1791/1791/1791 1792/1792/1792 1793/1793/1793
f 1790/1790/1790 1794/1794/1794 1792/1792/1792
f 1794/1794/1794 1795/1795/1795 1792/1792/1792
f 1792/1792/1792 1795/1795/1795 1796/1796/1796
f 1795/1795/1795 1797/1797/1797 1796/1796/1796
f 1795/1795/1795 1794/1794/1794 34/34/34
f 1794/1794/1794 1798/1798/1798 34/34/34
f 34/34/34 1798/1798/1798 1799/1799/1799
f 1795/1795/1795 34/34/34 970/970/970
f 34/34/34 1800/1800/1800 970/970/970
f 970/970/970 1800/1800/1800 969/969/969
f 1800/1800/1800 1801/1801/1801 969/969/969
f 1802/1802/1802 1803/1803/1803 1804/1804/1804
f 1803/1803/1803 1805/1805/1805 1804/1804/1804
f 1804/1804/1804 1805/1805/1805 1806/1806/1806
f 1805/1805/1805 1807/1807/1807 1806/1806/1806
f 1806/1806/1806 1807/1807/1807 1808/1808/1808
f 1807/1807/1807 1809/1809/1809 1808/1808/1808
f 1808/1808/1808 1809/1809/1809 1121/1121/1121
f 1809/1809/1809 1119/1119/1119 1121/1121/1121
f 1807/1807/1807 1810/1810/1810 1809/1809/1809
f 1810/1810/1810 1225/1225/1225 1809/1809/1809
f 1809/1809/1809 1225/1225/1225 1119/1119/1119
f 1810/1810/1810 1807/1807/1807 1811/1811/1811
f 1807/1807/1807 1812/1812/1812 1811/1811/1811
f 1807/1807/1807 1805/1805/1805 1812/1812/1812
f 1805/1805/1805 1803/1803/1803 1812/1812/1812
f 1770/1770/1770 1772/1772/1772 1813/1813/1813
f 1772/1772/1772 1814/1814/1814 1813/1813/1813
f 1813/1813/1813 1814/1814/1814 1815/1815/1815
f 1772/1772/1772 1816/1816/1816 1814/1814/1814
f 1816/1816/1816 1817/1817/1817 1814/1814/1814
f 1814/1814/1814 1817/1817/1817 1818/1818/1818
f 1817/1817/1817 1819/1819/1819 1818/1818/1818
f 1818/1818/1818 1819/1819/1819 1189/1189/1189
f 1820/1820/1820 1821/1821/1821 1822/1822/1822
f 1821/1821/1821 1823/1823/1823 1822/1822/1822
f 1824/1824/1824 1825/1825/1825 1826/1826/1826
f 1825/1825/1825 1827/1827/1827 1826/1826/1826
f 1826/1826/1826 1827/1827/1827 1828/1828/1828
f 1827/1827/1827 1829/1829/1829 1828/1828/1828
f 1828/1828/1828 1829/1829/1829 1830/1830/1830
f 1827/1827/1827 1825/1825/1825 1831/1831/1831
f 1825/1825/1825 1832/1832/1832 1831/1831/1831
f 1831/1831/1831 1832/1832/1832 1833/1833/1833
f 1833/1833/1833 269/269/269 1831/1831/1831
f 269/269/269 1834/1834/1834 1831/1831/1831
f 1834/1834/1834 269/269/269 1835/1835/1835
f 269/269/269 267/267/267 1835/1835/1835
f 1835/1835/1835 267/267/267 1836/1836/1836
f 267/267/267 1837/1837/1837 1836/1836/1836
f 1836/1836/1836 1837/1837/1837 1838/1838/1838
f 1837/1837/1837 1839/1839/1839 1838/1838/1838
f 1837/1837/1837 267/267/267 1839/1839/1839
f 267/267/267 1840/1840/1840 1839/1839/1839
f 1839/1839/1839 1840/1840/1840 1841/1841/1841
f 1840/1840/1840 1842/1842/1842 1841/1841/1841
f 1839/1839/1839 1841/1841/1841 1843/1843/1843
f 1841/1841/1841 1844/1844/1844 1843/1843/1843
f 1843/1843/1843 1844/1844/1844 1845/1845/1845
f 1844/1844/1844 1846/1846/1846 1845/1845/1845
f 1845/1845/1845 1846/1846/1846 1847/1847/1847
f 1845/1845/1845 1847/1847/1847 1843/1843/1843
f 1847/1847/1847 1839/1839/1839 1843/1843/1843
f 1839/1839/1839 1847/1847/1847 1848/1848/1848
f 1847/1847/1847 1849/1849/1849 1848/1848/1848
f 1850/1850/1850 1851/1851/1851 1852/1852/1852
f 1851/1851/1851 1853/1853/1853 1852/1852/1852
f 1853/1853/1853 1851/1851/1851 1854/1854/1854
f 1851/1851/1851 1855/1855/1855 1854/1854/1854
f 1854/1854/1854 1855/1855/1855 1856/1856/1856
f 1855/1855/1855 1857/1857/1857 1856/1856/1856
f 1851/1851/1851 1858/1858/1858 1855/1855/1855
f 1858/1858/1858 1859/1859/1859 1855/1855/1855
f 1855/1855/1855 1859/1859/1859 1857/1857/1857
f 1859/1859/1859 1860/1860/1860 1857/1857/1857
f 1857/1857/1857 1860/1860/1860 1861/1861/1861
f 1860/1860/1860 1862/1862/1862 1861/1861/1861
f 1861/1861/1861 1862/1862/1862 442/442/442
f 1861/1861/1861 1863/1863/1863 1857/1857/1857
f 1863/1863/1863 1864/1864/1864 1857/1857/1857
f 1857/1857/1857 1864/1864/1864 1865/1865/1865
f 1864/1864/1864 1866/1866/1866 1865/1865/1865
f 1865/1865/1865 1866/1866/1866 1307/1307/1307
f 1866/1866/1866 1305/1305/1305 1307/1307/1307
f 1305/1305/1305 1866/1866/1866 1303/1303/1303
f 1866/1866/1866 1867/1867/1867 1303/1303/1303
f 1303/1303/1303 1867/1867/1867 1301/1301/1301
f 1867/1867/1867 1868/1868/1868 1301/1301/1301
f 1301/1301/1301 1868/1868/1868 1869/1869/1869
f 1868/1868/1868 1870/1870/1870 1869/1869/1869
f 1867/1867/1867 1866/1866/1866 1871/1871/1871
f 1866/1866/1866 1864/1864/1864 1871/1871/1871
f 1871/1871/1871 1864/1864/1864 1872/1872/1872
f 1873/1873/1873 1874/1874/1874 1875/1875/1875
f 1874/1874/1874 1876/1876/1876 1875/1875/1875
f 1877/1877/1877 1878/1878/1878 1879/1879/1879
f 1878/1878/1878 1880/1880/1880 1879/1879/1879
f 1879/1879/1879 1880/1880/1880 1881/1881/1881
f 1880/1880/1880 1882/1882/1882 1881/1881/1881
f 1881/1881/1881 1882/1882/1882 1883/1883/1883
f 1882/1882/1882 1884/1884/1884 1883/1883/1883
f 1884/1884/1884 1882/1882/1882 1719/1719/1719
f 1882/1882/1882 1880/1880/1880 1719/1719/1719
f 1719/1719/1719 1880/1880/1880 1885/1885/1885
f 1880/1880/1880 1878/1878/1878 1885/1885/1885
f 1885/1885/1885 1878/1878/1878 1714/1714/1714
f 1714/1714/1714 1717/1717/1717 1885/1885/1885
f 1717/1717/1717 1719/1719/1719 1885/1885/1885
f 1886/1886/1886 1887/1887/1887 1888/1888/1888
f 1887/1887/1887 1889/1889/1889 1888/1888/1888
f 1884/1884/1884 1719/1719/1719 1890/1890/1890
f 1719/1719/1719 1721/1721/1721 1890/1890/1890
f 1890/1890/1890 1721/1721/1721 1891/1891/1891
f 1721/1721/1721 1892/1892/1892 1891/1891/1891
f 1892/1892/1892 1721/1721/1721 1893/1893/1893
f 1721/1721/1721 1723/1723/1723 1893/1893/1893
f 1893/1893/1893 1723/1723/1723 1894/1894/1894
f 1892/1892/1892 1893/1893/1893 1895/1895/1895
f 1893/1893/1893 1896/1896/1896 1895/1895/1895
f 1896/1896/1896 1893/1893/1893 1897/1897/1897
f 1893/1893/1893 1898/1898/1898 1897/1897/1897
f 1893/1893/1893 1894/1894/1894 1898/1898/1898
f 1894/1894/1894 1899/1899/1899 1898/1898/1898
f 1900/1900/1900 1901/1901/1901 1902/1902/1902
f 1901/1901/1901 1903/1903/1903 1902/1902/1902
f 1891/1891/1891 1904/1904/1904 1890/1890/1890
f 1904/1904/1904 1905/1905/1905 1890/1890/1890
f 1906/1906/1906 1907/1907/1907 1908/1908/1908
f 1907/1907/1907 1909/1909/1909 1908/1908/1908
f 1908/1908/1908 1909/1909/1909 1910/1910/1910
f 1909/1909/1909 1911/1911/1911 1910/1910/1910
f 1910/1910/1910 1912/1912/1912 1908/1908/1908
f 1912/1912/1912 1913/1913/1913 1908/1908/1908
f 1908/1908/1908 1913/1913/1913 1914/1914/1914
f 1913/1913/1913 1915/1915/1915 1914/1914/1914
f 1910/1910/1910 1916/1916/1916 1912/1912/1912
f 1916/1916/1916 1915/1915/1915 1912/1912/1912
f 1912/1912/1912 1915/1915/1915 1913/1913/1913
f 1917/1917/1917 1918/1918/1918 1919/1919/1919
f 1918/1918/1918 1920/1920/1920 1919/1919/1919
f 1645/1645/1645 1646/1646/1646 1921/1921/1921
f 1646/1646/1646 1648/1648/1648 1921/1921/1921
f 1921/1921/1921 1648/1648/1648 1922/1922/1922
f 1648/1648/1648 1923/1923/1923 1922/1922/1922
f 1648/1648/1648 1650/1650/1650 1923/1923/1923
f 1650/1650/1650 1652/1652/1652 1923/1923/1923
f 1923/1923/1923 1652/1652/1652 1924/1924/1924
f 1652/1652/1652 1654/1654/1654 1924/1924/1924
f 1925/1925/1925 1926/1926/1926 1927/1927/1927
f 1926/1926/1926 1928/1928/1928 1927/1927/1927
f 1929/1929/1929 1930/1930/1930 1931/1931/1931
f 1930/1930/1930 1932/1932/1932 1931/1931/1931
f 1931/1931/1931 1932/1932/1932 1933/1933/1933
f 1932/1932/1932 1934/1934/1934 1933/1933/1933
f 1933/1933/1933 1934/1934/1934 1935/1935/1935
f 1936/1936/1936 940/940/940 1937/1937/1937
f 940/940/940 942/942/942 1937/1937/1937
f 1937/1937/1937 942/942/942 944/944/944
f 1938/1938/1938 1939/1939/1939 1940/1940/1940
f 1939/1939/1939 1941/1941/1941 1940/1940/1940
f 1939/1939/1939 1942/1942/1942 1941/1941/1941
f 1942/1942/1942 1943/1943/1943 1941/1941/1941
f 1943/1943/1943 1942/1942/1942 1944/1944/1944
f 1942/1942/1942 1945/1945/1945 1944/1944/1944
f 1944/1944/1944 1945/1945/1945 1946/1946/1946
f 1943/1943/1943 1944/1944/1944 1947/1947/1947
f 1944/1944/1944 1948/1948/1948 1947/1947/1947
f 1947/1947/1947 1948/1948/1948 1949/1949/1949
f 1948/1948/1948 1950/1950/1950 1949/1949/1949
f 1949/1949/1949 1950/1950/1950 1951/1951/1951
f 1948/1948/1948 1944/1944/1944 1952/1952/1952
f 1944/1944/1944 1946/1946/1946 1952/1952/1952
f 1948/1948/1948 1952/1952/1952 1953/1953/1953
f 1952/1952/1952 1954/1954/1954 1953/1953/1953
f 1953/1953/1953 1954/1954/1954 1955/1955/1955
f 1954/1954/1954 1956/1956/1956 1955/1955/1955
f 1955/1955/1955 1956/1956/1956 1957/1957/1957
f 1956/1956/1956 1958/1958/1958 1957/1957/1957
f 1957/1957/1957 1958/1958/1958 1959/1959/1959
f 1958/1958/1958 1960/1960/1960 1959/1959/1959
f 1959/1959/1959 1960/1960/1960 1961/1961/1961
f 1960/1960/1960 1962/1962/1962 1961/1961/1961
f 1961/1961/1961 1963/1963/1963 1959/1959/1959
f 1963/1963/1963 1964/1964/1964 1959/1959/1959
f 1959/1959/1959 1964/1964/1964 1957/1957/1957
f 1961/1961/1961 1965/1965/1965 1963/1963/1963
f 1965/1965/1965 1966/1966/1966 1963/1963/1963
f 1963/1963/1963 1966/1966/1966 1967/1967/1967
f 1967/1967/1967 1968/1968/1968 1963/1963/1963
f 1968/1968/1968 1964/1964/1964 1963/1963/1963
f 339/339/339 1969/1969/1969 341/341/341
f 1969/1969/1969 344/344/344 341/341/341
f 341/341/341 344/344/344 342/342/342
f 1970/1970/1970 1971/1971/1971 1972/1972/1972
f 1971/1971/1971 1973/1973/1973 1972/1972/1972
f 1971/1971/1971 1974/1974/1974 1973/1973/1973
f 1974/1974/1974 1975/1975/1975 1973/1973/1973
f 1973/1973/1973 1975/1975/1975 1976/1976/1976
f 1975/1975/1975 1977/1977/1977 1976/1976/1976
f 1976/1976/1976 1977/1977/1977 1978/1978/1978
f 1977/1977/1977 1979/1979/1979 1978/1978/1978
f 1978/1978/1978 1979/1979/1979 1980/1980/1980
f 1979/1979/1979 1981/1981/1981 1980/1980/1980
f 1980/1980/1980 1981/1981/1981 1982/1982/1982
f 1981/1981/1981 1983/1983/1983 1982/1982/1982
f 1982/1982/1982 1983/1983/1983 1984/1984/1984
f 1983/1983/1983 1985/1985/1985 1984/1984/1984
f 1984/1984/1984 1985/1985/1985 406/406/406
f 1985/1985/1985 1986/1986/1986 406/406/406
f 406/406/406 1986/1986/1986 404/404/404
f 1973/1973/1973 1976/1976/1976 1987/1987/1987
f 1976/1976/1976 1978/1978/1978 1987/1987/1987
f 1987/1987/1987 1978/1978/1978 1988/1988/1988
f 1978/1978/1978 1980/1980/1980 1988/1988/1988
f 1988/1988/1988 1980/1980/1980 1989/1989/1989
f 1980/1980/1980 1982/1982/1982 1989/1989/1989
f 1989/1989/1989 1982/1982/1982 1990/1990/1990
f 1982/1982/1982 1991/1991/1991 1990/1990/1990
f 1990/1990/1990 1991/1991/1991 1992/1992/1992
f 1988/1988/1988 1989/1989/1989 1987/1987/1987
f 1989/1989/1989 1993/1993/1993 1987/1987/1987
f 1987/1987/1987 1993/1993/1993 1994/1994/1994
f 1993/1993/1993 1995/1995/1995 1994/1994/1994
f 1994/1994/1994 1995/1995/1995 1996/1996/1996
f 1995/1995/1995 1997/1997/1997 1996/1996/1996
f 1996/1996/1996 1997/1997/1997 1998/1998/1998
f 1995/1995/1995 1993/1993/1993 1999/1999/1999
f 1993/1993/1993 1989/1989/1989 1999/1999/1999
f 1999/1999/1999 1989/1989/1989 2000/2000/2000
f 1989/1989/1989 1990/1990/1990 2000/2000/2000
f 2000/2000/2000 1990/1990/1990 2001/2001/2001
f 1990/1990/1990 2002/2002/2002 2001/2001/2001
f 1990/1990/1990 398/398/398 2002/2002/2002
f 398/398/398 396/396/396 2002/2002/2002
f 1965/1965/1965 2003/2003/2003 1966/1966/1966
f 2003/2003/2003 2004/2004/2004 1966/1966/1966
f 2003/2003/2003 2005/2005/2005 2004/2004/2004
f 2005/2005/2005 2006/2006/2006 2004/2004/2004
f 2006/2006/2006 2005/2005/2005 2007/2007/2007
f 2005/2005/2005 2008/2008/2008 2007/2007/2007
f 2007/2007/2007 2008/2008/2008 2009/2009/2009
f 2008/2008/2008 2010/2010/2010 2009/2009/2009
f 2010/2010/2010 2008/2008/2008 2011/2011/2011
f 2008/2008/2008 1962/1962/1962 2011/2011/2011
f 2011/2011/2011 1962/1962/1962 2012/2012/2012
f 1962/1962/1962 1960/1960/1960 2012/2012/2012
f 1962/1962/1962 2008/2008/2008 2013/2013/2013
f 2008/2008/2008 2014/2014/2014 2013/2013/2013
f 2013/2013/2013 2014/2014/2014 2015/2015/2015
f 2014/2014/2014 2016/2016/2016 2015/2015/2015
f 2015/2015/2015 2016/2016/2016 2017/2017/2017
f 1962/1962/1962 2013/2013/2013 2018/2018/2018
f 2013/2013/2013 2019/2019/2019 2018/2018/2018
f 2013/2013/2013 2020/2020/2020 2019/2019/2019
f 2020/2020/2020 2021/2021/2021 2019/2019/2019
f 2021/2021/2021 2020/2020/2020 2022/2022/2022
f 2020/2020/2020 2023/2023/2023 2022/2022/2022
f 320/320/320 314/314/314 318/318/318
f 314/314/314 2024/2024/2024 318/318/318
f 2025/2025/2025 2026/2026/2026 2027/2027/2027
f 2026/2026/2026 2028/2028/2028 2027/2027/2027
f 2006/2006/2006 2007/2007/2007 2029/2029/2029
f 2007/2007/2007 2030/2030/2030 2029/2029/2029
f 2029/2029/2029 2030/2030/2030 2031/2031/2031
f 2030/2030/2030 2032/2032/2032 2031/2031/2031
f 2031/2031/2031 2032/2032/2032 2033/2033/2033
f 2032/2032/2032 2034/2034/2034 2033/2033/2033
f 2033/2033/2033 2034/2034/2034 2035/2035/2035
f 2034/2034/2034 2036/2036/2036 2035/2035/2035
f 2035/2035/2035 2036/2036/2036 2037/2037/2037
f 2030/2030/2030 2007/2007/2007 2038/2038/2038
f 2007/2007/2007 2039/2039/2039 2038/2038/2038
f 2038/2038/2038 2039/2039/2039 2040/2040/2040
f 2038/2038/2038 2040/2040/2040 2041/2041/2041
f 2040/2040/2040 2042/2042/2042 2041/2041/2041
f 2041/2041/2041 2042/2042/2042 2043/2043/2043
f 2041/2041/2041 2043/2043/2043 2044/2044/2044
f 2043/2043/2043 2045/2045/2045 2044/2044/2044
f 2046/2046/2046 2047/2047/2047 2048/2048/2048
f 2047/2047/2047 2049/2049/2049 2048/2048/2048
f 2033/2033/2033 2035/2035/2035 2050/2050/2050
f 2035/2035/2035 2051/2051/2051 2050/2050/2050
f 2051/2051/2051 2035/2035/2035 2052/2052/2052
f 2035/2035/2035 2037/2037/2037 2052/2052/2052
f 2052/2052/2052 2037/2037/2037 2053/2053/2053
f 2053/2053/2053 2054/2054/2054 2052/2052/2052
f 2054/2054/2054 2055/2055/2055 2052/2052/2052
f 2052/2052/2052 2055/2055/2055 2051/2051/2051
f 2055/2055/2055 2056/2056/2056 2051/2051/2051
f 2051/2051/2051 2056/2056/2056 2057/2057/2057
f 2056/2056/2056 2058/2058/2058 2057/2057/2057
f 2057/2057/2057 2058/2058/2058 1697/1697/1697
f 2058/2058/2058 1694/1694/1694 1697/1697/1697
f 2053/2053/2053 2059/2059/2059 2054/2054/2054
f 2059/2059/2059 2060/2060/2060 2054/2054/2054
f 2059/2059/2059 2061/2061/2061 2060/2060/2060
f 2061/2061/2061 2062/2062/2062 2060/2060/2060
f 406/406/406 407/407/407 1984/1984/1984
f 407/407/407 409/409/409 1984/1984/1984
f 1134/1134/1134 2063/2063/2063 1135/1135/1135
f 2063/2063/2063 2064/2064/2064 1135/1135/1135
f 1135/1135/1135 2064/2064/2064 2065/2065/2065
f 2064/2064/2064 2066/2066/2066 2065/2065/2065
f 2065/2065/2065 2066/2066/2066 1149/1149/1149
f 1149/1149/1149 1142/1142/1142 2065/2065/2065
f 1142/1142/1142 1135/1135/1135 2065/2065/2065
f 2067/2067/2067 2068/2068/2068 2069/2069/2069
f 2068/2068/2068 2070/2070/2070 2069/2069/2069
f 2069/2069/2069 2070/2070/2070 2071/2071/2071
f 2072/2072/2072 2073/2073/2073 2074/2074/2074
f 2073/2073/2073 2075/2075/2075 2074/2074/2074
f 2076/2076/2076 2077/2077/2077 2078/2078/2078
f 2077/2077/2077 2079/2079/2079 2078/2078/2078
f 2078/2078/2078 2079/2079/2079 2080/2080/2080
f 2080/2080/2080 2081/2081/2081 2078/2078/2078
f 2081/2081/2081 2082/2082/2082 2078/2078/2078
f 2078/2078/2078 2082/2082/2082 1735/1735/1735
f 2082/2082/2082 1737/1737/1737 1735/1735/1735
f 2078/2078/2078 1735/1735/1735 2083/2083/2083
f 1735/1735/1735 2084/2084/2084 2083/2083/2083
f 2083/2083/2083 2084/2084/2084 2085/2085/2085
f 2084/2084/2084 2086/2086/2086 2085/2085/2085
f 2085/2085/2085 2086/2086/2086 2087/2087/2087
f 2086/2086/2086 2088/2088/2088 2087/2087/2087
f 2087/2087/2087 2088/2088/2088 2089/2089/2089
f 2088/2088/2088 2090/2090/2090 2089/2089/2089
f 2089/2089/2089 2090/2090/2090 2091/2091/2091
f 2090/2090/2090 2092/2092/2092 2091/2091/2091
f 2091/2091/2091 2092/2092/2092 1675/1675/1675
f 2092/2092/2092 2090/2090/2090 2093/2093/2093
f 2090/2090/2090 2088/2088/2088 2093/2093/2093
f 2093/2093/2093 2088/2088/2088 2094/2094/2094
f 2088/2088/2088 2086/2086/2086 2094/2094/2094
f 2094/2094/2094 2086/2086/2086 1731/1731/1731
f 2086/2086/2086 1735/1735/1735 1731/1731/1731
f 1731/1731/1731 1735/1735/1735 1733/1733/1733
f 2095/2095/2095 2096/2096/2096 2097/2097/2097
f 2096/2096/2096 2098/2098/2098 2097/2097/2097
f 2099/2099/2099 2100/2100/2100 2101/2101/2101
f 2100/2100/2100 2102/2102/2102 2101/2101/2101
f 2103/2103/2103 2104/2104/2104 2105/2105/2105
f 2104/2104/2104 1/1/1 2105/2105/2105
f 2106/2106/2106 2107/2107/2107 2108/2108/2108
f 2107/2107/2107 2109/2109/2109 2108/2108/2108
f 193/193/193 195/195/195 191/191/191
f 195/195/195 2110/2110/2110 191/191/191
f 191/191/191 2110/2110/2110 2111/2111/2111
f 2110/2110/2110 195/195/195 2112/2112/2112
f 195/195/195 2113/2113/2113 2112/2112/2112
f 2112/2112/2112 2113/2113/2113 2114/2114/2114
f 2115/2115/2115 2116/2116/2116 2117/2117/2117
f 2116/2116/2116 2118/2118/2118 2117/2117/2117
f 2117/2117/2117 2118/2118/2118 2119/2119/2119
f 2118/2118/2118 2120/2120/2120 2119/2119/2119
f 2116/2116/2116 2121/2121/2121 2118/2118/2118
f 2121/2121/2121 2122/2122/2122 2118/2118/2118
f 2118/2118/2118 2122/2122/2122 2123/2123/2123
f 2121/2121/2121 2116/2116/2116 2124/2124/2124
f 2116/2116/2116 2125/2125/2125 2124/2124/2124
f 2124/2124/2124 2125/2125/2125 2126/2126/2126
f 2111/2111/2111 2127/2127/2127 191/191/191
f 2127/2127/2127 189/189/189 191/191/191
f 2128/2128/2128 2129/2129/2129 2130/2130/2130
f 2129/2129/2129 2131/2131/2131 2130/2130/2130
f 2130/2130/2130 2131/2131/2131 2132/2132/2132
f 2133/2133/2133 2134/2134/2134 2135/2135/2135
f 2134/2134/2134 2136/2136/2136 2135/2135/2135
f 2137/2137/2137 2138/2138/2138 2139/2139/2139
f 2138/2138/2138 2140/2140/2140 2139/2139/2139
f 2141/2141/2141 2142/2142/2142 2143/2143/2143
f 2142/2142/2142 2144/2144/2144 2143/2143/2143
f 2143/2143/2143 2144/2144/2144 2145/2145/2145
f 2144/2144/2144 2146/2146/2146 2145/2145/2145
f 2145/2145/2145 2146/2146/2146 2147/2147/2147
f 2146/2146/2146 2144/2144/2144 2148/2148/2148
f 2144/2144/2144 2149/2149/2149 2148/2148/2148
f 2148/2148/2148 2149/2149/2149 2150/2150/2150
f 2149/2149/2149 2151/2151/2151 2150/2150/2150
f 2150/2150/2150 2151/2151/2151 2146/2146/2146
f 2144/2144/2144 2152/2152/2152 2149/2149/2149
f 2152/2152/2152 2153/2153/2153 2149/2149/2149
f 2149/2149/2149 2153/2153/2153 2154/2154/2154
f 2153/2153/2153 2155/2155/2155 2154/2154/2154
f 2152/2152/2152 2144/2144/2144 2156/2156/2156
f 2144/2144/2144 2157/2157/2157 2156/2156/2156
f 2156/2156/2156 2157/2157/2157 2158/2158/2158
f 2158/2158/2158 2159/2159/2159 2156/2156/2156
f 2159/2159/2159 2160/2160/2160 2156/2156/2156
f 2156/2156/2156 2160/2160/2160 2161/2161/2161
f 2156/2156/2156 2161/2161/2161 2162/2162/2162
f 2161/2161/2161 2163/2163/2163 2162/2162/2162
f 2162/2162/2162 2163/2163/2163 2164/2164/2164
f 2163/2163/2163 2165/2165/2165 2164/2164/2164
f 2166/2166/2166 2167/2167/2167 2168/2168/2168
f 2167/2167/2167 2169/2169/2169 2168/2168/2168
f 2149/2149/2149 2170/2170/2170 2151/2151/2151
f 2170/2170/2170 2171/2171/2171 2151/2151/2151
f 1547/1547/1547 1548/1548/1548 1546/1546/1546
f 1548/1548/1548 2172/2172/2172 1546/1546/1546
f 1546/1546/1546 2172/2172/2172 1544/1544/1544
f 2172/2172/2172 2173/2173/2173 1544/1544/1544
f 1544/1544/1544 2173/2173/2173 2174/2174/2174
f 2173/2173/2173 2175/2175/2175 2174/2174/2174
f 2174/2174/2174 2175/2175/2175 2176/2176/2176
f 2175/2175/2175 2177/2177/2177 2176/2176/2176
f 2176/2176/2176 2177/2177/2177 2178/2178/2178
f 2177/2177/2177 2179/2179/2179 2178/2178/2178
f 2172/2172/2172 2180/2180/2180 2173/2173/2173
f 2180/2180/2180 2181/2181/2181 2173/2173/2173
f 2173/2173/2173 2181/2181/2181 2175/2175/2175
f 2181/2181/2181 2182/2182/2182 2175/2175/2175
f 2175/2175/2175 2182/2182/2182 2183/2183/2183
f 2182/2182/2182 2184/2184/2184 2183/2183/2183
f 2183/2183/2183 2184/2184/2184 2185/2185/2185
f 2184/2184/2184 2186/2186/2186 2185/2185/2185
f 2180/2180/2180 2187/2187/2187 2181/2181/2181
f 2187/2187/2187 2188/2188/2188 2181/2181/2181
f 2181/2181/2181 2188/2188/2188 2182/2182/2182
f 2188/2188/2188 2189/2189/2189 2182/2182/2182
f 2182/2182/2182 2189/2189/2189 2184/2184/2184
f 2189/2189/2189 916/916/916 2184/2184/2184
f 2184/2184/2184 916/916/916 2186/2186/2186
f 1193/1193/1193 2190/2190/2190 1191/1191/1191
f 2190/2190/2190 2191/2191/2191 1191/1191/1191
f 1191/1191/1191 2191/2191/2191 2192/2192/2192
f 2191/2191/2191 2193/2193/2193 2192/2192/2192
f 2192/2192/2192 2193/2193/2193 2194/2194/2194
f 2193/2193/2193 2195/2195/2195 2194/2194/2194
f 2194/2194/2194 2195/2195/2195 2196/2196/2196
f 2195/2195/2195 2197/2197/2197 2196/2196/2196
f 2196/2196/2196 2197/2197/2197 2198/2198/2198
f 2198/2198/2198 2199/2199/2199 2196/2196/2196
f 2199/2199/2199 2200/2200/2200 2196/2196/2196
f 2196/2196/2196 2200/2200/2200 2194/2194/2194
f 1736/1736/1736 1728/1728/1728 1734/1734/1734
f 1728/1728/1728 1726/1726/1726 1734/1734/1734
f 1734/1734/1734 1726/1726/1726 1724/1724/1724
f 1734/1734/1734 1724/1724/1724 2201/2201/2201
f 1724/1724/1724 1722/1722/1722 2201/2201/2201
f 2201/2201/2201 1722/1722/1722 1720/1720/1720
f 1720/1720/1720 1718/1718/1718 2201/2201/2201
f 1718/1718/1718 1732/1732/1732 2201/2201/2201
f 2201/2201/2201 1732/1732/1732 1734/1734/1734
f 2202/2202/2202 2203/2203/2203 2204/2204/2204
f 2203/2203/2203 2205/2205/2205 2204/2204/2204
f 2204/2204/2204 2205/2205/2205 2206/2206/2206
f 2175/2175/2175 2183/2183/2183 2177/2177/2177
f 2183/2183/2183 2179/2179/2179 2177/2177/2177
f 2207/2207/2207 2208/2208/2208 2209/2209/2209
f 2208/2208/2208 2210/2210/2210 2209/2209/2209
f 2209/2209/2209 2210/2210/2210 2211/2211/2211
f 2212/2212/2212 2213/2213/2213 2214/2214/2214
f 2213/2213/2213 2215/2215/2215 2214/2214/2214
f 2215/2215/2215 2213/2213/2213 2216/2216/2216
f 2213/2213/2213 2217/2217/2217 2216/2216/2216
f 2218/2218/2218 1199/1199/1199 2219/2219/2219
f 1199/1199/1199 2220/2220/2220 2219/2219/2219
f 2219/2219/2219 2220/2220/2220 2221/2221/2221
f 2222/2222/2222 2223/2223/2223 2224/2224/2224
f 2223/2223/2223 2225/2225/2225 2224/2224/2224
f 2224/2224/2224 2225/2225/2225 2226/2226/2226
f 2225/2225/2225 2227/2227/2227 2226/2226/2226
f 2226/2226/2226 2227/2227/2227 2228/2228/2228
f 2227/2227/2227 2229/2229/2229 2228/2228/2228
f 2228/2228/2228 2229/2229/2229 2230/2230/2230
f 2229/2229/2229 2231/2231/2231 2230/2230/2230
f 2230/2230/2230 2231/2231/2231 2232/2232/2232
f 2231/2231/2231 2233/2233/2233 2232/2232/2232
f 2232/2232/2232 2233/2233/2233 2234/2234/2234
f 2233/2233/2233 2231/2231/2231 2235/2235/2235
f 2231/2231/2231 2229/2229/2229 2235/2235/2235
f 2235/2235/2235 2229/2229/2229 2236/2236/2236
f 2229/2229/2229 2227/2227/2227 2236/2236/2236
f 2236/2236/2236 2227/2227/2227 2225/2225/2225
f 902/902/902 2237/2237/2237 900/900/900
f 2237/2237/2237 1320/1320/1320 900/900/900
f 2237/2237/2237 2238/2238/2238 1320/1320/1320
f 2238/2238/2238 2239/2239/2239 1320/1320/1320
f 1320/1320/1320 2239/2239/2239 1318/1318/1318
f 2239/2239/2239 2240/2240/2240 1318/1318/1318
f 1318/1318/1318 2240/2240/2240 2241/2241/2241
f 2240/2240/2240 2242/2242/2242 2241/2241/2241
f 2241/2241/2241 2242/2242/2242 2243/2243/2243
f 2242/2242/2242 2244/2244/2244 2243/2243/2243
f 2243/2243/2243 2244/2244/2244 2245/2245/2245
f 2244/2244/2244 2246/2246/2246 2245/2245/2245
f 2245/2245/2245 2246/2246/2246 2247/2247/2247
f 2246/2246/2246 2248/2248/2248 2247/2247/2247
f 2247/2247/2247 2248/2248/2248 2249/2249/2249
f 2248/2248/2248 2250/2250/2250 2249/2249/2249
f 2249/2249/2249 2250/2250/2250 2251/2251/2251
f 1318/1318/1318 2241/2241/2241 1316/1316/1316
f 2241/2241/2241 2243/2243/2243 1316/1316/1316
f 1316/1316/1316 2243/2243/2243 2252/2252/2252
f 2243/2243/2243 2253/2253/2253 2252/2252/2252
f 2252/2252/2252 2253/2253/2253 2254/2254/2254
f 2253/2253/2253 2251/2251/2251 2254/2254/2254
f 2254/2254/2254 2251/2251/2251 2255/2255/2255
f 2251/2251/2251 2256/2256/2256 2255/2255/2255
f 2255/2255/2255 2256/2256/2256 2257/2257/2257
f 2243/2243/2243 2247/2247/2247 2253/2253/2253
f 2247/2247/2247 2249/2249/2249 2253/2253/2253
f 2253/2253/2253 2249/2249/2249 2251/2251/2251
f 2258/2258/2258 1804/1804/1804 2259/2259/2259
f 1804/1804/1804 2260/2260/2260 2259/2259/2259
f 1804/1804/1804 1806/1806/1806 2260/2260/2260
f 1806/1806/1806 2261/2261/2261 2260/2260/2260
f 1806/1806/1806 1808/1808/1808 2261/2261/2261
f 1808/1808/1808 166/166/166 2261/2261/2261
f 166/166/166 1808/1808/1808 164/164/164
f 1808/1808/1808 1121/1121/1121 164/164/164
f 2239/2239/2239 2262/2262/2262 2240/2240/2240
f 2262/2262/2262 2263/2263/2263 2240/2240/2240
f 2240/2240/2240 2263/2263/2263 2242/2242/2242
f 2242/2242/2242 2264/2264/2264 2244/2244/2244
f 2264/2264/2264 2265/2265/2265 2244/2244/2244
f 2244/2244/2244 2265/2265/2265 2246/2246/2246
f 2265/2265/2265 2266/2266/2266 2246/2246/2246
f 2246/2246/2246 2266/2266/2266 2267/2267/2267
f 2266/2266/2266 2268/2268/2268 2267/2267/2267
f 2267/2267/2267 2268/2268/2268 2269/2269/2269
f 2268/2268/2268 2270/2270/2270 2269/2269/2269
f 2269/2269/2269 2270/2270/2270 2271/2271/2271
f 2270/2270/2270 2272/2272/2272 2271/2271/2271
f 2271/2271/2271 2272/2272/2272 2273/2273/2273
f 2271/2271/2271 2274/2274/2274 2269/2269/2269
f 2274/2274/2274 2275/2275/2275 2269/2269/2269
f 2269/2269/2269 2275/2275/2275 2267/2267/2267
f 2275/2275/2275 2248/2248/2248 2267/2267/2267
f 2267/2267/2267 2248/2248/2248 2246/2246/2246
f 2275/2275/2275 2274/2274/2274 2276/2276/2276
f 2274/2274/2274 2271/2271/2271 2276/2276/2276
f 2276/2276/2276 2271/2271/2271 2277/2277/2277
f 2271/2271/2271 2273/2273/2273 2277/2277/2277
f 2277/2277/2277 2273/2273/2273 2278/2278/2278
f 2273/2273/2273 2279/2279/2279 2278/2278/2278
f 2276/2276/2276 2280/2280/2280 2275/2275/2275
f 2280/2280/2280 2281/2281/2281 2275/2275/2275
f 2275/2275/2275 2281/2281/2281 2248/2248/2248
f 2281/2281/2281 2250/2250/2250 2248/2248/2248
f 2281/2281/2281 2105/2105/2105 2250/2250/2250
f 2105/2105/2105 2282/2282/2282 2250/2250/2250
f 2250/2250/2250 2282/2282/2282 2283/2283/2283
f 2250/2250/2250 2283/2283/2283 2284/2284/2284
f 2283/2283/2283 2285/2285/2285 2284/2284/2284
f 2283/2283/2283 2286/2286/2286 2285/2285/2285
f 2286/2286/2286 2287/2287/2287 2285/2285/2285
f 2287/2287/2287 2286/2286/2286 2288/2288/2288
f 2286/2286/2286 2289/2289/2289 2288/2288/2288
f 2289/2289/2289 2286/2286/2286 2290/2290/2290
f 2286/2286/2286 2291/2291/2291 2290/2290/2290
f 2270/2270/2270 2268/2268/2268 2292/2292/2292
f 2268/2268/2268 2293/2293/2293 2292/2292/2292
f 2293/2293/2293 2268/2268/2268 2294/2294/2294
f 2268/2268/2268 2266/2266/2266 2294/2294/2294
f 2294/2294/2294 2266/2266/2266 2265/2265/2265
f 2278/2278/2278 2295/2295/2295 2277/2277/2277
f 2295/2295/2295 2296/2296/2296 2277/2277/2277
f 2295/2295/2295 2297/2297/2297 2296/2296/2296
f 2297/2297/2297 2298/2298/2298 2296/2296/2296
f 2296/2296/2296 2298/2298/2298 2299/2299/2299
f 2298/2298/2298 2300/2300/2300 2299/2299/2299
f 2298/2298/2298 2301/2301/2301 2300/2300/2300
f 2301/2301/2301 2302/2302/2302 2300/2300/2300
f 2302/2302/2302 2301/2301/2301 2303/2303/2303
f 2301/2301/2301 2304/2304/2304 2303/2303/2303
f 2304/2304/2304 2301/2301/2301 2305/2305/2305
f 2301/2301/2301 2306/2306/2306 2305/2305/2305
f 2307/2307/2307 2308/2308/2308 2309/2309/2309
f 2308/2308/2308 2310/2310/2310 2309/2309/2309
f 2311/2311/2311 2312/2312/2312 2313/2313/2313
f 2312/2312/2312 2314/2314/2314 2313/2313/2313
f 2315/2315/2315 2316/2316/2316 2317/2317/2317
f 2316/2316/2316 2318/2318/2318 2317/2317/2317
f 2317/2317/2317 2318/2318/2318 2319/2319/2319
f 2319/2319/2319 2320/2320/2320 2317/2317/2317
f 2320/2320/2320 2321/2321/2321 2317/2317/2317
f 2317/2317/2317 2321/2321/2321 1346/1346/1346
f 2317/2317/2317 1346/1346/1346 2322/2322/2322
f 1346/1346/1346 1347/1347/1347 2322/2322/2322
f 2322/2322/2322 1347/1347/1347 2323/2323/2323
f 1347/1347/1347 1315/1315/1315 2323/2323/2323
f 2323/2323/2323 1315/1315/1315 1313/1313/1313
f 244/244/244 243/243/243 2324/2324/2324
f 243/243/243 2325/2325/2325 2324/2324/2324
f 2324/2324/2324 2325/2325/2325 2326/2326/2326
f 243/243/243 29/29/29 2325/2325/2325
f 29/29/29 2327/2327/2327 2325/2325/2325
f 2325/2325/2325 2327/2327/2327 2328/2328/2328
f 2327/2327/2327 2329/2329/2329 2328/2328/2328
f 2329/2329/2329 2327/2327/2327 27/27/27
f 2327/2327/2327 29/29/29 27/27/27
f 2330/2330/2330 2331/2331/2331 2332/2332/2332
f 2331/2331/2331 2333/2333/2333 2332/2332/2332
f 2334/2334/2334 2335/2335/2335 2336/2336/2336
f 2335/2335/2335 2337/2337/2337 2336/2336/2336
f 2335/2335/2335 2338/2338/2338 2337/2337/2337
f 2338/2338/2338 2339/2339/2339 2337/2337/2337
f 2340/2340/2340 2341/2341/2341 2342/2342/2342
f 2341/2341/2341 2343/2343/2343 2342/2342/2342
f 2342/2342/2342 2343/2343/2343 1354/1354/1354
f 2341/2341/2341 2344/2344/2344 2343/2343/2343
f 2344/2344/2344 2345/2345/2345 2343/2343/2343
f 2346/2346/2346 2347/2347/2347 2348/2348/2348
f 2347/2347/2347 2349/2349/2349 2348/2348/2348
f 2348/2348/2348 2349/2349/2349 2350/2350/2350
f 2349/2349/2349 2351/2351/2351 2350/2350/2350
f 2352/2352/2352 2066/2066/2066 2063/2063/2063
f 2066/2066/2066 2064/2064/2064 2063/2063/2063
f 2353/2353/2353 2354/2354/2354 2355/2355/2355
f 2354/2354/2354 2356/2356/2356 2355/2355/2355
f 2355/2355/2355 2356/2356/2356 2357/2357/2357
f 2358/2358/2358 2359/2359/2359 2360/2360/2360
f 2359/2359/2359 2361/2361/2361 2360/2360/2360
f 2362/2362/2362 2363/2363/2363 2364/2364/2364
f 2363/2363/2363 2365/2365/2365 2364/2364/2364
f 2365/2365/2365 2363/2363/2363 2366/2366/2366
f 2363/2363/2363 2367/2367/2367 2366/2366/2366
f 2366/2366/2366 2367/2367/2367 2368/2368/2368
f 2367/2367/2367 2369/2369/2369 2368/2368/2368
f 2368/2368/2368 2369/2369/2369 2370/2370/2370
f 2369/2369/2369 2371/2371/2371 2370/2370/2370
f 2370/2370/2370 2371/2371/2371 2372/2372/2372
f 2372/2372/2372 2373/2373/2373 2370/2370/2370
f 2373/2373/2373 2366/2366/2366 2370/2370/2370
f 2370/2370/2370 2366/2366/2366 2368/2368/2368
f 2374/2374/2374 2375/2375/2375 2376/2376/2376
f 2375/2375/2375 2377/2377/2377 2376/2376/2376
f 2376/2376/2376 2377/2377/2377 2378/2378/2378
f 2224/2224/2224 2226/2226/2226 2379/2379/2379
f 2226/2226/2226 2380/2380/2380 2379/2379/2379
f 2381/2381/2381 2382/2382/2382 2383/2383/2383
f 2382/2382/2382 2384/2384/2384 2383/2383/2383
f 2383/2383/2383 2384/2384/2384 2385/2385/2385
f 2383/2383/2383 2385/2385/2385 2386/2386/2386
f 2385/2385/2385 2387/2387/2387 2386/2386/2386
f 1835/1835/1835 2388/2388/2388 1834/1834/1834
f 2388/2388/2388 2389/2389/2389 1834/1834/1834
f 1834/1834/1834 2389/2389/2389 2390/2390/2390
f 2389/2389/2389 2391/2391/2391 2390/2390/2390
f 2388/2388/2388 2392/2392/2392 2389/2389/2389
f 2392/2392/2392 2393/2393/2393 2389/2389/2389
f 2389/2389/2389 2393/2393/2393 2394/2394/2394
f 2389/2389/2389 2394/2394/2394 2395/2395/2395
f 2394/2394/2394 2396/2396/2396 2395/2395/2395
f 2395/2395/2395 2396/2396/2396 2397/2397/2397
f 2396/2396/2396 2398/2398/2398 2397/2397/2397
f 2397/2397/2397 2398/2398/2398 2399/2399/2399
f 2394/2394/2394 2400/2400/2400 2396/2396/2396
f 2400/2400/2400 2401/2401/2401 2396/2396/2396
f 2396/2396/2396 2401/2401/2401 2398/2398/2398
f 937/937/937 935/935/935 939/939/939
f 935/935/935 2402/2402/2402 939/939/939
f 939/939/939 2402/2402/2402 2403/2403/2403
f 935/935/935 933/933/933 2402/2402/2402
f 933/933/933 2404/2404/2404 2402/2402/2402
f 2402/2402/2402 2404/2404/2404 2405/2405/2405
f 2404/2404/2404 2406/2406/2406 2405/2405/2405
f 2405/2405/2405 2406/2406/2406 2407/2407/2407
f 2406/2406/2406 929/929/929 2407/2407/2407
f 2407/2407/2407 929/929/929 2408/2408/2408
f 929/929/929 2409/2409/2409 2408/2408/2408
f 2408/2408/2408 2409/2409/2409 2410/2410/2410
f 2404/2404/2404 933/933/933 2406/2406/2406
f 933/933/933 931/931/931 2406/2406/2406
f 2406/2406/2406 931/931/931 929/929/929
f 2411/2411/2411 285/285/285 2412/2412/2412
f 285/285/285 284/284/284 2412/2412/2412
f 2412/2412/2412 284/284/284 2413/2413/2413
f 939/939/939 2403/2403/2403 941/941/941
f 2403/2403/2403 2414/2414/2414 941/941/941
f 941/941/941 2414/2414/2414 943/943/943
f 2414/2414/2414 2415/2415/2415 943/943/943
f 2403/2403/2403 2416/2416/2416 2414/2414/2414
f 2416/2416/2416 2417/2417/2417 2414/2414/2414
f 2414/2414/2414 2417/2417/2417 2415/2415/2415
f 2418/2418/2418 2419/2419/2419 1782/1782/1782
f 2419/2419/2419 1780/1780/1780 1782/1782/1782
f 2420/2420/2420 2421/2421/2421 2422/2422/2422
f 2421/2421/2421 2423/2423/2423 2422/2422/2422
f 2421/2421/2421 2424/2424/2424 2423/2423/2423
f 2424/2424/2424 2425/2425/2425 2423/2423/2423
f 2425/2425/2425 2424/2424/2424 2426/2426/2426
f 2424/2424/2424 2427/2427/2427 2426/2426/2426
f 2426/2426/2426 2427/2427/2427 2428/2428/2428
f 2427/2427/2427 2429/2429/2429 2428/2428/2428
f 2428/2428/2428 2429/2429/2429 2430/2430/2430
f 2429/2429/2429 2431/2431/2431 2430/2430/2430
f 2431/2431/2431 2429/2429/2429 2432/2432/2432
f 2429/2429/2429 2427/2427/2427 2432/2432/2432
f 2432/2432/2432 2427/2427/2427 2433/2433/2433
f 2427/2427/2427 2424/2424/2424 2433/2433/2433
f 2433/2433/2433 2424/2424/2424 2434/2434/2434
f 2424/2424/2424 2435/2435/2435 2434/2434/2434
f 2434/2434/2434 2435/2435/2435 2436/2436/2436
f 2435/2435/2435 2437/2437/2437 2436/2436/2436
f 2436/2436/2436 2437/2437/2437 2438/2438/2438
f 2432/2432/2432 2433/2433/2433 2439/2439/2439
f 2433/2433/2433 2434/2434/2434 2439/2439/2439
f 2439/2439/2439 2434/2434/2434 2440/2440/2440
f 2434/2434/2434 2436/2436/2436 2440/2440/2440
f 2440/2440/2440 2436/2436/2436 2441/2441/2441
f 2436/2436/2436 2438/2438/2438 2441/2441/2441
f 2441/2441/2441 2438/2438/2438 1974/1974/1974
f 1974/1974/1974 1971/1971/1971 2441/2441/2441
f 1971/1971/1971 2440/2440/2440 2441/2441/2441
f 1971/1971/1971 2442/2442/2442 2440/2440/2440
f 2442/2442/2442 2443/2443/2443 2440/2440/2440
f 2443/2443/2443 2442/2442/2442 2444/2444/2444
f 2442/2442/2442 2445/2445/2445 2444/2444/2444
f 2442/2442/2442 1996/1996/1996 2445/2445/2445
f 1996/1996/1996 2446/2446/2446 2445/2445/2445
f 2446/2446/2446 1996/1996/1996 2447/2447/2447
f 1996/1996/1996 1998/1998/1998 2447/2447/2447
f 2448/2448/2448 2449/2449/2449 2450/2450/2450
f 2449/2449/2449 2451/2451/2451 2450/2450/2450
f 2450/2450/2450 2451/2451/2451 2452/2452/2452
f 1773/1773/1773 1771/1771/1771 2453/2453/2453
f 1771/1771/1771 2454/2454/2454 2453/2453/2453
f 2455/2455/2455 1908/1908/1908 2456/2456/2456
f 1908/1908/1908 1914/1914/1914 2456/2456/2456
f 2457/2457/2457 2458/2458/2458 2459/2459/2459
f 2458/2458/2458 2460/2460/2460 2459/2459/2459
f 2460/2460/2460 2458/2458/2458 53/53/53
f 2458/2458/2458 52/52/52 53/53/53
f 2461/2461/2461 2462/2462/2462 2463/2463/2463
f 2462/2462/2462 2464/2464/2464 2463/2463/2463
f 2464/2464/2464 2462/2462/2462 2465/2465/2465
f 2462/2462/2462 2466/2466/2466 2465/2465/2465
f 2465/2465/2465 2466/2466/2466 2467/2467/2467
f 2466/2466/2466 2468/2468/2468 2467/2467/2467
f 2466/2466/2466 2462/2462/2462 2469/2469/2469
f 2462/2462/2462 2470/2470/2470 2469/2469/2469
f 2471/2471/2471 2472/2472/2472 2473/2473/2473
f 2472/2472/2472 2474/2474/2474 2473/2473/2473
f 131/131/131 2475/2475/2475 129/129/129
f 2475/2475/2475 2476/2476/2476 129/129/129
f 129/129/129 2476/2476/2476 2477/2477/2477
f 129/129/129 2477/2477/2477 127/127/127
f 2477/2477/2477 125/125/125 127/127/127
f 2478/2478/2478 2479/2479/2479 2480/2480/2480
f 2479/2479/2479 2481/2481/2481 2480/2480/2480
f 2482/2482/2482 2483/2483/2483 2484/2484/2484
f 2483/2483/2483 2485/2485/2485 2484/2484/2484
f 2486/2486/2486 2487/2487/2487 2488/2488/2488
f 2487/2487/2487 2489/2489/2489 2488/2488/2488
f 107/107/107 2490/2490/2490 134/134/134
f 2490/2490/2490 136/136/136 134/134/134
f 2491/2491/2491 2492/2492/2492 2493/2493/2493
f 2492/2492/2492 2494/2494/2494 2493/2493/2493
f 2495/2495/2495 2496/2496/2496 2497/2497/2497
f 2496/2496/2496 2498/2498/2498 2497/2497/2497
f 2499/2499/2499 2500/2500/2500 2501/2501/2501
f 2500/2500/2500 2502/2502/2502 2501/2501/2501
f 1478/1478/1478 1480/1480/1480 2503/2503/2503
f 1480/1480/1480 1482/1482/1482 2503/2503/2503
f 2503/2503/2503 1482/1482/1482 2504/2504/2504
f 2505/2505/2505 2506/2506/2506 2507/2507/2507
f 2506/2506/2506 2508/2508/2508 2507/2507/2507
f 2509/2509/2509 2510/2510/2510 2511/2511/2511
f 2510/2510/2510 2512/2512/2512 2511/2511/2511
f 2511/2511/2511 2512/2512/2512 2513/2513/2513
f 2512/2512/2512 280/280/280 2513/2513/2513
f 2513/2513/2513 280/280/280 282/282/282
f 282/282/282 2514/2514/2514 2513/2513/2513
f 2514/2514/2514 2515/2515/2515 2513/2513/2513
f 2514/2514/2514 2516/2516/2516 2515/2515/2515
f 2516/2516/2516 2517/2517/2517 2515/2515/2515
f 2518/2518/2518 1418/1418/1418 2519/2519/2519
f 1418/1418/1418 2520/2520/2520 2519/2519/2519
f 2520/2520/2520 1418/1418/1418 2521/2521/2521
f 1418/1418/1418 1416/1416/1416 2521/2521/2521
f 2522/2522/2522 2523/2523/2523 2524/2524/2524
f 2523/2523/2523 2525/2525/2525 2524/2524/2524
f 2524/2524/2524 2525/2525/2525 2526/2526/2526
f 2525/2525/2525 2527/2527/2527 2526/2526/2526
f 2527/2527/2527 2525/2525/2525 2528/2528/2528
f 2525/2525/2525 2280/2280/2280 2528/2528/2528
f 2528/2528/2528 2280/2280/2280 2529/2529/2529
f 2280/2280/2280 2530/2530/2530 2529/2529/2529
f 2529/2529/2529 2530/2530/2530 2531/2531/2531
f 2530/2530/2530 2532/2532/2532 2531/2531/2531
f 2531/2531/2531 2532/2532/2532 2533/2533/2533
f 2280/2280/2280 2276/2276/2276 2530/2530/2530
f 2276/2276/2276 2532/2532/2532 2530/2530/2530
f 2532/2532/2532 2276/2276/2276 2534/2534/2534
f 2276/2276/2276 2535/2535/2535 2534/2534/2534
f 2534/2534/2534 2535/2535/2535 2536/2536/2536
f 2525/2525/2525 2537/2537/2537 2280/2280/2280
f 2537/2537/2537 2538/2538/2538 2280/2280/2280
f 2539/2539/2539 2540/2540/2540 2541/2541/2541
f 2540/2540/2540 2542/2542/2542 2541/2541/2541
f 2543/2543/2543 2544/2544/2544 2545/2545/2545
f 2544/2544/2544 2546/2546/2546 2545/2545/2545
f 1555/1555/1555 2547/2547/2547 1553/1553/1553
f 2547/2547/2547 1551/1551/1551 1553/1553/1553
f 2548/2548/2548 2549/2549/2549 2550/2550/2550
f 2549/2549/2549 2551/2551/2551 2550/2550/2550
f 2549/2549/2549 2552/2552/2552 2551/2551/2551
f 2552/2552/2552 2553/2553/2553 2551/2551/2551
f 2554/2554/2554 2555/2555/2555 2556/2556/2556
f 2555/2555/2555 2557/2557/2557 2556/2556/2556
f 2556/2556/2556 2557/2557/2557 2558/2558/2558
f 2557/2557/2557 2559/2559/2559 2558/2558/2558
f 2560/2560/2560 2561/2561/2561 2562/2562/2562
f 2561/2561/2561 2563/2563/2563 2562/2562/2562
f 2562/2562/2562 2563/2563/2563 2564/2564/2564
f 2563/2563/2563 2565/2565/2565 2564/2564/2564
f 2564/2564/2564 2565/2565/2565 2566/2566/2566
f 2565/2565/2565 2563/2563/2563 2567/2567/2567
f 2563/2563/2563 2568/2568/2568 2567/2567/2567
f 2569/2569/2569 2570/2570/2570 2571/2571/2571
f 2570/2570/2570 2572/2572/2572 2571/2571/2571
f 1644/1644/1644 2573/2573/2573 1656/1656/1656
f 2573/2573/2573 1657/1657/1657 1656/1656/1656
f 1657/1657/1657 2573/2573/2573 2574/2574/2574
f 2573/2573/2573 2575/2575/2575 2574/2574/2574
f 2574/2574/2574 2575/2575/2575 2576/2576/2576
f 2575/2575/2575 2577/2577/2577 2576/2576/2576
f 2577/2577/2577 2575/2575/2575 2578/2578/2578
f 2575/2575/2575 2573/2573/2573 2578/2578/2578
f 1388/1388/1388 1387/1387/1387 2579/2579/2579
f 1387/1387/1387 2580/2580/2580 2579/2579/2579
f 2581/2581/2581 2582/2582/2582 2583/2583/2583
f 2582/2582/2582 2584/2584/2584 2583/2583/2583
f 2582/2582/2582 2585/2585/2585 2584/2584/2584
f 2585/2585/2585 2586/2586/2586 2584/2584/2584
f 2587/2587/2587 2588/2588/2588 2589/2589/2589
f 2588/2588/2588 1567/1567/1567 2589/2589/2589
f 2589/2589/2589 1567/1567/1567 1565/1565/1565
f 1565/1565/1565 2590/2590/2590 2589/2589/2589
f 2590/2590/2590 2591/2591/2591 2589/2589/2589
f 1525/1525/1525 1524/1524/1524 1578/1578/1578
f 1524/1524/1524 1580/1580/1580 1578/1578/1578
f 2592/2592/2592 1416/1416/1416 2593/2593/2593
f 1416/1416/1416 1415/1415/1415 2593/2593/2593
f 1860/1860/1860 1859/1859/1859 2594/2594/2594
f 1859/1859/1859 1858/1858/1858 2594/2594/2594
f 2594/2594/2594 1858/1858/1858 455/455/455
f 430/430/430 1088/1088/1088 2595/2595/2595
f 1088/1088/1088 2596/2596/2596 2595/2595/2595
f 2597/2597/2597 2598/2598/2598 2599/2599/2599
f 2598/2598/2598 2600/2600/2600 2599/2599/2599
f 1688/1688/1688 2601/2601/2601 1686/1686/1686
f 2601/2601/2601 2602/2602/2602 1686/1686/1686
f 1686/1686/1686 2602/2602/2602 2603/2603/2603
f 2602/2602/2602 2604/2604/2604 2603/2603/2603
f 2604/2604/2604 2602/2602/2602 2605/2605/2605
f 2602/2602/2602 2606/2606/2606 2605/2605/2605
f 2606/2606/2606 2602/2602/2602 2607/2607/2607
f 2602/2602/2602 2608/2608/2608 2607/2607/2607
f 2607/2607/2607 2608/2608/2608 2609/2609/2609
f 666/666/666 2610/2610/2610 2611/2611/2611
f 2610/2610/2610 2612/2612/2612 2611/2611/2611
f 2611/2611/2611 2612/2612/2612 2613/2613/2613
f 2612/2612/2612 21/21/21 2613/2613/2613
f 2613/2613/2613 2614/2614/2614 2611/2611/2611
f 2614/2614/2614 2615/2615/2615 2611/2611/2611
f 2611/2611/2611 2615/2615/2615 2616/2616/2616
f 2617/2617/2617 2618/2618/2618 2619/2619/2619
f 2618/2618/2618 2620/2620/2620 2619/2619/2619
f 2621/2621/2621 2622/2622/2622 2623/2623/2623
f 2622/2622/2622 2624/2624/2624 2623/2623/2623
f 2625/2625/2625 2626/2626/2626 1830/1830/1830
f 2626/2626/2626 1828/1828/1828 1830/1830/1830
f 2627/2627/2627 2628/2628/2628 2629/2629/2629
f 2628/2628/2628 2630/2630/2630 2629/2629/2629
f 2629/2629/2629 2630/2630/2630 2631/2631/2631
f 1296/1296/1296 2632/2632/2632 1297/1297/1297
f 2632/2632/2632 2633/2633/2633 1297/1297/1297
f 2632/2632/2632 2634/2634/2634 2633/2633/2633
f 2634/2634/2634 2635/2635/2635 2633/2633/2633
f 2633/2633/2633 2635/2635/2635 2636/2636/2636
f 2635/2635/2635 2637/2637/2637 2636/2636/2636
f 2636/2636/2636 2637/2637/2637 2638/2638/2638
f 2639/2639/2639 2640/2640/2640 2641/2641/2641
f 2640/2640/2640 2642/2642/2642 2641/2641/2641
f 2641/2641/2641 2642/2642/2642 2643/2643/2643
f 2641/2641/2641 2643/2643/2643 2644/2644/2644
f 2643/2643/2643 2645/2645/2645 2644/2644/2644
f 2644/2644/2644 2645/2645/2645 2646/2646/2646
f 2645/2645/2645 2647/2647/2647 2646/2646/2646
f 2648/2648/2648 2649/2649/2649 2650/2650/2650
f 2649/2649/2649 2651/2651/2651 2650/2650/2650
f 2652/2652/2652 2653/2653/2653 2654/2654/2654
f 2653/2653/2653 2655/2655/2655 2654/2654/2654
f 2654/2654/2654 2655/2655/2655 2656/2656/2656
f 2655/2655/2655 2657/2657/2657 2656/2656/2656
f 2656/2656/2656 2657/2657/2657 2658/2658/2658
f 2654/2654/2654 2656/2656/2656 2659/2659/2659
f 2656/2656/2656 2658/2658/2658 2659/2659/2659
f 2659/2659/2659 2658/2658/2658 2660/2660/2660
f 2660/2660/2660 2661/2661/2661 2659/2659/2659
f 2661/2661/2661 2662/2662/2662 2659/2659/2659
f 2659/2659/2659 2662/2662/2662 2654/2654/2654
f 1551/1551/1551 2663/2663/2663 1549/1549/1549
f 2663/2663/2663 2664/2664/2664 1549/1549/1549
f 1549/1549/1549 2664/2664/2664 2172/2172/2172
f 2664/2664/2664 2180/2180/2180 2172/2172/2172
f 2665/2665/2665 2666/2666/2666 2667/2667/2667
f 2666/2666/2666 2668/2668/2668 2667/2667/2667
f 2667/2667/2667 2668/2668/2668 1354/1354/1354
f 2668/2668/2668 2669/2669/2669 1354/1354/1354
f 1354/1354/1354 2669/2669/2669 1356/1356/1356
f 2670/2670/2670 2671/2671/2671 2672/2672/2672
f 2671/2671/2671 2673/2673/2673 2672/2672/2672
f 2672/2672/2672 2673/2673/2673 2674/2674/2674
f 2674/2674/2674 2675/2675/2675 2672/2672/2672
f 2675/2675/2675 2676/2676/2676 2672/2672/2672
f 2672/2672/2672 2676/2676/2676 2677/2677/2677
f 2676/2676/2676 2678/2678/2678 2677/2677/2677
f 2677/2677/2677 2678/2678/2678 2679/2679/2679
f 2678/2678/2678 2680/2680/2680 2679/2679/2679
f 2679/2679/2679 2680/2680/2680 2681/2681/2681
f 2680/2680/2680 2682/2682/2682 2681/2681/2681
f 2681/2681/2681 2682/2682/2682 2683/2683/2683
f 2682/2682/2682 2684/2684/2684 2683/2683/2683
f 2683/2683/2683 2684/2684/2684 2685/2685/2685
f 2684/2684/2684 2686/2686/2686 2685/2685/2685
f 2676/2676/2676 2687/2687/2687 2678/2678/2678
f 2687/2687/2687 2682/2682/2682 2678/2678/2678
f 2678/2678/2678 2682/2682/2682 2680/2680/2680
f 2676/2676/2676 2688/2688/2688 2687/2687/2687
f 2688/2688/2688 2689/2689/2689 2687/2687/2687
f 2687/2687/2687 2689/2689/2689 2682/2682/2682
f 2689/2689/2689 2690/2690/2690 2682/2682/2682
f 2682/2682/2682 2690/2690/2690 2691/2691/2691
f 2690/2690/2690 172/172/172 2691/2691/2691
f 2691/2691/2691 172/172/172 2692/2692/2692
f 172/172/172 174/174/174 2692/2692/2692
f 2692/2692/2692 2684/2684/2684 2691/2691/2691
f 2684/2684/2684 2682/2682/2682 2691/2691/2691
f 2693/2693/2693 1679/1679/1679 2694/2694/2694
f 1679/1679/1679 305/305/305 2694/2694/2694
f 2694/2694/2694 305/305/305 100/100/100
f 2694/2694/2694 100/100/100 2695/2695/2695
f 100/100/100 2696/2696/2696 2695/2695/2695
f 2695/2695/2695 2696/2696/2696 2697/2697/2697
f 2698/2698/2698 2699/2699/2699 2700/2700/2700
f 2699/2699/2699 2701/2701/2701 2700/2700/2700
f 2702/2702/2702 2703/2703/2703 2704/2704/2704
f 2703/2703/2703 2705/2705/2705 2704/2704/2704
f 2704/2704/2704 2705/2705/2705 2706/2706/2706
f 2706/2706/2706 2707/2707/2707 2704/2704/2704
f 2707/2707/2707 2125/2125/2125 2704/2704/2704
f 2704/2704/2704 2125/2125/2125 2708/2708/2708
f 2709/2709/2709 2710/2710/2710 2711/2711/2711
f 2710/2710/2710 1018/1018/1018 2711/2711/2711
f 2710/2710/2710 2712/2712/2712 1018/1018/1018
f 2712/2712/2712 1016/1016/1016 1018/1018/1018
f 2713/2713/2713 2714/2714/2714 2715/2715/2715
f 2714/2714/2714 2716/2716/2716 2715/2715/2715
f 2714/2714/2714 2232/2232/2232 2716/2716/2716
f 2232/2232/2232 2717/2717/2717 2716/2716/2716
f 2718/2718/2718 2719/2719/2719 2720/2720/2720
f 2719/2719/2719 2721/2721/2721 2720/2720/2720
f 2720/2720/2720 2721/2721/2721 2174/2174/2174
f 2721/2721/2721 2722/2722/2722 2174/2174/2174
f 2174/2174/2174 2722/2722/2722 2723/2723/2723
f 2722/2722/2722 1542/1542/1542 2723/2723/2723
f 2723/2723/2723 1542/1542/1542 1544/1544/1544
f 2719/2719/2719 2724/2724/2724 2721/2721/2721
f 2724/2724/2724 2722/2722/2722 2721/2721/2721
f 2724/2724/2724 1540/1540/1540 2722/2722/2722
f 1540/1540/1540 1542/1542/1542 2722/2722/2722
f 1540/1540/1540 2724/2724/2724 2725/2725/2725
f 2724/2724/2724 2726/2726/2726 2725/2725/2725
f 2725/2725/2725 2726/2726/2726 2727/2727/2727
f 2725/2725/2725 2728/2728/2728 1540/1540/1540
f 2728/2728/2728 2729/2729/2729 1540/1540/1540
f 1540/1540/1540 2729/2729/2729 1503/1503/1503
f 2730/2730/2730 2731/2731/2731 2732/2732/2732
f 2731/2731/2731 2733/2733/2733 2732/2732/2732
f 2732/2732/2732 2733/2733/2733 2734/2734/2734
f 2735/2735/2735 2736/2736/2736 2737/2737/2737
f 2736/2736/2736 2738/2738/2738 2737/2737/2737
f 735/735/735 2739/2739/2739 1614/1614/1614
f 2739/2739/2739 1612/1612/1612 1614/1614/1614
f 2740/2740/2740 2741/2741/2741 2742/2742/2742
f 2741/2741/2741 2743/2743/2743 2742/2742/2742
f 2744/2744/2744 2745/2745/2745 2746/2746/2746
f 2745/2745/2745 176/176/176 2746/2746/2746
f 2746/2746/2746 176/176/176 168/168/168
f 168/168/168 2690/2690/2690 2746/2746/2746
f 2690/2690/2690 2689/2689/2689 2746/2746/2746
f 2746/2746/2746 2689/2689/2689 2747/2747/2747
f 2689/2689/2689 2688/2688/2688 2747/2747/2747
f 2747/2747/2747 2688/2688/2688 2748/2748/2748
f 2688/2688/2688 2749/2749/2749 2748/2748/2748
f 2688/2688/2688 2676/2676/2676 2749/2749/2749
f 2676/2676/2676 2750/2750/2750 2749/2749/2749
f 2749/2749/2749 2750/2750/2750 2751/2751/2751
f 2676/2676/2676 2675/2675/2675 2750/2750/2750
f 2675/2675/2675 2752/2752/2752 2750/2750/2750
f 2752/2752/2752 2675/2675/2675 2753/2753/2753
f 2675/2675/2675 2754/2754/2754 2753/2753/2753
f 172/172/172 2690/2690/2690 170/170/170
f 2690/2690/2690 168/168/168 170/170/170
f 1802/1802/1802 2755/2755/2755 2756/2756/2756
f 2755/2755/2755 2757/2757/2757 2756/2756/2756
f 2756/2756/2756 2757/2757/2757 2758/2758/2758
f 2757/2757/2757 1004/1004/1004 2758/2758/2758
f 1004/1004/1004 2757/2757/2757 1006/1006/1006
f 2757/2757/2757 2759/2759/2759 1006/1006/1006
f 2760/2760/2760 2761/2761/2761 697/697/697
f 2761/2761/2761 699/699/699 697/697/697
f 699/699/699 2761/2761/2761 679/679/679
f 2761/2761/2761 108/108/108 679/679/679
f 2762/2762/2762 2763/2763/2763 2764/2764/2764
f 2763/2763/2763 2765/2765/2765 2764/2764/2764
f 2766/2766/2766 2767/2767/2767 2768/2768/2768
f 2767/2767/2767 2769/2769/2769 2768/2768/2768
f 2768/2768/2768 2769/2769/2769 2770/2770/2770
f 2768/2768/2768 2770/2770/2770 2771/2771/2771
f 2770/2770/2770 2772/2772/2772 2771/2771/2771
f 2773/2773/2773 525/525/525 2774/2774/2774
f 525/525/525 526/526/526 2774/2774/2774
f 2774/2774/2774 526/526/526 528/528/528
f 2774/2774/2774 528/528/528 2775/2775/2775
f 528/528/528 2776/2776/2776 2775/2775/2775
f 528/528/528 530/530/530 2776/2776/2776
f 530/530/530 2777/2777/2777 2776/2776/2776
f 2778/2778/2778 2779/2779/2779 2780/2780/2780
f 2779/2779/2779 2781/2781/2781 2780/2780/2780
f 2780/2780/2780 2781/2781/2781 2782/2782/2782
f 2781/2781/2781 2783/2783/2783 2782/2782/2782
f 2782/2782/2782 2783/2783/2783 2784/2784/2784
f 2783/2783/2783 2785/2785/2785 2784/2784/2784
f 2784/2784/2784 2785/2785/2785 2786/2786/2786
f 2779/2779/2779 2787/2787/2787 2781/2781/2781
f 2787/2787/2787 2788/2788/2788 2781/2781/2781
f 2781/2781/2781 2788/2788/2788 2789/2789/2789
f 2781/2781/2781 2789/2789/2789 2783/2783/2783
f 2789/2789/2789 2790/2790/2790 2783/2783/2783
f 2783/2783/2783 2790/2790/2790 419/419/419
f 2790/2790/2790 2791/2791/2791 419/419/419
f 419/419/419 2791/2791/2791 415/415/415
f 2792/2792/2792 2793/2793/2793 2794/2794/2794
f 2793/2793/2793 2795/2795/2795 2794/2794/2794
f 2796/2796/2796 2797/2797/2797 2798/2798/2798
f 2797/2797/2797 2799/2799/2799 2798/2798/2798
f 218/218/218 216/216/216 2800/2800/2800
f 216/216/216 214/214/214 2800/2800/2800
f 2800/2800/2800 214/214/214 2801/2801/2801
f 2802/2802/2802 2803/2803/2803 2804/2804/2804
f 2803/2803/2803 2805/2805/2805 2804/2804/2804
f 2806/2806/2806 2807/2807/2807 2808/2808/2808
f 2807/2807/2807 2809/2809/2809 2808/2808/2808
f 2808/2808/2808 2809/2809/2809 2810/2810/2810
f 2811/2811/2811 2812/2812/2812 2813/2813/2813
f 2812/2812/2812 2814/2814/2814 2813/2813/2813
f 2813/2813/2813 2814/2814/2814 2815/2815/2815
f 1977/1977/1977 1975/1975/1975 2816/2816/2816
f 1975/1975/1975 1974/1974/1974 2816/2816/2816
f 2816/2816/2816 1974/1974/1974 2817/2817/2817
f 2818/2818/2818 2819/2819/2819 2820/2820/2820
f 2819/2819/2819 1341/1341/1341 2820/2820/2820
f 2821/2821/2821 2822/2822/2822 2823/2823/2823
f 2822/2822/2822 2824/2824/2824 2823/2823/2823
f 2823/2823/2823 2824/2824/2824 2825/2825/2825
f 2824/2824/2824 2826/2826/2826 2825/2825/2825
f 2825/2825/2825 2826/2826/2826 2827/2827/2827
f 2826/2826/2826 2828/2828/2828 2827/2827/2827
f 2827/2827/2827 2828/2828/2828 2829/2829/2829
f 2829/2829/2829 2830/2830/2830 2827/2827/2827
f 2830/2830/2830 2831/2831/2831 2827/2827/2827
f 2827/2827/2827 2831/2831/2831 2832/2832/2832
f 2831/2831/2831 2833/2833/2833 2832/2832/2832
f 2832/2832/2832 2833/2833/2833 2834/2834/2834
f 2833/2833/2833 2835/2835/2835 2834/2834/2834
f 2834/2834/2834 2836/2836/2836 2832/2832/2832
f 2836/2836/2836 2825/2825/2825 2832/2832/2832
f 2832/2832/2832 2825/2825/2825 2827/2827/2827
f 2837/2837/2837 2838/2838/2838 2839/2839/2839
f 2838/2838/2838 2840/2840/2840 2839/2839/2839
f 2841/2841/2841 2842/2842/2842 2843/2843/2843
f 2842/2842/2842 2844/2844/2844 2843/2843/2843
f 2845/2845/2845 2846/2846/2846 2847/2847/2847
f 2846/2846/2846 2848/2848/2848 2847/2847/2847
f 2847/2847/2847 2848/2848/2848 2849/2849/2849
f 2848/2848/2848 2850/2850/2850 2849/2849/2849
f 2849/2849/2849 2850/2850/2850 2851/2851/2851
f 1098/1098/1098 1096/1096/1096 2852/2852/2852
f 1096/1096/1096 1102/1102/1102 2852/2852/2852
f 2852/2852/2852 1102/1102/1102 2853/2853/2853
f 1102/1102/1102 1104/1104/1104 2853/2853/2853
f 2853/2853/2853 1104/1104/1104 2854/2854/2854
f 2855/2855/2855 2856/2856/2856 2857/2857/2857
f 2856/2856/2856 2858/2858/2858 2857/2857/2857
f 2859/2859/2859 2860/2860/2860 2861/2861/2861
f 2860/2860/2860 2862/2862/2862 2861/2861/2861
f 2863/2863/2863 1506/1506/1506 1509/1509/1509
f 1506/1506/1506 1510/1510/1510 1509/1509/1509
f 1510/1510/1510 1506/1506/1506 1512/1512/1512
f 1506/1506/1506 1479/1479/1479 1512/1512/1512
f 1512/1512/1512 1479/1479/1479 1474/1474/1474
f 2864/2864/2864 2865/2865/2865 2866/2866/2866
f 2865/2865/2865 2867/2867/2867 2866/2866/2866
f 2868/2868/2868 2869/2869/2869 2870/2870/2870
f 2869/2869/2869 2871/2871/2871 2870/2870/2870
f 2870/2870/2870 2871/2871/2871 2872/2872/2872
f 2871/2871/2871 2873/2873/2873 2872/2872/2872
f 2869/2869/2869 1603/1603/1603 2871/2871/2871
f 1603/1603/1603 1593/1593/1593 2871/2871/2871
f 2871/2871/2871 1593/1593/1593 2873/2873/2873
f 2869/2869/2869 2874/2874/2874 1603/1603/1603
f 2874/2874/2874 2875/2875/2875 1603/1603/1603
f 1603/1603/1603 2875/2875/2875 2876/2876/2876
f 2875/2875/2875 2877/2877/2877 2876/2876/2876
f 1603/1603/1603 2876/2876/2876 1604/1604/1604
f 2876/2876/2876 2878/2878/2878 1604/1604/1604
f 1604/1604/1604 2878/2878/2878 1606/1606/1606
f 2878/2878/2878 2879/2879/2879 1606/1606/1606
f 1606/1606/1606 2879/2879/2879 2880/2880/2880
f 2879/2879/2879 2878/2878/2878 2881/2881/2881
f 2878/2878/2878 2876/2876/2876 2881/2881/2881
f 2881/2881/2881 2876/2876/2876 2882/2882/2882
f 2876/2876/2876 2883/2883/2883 2882/2882/2882
f 2882/2882/2882 2883/2883/2883 2884/2884/2884
f 2883/2883/2883 2885/2885/2885 2884/2884/2884
f 2886/2886/2886 2887/2887/2887 2888/2888/2888
f 2887/2887/2887 2889/2889/2889 2888/2888/2888
f 2888/2888/2888 2889/2889/2889 2890/2890/2890
f 2889/2889/2889 2891/2891/2891 2890/2890/2890
f 2890/2890/2890 2891/2891/2891 2892/2892/2892
f 2891/2891/2891 2893/2893/2893 2892/2892/2892
f 2889/2889/2889 2894/2894/2894 2891/2891/2891
f 2894/2894/2894 2895/2895/2895 2891/2891/2891
f 2891/2891/2891 2895/2895/2895 2893/2893/2893
f 2896/2896/2896 2897/2897/2897 2898/2898/2898
f 2897/2897/2897 2899/2899/2899 2898/2898/2898
f 2899/2899/2899 2897/2897/2897 2900/2900/2900
f 2897/2897/2897 2901/2901/2901 2900/2900/2900
f 2829/2829/2829 532/532/532 2830/2830/2830
f 532/532/532 2902/2902/2902 2830/2830/2830
f 2830/2830/2830 2902/2902/2902 2903/2903/2903
f 2830/2830/2830 2903/2903/2903 2831/2831/2831
f 2903/2903/2903 2833/2833/2833 2831/2831/2831
f 2904/2904/2904 2905/2905/2905 2906/2906/2906
f 2905/2905/2905 2907/2907/2907 2906/2906/2906
f 1657/1657/1657 2574/2574/2574 1659/1659/1659
f 2574/2574/2574 2908/2908/2908 1659/1659/1659
f 1659/1659/1659 2908/2908/2908 2909/2909/2909
f 2908/2908/2908 2910/2910/2910 2909/2909/2909
f 2909/2909/2909 2910/2910/2910 2911/2911/2911
f 2910/2910/2910 2912/2912/2912 2911/2911/2911
f 2911/2911/2911 2912/2912/2912 863/863/863
f 2910/2910/2910 2908/2908/2908 2913/2913/2913
f 2908/2908/2908 2574/2574/2574 2913/2913/2913
f 2913/2913/2913 2574/2574/2574 2914/2914/2914
f 2574/2574/2574 2576/2576/2576 2914/2914/2914
f 2914/2914/2914 2576/2576/2576 2915/2915/2915
f 2576/2576/2576 2916/2916/2916 2915/2915/2915
f 2914/2914/2914 2917/2917/2917 2913/2913/2913
f 2917/2917/2917 2912/2912/2912 2913/2913/2913
f 2913/2913/2913 2912/2912/2912 2910/2910/2910
f 2914/2914/2914 2918/2918/2918 2917/2917/2917
f 2918/2918/2918 1674/1674/1674 2917/2917/2917
f 2917/2917/2917 1674/1674/1674 2912/2912/2912
f 2918/2918/2918 2914/2914/2914 2919/2919/2919
f 2914/2914/2914 2915/2915/2915 2919/2919/2919
f 863/863/863 2920/2920/2920 2911/2911/2911
f 2920/2920/2920 2921/2921/2921 2911/2911/2911
f 2911/2911/2911 2921/2921/2921 2922/2922/2922
f 2921/2921/2921 2923/2923/2923 2922/2922/2922
f 2922/2922/2922 2923/2923/2923 2924/2924/2924
f 2923/2923/2923 2925/2925/2925 2924/2924/2924
f 2924/2924/2924 2925/2925/2925 1660/1660/1660
f 2925/2925/2925 1661/1661/1661 1660/1660/1660
f 2924/2924/2924 1659/1659/1659 2922/2922/2922
f 1659/1659/1659 2909/2909/2909 2922/2922/2922
f 2922/2922/2922 2909/2909/2909 2911/2911/2911
f 2921/2921/2921 2920/2920/2920 2923/2923/2923
f 2920/2920/2920 2926/2926/2926 2923/2923/2923
f 2923/2923/2923 2926/2926/2926 1662/1662/1662
f 2923/2923/2923 1662/1662/1662 2925/2925/2925
f 1662/1662/1662 1661/1661/1661 2925/2925/2925
f 2927/2927/2927 2928/2928/2928 2929/2929/2929
f 2928/2928/2928 1300/1300/1300 2929/2929/2929
f 2930/2930/2930 2931/2931/2931 2932/2932/2932
f 2931/2931/2931 2933/2933/2933 2932/2932/2932
f 2932/2932/2932 2933/2933/2933 2934/2934/2934
f 2933/2933/2933 2935/2935/2935 2934/2934/2934
f 2934/2934/2934 2935/2935/2935 2936/2936/2936
f 2933/2933/2933 2931/2931/2931 2937/2937/2937
f 2931/2931/2931 2257/2257/2257 2937/2937/2937
f 2938/2938/2938 2408/2408/2408 2939/2939/2939
f 2408/2408/2408 2940/2940/2940 2939/2939/2939
f 2939/2939/2939 2940/2940/2940 2409/2409/2409
f 2939/2939/2939 2409/2409/2409 2941/2941/2941
f 2409/2409/2409 2942/2942/2942 2941/2941/2941
f 2941/2941/2941 2942/2942/2942 2943/2943/2943
f 2409/2409/2409 929/929/929 2942/2942/2942
f 929/929/929 2944/2944/2944 2942/2942/2942
f 2945/2945/2945 1093/1093/1093 2946/2946/2946
f 1093/1093/1093 2947/2947/2947 2946/2946/2946
f 2946/2946/2946 2947/2947/2947 2948/2948/2948
f 2947/2947/2947 2949/2949/2949 2948/2948/2948
f 2948/2948/2948 2949/2949/2949 2367/2367/2367
f 2949/2949/2949 2950/2950/2950 2367/2367/2367
f 2367/2367/2367 2950/2950/2950 2369/2369/2369
f 2946/2946/2946 2948/2948/2948 2951/2951/2951
f 2948/2948/2948 2367/2367/2367 2951/2951/2951
f 2951/2951/2951 2367/2367/2367 2952/2952/2952
f 2367/2367/2367 2363/2363/2363 2952/2952/2952
f 1093/1093/1093 1095/1095/1095 2947/2947/2947
f 1095/1095/1095 1097/1097/1097 2947/2947/2947
f 2953/2953/2953 2954/2954/2954 2955/2955/2955
f 2954/2954/2954 2956/2956/2956 2955/2955/2955
f 2954/2954/2954 2957/2957/2957 2956/2956/2956
f 2957/2957/2957 2958/2958/2958 2956/2956/2956
f 2956/2956/2956 2958/2958/2958 2959/2959/2959
f 1827/1827/1827 2960/2960/2960 1829/1829/1829
f 2960/2960/2960 2961/2961/2961 1829/1829/1829
f 2962/2962/2962 2963/2963/2963 2964/2964/2964
f 2963/2963/2963 2965/2965/2965 2964/2964/2964
f 2964/2964/2964 2965/2965/2965 2966/2966/2966
f 2965/2965/2965 2967/2967/2967 2966/2966/2966
f 2967/2967/2967 2965/2965/2965 2968/2968/2968
f 2965/2965/2965 2963/2963/2963 2968/2968/2968
f 2969/2969/2969 2970/2970/2970 2971/2971/2971
f 2970/2970/2970 2972/2972/2972 2971/2971/2971
f 2973/2973/2973 2974/2974/2974 2975/2975/2975
f 2974/2974/2974 1977/1977/1977 2975/2975/2975
f 2976/2976/2976 2977/2977/2977 2978/2978/2978
f 2977/2977/2977 2979/2979/2979 2978/2978/2978
f 521/521/521 519/519/519 2980/2980/2980
f 519/519/519 2981/2981/2981 2980/2980/2980
f 519/519/519 517/517/517 2981/2981/2981
f 517/517/517 2982/2982/2982 2981/2981/2981
f 2981/2981/2981 2982/2982/2982 2983/2983/2983
f 2982/2982/2982 2984/2984/2984 2983/2983/2983
f 2982/2982/2982 517/517/517 2985/2985/2985
f 517/517/517 515/515/515 2985/2985/2985
f 2985/2985/2985 515/515/515 2986/2986/2986
f 515/515/515 1084/1084/1084 2986/2986/2986
f 2986/2986/2986 1084/1084/1084 2987/2987/2987
f 1084/1084/1084 2988/2988/2988 2987/2987/2987
f 2987/2987/2987 2988/2988/2988 2989/2989/2989
f 2989/2989/2989 2990/2990/2990 2987/2987/2987
f 2990/2990/2990 2991/2991/2991 2987/2987/2987
f 2987/2987/2987 2991/2991/2991 2992/2992/2992
f 2991/2991/2991 2984/2984/2984 2992/2992/2992
f 2992/2992/2992 2984/2984/2984 2982/2982/2982
f 2991/2991/2991 2993/2993/2993 2984/2984/2984
f 2993/2993/2993 2777/2777/2777 2984/2984/2984
f 2994/2994/2994 2995/2995/2995 2193/2193/2193
f 2995/2995/2995 2195/2195/2195 2193/2193/2193
f 303/303/303 305/305/305 2996/2996/2996
f 305/305/305 1679/1679/1679 2996/2996/2996
f 2997/2997/2997 2998/2998/2998 2999/2999/2999
f 2998/2998/2998 3000/3000/3000 2999/2999/2999
f 2998/2998/2998 3001/3001/3001 3000/3000/3000
f 3001/3001/3001 3002/3002/3002 3000/3000/3000
f 3003/3003/3003 708/708/708 3004/3004/3004
f 708/708/708 3005/3005/3005 3004/3004/3004
f 3004/3004/3004 3005/3005/3005 3006/3006/3006
f 3005/3005/3005 3007/3007/3007 3006/3006/3006
f 708/708/708 706/706/706 3005/3005/3005
f 706/706/706 713/713/713 3005/3005/3005
f 3005/3005/3005 713/713/713 715/715/715
f 715/715/715 3008/3008/3008 3005/3005/3005
f 3008/3008/3008 3007/3007/3007 3005/3005/3005
f 3009/3009/3009 3010/3010/3010 3011/3011/3011
f 3010/3010/3010 3012/3012/3012 3011/3011/3011
f 3013/3013/3013 3014/3014/3014 3015/3015/3015
f 3014/3014/3014 3016/3016/3016 3015/3015/3015
f 3017/3017/3017 184/184/184 1015/1015/1015
f 184/184/184 183/183/183 1015/1015/1015
f 1015/1015/1015 183/183/183 1017/1017/1017
f 183/183/183 3018/3018/3018 1017/1017/1017
f 1017/1017/1017 3018/3018/3018 2748/2748/2748
f 3018/3018/3018 2747/2747/2747 2748/2748/2748
f 2747/2747/2747 3018/3018/3018 2746/2746/2746
f 3018/3018/3018 183/183/183 2746/2746/2746
f 752/752/752 751/751/751 3019/3019/3019
f 751/751/751 3020/3020/3020 3019/3019/3019
f 3021/3021/3021 3022/3022/3022 3023/3023/3023
f 3022/3022/3022 3024/3024/3024 3023/3023/3023
f 3025/3025/3025 3026/3026/3026 1361/1361/1361
f 3026/3026/3026 1359/1359/1359 1361/1361/1361
f 3027/3027/3027 3028/3028/3028 3029/3029/3029
f 3028/3028/3028 3030/3030/3030 3029/3029/3029
f 3031/3031/3031 3032/3032/3032 3033/3033/3033
f 3032/3032/3032 3034/3034/3034 3033/3033/3033
f 3035/3035/3035 3036/3036/3036 3037/3037/3037
f 3036/3036/3036 3038/3038/3038 3037/3037/3037
f 1492/1492/1492 1494/1494/1494 1504/1504/1504
f 1494/1494/1494 1500/1500/1500 1504/1504/1504
f 1504/1504/1504 1500/1500/1500 1502/1502/1502
f 1494/1494/1494 1496/1496/1496 1500/1500/1500
f 1496/1496/1496 1498/1498/1498 1500/1500/1500
f 3039/3039/3039 3040/3040/3040 3041/3041/3041
f 3040/3040/3040 3042/3042/3042 3041/3041/3041
f 3041/3041/3041 3042/3042/3042 3043/3043/3043
f 3044/3044/3044 3045/3045/3045 3046/3046/3046
f 3045/3045/3045 3047/3047/3047 3046/3046/3046
f 3045/3045/3045 3048/3048/3048 3047/3047/3047
f 3048/3048/3048 3049/3049/3049 3047/3047/3047
f 3047/3047/3047 3049/3049/3049 3050/3050/3050
f 2089/2089/2089 3051/3051/3051 2087/2087/2087
f 3051/3051/3051 3052/3052/3052 2087/2087/2087
f 3053/3053/3053 782/782/782 3054/3054/3054
f 782/782/782 784/784/784 3054/3054/3054
f 3054/3054/3054 784/784/784 3055/3055/3055
f 784/784/784 3056/3056/3056 3055/3055/3055
f 784/784/784 3057/3057/3057 3056/3056/3056
f 3057/3057/3057 3058/3058/3058 3056/3056/3056
f 3056/3056/3056 3058/3058/3058 3059/3059/3059
f 3058/3058/3058 3060/3060/3060 3059/3059/3059
f 3059/3059/3059 3060/3060/3060 3061/3061/3061
f 3060/3060/3060 3062/3062/3062 3061/3061/3061
f 3061/3061/3061 3062/3062/3062 3063/3063/3063
f 3062/3062/3062 3060/3060/3060 3064/3064/3064
f 3060/3060/3060 3058/3058/3058 3064/3064/3064
f 3064/3064/3064 3058/3058/3058 3065/3065/3065
f 3058/3058/3058 3066/3066/3066 3065/3065/3065
f 3067/3067/3067 3068/3068/3068 3069/3069/3069
f 3068/3068/3068 3070/3070/3070 3069/3069/3069
f 3071/3071/3071 3072/3072/3072 3073/3073/3073
f 3072/3072/3072 3074/3074/3074 3073/3073/3073
f 3072/3072/3072 2602/2602/2602 3074/3074/3074
f 2602/2602/2602 2601/2601/2601 3074/3074/3074
f 3075/3075/3075 3076/3076/3076 3077/3077/3077
f 3076/3076/3076 3078/3078/3078 3077/3077/3077
f 3079/3079/3079 3080/3080/3080 3081/3081/3081
f 3080/3080/3080 3082/3082/3082 3081/3081/3081
f 3081/3081/3081 3082/3082/3082 885/885/885
f 3082/3082/3082 884/884/884 885/885/885
f 3083/3083/3083 3084/3084/3084 3085/3085/3085
f 3084/3084/3084 3086/3086/3086 3085/3085/3085
f 3087/3087/3087 3088/3088/3088 3089/3089/3089
f 3088/3088/3088 3090/3090/3090 3089/3089/3089
f 3089/3089/3089 3090/3090/3090 3091/3091/3091
f 3090/3090/3090 3092/3092/3092 3091/3091/3091
f 3091/3091/3091 3092/3092/3092 3093/3093/3093
f 3092/3092/3092 3094/3094/3094 3093/3093/3093
f 3093/3093/3093 3094/3094/3094 3095/3095/3095
f 3094/3094/3094 3092/3092/3092 3096/3096/3096
f 3092/3092/3092 3090/3090/3090 3096/3096/3096
f 3096/3096/3096 3090/3090/3090 3097/3097/3097
f 3090/3090/3090 3088/3088/3088 3097/3097/3097
f 3098/3098/3098 3099/3099/3099 3100/3100/3100
f 3099/3099/3099 3101/3101/3101 3100/3100/3100
f 3102/3102/3102 3103/3103/3103 3104/3104/3104
f 3103/3103/3103 3105/3105/3105 3104/3104/3104
f 3104/3104/3104 3105/3105/3105 3106/3106/3106
f 3105/3105/3105 3107/3107/3107 3106/3106/3106
f 3106/3106/3106 3108/3108/3108 3104/3104/3104
f 3108/3108/3108 3109/3109/3109 3104/3104/3104
f 3110/3110/3110 3111/3111/3111 3112/3112/3112
f 3111/3111/3111 3113/3113/3113 3112/3112/3112
f 3114/3114/3114 3115/3115/3115 3116/3116/3116
f 3115/3115/3115 3117/3117/3117 3116/3116/3116
f 3118/3118/3118 3119/3119/3119 3120/3120/3120
f 3119/3119/3119 3121/3121/3121 3120/3120/3120
f 1306/1306/1306 1304/1304/1304 3122/3122/3122
f 1304/1304/1304 3123/3123/3123 3122/3122/3122
f 3122/3122/3122 3123/3123/3123 3124/3124/3124
f 1304/1304/1304 1302/1302/1302 3123/3123/3123
f 1302/1302/1302 3125/3125/3125 3123/3123/3123
f 3123/3123/3123 3125/3125/3125 3126/3126/3126
f 3127/3127/3127 3128/3128/3128 3129/3129/3129
f 3128/3128/3128 3130/3130/3130 3129/3129/3129
f 3129/3129/3129 3130/3130/3130 3131/3131/3131
f 3130/3130/3130 3132/3132/3132 3131/3131/3131
f 3131/3131/3131 3132/3132/3132 3133/3133/3133
f 3132/3132/3132 3134/3134/3134 3133/3133/3133
f 3131/3131/3131 3135/3135/3135 3129/3129/3129
f 3135/3135/3135 3136/3136/3136 3129/3129/3129
f 3129/3129/3129 3136/3136/3136 3137/3137/3137
f 3136/3136/3136 3128/3128/3128 3137/3137/3137
f 3136/3136/3136 685/685/685 3128/3128/3128
f 685/685/685 680/680/680 3128/3128/3128
f 3128/3128/3128 680/680/680 3130/3130/3130
f 680/680/680 677/677/677 3130/3130/3130
f 3130/3130/3130 677/677/677 3138/3138/3138
f 3130/3130/3130 3138/3138/3138 3132/3132/3132
f 3138/3138/3138 3139/3139/3139 3132/3132/3132
f 3132/3132/3132 3139/3139/3139 3134/3134/3134
f 1316/1316/1316 2252/2252/2252 1314/1314/1314
f 2252/2252/2252 2254/2254/2254 1314/1314/1314
f 3136/3136/3136 3135/3135/3135 685/685/685
f 3135/3135/3135 687/687/687 685/685/685
f 687/687/687 3135/3135/3135 3140/3140/3140
f 3135/3135/3135 3141/3141/3141 3140/3140/3140
f 3140/3140/3140 3141/3141/3141 3142/3142/3142
f 3141/3141/3141 3143/3143/3143 3142/3142/3142
f 3143/3143/3143 3141/3141/3141 3131/3131/3131
f 3141/3141/3141 3135/3135/3135 3131/3131/3131
f 531/531/531 3144/3144/3144 3145/3145/3145
f 3144/3144/3144 3146/3146/3146 3145/3145/3145
f 3144/3144/3144 535/535/535 3146/3146/3146
f 535/535/535 537/537/537 3146/3146/3146
f 3147/3147/3147 3148/3148/3148 3149/3149/3149
f 3148/3148/3148 3150/3150/3150 3149/3149/3149
f 3151/3151/3151 3152/3152/3152 3153/3153/3153
f 3152/3152/3152 3154/3154/3154 3153/3153/3153
f 3155/3155/3155 3156/3156/3156 3157/3157/3157
f 3156/3156/3156 3158/3158/3158 3157/3157/3157
f 3159/3159/3159 3160/3160/3160 3161/3161/3161
f 3160/3160/3160 3162/3162/3162 3161/3161/3161
f 3163/3163/3163 3164/3164/3164 3165/3165/3165
f 3164/3164/3164 3166/3166/3166 3165/3165/3165
f 2987/2987/2987 3167/3167/3167 2986/2986/2986
f 3167/3167/3167 2985/2985/2985 2986/2986/2986
f 1685/1685/1685 1683/1683/1683 3168/3168/3168
f 1683/1683/1683 3169/3169/3169 3168/3168/3168
f 3169/3169/3169 1683/1683/1683 3170/3170/3170
f 1683/1683/1683 3171/3171/3171 3170/3170/3170
f 1277/1277/1277 3172/3172/3172 1279/1279/1279
f 3172/3172/3172 3173/3173/3173 1279/1279/1279
f 3174/3174/3174 3175/3175/3175 3176/3176/3176
f 3175/3175/3175 3177/3177/3177 3176/3176/3176
f 3176/3176/3176 3177/3177/3177 3178/3178/3178
f 3177/3177/3177 3179/3179/3179 3178/3178/3178
f 3180/3180/3180 3181/3181/3181 3182/3182/3182
f 3181/3181/3181 3183/3183/3183 3182/3182/3182
f 3182/3182/3182 3183/3183/3183 3184/3184/3184
f 3182/3182/3182 3184/3184/3184 3185/3185/3185
f 3184/3184/3184 3186/3186/3186 3185/3185/3185
f 3187/3187/3187 3188/3188/3188 3189/3189/3189
f 3188/3188/3188 3190/3190/3190 3189/3189/3189
f 1439/1439/1439 3191/3191/3191 3192/3192/3192
f 3191/3191/3191 1068/1068/1068 3192/3192/3192
f 3193/3193/3193 3194/3194/3194 1632/1632/1632
f 3194/3194/3194 3195/3195/3195 1632/1632/1632
f 1632/1632/1632 3195/3195/3195 173/173/173
f 3195/3195/3195 175/175/175 173/173/173
f 3195/3195/3195 3196/3196/3196 175/175/175
f 3196/3196/3196 348/348/348 175/175/175
f 3196/3196/3196 433/433/433 348/348/348
f 433/433/433 3197/3197/3197 348/348/348
f 348/348/348 3197/3197/3197 3198/3198/3198
f 3197/3197/3197 3199/3199/3199 3198/3198/3198
f 3199/3199/3199 3197/3197/3197 3200/3200/3200
f 3197/3197/3197 433/433/433 3200/3200/3200
f 3201/3201/3201 3202/3202/3202 3203/3203/3203
f 3202/3202/3202 3204/3204/3204 3203/3203/3203
f 3202/3202/3202 3205/3205/3205 3204/3204/3204
f 3205/3205/3205 3206/3206/3206 3204/3204/3204
f 3207/3207/3207 3208/3208/3208 3209/3209/3209
f 3208/3208/3208 3210/3210/3210 3209/3209/3209
f 730/730/730 732/732/732 3211/3211/3211
f 732/732/732 734/734/734 3211/3211/3211
f 3211/3211/3211 734/734/734 3212/3212/3212
f 3213/3213/3213 3214/3214/3214 3215/3215/3215
f 3214/3214/3214 3216/3216/3216 3215/3215/3215
f 330/330/330 325/325/325 335/335/335
f 325/325/325 2679/2679/2679 335/335/335
f 335/335/335 2679/2679/2679 2681/2681/2681
f 335/335/335 2681/2681/2681 3217/3217/3217
f 2681/2681/2681 2683/2683/2683 3217/3217/3217
f 3217/3217/3217 2683/2683/2683 3218/3218/3218
f 3219/3219/3219 3220/3220/3220 3221/3221/3221
f 3220/3220/3220 2321/2321/2321 3221/3221/3221
f 3221/3221/3221 2321/2321/2321 2320/2320/2320
f 3222/3222/3222 3223/3223/3223 3224/3224/3224
f 3223/3223/3223 1740/1740/1740 3224/3224/3224
f 3224/3224/3224 1740/1740/1740 3225/3225/3225
f 1740/1740/1740 3226/3226/3226 3225/3225/3225
f 3225/3225/3225 3226/3226/3226 2081/2081/2081
f 3226/3226/3226 2082/2082/2082 2081/2081/2081
f 1740/1740/1740 1738/1738/1738 3226/3226/3226
f 1738/1738/1738 1737/1737/1737 3226/3226/3226
f 3226/3226/3226 1737/1737/1737 2082/2082/2082
f 413/413/413 416/416/416 3227/3227/3227
f 416/416/416 3228/3228/3228 3227/3227/3227
f 3227/3227/3227 3228/3228/3228 3229/3229/3229
f 3227/3227/3227 3229/3229/3229 3230/3230/3230
f 3229/3229/3229 2788/2788/2788 3230/3230/3230
f 3230/3230/3230 2788/2788/2788 3231/3231/3231
f 3232/3232/3232 3233/3233/3233 3234/3234/3234
f 3233/3233/3233 201/201/201 3234/3234/3234
f 3234/3234/3234 201/201/201 3235/3235/3235
f 201/201/201 199/199/199 3235/3235/3235
f 3235/3235/3235 199/199/199 198/198/198
f 3234/3234/3234 3235/3235/3235 3236/3236/3236
f 3235/3235/3235 198/198/198 3236/3236/3236
f 3236/3236/3236 198/198/198 3237/3237/3237
f 3238/3238/3238 3239/3239/3239 3240/3240/3240
f 3239/3239/3239 1307/1307/1307 3240/3240/3240
f 1307/1307/1307 3239/3239/3239 1854/1854/1854
f 3239/3239/3239 1853/1853/1853 1854/1854/1854
f 3241/3241/3241 3242/3242/3242 3243/3243/3243
f 3242/3242/3242 3244/3244/3244 3243/3243/3243
f 3245/3245/3245 3246/3246/3246 3247/3247/3247
f 3246/3246/3246 3248/3248/3248 3247/3247/3247
f 3246/3246/3246 3249/3249/3249 3248/3248/3248
f 3249/3249/3249 3250/3250/3250 3248/3248/3248
f 3251/3251/3251 3252/3252/3252 3253/3253/3253
f 3252/3252/3252 2935/2935/2935 3253/3253/3253
f 3253/3253/3253 2935/2935/2935 3254/3254/3254
f 2935/2935/2935 2933/2933/2933 3254/3254/3254
f 3254/3254/3254 2933/2933/2933 3255/3255/3255
f 3256/3256/3256 3257/3257/3257 3258/3258/3258
f 3257/3257/3257 3259/3259/3259 3258/3258/3258
f 3258/3258/3258 3259/3259/3259 3260/3260/3260
f 3259/3259/3259 3261/3261/3261 3260/3260/3260
f 474/474/474 469/469/469 3262/3262/3262
f 469/469/469 3263/3263/3263 3262/3262/3262
f 3263/3263/3263 469/469/469 3264/3264/3264
f 469/469/469 3265/3265/3265 3264/3264/3264
f 3264/3264/3264 3265/3265/3265 3266/3266/3266
f 3266/3266/3266 3267/3267/3267 3264/3264/3264
f 3267/3267/3267 3263/3263/3263 3264/3264/3264
f 3268/3268/3268 3269/3269/3269 3270/3270/3270
f 3269/3269/3269 3271/3271/3271 3270/3270/3270
f 3270/3270/3270 3271/3271/3271 3272/3272/3272
f 3271/3271/3271 3273/3273/3273 3272/3272/3272
f 3272/3272/3272 3273/3273/3273 3274/3274/3274
f 3273/3273/3273 3275/3275/3275 3274/3274/3274
f 3274/3274/3274 3275/3275/3275 3276/3276/3276
f 3275/3275/3275 3277/3277/3277 3276/3276/3276
f 3278/3278/3278 3279/3279/3279 3280/3280/3280
f 3279/3279/3279 3281/3281/3281 3280/3280/3280
f 3279/3279/3279 3282/3282/3282 3281/3281/3281
f 3282/3282/3282 3283/3283/3283 3281/3281/3281
f 3282/3282/3282 3284/3284/3284 3283/3283/3283
f 3284/3284/3284 3285/3285/3285 3283/3283/3283
f 3286/3286/3286 387/387/387 3287/3287/3287
f 387/387/387 3288/3288/3288 3287/3287/3287
f 387/387/387 391/391/391 3288/3288/3288
f 391/391/391 401/401/401 3288/3288/3288
f 3288/3288/3288 401/401/401 403/403/403
f 3289/3289/3289 1936/1936/1936 3290/3290/3290
f 1936/1936/1936 3291/3291/3291 3290/3290/3290
f 3292/3292/3292 3293/3293/3293 3294/3294/3294
f 3293/3293/3293 1353/1353/1353 3294/3294/3294
f 3294/3294/3294 1353/1353/1353 3295/3295/3295
f 1353/1353/1353 3296/3296/3296 3295/3295/3295
f 3295/3295/3295 3296/3296/3296 3297/3297/3297
f 3296/3296/3296 1641/1641/1641 3297/3297/3297
f 3297/3297/3297 1641/1641/1641 1639/1639/1639
f 1639/1639/1639 3298/3298/3298 3297/3297/3297
f 3298/3298/3298 3295/3295/3295 3297/3297/3297
f 3299/3299/3299 3300/3300/3300 3301/3301/3301
f 3300/3300/3300 3302/3302/3302 3301/3301/3301
f 3303/3303/3303 3304/3304/3304 3305/3305/3305
f 3304/3304/3304 3306/3306/3306 3305/3305/3305
f 3305/3305/3305 3306/3306/3306 3307/3307/3307
f 3306/3306/3306 3308/3308/3308 3307/3307/3307
f 3304/3304/3304 3309/3309/3309 3306/3306/3306
f 3309/3309/3309 3310/3310/3310 3306/3306/3306
f 3306/3306/3306 3310/3310/3310 3308/3308/3308
f 3311/3311/3311 3312/3312/3312 3313/3313/3313
f 3312/3312/3312 3314/3314/3314 3313/3313/3313
f 3313/3313/3313 3314/3314/3314 3315/3315/3315
f 3316/3316/3316 3317/3317/3317 3318/3318/3318
f 3317/3317/3317 3319/3319/3319 3318/3318/3318
f 3320/3320/3320 3321/3321/3321 2833/2833/2833
f 3321/3321/3321 2835/2835/2835 2833/2833/2833
f 2835/2835/2835 3321/3321/3321 3322/3322/3322
f 3321/3321/3321 3323/3323/3323 3322/3322/3322
f 3322/3322/3322 3323/3323/3323 866/866/866
f 866/866/866 3324/3324/3324 3322/3322/3322
f 3324/3324/3324 3325/3325/3325 3322/3322/3322
f 873/873/873 871/871/871 3326/3326/3326
f 871/871/871 3327/3327/3327 3326/3326/3326
f 2119/2119/2119 3328/3328/3328 2117/2117/2117
f 3328/3328/3328 3329/3329/3329 2117/2117/2117
f 3328/3328/3328 3330/3330/3330 3329/3329/3329
f 3330/3330/3330 3331/3331/3331 3329/3329/3329
f 3329/3329/3329 3331/3331/3331 3332/3332/3332
f 3332/3332/3332 3333/3333/3333 3329/3329/3329
f 3333/3333/3333 3334/3334/3334 3329/3329/3329
f 3333/3333/3333 3332/3332/3332 3335/3335/3335
f 3332/3332/3332 3336/3336/3336 3335/3335/3335
f 3337/3337/3337 3338/3338/3338 3339/3339/3339
f 3338/3338/3338 2230/2230/2230 3339/3339/3339
f 3339/3339/3339 2230/2230/2230 3340/3340/3340
f 2230/2230/2230 2232/2232/2232 3340/3340/3340
f 2786/2786/2786 3341/3341/3341 2784/2784/2784
f 3341/3341/3341 3342/3342/3342 2784/2784/2784
f 2784/2784/2784 3342/3342/3342 3343/3343/3343
f 3342/3342/3342 3344/3344/3344 3343/3343/3343
f 3342/3342/3342 3345/3345/3345 3344/3344/3344
f 3345/3345/3345 3346/3346/3346 3344/3344/3344
f 3344/3344/3344 3346/3346/3346 2778/2778/2778
f 3341/3341/3341 3347/3347/3347 3342/3342/3342
f 3347/3347/3347 1876/1876/1876 3342/3342/3342
f 3342/3342/3342 1876/1876/1876 3348/3348/3348
f 1876/1876/1876 3346/3346/3346 3348/3348/3348
f 1876/1876/1876 3347/3347/3347 3349/3349/3349
f 3347/3347/3347 3350/3350/3350 3349/3349/3349
f 3349/3349/3349 3350/3350/3350 3351/3351/3351
f 3350/3350/3350 3352/3352/3352 3351/3351/3351
f 3353/3353/3353 3354/3354/3354 3355/3355/3355
f 3354/3354/3354 3356/3356/3356 3355/3355/3355
f 3355/3355/3355 3356/3356/3356 3357/3357/3357
f 3355/3355/3355 3357/3357/3357 3358/3358/3358
f 3357/3357/3357 3359/3359/3359 3358/3358/3358
f 3358/3358/3358 3359/3359/3359 3360/3360/3360
f 3359/3359/3359 3361/3361/3361 3360/3360/3360
f 3361/3361/3361 3359/3359/3359 3362/3362/3362
f 3359/3359/3359 3363/3363/3363 3362/3362/3362
f 3364/3364/3364 3365/3365/3365 3366/3366/3366
f 3365/3365/3365 3223/3223/3223 3366/3366/3366
f 3365/3365/3365 1742/1742/1742 3223/3223/3223
f 1742/1742/1742 1740/1740/1740 3223/3223/3223
f 3367/3367/3367 3368/3368/3368 3369/3369/3369
f 3368/3368/3368 3370/3370/3370 3369/3369/3369
f 3369/3369/3369 3370/3370/3370 3371/3371/3371
f 3370/3370/3370 3372/3372/3372 3371/3371/3371
f 3371/3371/3371 3372/3372/3372 3373/3373/3373
f 3374/3374/3374 3375/3375/3375 3376/3376/3376
f 3375/3375/3375 3377/3377/3377 3376/3376/3376
f 685/685/685 683/683/683 680/680/680
f 683/683/683 681/681/681 680/680/680
f 1011/1011/1011 3378/3378/3378 1009/1009/1009
f 3378/3378/3378 1003/1003/1003 1009/1009/1009
f 3379/3379/3379 3380/3380/3380 3381/3381/3381
f 3380/3380/3380 3382/3382/3382 3381/3381/3381
f 3383/3383/3383 3384/3384/3384 3385/3385/3385
f 3384/3384/3384 1266/1266/1266 3385/3385/3385
f 3385/3385/3385 1266/1266/1266 1268/1268/1268
f 3386/3386/3386 3387/3387/3387 1869/1869/1869
f 3387/3387/3387 3388/3388/3388 1869/1869/1869
f 1869/1869/1869 3388/3388/3388 1301/1301/1301
f 3388/3388/3388 1299/1299/1299 1301/1301/1301
f 3389/3389/3389 3390/3390/3390 3391/3391/3391
f 3390/3390/3390 3392/3392/3392 3391/3391/3391
f 2991/2991/2991 2990/2990/2990 3393/3393/3393
f 2990/2990/2990 1136/1136/1136 3393/3393/3393
f 3393/3393/3393 1136/1136/1136 1138/1138/1138
f 122/122/122 125/125/125 3394/3394/3394
f 125/125/125 3395/3395/3395 3394/3394/3394
f 3394/3394/3394 3395/3395/3395 3396/3396/3396
f 3395/3395/3395 3397/3397/3397 3396/3396/3396
f 3396/3396/3396 3397/3397/3397 3095/3095/3095
f 3397/3397/3397 3093/3093/3093 3095/3095/3095
f 125/125/125 3398/3398/3398 3395/3395/3395
f 3398/3398/3398 3399/3399/3399 3395/3395/3395
f 3395/3395/3395 3399/3399/3399 3397/3397/3397
f 3399/3399/3399 3091/3091/3091 3397/3397/3397
f 3397/3397/3397 3091/3091/3091 3093/3093/3093
f 3398/3398/3398 3400/3400/3400 3399/3399/3399
f 3400/3400/3400 3401/3401/3401 3399/3399/3399
f 3399/3399/3399 3401/3401/3401 3091/3091/3091
f 3401/3401/3401 3402/3402/3402 3091/3091/3091
f 3091/3091/3091 3402/3402/3402 3089/3089/3089
f 3402/3402/3402 3401/3401/3401 3403/3403/3403
f 3401/3401/3401 3400/3400/3400 3403/3403/3403
f 3403/3403/3403 3400/3400/3400 3404/3404/3404
f 3400/3400/3400 3398/3398/3398 3404/3404/3404
f 3405/3405/3405 3406/3406/3406 3407/3407/3407
f 3406/3406/3406 3408/3408/3408 3407/3407/3407
f 3409/3409/3409 3410/3410/3410 3411/3411/3411
f 3410/3410/3410 3412/3412/3412 3411/3411/3411
f 3411/3411/3411 3412/3412/3412 3413/3413/3413
f 3412/3412/3412 1747/1747/1747 3413/3413/3413
f 3413/3413/3413 1747/1747/1747 1745/1745/1745
f 1745/1745/1745 1266/1266/1266 3413/3413/3413
f 1266/1266/1266 3411/3411/3411 3413/3413/3413
f 3414/3414/3414 3415/3415/3415 253/253/253
f 3415/3415/3415 255/255/255 253/253/253
f 1567/1567/1567 3416/3416/3416 1569/1569/1569
f 3416/3416/3416 3417/3417/3417 1569/1569/1569
f 3418/3418/3418 3419/3419/3419 3420/3420/3420
f 3419/3419/3419 3421/3421/3421 3420/3420/3420
f 3422/3422/3422 3423/3423/3423 3424/3424/3424
f 3423/3423/3423 3425/3425/3425 3424/3424/3424
f 3426/3426/3426 3427/3427/3427 3428/3428/3428
f 3427/3427/3427 3429/3429/3429 3428/3428/3428
f 3430/3430/3430 3431/3431/3431 3432/3432/3432
f 3431/3431/3431 3433/3433/3433 3432/3432/3432
f 3434/3434/3434 3435/3435/3435 3436/3436/3436
f 3435/3435/3435 3437/3437/3437 3436/3436/3436
f 3436/3436/3436 3437/3437/3437 2121/2121/2121
f 3437/3437/3437 2122/2122/2122 2121/2121/2121
f 2122/2122/2122 3437/3437/3437 3438/3438/3438
f 3437/3437/3437 3435/3435/3435 3438/3438/3438
f 704/704/704 707/707/707 3439/3439/3439
f 707/707/707 709/709/709 3439/3439/3439
f 3439/3439/3439 709/709/709 3440/3440/3440
f 709/709/709 3441/3441/3441 3440/3440/3440
f 709/709/709 3442/3442/3442 3441/3441/3441
f 3442/3442/3442 3443/3443/3443 3441/3441/3441
f 3441/3441/3441 3443/3443/3443 3444/3444/3444
f 3443/3443/3443 3445/3445/3445 3444/3444/3444
f 3442/3442/3442 3446/3446/3446 3443/3443/3443
f 3446/3446/3446 3447/3447/3447 3443/3443/3443
f 3443/3443/3443 3447/3447/3447 3445/3445/3445
f 3447/3447/3447 3448/3448/3448 3445/3445/3445
f 3448/3448/3448 3447/3447/3447 3449/3449/3449
f 3447/3447/3447 3446/3446/3446 3449/3449/3449
f 1077/1077/1077 1075/1075/1075 3450/3450/3450
f 1075/1075/1075 1073/1073/1073 3450/3450/3450
f 3450/3450/3450 1073/1073/1073 1072/1072/1072
f 1072/1072/1072 3451/3451/3451 3450/3450/3450
f 3451/3451/3451 1077/1077/1077 3450/3450/3450
f 3452/3452/3452 3453/3453/3453 3454/3454/3454
f 3453/3453/3453 376/376/376 3454/3454/3454
f 3454/3454/3454 376/376/376 375/375/375
f 375/375/375 374/374/374 3454/3454/3454
f 374/374/374 3452/3452/3452 3454/3454/3454
f 3455/3455/3455 3456/3456/3456 3457/3457/3457
f 3456/3456/3456 325/325/325 3457/3457/3457
f 3455/3455/3455 3458/3458/3458 3456/3456/3456
f 3458/3458/3458 2677/2677/2677 3456/3456/3456
f 3456/3456/3456 2677/2677/2677 2679/2679/2679
f 1686/1686/1686 1682/1682/1682 1684/1684/1684
f 2672/2672/2672 2677/2677/2677 3459/3459/3459
f 2966/2966/2966 3460/3460/3460 2964/2964/2964
f 2675/2675/2675 2674/2674/2674 2754/2754/2754
f 3461/3461/3461 3462/3462/3462 3463/3463/3463
f 3464/3464/3464 3465/3465/3465 3466/3466/3466
f 3467/3467/3467 3468/3468/3468 3469/3469/3469
f 3470/3470/3470 3471/3471/3471 3472/3472/3472
f 3473/3473/3473 3474/3474/3474 3475/3475/3475
f 3476/3476/3476 3477/3477/3477 3478/3478/3478
f 3479/3479/3479 3480/3480/3480 3481/3481/3481
f 3380/3380/3380 3482/3482/3482 3382/3382/3382
f 3483/3483/3483 1881/1881/1881 1883/1883/1883
f 3484/3484/3484 3485/3485/3485 3486/3486/3486
f 3487/3487/3487 79/79/79 81/81/81
f 3488/3488/3488 2655/2655/2655 2653/2653/2653
f 3489/3489/3489 3490/3490/3490 2605/2605/2605
f 3491/3491/3491 3492/3492/3492 3493/3493/3493
f 3494/3494/3494 3495/3495/3495 3496/3496/3496
f 3497/3497/3497 3498/3498/3498 3499/3499/3499
f 3500/3500/3500 3501/3501/3501 3502/3502/3502
f 3503/3503/3503 3504/3504/3504 3505/3505/3505
f 3506/3506/3506 3507/3507/3507 3508/3508/3508
f 3509/3509/3509 3510/3510/3510 3511/3511/3511
f 3512/3512/3512 3513/3513/3513 3514/3514/3514
f 3515/3515/3515 3516/3516/3516 3517/3517/3517
f 3518/3518/3518 3519/3519/3519 3520/3520/3520
f 1585/1585/1585 1583/1583/1583 3521/3521/3521
f 3522/3522/3522 2485/2485/2485 2483/2483/2483
f 3523/3523/3523 3524/3524/3524 3525/3525/3525
f 3526/3526/3526 3527/3527/3527 3528/3528/3528
f 3529/3529/3529 2219/2219/2219 2221/2221/2221
f 3530/3530/3530 3531/3531/3531 3532/3532/3532
f 3533/3533/3533 3408/3408/3408 3406/3406/3406
f 3534/3534/3534 3535/3535/3535 3536/3536/3536
f 3537/3537/3537 3538/3538/3538 3539/3539/3539
f 3540/3540/3540 3541/3541/3541 3542/3542/3542
f 3543/3543/3543 3544/3544/3544 3545/3545/3545
f 3546/3546/3546 3547/3547/3547 3548/3548/3548
f 3549/3549/3549 3550/3550/3550 3551/3551/3551
f 3552/3552/3552 3553/3553/3553 3554/3554/3554
f 3555/3555/3555 3556/3556/3556 3557/3557/3557
f 3558/3558/3558 3559/3559/3559 3560/3560/3560
f 3561/3561/3561 3562/3562/3562 3563/3563/3563
f 3564/3564/3564 3565/3565/3565 3566/3566/3566
f 3567/3567/3567 3568/3568/3568 3569/3569/3569
f 3570/3570/3570 3571/3571/3571 3572/3572/3572
f 3573/3573/3573 3574/3574/3574 3575/3575/3575
f 3576/3576/3576 3577/3577/3577 3578/3578/3578
f 3579/3579/3579 3580/3580/3580 3581/3581/3581
f 3582/3582/3582 3583/3583/3583 3584/3584/3584
f 3585/3585/3585 3586/3586/3586 3587/3587/3587
f 3588/3588/3588 3589/3589/3589 3590/3590/3590
f 3591/3591/3591 3592/3592/3592 3593/3593/3593
f 3594/3594/3594 3595/3595/3595 3596/3596/3596
f 3597/3597/3597 3598/3598/3598 3599/3599/3599
f 3600/3600/3600 3601/3601/3601 3602/3602/3602
f 3603/3603/3603 3604/3604/3604 3605/3605/3605
f 3606/3606/3606 3607/3607/3607 3608/3608/3608
f 3609/3609/3609 3610/3610/3610 3611/3611/3611
f 3612/3612/3612 3613/3613/3613 3614/3614/3614
f 3615/3615/3615 3616/3616/3616 3617/3617/3617
f 3618/3618/3618 3619/3619/3619 3620/3620/3620
f 3621/3621/3621 3622/3622/3622 3623/3623/3623
f 3624/3624/3624 3625/3625/3625 3626/3626/3626
f 3627/3627/3627 3628/3628/3628 3629/3629/3629
f 3630/3630/3630 3631/3631/3631 3632/3632/3632
f 3633/3633/3633 3634/3634/3634 3635/3635/3635
f 3636/3636/3636 3637/3637/3637 3638/3638/3638
f 3639/3639/3639 3640/3640/3640 3641/3641/3641
f 1359/1359/1359 3026/3026/3026 3642/3642/3642
f 1352/1352/1352 1355/1355/1355 3643/3643/3643
f 3644/3644/3644 3645/3645/3645 3646/3646/3646
f 3647/3647/3647 3648/3648/3648 3649/3649/3649
f 3650/3650/3650 3651/3651/3651 3652/3652/3652
f 3653/3653/3653 3654/3654/3654 3655/3655/3655
f 3656/3656/3656 3657/3657/3657 3658/3658/3658
f 3659/3659/3659 3660/3660/3660 3661/3661/3661
f 3662/3662/3662 3663/3663/3663 3664/3664/3664
f 3665/3665/3665 3666/3666/3666 3667/3667/3667
f 3668/3668/3668 3669/3669/3669 3670/3670/3670
f 3671/3671/3671 3672/3672/3672 3673/3673/3673
f 3674/3674/3674 3675/3675/3675 3676/3676/3676
f 3677/3677/3677 3678/3678/3678 3679/3679/3679
f 3680/3680/3680 3681/3681/3681 3682/3682/3682
f 3683/3683/3683 3684/3684/3684 3685/3685/3685
f 3686/3686/3686 3687/3687/3687 3688/3688/3688
f 3689/3689/3689 3690/3690/3690 3691/3691/3691
f 3692/3692/3692 3693/3693/3693 3694/3694/3694
f 3695/3695/3695 3696/3696/3696 3697/3697/3697
f 3698/3698/3698 3699/3699/3699 3700/3700/3700
f 3701/3701/3701 3702/3702/3702 3703/3703/3703
f 3704/3704/3704 3705/3705/3705 3706/3706/3706
f 3707/3707/3707 3708/3708/3708 3709/3709/3709
f 3710/3710/3710 3711/3711/3711 3712/3712/3712
f 3713/3713/3713 3714/3714/3714 3715/3715/3715
f 3716/3716/3716 3717/3717/3717 3718/3718/3718
f 3719/3719/3719 3720/3720/3720 3721/3721/3721
f 3722/3722/3722 3723/3723/3723 3724/3724/3724
f 3725/3725/3725 3726/3726/3726 3727/3727/3727
f 3728/3728/3728 2939/2939/2939 2941/2941/2941
f 3729/3729/3729 3730/3730/3730 3731/3731/3731
f 3732/3732/3732 3733/3733/3733 3734/3734/3734
f 3735/3735/3735 3736/3736/3736 3737/3737/3737
f 2899/2899/2899 2900/2900/2900 3738/3738/3738
f 3739/3739/3739 3740/3740/3740 3741/3741/3741
f 3742/3742/3742 3743/3743/3743 3744/3744/3744
f 3745/3745/3745 1608/1608/1608 3746/3746/3746
f 2626/2626/2626 3747/3747/3747 1828/1828/1828
f 2940/2940/2940 2408/2408/2408 2410/2410/2410
f 3748/3748/3748 3749/3749/3749 3750/3750/3750
f 1606/1606/1606 2880/2880/2880 1608/1608/1608
f 3751/3751/3751 3752/3752/3752 3753/3753/3753
f 1968/1968/1968 3754/3754/3754 1964/1964/1964
f 3755/3755/3755 3756/3756/3756 3757/3757/3757
f 3758/3758/3758 3759/3759/3759 3760/3760/3760
f 3761/3761/3761 1742/1742/1742 3365/3365/3365
f 2183/2183/2183 3762/3762/3762 2179/2179/2179
f 3763/3763/3763 676/676/676 668/668/668
f 1982/1982/1982 1984/1984/1984 1991/1991/1991
f 2365/2365/2365 2366/2366/2366 2373/2373/2373
f 690/690/690 696/696/696 688/688/688
f 2172/2172/2172 1548/1548/1548 1549/1549/1549
f 2546/2546/2546 2544/2544/2544 3764/3764/3764
f 3765/3765/3765 146/146/146 144/144/144
f 3766/3766/3766 3767/3767/3767 3768/3768/3768
f 3769/3769/3769 3770/3770/3770 895/895/895
f 819/819/819 711/711/711 710/710/710
f 1081/1081/1081 3771/3771/3771 1080/1080/1080
f 1136/1136/1136 3772/3772/3772 1133/1133/1133
f 3773/3773/3773 1683/1683/1683 1681/1681/1681
f 3774/3774/3774 1117/1117/1117 1119/1119/1119
f 574/574/574 3291/3291/3291 1936/1936/1936
f 2679/2679/2679 325/325/325 3456/3456/3456
f 698/698/698 682/682/682 684/684/684
f 1491/1491/1491 1495/1495/1495 1493/1493/1493
f 1918/1918/1918 3775/3775/3775 1920/1920/1920
f 3776/3776/3776 3777/3777/3777 3778/3778/3778
f 464/464/464 466/466/466 3779/3779/3779
f 3780/3780/3780 3781/3781/3781 3782/3782/3782
f 3783/3783/3783 2535/2535/2535 2276/2276/2276
f 2058/2058/2058 3784/3784/3784 1694/1694/1694
f 2086/2086/2086 2084/2084/2084 1735/1735/1735
f 887/887/887 889/889/889 3785/3785/3785
f 336/336/336 350/350/350 334/334/334
f 647/647/647 3786/3786/3786 644/644/644
f 3787/3787/3787 865/865/865 867/867/867
f 1817/1817/1817 1816/1816/1816 1819/1819/1819
f 3788/3788/3788 3789/3789/3789 3790/3790/3790
f 3791/3791/3791 3792/3792/3792 3793/3793/3793
f 157/157/157 1126/1126/1126 1129/1129/1129
f 3794/3794/3794 2785/2785/2785 2783/2783/2783
f 2611/2611/2611 2616/2616/2616 3795/3795/3795
f 2586/2586/2586 2585/2585/2585 3796/3796/3796
f 1716/1716/1716 1732/1732/1732 1718/1718/1718
f 527/527/527 518/518/518 520/520/520
f 815/815/815 816/816/816 3797/3797/3797
f 1251/1251/1251 1253/1253/1253 1257/1257/1257
f 3798/3798/3798 3799/3799/3799 3800/3800/3800
f 3801/3801/3801 613/613/613 614/614/614
f 1220/1220/1220 938/938/938 940/940/940
f 33/33/33 28/28/28 31/31/31
f 2636/2636/2636 2638/2638/2638 2633/2633/2633
f 3802/3802/3802 3803/3803/3803 3804/3804/3804
f 3105/3105/3105 3103/3103/3103 3107/3107/3107
f 261/261/261 260/260/260 3805/3805/3805
f 3806/3806/3806 3807/3807/3807 3808/3808/3808
f 19/19/19 918/918/918 3809/3809/3809
f 648/648/648 3810/3810/3810 652/652/652
f 2016/2016/2016 2014/2014/2014 3811/3811/3811
f 1293/1293/1293 1295/1295/1295 3812/3812/3812
f 2686/2686/2686 2684/2684/2684 3813/3813/3813
f 2959/2959/2959 3814/3814/3814 2956/2956/2956
f 3815/3815/3815 1853/1853/1853 3816/3816/3816
f 1577/1577/1577 1518/1518/1518 1516/1516/1516
f 3817/3817/3817 3818/3818/3818 3819/3819/3819
f 3820/3820/3820 2200/2200/2200 2199/2199/2199
f 1327/1327/1327 3821/3821/3821 1328/1328/1328
f 2743/2743/2743 2741/2741/2741 3822/3822/3822
f 2761/2761/2761 3823/3823/3823 108/108/108
f 3824/3824/3824 3825/3825/3825 3826/3826/3826
f 3827/3827/3827 2546/2546/2546 3828/3828/3828
f 3829/3829/3829 3830/3830/3830 3831/3831/3831
f 3832/3832/3832 3833/3833/3833 3834/3834/3834
f 3835/3835/3835 3836/3836/3836 3837/3837/3837
f 3838/3838/3838 3839/3839/3839 3840/3840/3840
f 3841/3841/3841 3842/3842/3842 3843/3843/3843
f 3844/3844/3844 3845/3845/3845 3846/3846/3846
f 3847/3847/3847 3848/3848/3848 3849/3849/3849
f 1588/1588/1588 1512/1512/1512 3850/3850/3850
f 3851/3851/3851 3852/3852/3852 3853/3853/3853
f 3854/3854/3854 1008/1008/1008 1019/1019/1019
f 32/32/32 3855/3855/3855 34/34/34
f 2734/2734/2734 3856/3856/3856 2732/2732/2732
f 2757/2757/2757 3857/3857/3857 2759/2759/2759
f 1408/1408/1408 3858/3858/3858 1410/1410/1410
f 1405/1405/1405 3859/3859/3859 1408/1408/1408
f 259/259/259 3860/3860/3860 246/246/246
f 3861/3861/3861 3016/3016/3016 3014/3014/3014
f 3862/3862/3862 2520/2520/2520 2521/2521/2521
f 124/124/124 119/119/119 117/117/117
f 3863/3863/3863 3864/3864/3864 3865/3865/3865
f 3866/3866/3866 3867/3867/3867 3868/3868/3868
f 3869/3869/3869 3870/3870/3870 3871/3871/3871
f 2771/2771/2771 3872/3872/3872 2768/2768/2768
f 3873/3873/3873 3874/3874/3874 3875/3875/3875
f 1340/1340/1340 1339/1339/1339 3876/3876/3876
f 959/959/959 955/955/955 957/957/957
f 3877/3877/3877 3878/3878/3878 3879/3879/3879
f 3880/3880/3880 3881/3881/3881 3882/3882/3882
f 3883/3883/3883 3884/3884/3884 3885/3885/3885
f 1987/1987/1987 3886/3886/3886 1973/1973/1973
f 2232/2232/2232 2234/2234/2234 2717/2717/2717
f 2226/2226/2226 2228/2228/2228 2380/2380/2380
f 3887/3887/3887 3888/3888/3888 3889/3889/3889
f 3890/3890/3890 3891/3891/3891 3892/3892/3892
f 36/36/36 34/34/34 1799/1799/1799
f 2068/2068/2068 3893/3893/3893 2070/2070/2070
f 307/307/307 3894/3894/3894 316/316/316
f 3895/3895/3895 3896/3896/3896 3897/3897/3897
f 1777/1777/1777 3898/3898/3898 1783/1783/1783
f 3899/3899/3899 1945/1945/1945 1942/1942/1942
f 3416/3416/3416 2591/2591/2591 3417/3417/3417
f 1626/1626/1626 3900/3900/3900 1625/1625/1625
f 3901/3901/3901 1623/1623/1623 1625/1625/1625
f 1698/1698/1698 3902/3902/3902 1699/1699/1699
f 3903/3903/3903 3904/3904/3904 3905/3905/3905
f 3906/3906/3906 1456/1456/1456 1458/1458/1458
f 2444/2444/2444 3907/3907/3907 2443/2443/2443
f 1996/1996/1996 1987/1987/1987 1994/1994/1994
f 2797/2797/2797 3908/3908/3908 2799/2799/2799
f 3909/3909/3909 3910/3910/3910 3911/3911/3911
f 3912/3912/3912 3913/3913/3913 3914/3914/3914
f 3915/3915/3915 3916/3916/3916 3917/3917/3917
f 3918/3918/3918 251/251/251 250/250/250
f 1236/1236/1236 1234/1234/1234 3919/3919/3919
f 3920/3920/3920 3921/3921/3921 3922/3922/3922
f 2536/2536/2536 3923/3923/3923 2534/2534/2534
f 3924/3924/3924 1778/1778/1778 1780/1780/1780
f 1540/1540/1540 1503/1503/1503 1501/1501/1501
f 3925/3925/3925 3926/3926/3926 3927/3927/3927
f 2464/2464/2464 2465/2465/2465 2467/2467/2467
f 3928/3928/3928 3929/3929/3929 3930/3930/3930
f 3931/3931/3931 3932/3932/3932 3933/3933/3933
f 3934/3934/3934 3935/3935/3935 3936/3936/3936
f 3937/3937/3937 3938/3938/3938 2448/2448/2448
f 1786/1786/1786 466/466/466 3939/3939/3939
f 247/247/247 3940/3940/3940 248/248/248
f 3941/3941/3941 2600/2600/2600 2598/2598/2598
f 3942/3942/3942 3943/3943/3943 3944/3944/3944
f 3945/3945/3945 3946/3946/3946 3947/3947/3947
f 3948/3948/3948 1437/1437/1437 1436/1436/1436
f 1406/1406/1406 1404/1404/1404 3949/3949/3949
f 3950/3950/3950 3951/3951/3951 3952/3952/3952
f 3953/3953/3953 1331/1331/1331 1332/1332/1332
f 1358/1358/1358 1364/1364/1364 1360/1360/1360
f 749/749/749 3020/3020/3020 751/751/751
f 1867/1867/1867 1870/1870/1870 1868/1868/1868
f 6/6/6 3954/3954/3954 3955/3955/3955
f 3956/3956/3956 3957/3957/3957 3958/3958/3958
f 2970/2970/2970 3959/3959/3959 2972/2972/2972
f 3960/3960/3960 3961/3961/3961 3962/3962/3962
f 3041/3041/3041 3043/3043/3043 1568/1568/1568
f 2618/2618/2618 3963/3963/3963 2620/2620/2620
f 3964/3964/3964 1849/1849/1849 1847/1847/1847
f 3965/3965/3965 3966/3966/3966 3967/3967/3967
f 3968/3968/3968 3969/3969/3969 3970/3970/3970
f 3971/3971/3971 3972/3972/3972 3973/3973/3973
f 3974/3974/3974 3975/3975/3975 3976/3976/3976
f 3977/3977/3977 3978/3978/3978 3979/3979/3979
f 1706/1706/1706 3980/3980/3980 1704/1704/1704
f 823/823/823 826/826/826 3981/3981/3981
f 1323/1323/1323 894/894/894 896/896/896
f 2982/2982/2982 2985/2985/2985 3167/3167/3167
f 3982/3982/3982 3983/3983/3983 3984/3984/3984
f 3985/3985/3985 3986/3986/3986 2279/2279/2279
f 3987/3987/3987 3988/3988/3988 3989/3989/3989
f 3990/3990/3990 3991/3991/3991 3992/3992/3992
f 355/355/355 356/356/356 3993/3993/3993
f 3994/3994/3994 3995/3995/3995 3996/3996/3996
f 3997/3997/3997 3998/3998/3998 2459/2459/2459
f 814/814/814 3999/3999/3999 811/811/811
f 4000/4000/4000 57/57/57 56/56/56
f 4001/4001/4001 4002/4002/4002 4003/4003/4003
f 4004/4004/4004 29/29/29 243/243/243
f 1112/1112/1112 4005/4005/4005 1110/1110/1110
f 4006/4006/4006 4007/4007/4007 4008/4008/4008
f 4009/4009/4009 4010/4010/4010 4011/4011/4011
f 4012/4012/4012 4013/4013/4013 4014/4014/4014
f 242/242/242 245/245/245 4015/4015/4015
f 3214/3214/3214 4016/4016/4016 3216/3216/3216
f 2287/2287/2287 2288/2288/2288 4017/4017/4017
f 4018/4018/4018 4019/4019/4019 4020/4020/4020
f 4021/4021/4021 4022/4022/4022 4023/4023/4023
f 4024/4024/4024 4025/4025/4025 4026/4026/4026
f 2428/2428/2428 4027/4027/4027 2426/2426/2426
f 4028/4028/4028 4029/4029/4029 4030/4030/4030
f 4031/4031/4031 4032/4032/4032 4033/4033/4033
f 2264/2264/2264 2294/2294/2294 2265/2265/2265
f 4034/4034/4034 4035/4035/4035 4036/4036/4036
f 4037/4037/4037 4038/4038/4038 4039/4039/4039
f 4040/4040/4040 4041/4041/4041 4042/4042/4042
f 4043/4043/4043 4044/4044/4044 4045/4045/4045
f 4046/4046/4046 4047/4047/4047 1621/1621/1621
f 4048/4048/4048 4049/4049/4049 4050/4050/4050
f 1728/1728/1728 1749/1749/1749 4051/4051/4051
f 4052/4052/4052 1995/1995/1995 1999/1999/1999
f 4053/4053/4053 4054/4054/4054 4055/4055/4055
f 4056/4056/4056 2000/2000/2000 2001/2001/2001
f 996/996/996 4057/4057/4057 1000/1000/1000
f 4058/4058/4058 4059/4059/4059 4060/4060/4060
f 2590/2590/2590 2772/2772/2772 2770/2770/2770
f 4061/4061/4061 4062/4062/4062 4063/4063/4063
f 4/4/4 2/2/2 4064/4064/4064
f 1999/1999/1999 2000/2000/2000 4065/4065/4065
f 2174/2174/2174 2723/2723/2723 1544/1544/1544
f 2176/2176/2176 2720/2720/2720 2174/2174/2174
f 2245/2245/2245 2247/2247/2247 2243/2243/2243
f 733/733/733 4066/4066/4066 735/735/735
f 4067/4067/4067 4068/4068/4068 4069/4069/4069
f 4070/4070/4070 4071/4071/4071 4072/4072/4072
f 1392/1392/1392 4073/4073/4073 1393/1393/1393
f 90/90/90 86/86/86 4074/4074/4074
f 2160/2160/2160 2159/2159/2159 2634/2634/2634
f 4075/4075/4075 4076/4076/4076 4077/4077/4077
f 3253/3253/3253 3254/3254/3254 3255/3255/3255
f 1881/1881/1881 4078/4078/4078 1879/1879/1879
f 4079/4079/4079 2256/2256/2256 2251/2251/2251
f 4080/4080/4080 4081/4081/4081 4082/4082/4082
f 1487/1487/1487 1508/1508/1508 1489/1489/1489
f 4083/4083/4083 4084/4084/4084 4085/4085/4085
f 10/10/10 8/8/8 4086/4086/4086
f 292/292/292 291/291/291 4087/4087/4087
f 4088/4088/4088 4089/4089/4089 4090/4090/4090
f 4091/4091/4091 4092/4092/4092 4093/4093/4093
f 4094/4094/4094 726/726/726 728/728/728
f 4095/4095/4095 889/889/889 891/891/891
f 4096/4096/4096 4097/4097/4097 4098/4098/4098
f 3828/3828/3828 626/626/626 625/625/625
f 2157/2157/2157 2144/2144/2144 2142/2142/2142
f 1140/1140/1140 3393/3393/3393 1138/1138/1138
f 270/270/270 4099/4099/4099 271/271/271
f 579/579/579 4100/4100/4100 576/576/576
f 4101/4101/4101 4102/4102/4102 4103/4103/4103
f 2342/2342/2342 1354/1354/1354 1353/1353/1353
f 4104/4104/4104 4105/4105/4105 4106/4106/4106
f 4107/4107/4107 4108/4108/4108 4109/4109/4109
f 3275/3275/3275 3273/3273/3273 3277/3277/3277
f 4110/4110/4110 3429/3429/3429 3427/3427/3427
f 915/915/915 3762/3762/3762 917/917/917
f 4111/4111/4111 3349/3349/3349 3351/3351/3351
f 4112/4112/4112 4113/4113/4113 4114/4114/4114
f 4115/4115/4115 4116/4116/4116 4117/4117/4117
f 4118/4118/4118 4119/4119/4119 4120/4120/4120
f 4121/4121/4121 4122/4122/4122 4123/4123/4123
f 4124/4124/4124 4125/4125/4125 4126/4126/4126
f 4127/4127/4127 4128/4128/4128 4129/4129/4129
f 4130/4130/4130 1909/1909/1909 1907/1907/1907
f 903/903/903 913/913/913 4131/4131/4131
f 2236/2236/2236 2225/2225/2225 2223/2223/2223
f 2009/2009/2009 2039/2039/2039 2007/2007/2007
f 455/455/455 4132/4132/4132 457/457/457
f 2385/2385/2385 4133/4133/4133 2387/2387/2387
f 4134/4134/4134 4135/4135/4135 4136/4136/4136
f 4137/4137/4137 4138/4138/4138 4139/4139/4139
f 4140/4140/4140 4141/4141/4141 4142/4142/4142
f 4143/4143/4143 4144/4144/4144 4145/4145/4145
f 835/835/835 2946/2946/2946 2951/2951/2951
f 4146/4146/4146 2395/2395/2395 2397/2397/2397
f 4147/4147/4147 4148/4148/4148 4149/4149/4149
f 4150/4150/4150 4151/4151/4151 4152/4152/4152
f 3111/3111/3111 4153/4153/4153 3113/3113/3113
f 2302/2302/2302 2303/2303/2303 4154/4154/4154
f 4155/4155/4155 4156/4156/4156 4157/4157/4157
f 4158/4158/4158 4159/4159/4159 4160/4160/4160
f 2096/2096/2096 4161/4161/4161 2098/2098/2098
f 4162/4162/4162 4163/4163/4163 4164/4164/4164
f 4165/4165/4165 4166/4166/4166 4167/4167/4167
f 4168/4168/4168 4169/4169/4169 4170/4170/4170
f 1753/1753/1753 1751/1751/1751 4171/4171/4171
f 4172/4172/4172 4173/4173/4173 4174/4174/4174
f 4175/4175/4175 4176/4176/4176 4177/4177/4177
f 83/83/83 4178/4178/4178 84/84/84
f 4179/4179/4179 82/82/82 80/80/80
f 4180/4180/4180 2289/2289/2289 2290/2290/2290
f 185/185/185 1015/1015/1015 1013/1013/1013
f 2561/2561/2561 4181/4181/4181 2563/2563/2563
f 4182/4182/4182 4183/4183/4183 4184/4184/4184
f 4185/4185/4185 4186/4186/4186 2214/2214/2214
f 417/417/417 4187/4187/4187 418/418/418
f 884/884/884 3082/3082/3082 4188/4188/4188
f 4189/4189/4189 4190/4190/4190 4191/4191/4191
f 2150/2150/2150 2146/2146/2146 2148/2148/2148
f 4192/4192/4192 4193/4193/4193 4194/4194/4194
f 4195/4195/4195 4196/4196/4196 4197/4197/4197
f 4198/4198/4198 4199/4199/4199 4200/4200/4200
f 4201/4201/4201 4202/4202/4202 4203/4203/4203
f 1172/1172/1172 1168/1168/1168 1170/1170/1170
f 4204/4204/4204 2320/2320/2320 2319/2319/2319
f 1854/1854/1854 1865/1865/1865 1307/1307/1307
f 3357/3357/3357 4205/4205/4205 3359/3359/3359
f 4206/4206/4206 4207/4207/4207 4208/4208/4208
f 994/994/994 993/993/993 4209/4209/4209
f 324/324/324 319/319/319 317/317/317
f 3333/3333/3333 4210/4210/4210 3334/3334/3334
f 4211/4211/4211 4212/4212/4212 4213/4213/4213
f 3352/3352/3352 3350/3350/3350 3347/3347/3347
f 1671/1671/1671 4214/4214/4214 1669/1669/1669
f 4215/4215/4215 2901/2901/2901 2897/2897/2897
f 929/929/929 928/928/928 2944/2944/2944
f 4216/4216/4216 4217/4217/4217 4218/4218/4218
f 4219/4219/4219 4220/4220/4220 4221/4221/4221
f 1669/1669/1669 4222/4222/4222 1667/1667/1667
f 4223/4223/4223 4224/4224/4224 4225/4225/4225
f 3296/3296/3296 1353/1353/1353 1641/1641/1641
f 964/964/964 962/962/962 4226/4226/4226
f 4227/4227/4227 4228/4228/4228 4229/4229/4229
f 2118/2118/2118 2123/2123/2123 2120/2120/2120
f 699/699/699 679/679/679 700/700/700
f 3419/3419/3419 4230/4230/4230 3421/3421/3421
f 4231/4231/4231 4232/4232/4232 4233/4233/4233
f 344/344/344 1969/1969/1969 4234/4234/4234
f 4235/4235/4235 308/308/308 1400/1400/1400
f 4236/4236/4236 311/311/311 313/313/313
f 4237/4237/4237 2585/2585/2585 4238/4238/4238
f 4239/4239/4239 4240/4240/4240 4241/4241/4241
f 4242/4242/4242 1124/1124/1124 1123/1123/1123
f 2812/2812/2812 4243/4243/4243 2814/2814/2814
f 589/589/589 587/587/587 4244/4244/4244
f 4245/4245/4245 4246/4246/4246 4247/4247/4247
f 2165/2165/2165 2163/2163/2163 2161/2161/2161
f 4248/4248/4248 4249/4249/4249 4250/4250/4250
f 2297/2297/2297 2295/2295/2295 4251/4251/4251
f 1441/1441/1441 256/256/256 258/258/258
f 3115/3115/3115 4252/4252/4252 3117/3117/3117
f 4253/4253/4253 4254/4254/4254 4255/4255/4255
f 4256/4256/4256 4257/4257/4257 4258/4258/4258
f 4259/4259/4259 4260/4260/4260 4261/4261/4261
f 4262/4262/4262 4263/4263/4263 4264/4264/4264
f 571/571/571 4265/4265/4265 569/569/569
f 4266/4266/4266 4267/4267/4267 4268/4268/4268
f 4269/4269/4269 4270/4270/4270 4271/4271/4271
f 4272/4272/4272 4273/4273/4273 4274/4274/4274
f 4275/4275/4275 3190/3190/3190 3188/3188/3188
f 140/140/140 750/750/750 142/142/142
f 3442/3442/3442 709/709/709 4276/4276/4276
f 177/177/177 176/176/176 2745/2745/2745
f 4277/4277/4277 4278/4278/4278 4279/4279/4279
f 577/577/577 575/575/575 1232/1232/1232
f 1977/1977/1977 2974/2974/2974 1979/1979/1979
f 2924/2924/2924 1660/1660/1660 1659/1659/1659
f 4280/4280/4280 4281/4281/4281 4282/4282/4282
f 4283/4283/4283 765/765/765 764/764/764
f 4284/4284/4284 4285/4285/4285 4286/4286/4286
f 1421/1421/1421 1417/1417/1417 1419/1419/1419
f 2431/2431/2431 2432/2432/2432 2439/2439/2439
f 632/632/632 4287/4287/4287 634/634/634
f 3066/3066/3066 3058/3058/3058 3057/3057/3057
f 458/458/458 454/454/454 456/456/456
f 4288/4288/4288 4289/4289/4289 4290/4290/4290
