mtllib MHZ0TOKA3DDHS1F2K3S90T9XV.mtl
v 0.182630 0.460953 0.024418
v 0.207409 0.542209 0.023517
v 0.182602 0.462068 -0.022261
v 0.207413 0.543324 -0.022834
v 0.182630 0.460953 0.024418
v 0.185011 0.460373 0.024294
v 0.207409 0.542209 0.023517
v 0.209882 0.541564 0.023405
v 0.146548 0.377378 0.024711
v 0.182630 0.460953 0.024418
v 0.146407 0.378459 -0.023197
v 0.182630 0.460953 0.024418
v 0.148856 0.376863 0.024578
v 0.146548 0.377378 0.024711
v 0.113847 0.299406 0.025032
v 0.113652 0.300316 -0.023174
v 0.113847 0.299406 0.025032
v 0.116168 0.299032 0.024900
v 0.121714 0.215795 0.024476
v 0.121427 0.216888 -0.023619
v 0.121714 0.215795 0.024476
v 0.124115 0.215647 0.024346
v 0.213175 0.559643 0.023210
v 0.213178 0.560983 -0.022517
v 0.213175 0.559643 0.023210
v 0.215611 0.558971 0.023100
v 0.185299 0.461417 -0.022685
v 0.207413 0.543324 -0.022834
v 0.210198 0.542599 -0.023241
v 0.182602 0.462068 -0.022261
v 0.149015 0.377883 -0.023630
v 0.146407 0.378459 -0.023197
v 0.116280 0.299898 -0.023612
v 0.113652 0.300316 -0.023174
v 0.124153 0.216726 -0.024055
v 0.121427 0.216888 -0.023619
v 0.215923 0.560227 -0.022920
v 0.213178 0.560983 -0.022517
v 0.246949 0.666015 0.000775
v 0.216211 0.555153 0.000809
v 0.246459 0.665879 0.023669
v 0.214330 0.555307 0.045695
v 0.221583 0.568620 0.058772
v 0.217761 0.554195 0.045738
v 0.232735 0.602084 0.058151
v 0.236355 0.602059 0.000804
v 0.219633 0.554042 0.000822
v 0.216211 0.555153 0.000809
v 0.214330 0.555307 0.045695
v 0.218743 0.569591 -0.058059
v 0.229880 0.603057 -0.058555
v 0.222167 0.568476 -0.058081
v 0.233305 0.601939 -0.058558
v 0.250378 0.664891 0.000787
v 0.250109 0.664704 -0.022653
v 0.246949 0.666015 0.000775
v 0.246677 0.665827 -0.022667
v 0.239173 0.628517 0.057960
v 0.229305 0.603201 0.058125
v 0.235731 0.629637 0.057944
v 0.236294 0.629499 -0.058175
v 0.239731 0.628381 -0.058166
v 0.246459 0.665879 0.023669
v 0.249893 0.664756 0.023680
v 0.214772 0.555199 -0.045027
v 0.218200 0.554088 -0.045045
v 0.218157 0.569735 0.058725
v 0.218743 0.569591 -0.058059
v 0.246677 0.665827 -0.022667
v 0.229880 0.603057 -0.058555
v 0.236294 0.629499 -0.058175
v 0.214772 0.555199 -0.045027
v 0.218157 0.569735 0.058725
v 0.229305 0.603201 0.058125
v 0.235731 0.629637 0.057944
v 0.177951 0.454510 0.027056
v 0.180613 0.452753 0.027152
v 0.174491 0.439910 0.027402
v 0.177400 0.438716 0.027413
v 0.177152 0.437824 -0.024999
v 0.174180 0.439001 -0.025113
v 0.175844 0.433436 -0.029872
v 0.173140 0.434284 -0.031805
v 0.181147 0.454190 -0.030069
v 0.178639 0.455883 -0.031997
v 0.174180 0.439001 -0.025113
v 0.173140 0.434284 -0.031805
v 0.174491 0.439910 0.027402
v 0.173474 0.435476 0.035968
v 0.176007 0.434600 0.034497
v 0.177400 0.438716 0.027413
v 0.177152 0.437824 -0.024999
v 0.175063 0.430193 0.027562
v 0.171721 0.421719 0.027726
v 0.172899 0.430838 0.028873
v 0.168666 0.421910 0.029018
v 0.170717 0.430264 -0.025417
v 0.173101 0.429652 -0.024910
v 0.169183 0.418612 -0.028719
v 0.166201 0.418639 -0.030929
v 0.170717 0.430264 -0.025417
v 0.172899 0.430838 0.028873
v 0.170340 0.421017 -0.025181
v 0.166466 0.421335 -0.025568
v 0.165591 0.410047 0.001163
v 0.162252 0.409721 0.000918
v 0.160094 0.404779 0.000960
v 0.163136 0.405243 0.001181
v 0.167691 0.419585 0.035525
v 0.170538 0.419521 0.034026
v 0.181328 0.455327 0.033249
v 0.180613 0.452753 0.027152
v 0.177782 0.453540 -0.025279
v 0.178508 0.452210 -0.025200
v 0.178639 0.455883 -0.031997
v 0.177782 0.453540 -0.025279
v 0.179001 0.457037 0.034684
v 0.177951 0.454510 0.027056
v 0.167691 0.419585 0.035525
v 0.168666 0.421910 0.029018
v 0.166201 0.418639 -0.030929
v 0.160094 0.404779 0.000960
v 0.166466 0.421335 -0.025568
v 0.162252 0.409721 0.000918
v 0.179001 0.457037 0.034684
v 0.173474 0.435476 0.035968
v 0.178508 0.452210 -0.025200
v 0.178639 0.455883 -0.031997
v 0.179001 0.457037 0.034684
v 0.233545 0.802689 0.115727
v 0.231416 0.809417 0.119863
v 0.236892 0.778080 0.154182
v 0.234452 0.785426 0.159558
v 0.234536 0.777143 0.153772
v 0.232084 0.784241 0.159009
v 0.229029 0.808220 0.119315
v 0.231170 0.801749 0.115315
v 0.239779 0.739918 0.075701
v 0.244537 0.712459 0.111079
v 0.215459 0.825799 0.185653
v 0.214053 0.849981 0.146300
v 0.212884 0.825409 0.185468
v 0.211479 0.849582 0.146098
v 0.232084 0.784241 0.159009
v 0.229029 0.808220 0.119315
v 0.234536 0.777143 0.153772
v 0.231170 0.801749 0.115315
v 0.211479 0.849582 0.146098
v 0.212884 0.825409 0.185468
v 0.242016 0.713236 0.111381
v 0.237245 0.740698 0.075968
v 0.237245 0.740698 0.075968
v 0.242016 0.713236 0.111381
v 0.228638 0.617626 0.045608
v 0.241321 0.649508 0.016628
v 0.226311 0.618471 0.045972
v 0.239032 0.650352 0.016965
v 0.239032 0.650352 0.016965
v 0.226311 0.618471 0.045972
v 0.234627 0.785312 -0.159184
v 0.231422 0.808358 -0.120921
v 0.237281 0.777036 -0.153108
v 0.233638 0.801374 -0.115359
v 0.232259 0.784127 -0.158648
v 0.234925 0.776099 -0.152710
v 0.231263 0.800432 -0.114960
v 0.229033 0.807160 -0.120385
v 0.243160 0.716624 -0.113500
v 0.239214 0.744193 -0.078063
v 0.215495 0.846833 -0.148544
v 0.216773 0.824761 -0.184002
v 0.214198 0.824371 -0.183829
v 0.212920 0.846430 -0.148336
v 0.231263 0.800432 -0.114960
v 0.229033 0.807160 -0.120385
v 0.234925 0.776099 -0.152710
v 0.232259 0.784127 -0.158648
v 0.214198 0.824371 -0.183829
v 0.212920 0.846430 -0.148336
v 0.240643 0.717398 -0.113819
v 0.236683 0.744973 -0.078347
v 0.240643 0.717398 -0.113819
v 0.236683 0.744973 -0.078347
v 0.242254 0.653285 -0.015027
v 0.228811 0.618035 -0.044871
v 0.226490 0.618879 -0.045250
v 0.239969 0.654130 -0.015380
v 0.226490 0.618879 -0.045250
v 0.239969 0.654130 -0.015380
v 0.095030 0.140632 -0.244416
v 0.122025 0.153724 -0.262957
v 0.043978 0.285221 -0.220468
v 0.073971 0.298592 -0.239323
v 0.123061 0.149572 -0.261700
v 0.096983 0.138050 -0.244690
v 0.153399 0.156225 -0.214605
v 0.153575 0.151768 -0.214356
v 0.125994 0.138787 -0.195518
v 0.096983 0.138050 -0.244690
v 0.184152 0.157392 -0.161970
v 0.184062 0.152699 -0.163048
v 0.104292 0.299612 -0.193067
v 0.135328 0.302051 -0.140300
v 0.156865 0.143470 -0.145328
v 0.106788 0.289185 -0.121267
v 0.157741 0.141010 -0.146943
v 0.156865 0.143470 -0.145328
v 0.123818 0.142453 -0.194359
v 0.106788 0.289185 -0.121267
v 0.072892 0.286256 -0.172533
v 0.103113 0.303917 -0.192511
v 0.134164 0.305573 -0.139930
v 0.106431 0.293943 -0.119367
v 0.072863 0.302336 -0.238599
v 0.071926 0.302698 -0.235150
v 0.041948 0.289640 -0.220750
v 0.043980 0.290625 -0.220356
v 0.101038 0.304307 -0.191209
v 0.108910 0.268674 -0.193657
v 0.081983 0.266118 -0.234971
v 0.101038 0.304307 -0.191209
v 0.071926 0.302698 -0.235150
v 0.130860 0.305904 -0.140766
v 0.125994 0.138787 -0.195518
v 0.096983 0.138050 -0.244690
v 0.095030 0.140632 -0.244416
v 0.043978 0.285221 -0.220468
v 0.157741 0.141010 -0.146943
v 0.157741 0.141010 -0.146943
v 0.043980 0.290625 -0.220356
v 0.063243 0.258419 -0.224460
v 0.075308 0.292275 -0.174410
v 0.089771 0.260372 -0.180858
v 0.043980 0.290625 -0.220356
v 0.071926 0.302698 -0.235150
v 0.105594 0.300094 -0.117061
v 0.106934 0.300383 -0.118077
v 0.106431 0.293943 -0.119367
v 0.107078 0.294987 -0.122010
v 0.106934 0.300383 -0.118077
v 0.074068 0.298273 -0.173944
v 0.107078 0.294987 -0.122010
v 0.075308 0.292275 -0.174410
v 0.107078 0.294987 -0.122010
v 0.071504 0.290758 -0.171912
v 0.106431 0.293943 -0.119367
v 0.107078 0.294987 -0.122010
v 0.116558 0.261917 -0.139067
v 0.130860 0.305904 -0.140766
v 0.133652 0.269536 -0.151670
v 0.071504 0.290758 -0.171912
v 0.070501 0.297517 -0.171650
v 0.109465 0.307480 -0.118987
v 0.110355 0.306587 -0.119714
v 0.116092 0.311291 -0.123285
v 0.116732 0.310020 -0.123844
v 0.129815 0.311948 -0.132066
v 0.129914 0.310432 -0.132273
v 0.080609 0.309105 -0.178489
v 0.094676 0.309906 -0.187320
v 0.073947 0.305199 -0.174209
v 0.082544 0.305883 -0.179572
v 0.076489 0.302935 -0.175709
v 0.116732 0.310020 -0.123844
v 0.110355 0.306587 -0.119714
v 0.095281 0.306101 -0.187547
v 0.129914 0.310432 -0.132273
v 0.107078 0.294987 -0.122010
v 0.042632 0.302265 -0.224806
v 0.040417 0.295752 -0.221971
v 0.043980 0.290625 -0.220356
v 0.039029 0.295493 -0.221172
v 0.040417 0.295752 -0.221971
v 0.041495 0.303162 -0.224341
v 0.042632 0.302265 -0.224806
v 0.041948 0.289640 -0.220750
v 0.043980 0.290625 -0.220356
v 0.062729 0.306310 -0.237298
v 0.048955 0.305693 -0.228817
v 0.048955 0.305693 -0.228817
v 0.048042 0.306967 -0.228514
v 0.062729 0.306310 -0.237298
v 0.062306 0.307790 -0.237305
v 0.103915 0.297324 -0.192758
v 0.101104 0.303758 -0.191236
v 0.138948 0.301842 -0.138082
v 0.135929 0.307935 -0.136236
v 0.130860 0.305904 -0.140766
v 0.041948 0.289640 -0.220750
v 0.069869 0.304301 -0.241687
v 0.073476 0.298147 -0.243547
v 0.073476 0.298147 -0.243547
v 0.074030 0.299624 -0.244148
v 0.069869 0.304301 -0.241687
v 0.070042 0.305800 -0.242042
v 0.088435 0.265016 -0.251304
v 0.087463 0.263978 -0.250456
v 0.119809 0.266545 -0.198997
v 0.087463 0.263978 -0.250456
v 0.101245 0.228193 -0.257385
v 0.132737 0.230070 -0.204628
v 0.101245 0.228193 -0.257385
v 0.102607 0.228875 -0.258385
v 0.136071 0.221108 -0.206161
v 0.105804 0.219367 -0.257399
v 0.108754 0.215884 -0.256294
v 0.138035 0.217702 -0.207221
v 0.139213 0.216498 -0.207917
v 0.133343 0.215908 -0.219099
v 0.111088 0.214631 -0.254153
v 0.167261 0.219352 -0.159550
v 0.146165 0.216560 -0.197542
v 0.133343 0.215908 -0.219099
v 0.132794 0.216784 -0.224203
v 0.111088 0.214631 -0.254153
v 0.111785 0.214922 -0.255264
v 0.110025 0.216373 -0.257062
v 0.108754 0.215884 -0.256294
v 0.105804 0.219367 -0.257399
v 0.107182 0.219966 -0.258312
v 0.116015 0.264064 -0.216484
v 0.128263 0.228678 -0.222634
v 0.165241 0.233067 -0.150683
v 0.153335 0.270120 -0.144561
v 0.165241 0.233067 -0.150683
v 0.153335 0.270120 -0.144561
v 0.166610 0.233730 -0.151515
v 0.154455 0.271167 -0.145183
v 0.134765 0.264187 -0.185831
v 0.168887 0.224763 -0.154722
v 0.167608 0.224164 -0.153865
v 0.169205 0.221135 -0.157486
v 0.168054 0.220632 -0.156679
v 0.167608 0.224164 -0.153865
v 0.168054 0.220632 -0.156679
v 0.138948 0.301842 -0.138082
v 0.139694 0.303297 -0.138434
v 0.114119 0.287036 -0.194744
v 0.105650 0.301111 -0.194036
v 0.104346 0.287257 -0.210091
v 0.102046 0.307754 -0.192003
v 0.136411 0.309491 -0.136409
v 0.123922 0.286803 -0.179357
v 0.135929 0.307935 -0.136236
v 0.146165 0.216560 -0.197542
v 0.150700 0.217874 -0.193795
v 0.147394 0.217014 -0.198690
v 0.168448 0.219643 -0.159750
v 0.167261 0.219352 -0.159550
v 0.146742 0.229456 -0.191796
v 0.134634 0.216406 -0.220275
v 0.150246 0.230641 -0.194813
v 0.137278 0.264841 -0.188116
v 0.147964 0.232769 -0.198958
v 0.134999 0.232023 -0.220468
v 0.118898 0.264733 -0.217237
v 0.132044 0.229974 -0.224645
v 0.154531 0.219237 -0.197057
v 0.151323 0.222686 -0.200833
v 0.153077 0.219262 -0.200441
v 0.138313 0.222054 -0.222403
v 0.121897 0.285168 -0.185250
v 0.128098 0.264789 -0.202687
v 0.115252 0.284935 -0.195978
v 0.121897 0.285168 -0.185250
v 0.146742 0.229456 -0.191796
v 0.134765 0.264187 -0.185831
v 0.108635 0.284690 -0.206687
v 0.128263 0.228678 -0.222634
v 0.116015 0.264064 -0.216484
v 0.115252 0.284935 -0.195978
v 0.150700 0.217874 -0.193795
v 0.156400 0.212653 -0.199200
v 0.153895 0.211421 -0.197487
v 0.154835 0.212828 -0.201563
v 0.152227 0.211554 -0.199659
v 0.147394 0.217014 -0.198690
v 0.134634 0.216406 -0.220275
v 0.138712 0.218807 -0.223904
v 0.138121 0.210979 -0.223008
v 0.140831 0.212199 -0.225110
v 0.136242 0.218565 -0.226819
v 0.139409 0.212039 -0.226918
v 0.136942 0.211112 -0.225694
v 0.132794 0.216784 -0.224203
v 0.108635 0.284690 -0.206687
v 0.150700 0.217874 -0.193795
v 0.153895 0.211421 -0.197487
v 0.147394 0.217014 -0.198690
v 0.152227 0.211554 -0.199659
v 0.132794 0.216784 -0.224203
v 0.134634 0.216406 -0.220275
v 0.136942 0.211112 -0.225694
v 0.138121 0.210979 -0.223008
v 0.150399 0.218878 -0.198610
v 0.149743 0.218307 -0.198184
v 0.160788 0.189245 -0.205206
v 0.160222 0.189082 -0.204817
v 0.160222 0.189082 -0.204817
v 0.149743 0.218307 -0.198184
v 0.145477 0.188843 -0.225813
v 0.135833 0.218154 -0.220531
v 0.149762 0.173183 -0.227562
v 0.164733 0.173285 -0.207450
v 0.164733 0.173285 -0.207450
v 0.165309 0.173352 -0.207855
v 0.146018 0.189015 -0.226204
v 0.150313 0.173251 -0.228001
v 0.136598 0.218396 -0.221000
v 0.145477 0.188843 -0.225813
v 0.135833 0.218154 -0.220531
v 0.149762 0.173183 -0.227562
v 0.151114 0.164157 -0.228540
v 0.150574 0.164170 -0.228058
v 0.148850 0.150681 -0.225509
v 0.149371 0.150558 -0.226076
v 0.143852 0.139668 -0.222558
v 0.144215 0.139186 -0.223062
v 0.135458 0.134555 -0.217723
v 0.135503 0.133775 -0.217952
v 0.148810 0.133781 -0.196439
v 0.158173 0.140147 -0.202014
v 0.164464 0.151329 -0.205721
v 0.166469 0.164378 -0.208184
v 0.157697 0.140654 -0.201704
v 0.148654 0.134551 -0.196375
v 0.163849 0.151480 -0.205301
v 0.139475 0.133950 -0.188741
v 0.126260 0.134850 -0.210670
v 0.126442 0.135636 -0.210555
v 0.139555 0.134696 -0.188741
v 0.148654 0.134551 -0.196375
v 0.126442 0.135636 -0.210555
v 0.135458 0.134555 -0.217723
v 0.122303 0.141336 -0.207630
v 0.135742 0.139628 -0.184933
v 0.143852 0.139668 -0.222558
v 0.157697 0.140654 -0.201704
v 0.163849 0.151480 -0.205301
v 0.148850 0.150681 -0.225509
v 0.150574 0.164170 -0.228058
v 0.165873 0.164400 -0.207775
v 0.122303 0.141336 -0.207630
v 0.122166 0.140599 -0.207685
v 0.135653 0.138928 -0.185144
v 0.165873 0.164400 -0.207775
v 0.139555 0.134696 -0.188741
v 0.135742 0.139628 -0.184933
v 0.146165 0.216560 -0.197542
v 0.133343 0.215908 -0.219099
v 0.073781 0.298592 0.239409
v 0.121818 0.153724 0.263083
v 0.043803 0.285218 0.220532
v 0.094837 0.140632 0.244521
v 0.122855 0.149572 0.261827
v 0.096789 0.138050 0.244796
v 0.153229 0.156225 0.214756
v 0.153405 0.151768 0.214509
v 0.096789 0.138050 0.244796
v 0.125839 0.138787 0.195647
v 0.183934 0.152699 0.163224
v 0.184024 0.157392 0.162147
v 0.104140 0.299612 0.193178
v 0.135217 0.302051 0.140437
v 0.156750 0.143470 0.145481
v 0.106693 0.289185 0.121381
v 0.157624 0.141010 0.147097
v 0.072755 0.286256 0.172620
v 0.123665 0.142453 0.194488
v 0.106693 0.289185 0.121381
v 0.156750 0.143470 0.145481
v 0.102961 0.303917 0.192620
v 0.134053 0.305573 0.140065
v 0.106337 0.293943 0.119481
v 0.072673 0.302336 0.238684
v 0.041773 0.289640 0.220812
v 0.071739 0.302698 0.235235
v 0.043805 0.290623 0.220420
v 0.100886 0.304307 0.191317
v 0.108758 0.268674 0.193772
v 0.100886 0.304307 0.191317
v 0.081797 0.266118 0.235064
v 0.071739 0.302698 0.235235
v 0.130749 0.305904 0.140899
v 0.125839 0.138787 0.195647
v 0.096789 0.138050 0.244796
v 0.094837 0.140632 0.244521
v 0.043803 0.285218 0.220532
v 0.157624 0.141010 0.147097
v 0.157624 0.141010 0.147097
v 0.043805 0.290623 0.220420
v 0.075170 0.292275 0.174499
v 0.063065 0.258419 0.224539
v 0.089628 0.260372 0.180959
v 0.071739 0.302698 0.235235
v 0.043805 0.290623 0.220420
v 0.105502 0.300094 0.117173
v 0.106337 0.293943 0.119481
v 0.106841 0.300383 0.118192
v 0.106982 0.294987 0.122125
v 0.106841 0.300383 0.118192
v 0.106982 0.294987 0.122125
v 0.073930 0.298273 0.174032
v 0.075170 0.292275 0.174499
v 0.106982 0.294987 0.122125
v 0.106337 0.293943 0.119481
v 0.071367 0.290758 0.171998
v 0.106982 0.294987 0.122125
v 0.130749 0.305904 0.140899
v 0.116449 0.261917 0.139189
v 0.133532 0.269536 0.151805
v 0.071367 0.290758 0.171998
v 0.070366 0.297517 0.171735
v 0.110261 0.306587 0.119831
v 0.109372 0.307480 0.119104
v 0.115995 0.311291 0.123406
v 0.116635 0.310020 0.123966
v 0.129711 0.311948 0.132198
v 0.129810 0.310432 0.132405
v 0.094528 0.309906 0.187423
v 0.080467 0.309105 0.178582
v 0.073810 0.305199 0.174296
v 0.082402 0.305883 0.179665
v 0.116635 0.310020 0.123966
v 0.076350 0.302935 0.175798
v 0.110261 0.306587 0.119831
v 0.095133 0.306101 0.187650
v 0.129810 0.310432 0.132405
v 0.106982 0.294987 0.122125
v 0.040240 0.295752 0.222031
v 0.042453 0.302265 0.224868
v 0.043805 0.290623 0.220420
v 0.042453 0.302265 0.224868
v 0.040240 0.295752 0.222031
v 0.041317 0.303162 0.224402
v 0.038853 0.295493 0.221232
v 0.041773 0.289640 0.220812
v 0.043805 0.290623 0.220420
v 0.048773 0.305693 0.228884
v 0.062540 0.306310 0.237376
v 0.047860 0.306967 0.228580
v 0.048773 0.305693 0.228884
v 0.062117 0.307790 0.237382
v 0.062540 0.306310 0.237376
v 0.135822 0.307935 0.136372
v 0.100953 0.303758 0.191344
v 0.138839 0.301842 0.138221
v 0.103762 0.297324 0.192869
v 0.130749 0.305904 0.140899
v 0.041773 0.289640 0.220812
v 0.069677 0.304301 0.241770
v 0.073282 0.298147 0.243632
v 0.073282 0.298147 0.243632
v 0.069677 0.304301 0.241770
v 0.073836 0.299624 0.244234
v 0.069849 0.305800 0.242125
v 0.087265 0.263978 0.250553
v 0.088235 0.265016 0.251402
v 0.087265 0.263978 0.250553
v 0.119651 0.266545 0.199120
v 0.101041 0.228193 0.257496
v 0.132575 0.230070 0.204762
v 0.101041 0.228193 0.257496
v 0.102402 0.228875 0.258495
v 0.135908 0.221108 0.206298
v 0.105600 0.219367 0.257512
v 0.137872 0.217702 0.207359
v 0.108552 0.215884 0.256409
v 0.139048 0.216498 0.208057
v 0.110887 0.214631 0.254270
v 0.133170 0.215912 0.219234
v 0.167135 0.219352 0.159711
v 0.146009 0.216560 0.197687
v 0.133170 0.215912 0.219234
v 0.110887 0.214631 0.254270
v 0.132616 0.216784 0.224338
v 0.111584 0.214922 0.255382
v 0.108552 0.215884 0.256409
v 0.109822 0.216373 0.257178
v 0.106977 0.219966 0.258427
v 0.105600 0.219367 0.257512
v 0.115844 0.264064 0.216604
v 0.128087 0.228678 0.222765
v 0.165122 0.233067 0.150843
v 0.153221 0.270120 0.144711
v 0.165122 0.233067 0.150843
v 0.166491 0.233727 0.151676
v 0.153221 0.270120 0.144711
v 0.154341 0.271167 0.145334
v 0.134617 0.264187 0.185966
v 0.168765 0.224763 0.154885
v 0.167487 0.224164 0.154027
v 0.169080 0.221135 0.157649
v 0.167931 0.220632 0.156841
v 0.167487 0.224164 0.154027
v 0.167931 0.220632 0.156841
v 0.139584 0.303297 0.138573
v 0.138839 0.301842 0.138221
v 0.113965 0.287036 0.194863
v 0.104179 0.287257 0.210202
v 0.105496 0.301111 0.194147
v 0.101894 0.307754 0.192112
v 0.136304 0.309491 0.136547
v 0.123781 0.286803 0.179482
v 0.135822 0.307935 0.136372
v 0.146009 0.216560 0.197687
v 0.147237 0.217014 0.198837
v 0.150547 0.217874 0.193943
v 0.168322 0.219643 0.159913
v 0.167135 0.219352 0.159711
v 0.146590 0.229456 0.191942
v 0.134460 0.216403 0.220411
v 0.150092 0.230641 0.194960
v 0.147807 0.232769 0.199104
v 0.137129 0.264841 0.188253
v 0.134824 0.232023 0.220604
v 0.131866 0.229974 0.224778
v 0.118726 0.264733 0.217359
v 0.154375 0.219237 0.197208
v 0.151164 0.222686 0.200982
v 0.152919 0.219262 0.200592
v 0.138138 0.222054 0.222542
v 0.127938 0.264789 0.202816
v 0.121750 0.285168 0.185374
v 0.115097 0.284935 0.196097
v 0.121750 0.285168 0.185374
v 0.134617 0.264187 0.185966
v 0.146590 0.229456 0.191942
v 0.108471 0.284690 0.206801
v 0.115844 0.264064 0.216604
v 0.128087 0.228678 0.222765
v 0.115097 0.284935 0.196097
v 0.150547 0.217874 0.193943
v 0.153739 0.211421 0.197638
v 0.156242 0.212653 0.199354
v 0.154675 0.212828 0.201715
v 0.152069 0.211554 0.199809
v 0.147237 0.217014 0.198837
v 0.138535 0.218807 0.224044
v 0.134460 0.216403 0.220411
v 0.137945 0.210979 0.223146
v 0.140652 0.212199 0.225251
v 0.136062 0.218565 0.226956
v 0.139230 0.212039 0.227057
v 0.136764 0.211112 0.225832
v 0.132616 0.216784 0.224338
v 0.108471 0.284690 0.206801
v 0.150547 0.217874 0.193943
v 0.147237 0.217014 0.198837
v 0.153739 0.211421 0.197638
v 0.152069 0.211554 0.199809
v 0.132616 0.216784 0.224338
v 0.136764 0.211112 0.225832
v 0.134460 0.216403 0.220411
v 0.137945 0.210979 0.223146
v 0.161517 0.189140 0.207866
v 0.151044 0.218362 0.201213
v 0.162084 0.189303 0.208254
v 0.151700 0.218937 0.201639
v 0.161517 0.189140 0.207866
v 0.146757 0.188901 0.228850
v 0.151044 0.218362 0.201213
v 0.137117 0.218209 0.223546
v 0.166027 0.173340 0.210505
v 0.151040 0.173241 0.230605
v 0.166603 0.173410 0.210911
v 0.166027 0.173340 0.210505
v 0.147297 0.189073 0.229242
v 0.151590 0.173309 0.231045
v 0.137881 0.218454 0.224016
v 0.146757 0.188901 0.228850
v 0.137117 0.218209 0.223546
v 0.151040 0.173241 0.230605
v 0.152391 0.164216 0.231586
v 0.151853 0.164228 0.231103
v 0.150651 0.150617 0.229121
v 0.150130 0.150739 0.228552
v 0.145134 0.139727 0.225599
v 0.145497 0.139241 0.226101
v 0.136790 0.133830 0.220985
v 0.136744 0.134613 0.220755
v 0.150114 0.133839 0.199481
v 0.159472 0.140205 0.205064
v 0.165759 0.151384 0.208777
v 0.167762 0.164433 0.211241
v 0.158996 0.140712 0.204754
v 0.149957 0.134610 0.199417
v 0.165145 0.151535 0.208356
v 0.140784 0.134008 0.191776
v 0.127552 0.134908 0.213695
v 0.127733 0.135694 0.213580
v 0.136744 0.134613 0.220755
v 0.149957 0.134610 0.199417
v 0.127733 0.135694 0.213580
v 0.140864 0.134754 0.191776
v 0.137055 0.139687 0.187964
v 0.123596 0.141394 0.210652
v 0.145134 0.139727 0.225599
v 0.158996 0.140712 0.204754
v 0.150130 0.150739 0.228552
v 0.165145 0.151535 0.208356
v 0.167167 0.164458 0.210833
v 0.151853 0.164228 0.231103
v 0.123596 0.141394 0.210652
v 0.123460 0.140657 0.210707
v 0.136965 0.138983 0.188175
v 0.167167 0.164458 0.210833
v 0.140864 0.134754 0.191776
v 0.137055 0.139687 0.187964
v 0.133170 0.215912 0.219234
v 0.146009 0.216560 0.197687
v -0.184292 0.647201 0.213576
v -0.178746 0.688922 0.218083
v -0.202606 0.655791 0.164742
v -0.194098 0.704192 0.171449
v -0.194098 0.704192 0.171449
v -0.192574 0.703654 0.170876
v -0.202606 0.655791 0.164742
v -0.200097 0.655662 0.163649
v -0.182710 0.647116 0.213073
v -0.177244 0.688394 0.217500
v -0.184292 0.647201 0.213576
v -0.178746 0.688922 0.218083
v -0.169018 0.459323 0.201526
v -0.170211 0.477111 0.202267
v -0.191305 0.462971 0.151593
v -0.192237 0.483366 0.152407
v -0.191305 0.462971 0.151593
v -0.192237 0.483366 0.152407
v -0.189745 0.463118 0.150903
v -0.190670 0.483526 0.151750
v -0.167463 0.459461 0.200872
v -0.168654 0.477261 0.201639
v -0.169018 0.459323 0.201526
v -0.170211 0.477111 0.202267
v -0.167947 0.402676 0.192196
v -0.186181 0.404110 0.154150
v -0.186181 0.404110 0.154150
v -0.184635 0.404242 0.153388
v -0.166409 0.402801 0.191470
v -0.167947 0.402676 0.192196
v -0.160524 0.344094 0.190525
v -0.180223 0.344216 0.153008
v -0.180223 0.344216 0.153008
v -0.178694 0.344300 0.152176
v -0.159005 0.344174 0.189725
v -0.160524 0.344094 0.190525
v -0.154155 0.279748 0.190339
v -0.176555 0.279539 0.153791
v -0.176555 0.279539 0.153791
v -0.175056 0.279563 0.152881
v -0.152657 0.279772 0.189452
v -0.154155 0.279748 0.190339
v -0.140351 0.215322 0.186275
v -0.163159 0.215294 0.150438
v -0.163159 0.215294 0.150438
v -0.161694 0.215270 0.149504
v -0.138811 0.215288 0.185279
v -0.140351 0.215322 0.186275
v -0.173891 0.737676 0.174531
v -0.158195 0.724636 0.221882
v -0.173891 0.737676 0.174531
v -0.172476 0.736878 0.173964
v -0.156795 0.723863 0.221314
v -0.158195 0.724636 0.221882
v -0.114182 0.155066 0.163889
v -0.144603 0.154277 0.132701
v -0.143192 0.155423 0.131820
v -0.144603 0.154277 0.132701
v -0.114182 0.155066 0.163889
v -0.112556 0.155567 0.162629
v -0.242624 0.639886 0.180395
v -0.255290 0.643338 0.153465
v -0.248768 0.623716 0.181007
v -0.261384 0.627156 0.154150
v -0.228581 0.648543 0.175471
v -0.241225 0.651992 0.148600
v -0.213211 0.645644 0.168438
v -0.225771 0.649065 0.141745
v -0.203705 0.632543 0.162623
v -0.216159 0.635930 0.136140
v -0.203705 0.632543 0.162623
v -0.204512 0.615366 0.160879
v -0.216159 0.635930 0.136140
v -0.216886 0.618732 0.134518
v -0.215253 0.602157 0.164057
v -0.227612 0.605520 0.137673
v -0.230903 0.599092 0.170510
v -0.243319 0.602470 0.143989
v -0.244139 0.607608 0.177139
v -0.256657 0.611017 0.150440
v -0.242624 0.639886 0.180395
v -0.248768 0.623716 0.181007
v -0.244583 0.641747 0.181487
v -0.251441 0.623704 0.182162
v -0.228581 0.648543 0.175471
v -0.228910 0.652462 0.176008
v -0.213211 0.645644 0.168438
v -0.203705 0.632543 0.162623
v -0.199348 0.632770 0.160386
v -0.204512 0.615366 0.160879
v -0.198772 0.615206 0.158065
v -0.215253 0.602157 0.164057
v -0.197969 0.595011 0.155769
v -0.230903 0.599092 0.170510
v -0.229796 0.594452 0.170248
v -0.212485 0.594544 0.162764
v -0.244139 0.607608 0.177139
v -0.246275 0.605723 0.177858
v -0.251441 0.623704 0.182162
v -0.228818 0.617467 0.229280
v -0.244583 0.641747 0.181487
v -0.222016 0.635528 0.228418
v -0.228910 0.652462 0.176008
v -0.206319 0.646237 0.222956
v -0.246275 0.605723 0.177858
v -0.229796 0.594452 0.170248
v -0.223542 0.599454 0.225305
v -0.207077 0.588187 0.217749
v -0.222016 0.635528 0.228418
v -0.228818 0.617467 0.229280
v -0.219893 0.633522 0.227290
v -0.225934 0.617479 0.228066
v -0.206319 0.646237 0.222956
v -0.205949 0.642100 0.222424
v -0.190627 0.639198 0.215623
v -0.180122 0.608088 0.208186
v -0.179970 0.626462 0.209911
v -0.181818 0.609128 0.208631
v -0.181097 0.626179 0.210114
v -0.189688 0.588254 0.210427
v -0.178943 0.589596 0.205539
v -0.192452 0.596027 0.211906
v -0.207077 0.588187 0.217749
v -0.208024 0.593005 0.218213
v -0.223542 0.599454 0.225305
v -0.221247 0.601478 0.224520
v -0.225934 0.617479 0.228066
v -0.217553 0.615301 0.245545
v -0.219893 0.633522 0.227290
v -0.211511 0.631345 0.244746
v -0.205949 0.642100 0.222424
v -0.197566 0.639923 0.239869
v -0.190627 0.639198 0.215623
v -0.182246 0.637024 0.233068
v -0.181097 0.626179 0.210114
v -0.172716 0.624002 0.227573
v -0.181818 0.609128 0.208631
v -0.181097 0.626179 0.210114
v -0.173437 0.606951 0.226119
v -0.172716 0.624002 0.227573
v -0.192452 0.596027 0.211906
v -0.184071 0.593850 0.229423
v -0.208024 0.593005 0.218213
v -0.199643 0.590828 0.235738
v -0.221247 0.601478 0.224520
v -0.212866 0.599301 0.242026
v -0.202142 0.625939 0.253717
v -0.206739 0.613732 0.254353
v -0.191532 0.632466 0.249981
v -0.179873 0.630258 0.244814
v -0.172622 0.620350 0.240664
v -0.172622 0.620350 0.240664
v -0.173171 0.607378 0.239572
v -0.181263 0.597409 0.242065
v -0.193111 0.595109 0.246861
v -0.203173 0.601555 0.251670
v -0.192584 0.618904 0.256757
v -0.194867 0.612844 0.257091
v -0.187318 0.622144 0.254884
v -0.181529 0.621050 0.252326
v -0.177929 0.616130 0.250288
v -0.177929 0.616130 0.250288
v -0.178202 0.609690 0.249750
v -0.182219 0.604740 0.250965
v -0.188101 0.603601 0.253338
v -0.193096 0.606800 0.255746
v -0.185194 0.612577 0.255551
v -0.185194 0.612577 0.255551
v -0.261384 0.627156 0.154150
v -0.255290 0.643338 0.153465
v -0.238256 0.627248 0.144435
v -0.241225 0.651992 0.148600
v -0.225771 0.649065 0.141745
v -0.216159 0.635930 0.136140
v -0.216886 0.618732 0.134518
v -0.227612 0.605520 0.137673
v -0.243319 0.602470 0.143989
v -0.256657 0.611017 0.150440
v -0.241804 0.581157 0.174944
v -0.254470 0.584609 0.147783
v -0.247949 0.564990 0.176463
v -0.260564 0.568427 0.149285
v -0.227761 0.589817 0.169607
v -0.240406 0.593263 0.142558
v -0.212391 0.586915 0.162688
v -0.224951 0.590336 0.135794
v -0.202885 0.573814 0.157507
v -0.215339 0.577204 0.130724
v -0.202885 0.573814 0.157507
v -0.203692 0.556640 0.156721
v -0.215339 0.577204 0.130724
v -0.216067 0.560006 0.129948
v -0.214433 0.543431 0.160667
v -0.226793 0.546791 0.133816
v -0.230084 0.540366 0.167338
v -0.242499 0.543745 0.140367
v -0.243320 0.548879 0.173536
v -0.255837 0.552288 0.146439
v -0.241804 0.581157 0.174944
v -0.247949 0.564990 0.176463
v -0.243764 0.583021 0.175944
v -0.250622 0.564975 0.177622
v -0.227761 0.589817 0.169607
v -0.212391 0.586915 0.162688
v -0.202885 0.573814 0.157507
v -0.196985 0.575518 0.154098
v -0.203692 0.556640 0.156721
v -0.195618 0.555602 0.153437
v -0.214433 0.543431 0.160667
v -0.194392 0.537744 0.153053
v -0.230084 0.540366 0.167338
v -0.230267 0.536607 0.168303
v -0.211101 0.536700 0.159975
v -0.243320 0.548879 0.173536
v -0.245456 0.546994 0.174368
v -0.250622 0.564975 0.177622
v -0.227999 0.558737 0.225193
v -0.243764 0.583021 0.175944
v -0.221197 0.576799 0.223245
v -0.245456 0.546994 0.174368
v -0.230267 0.536607 0.168303
v -0.222722 0.540725 0.222309
v -0.207548 0.530342 0.216317
v -0.221197 0.576799 0.223245
v -0.227999 0.558737 0.225193
v -0.219073 0.574793 0.222231
v -0.225115 0.558750 0.223978
v -0.205129 0.583371 0.216899
v -0.189808 0.580471 0.210248
v -0.177131 0.567607 0.203840
v -0.180278 0.567451 0.205483
v -0.175482 0.549619 0.203226
v -0.180999 0.550399 0.205050
v -0.188304 0.530410 0.208216
v -0.187859 0.523512 0.208562
v -0.173790 0.531690 0.202912
v -0.191633 0.537298 0.209092
v -0.207548 0.530342 0.216317
v -0.207205 0.534279 0.215567
v -0.222722 0.540725 0.222309
v -0.220427 0.542750 0.221408
v -0.225115 0.558750 0.223978
v -0.216733 0.556572 0.241573
v -0.219073 0.574793 0.222231
v -0.210691 0.572615 0.239803
v -0.205129 0.583371 0.216899
v -0.196747 0.581193 0.234452
v -0.189808 0.580471 0.210248
v -0.181426 0.578294 0.227810
v -0.180278 0.567451 0.205483
v -0.171897 0.565273 0.223082
v -0.180999 0.550399 0.205050
v -0.180278 0.567451 0.205483
v -0.172617 0.548222 0.222682
v -0.171897 0.565273 0.223082
v -0.191633 0.537298 0.209092
v -0.183252 0.535121 0.226732
v -0.207205 0.534279 0.215567
v -0.198823 0.532099 0.233194
v -0.220427 0.542750 0.221408
v -0.212046 0.540572 0.239019
v -0.201322 0.567210 0.249081
v -0.205920 0.555003 0.250458
v -0.190712 0.573737 0.244967
v -0.179054 0.571532 0.239934
v -0.171803 0.561624 0.236388
v -0.171803 0.561624 0.236388
v -0.172351 0.548649 0.236096
v -0.180443 0.538680 0.239163
v -0.192292 0.536383 0.244071
v -0.202353 0.542829 0.248508
v -0.191765 0.560178 0.252541
v -0.194047 0.554115 0.253243
v -0.186498 0.563417 0.250475
v -0.180710 0.562321 0.247988
v -0.177110 0.557401 0.246256
v -0.177110 0.557401 0.246256
v -0.177382 0.550961 0.246113
v -0.181400 0.546014 0.247621
v -0.187281 0.544871 0.250053
v -0.192277 0.548072 0.252267
v -0.184375 0.553848 0.251723
v -0.184375 0.553848 0.251723
v -0.260564 0.568427 0.149285
v -0.254470 0.584609 0.147783
v -0.237436 0.568519 0.139504
v -0.240406 0.593263 0.142558
v -0.224951 0.590336 0.135794
v -0.215339 0.577204 0.130724
v -0.216067 0.560006 0.129948
v -0.226793 0.546791 0.133816
v -0.242499 0.543745 0.140367
v -0.255837 0.552288 0.146439
v -0.239855 0.524197 0.173046
v -0.252521 0.527648 0.145447
v -0.246000 0.508031 0.174949
v -0.258616 0.511467 0.147367
v -0.225812 0.532854 0.167323
v -0.238456 0.536303 0.139804
v -0.210442 0.529955 0.160460
v -0.223003 0.533376 0.133059
v -0.200936 0.516853 0.155619
v -0.213390 0.520244 0.128304
v -0.200936 0.516853 0.155619
v -0.201742 0.499680 0.155006
v -0.213390 0.520244 0.128304
v -0.214117 0.503046 0.127721
v -0.212484 0.486468 0.158899
v -0.224843 0.489831 0.131602
v -0.228134 0.483403 0.165608
v -0.240550 0.486784 0.138244
v -0.241371 0.491919 0.172011
v -0.253888 0.495328 0.144533
v -0.239855 0.524197 0.173046
v -0.246000 0.508031 0.174949
v -0.241815 0.526057 0.173990
v -0.248672 0.508015 0.176119
v -0.225812 0.532854 0.167323
v -0.210442 0.529955 0.160460
v -0.200936 0.516853 0.155619
v -0.193098 0.518905 0.152713
v -0.201742 0.499680 0.155006
v -0.191732 0.499004 0.152266
v -0.212484 0.486468 0.158899
v -0.211266 0.483953 0.158180
v -0.228134 0.483403 0.165608
v -0.228734 0.480531 0.165663
v -0.241371 0.491919 0.172011
v -0.243506 0.490034 0.172833
v -0.248672 0.508015 0.176119
v -0.226050 0.501777 0.223979
v -0.241815 0.526057 0.173990
v -0.219248 0.519839 0.221695
v -0.228734 0.480531 0.165663
v -0.211266 0.483953 0.158180
v -0.205886 0.474226 0.214167
v -0.188356 0.477629 0.206942
v -0.243506 0.490034 0.172833
v -0.220773 0.483765 0.220991
v -0.219248 0.519839 0.221695
v -0.226050 0.501777 0.223979
v -0.217123 0.517834 0.220740
v -0.223165 0.501790 0.222764
v -0.203180 0.526411 0.215115
v -0.170084 0.492414 0.202177
v -0.171887 0.511516 0.202601
v -0.179050 0.493439 0.203788
v -0.178328 0.510490 0.204125
v -0.188356 0.477629 0.206942
v -0.189684 0.480338 0.207657
v -0.205886 0.474226 0.214167
v -0.205255 0.477316 0.214084
v -0.220773 0.483765 0.220991
v -0.218479 0.485789 0.220121
v -0.223165 0.501790 0.222764
v -0.214784 0.499612 0.240360
v -0.217123 0.517834 0.220740
v -0.208742 0.515656 0.238353
v -0.203180 0.526411 0.215115
v -0.194798 0.524233 0.232746
v -0.187859 0.523512 0.208562
v -0.179477 0.521335 0.226213
v -0.178328 0.510490 0.204125
v -0.169947 0.508313 0.221796
v -0.179050 0.493439 0.203788
v -0.178328 0.510490 0.204125
v -0.170668 0.491262 0.221460
v -0.169947 0.508313 0.221796
v -0.189684 0.480338 0.207657
v -0.181302 0.478161 0.225303
v -0.205255 0.477316 0.214084
v -0.196873 0.475139 0.231693
v -0.218479 0.485789 0.220121
v -0.210097 0.483612 0.237712
v -0.199373 0.510251 0.247724
v -0.203970 0.498043 0.249230
v -0.188763 0.516777 0.243475
v -0.177105 0.514572 0.238511
v -0.169854 0.504661 0.235144
v -0.169854 0.504661 0.235144
v -0.170402 0.491689 0.234883
v -0.178494 0.481720 0.237822
v -0.190343 0.479420 0.242680
v -0.200405 0.485866 0.247223
v -0.189816 0.503215 0.251272
v -0.192098 0.497156 0.252008
v -0.184548 0.506458 0.249175
v -0.178760 0.505361 0.246711
v -0.175161 0.500442 0.245028
v -0.175161 0.500442 0.245028
v -0.175433 0.494002 0.244897
v -0.179450 0.489054 0.246373
v -0.185333 0.487911 0.248788
v -0.190328 0.491111 0.251021
v -0.182426 0.496888 0.250493
v -0.182426 0.496888 0.250493
v -0.258616 0.511467 0.147367
v -0.252521 0.527648 0.145447
v -0.235487 0.511559 0.137409
v -0.238456 0.536303 0.139804
v -0.223003 0.533376 0.133059
v -0.213390 0.520244 0.128304
v -0.214117 0.503046 0.127721
v -0.224843 0.489831 0.131602
v -0.240550 0.486784 0.138244
v -0.253888 0.495328 0.144533
v -0.177321 0.652272 -0.218937
v -0.200934 0.667040 -0.160869
v -0.169587 0.685197 -0.221961
v -0.192304 0.703292 -0.162695
v -0.197695 0.666574 -0.159588
v -0.189945 0.702736 -0.161675
v -0.175037 0.652321 -0.217964
v -0.167315 0.684681 -0.220922
v -0.173769 0.616204 -0.215458
v -0.200215 0.631590 -0.155921
v -0.197821 0.631747 -0.154962
v -0.171501 0.616367 -0.214519
v -0.170473 0.564155 -0.206657
v -0.196190 0.574652 -0.150244
v -0.193824 0.574883 -0.149232
v -0.168186 0.564382 -0.205693
v -0.166194 0.508224 -0.205994
v -0.191599 0.514673 -0.146710
v -0.189268 0.514922 -0.145628
v -0.163898 0.508463 -0.204971
v -0.161756 0.449780 -0.202810
v -0.188441 0.454494 -0.143896
v -0.186127 0.454701 -0.142758
v -0.159470 0.449970 -0.201741
v -0.186445 0.393653 -0.139518
v -0.159270 0.392363 -0.199466
v -0.184136 0.393840 -0.138329
v -0.156982 0.392541 -0.198339
v -0.150839 0.333886 -0.198048
v -0.182195 0.331628 -0.138408
v -0.179901 0.331803 -0.137176
v -0.148553 0.334058 -0.196862
v -0.139520 0.270292 -0.195010
v -0.173230 0.266686 -0.137847
v -0.170961 0.266806 -0.136573
v -0.137244 0.270421 -0.193750
v -0.164759 0.203197 -0.133512
v -0.124924 0.207482 -0.191267
v -0.161728 0.203001 -0.132948
v -0.123112 0.207402 -0.189942
v -0.144729 0.151452 -0.119759
v -0.104290 0.158933 -0.179707
v -0.141116 0.153279 -0.119694
v -0.098184 0.156958 -0.178075
v -0.176657 0.732385 -0.167086
v -0.156875 0.711934 -0.225563
v -0.174382 0.731426 -0.166094
v -0.154705 0.711047 -0.224570
v -0.154705 0.711047 -0.224570
v -0.174382 0.731426 -0.166094
v -0.167315 0.684681 -0.220922
v -0.189945 0.702736 -0.161675
v -0.175037 0.652321 -0.217964
v -0.197695 0.666574 -0.159588
v -0.171501 0.616367 -0.214519
v -0.197821 0.631747 -0.154962
v -0.168186 0.564382 -0.205693
v -0.193824 0.574883 -0.149232
v -0.163898 0.508463 -0.204971
v -0.189268 0.514922 -0.145628
v -0.159470 0.449970 -0.201741
v -0.186127 0.454701 -0.142758
v -0.156982 0.392541 -0.198339
v -0.184136 0.393840 -0.138329
v -0.148553 0.334058 -0.196862
v -0.179901 0.331803 -0.137176
v -0.137244 0.270421 -0.193750
v -0.170961 0.266806 -0.136573
v -0.123112 0.207402 -0.189942
v -0.161728 0.203001 -0.132948
v -0.098184 0.156958 -0.178075
v -0.141116 0.153279 -0.119694
v -0.177504 0.652272 0.218814
v -0.169772 0.685197 0.221844
v -0.201068 0.667040 0.160729
v -0.192440 0.703292 0.162561
v -0.197829 0.666574 0.159450
v -0.190079 0.702736 0.161543
v -0.167499 0.684681 0.220807
v -0.175219 0.652321 0.217843
v -0.173949 0.616204 0.215338
v -0.200345 0.631590 0.155781
v -0.197950 0.631747 0.154824
v -0.171680 0.616367 0.214401
v -0.170644 0.564155 0.206539
v -0.196314 0.574652 0.150107
v -0.193947 0.574883 0.149096
v -0.168356 0.564382 0.205577
v -0.166361 0.508224 0.205879
v -0.191717 0.514673 0.146574
v -0.189385 0.514922 0.145494
v -0.164062 0.508461 0.204857
v -0.161917 0.449780 0.202697
v -0.188555 0.454494 0.143760
v -0.186239 0.454701 0.142623
v -0.159630 0.449970 0.201631
v -0.159428 0.392363 0.199355
v -0.186554 0.393653 0.139382
v -0.184244 0.393840 0.138196
v -0.157139 0.392541 0.198230
v -0.150996 0.333886 0.197937
v -0.182304 0.331628 0.138270
v -0.180009 0.331803 0.137040
v -0.148710 0.334060 0.196752
v -0.139674 0.270292 0.194897
v -0.173338 0.266686 0.137707
v -0.171068 0.266806 0.136435
v -0.137397 0.270421 0.193640
v -0.125075 0.207482 0.191157
v -0.164865 0.203197 0.133370
v -0.161833 0.203001 0.132809
v -0.123262 0.207402 0.189833
v -0.104431 0.158933 0.179613
v -0.144824 0.151452 0.119634
v -0.141211 0.153279 0.119572
v -0.098325 0.156958 0.177986
v -0.176796 0.732385 0.166963
v -0.157063 0.711934 0.225456
v -0.174520 0.731426 0.165974
v -0.154892 0.711047 0.224464
v -0.190079 0.702736 0.161543
v -0.174520 0.731426 0.165974
v -0.167499 0.684681 0.220807
v -0.154892 0.711047 0.224464
v -0.175219 0.652321 0.217843
v -0.197829 0.666574 0.159450
v -0.171680 0.616367 0.214401
v -0.197950 0.631747 0.154824
v -0.168356 0.564382 0.205577
v -0.193947 0.574883 0.149096
v -0.164062 0.508461 0.204857
v -0.189385 0.514922 0.145494
v -0.159630 0.449970 0.201631
v -0.186239 0.454701 0.142623
v -0.184244 0.393840 0.138196
v -0.157139 0.392541 0.198230
v -0.148710 0.334060 0.196752
v -0.180009 0.331803 0.137040
v -0.137397 0.270421 0.193640
v -0.171068 0.266806 0.136435
v -0.161833 0.203001 0.132809
v -0.123262 0.207402 0.189833
v -0.098325 0.156958 0.177986
v -0.141211 0.153279 0.119572
v -0.200651 0.150976 -0.065145
v -0.199201 0.139278 -0.035696
v -0.210662 0.149419 -0.062423
v -0.212015 0.135445 -0.033705
v -0.202152 0.149935 0.061241
v -0.211915 0.149901 0.061893
v -0.199400 0.138793 0.035932
v -0.212253 0.134745 0.033752
v -0.220026 0.162846 0.043472
v -0.216834 0.137859 0.031772
v -0.216256 0.152358 0.059021
v -0.219660 0.162901 -0.043409
v -0.215815 0.152334 -0.058983
v -0.216625 0.138504 -0.031776
v -0.201692 0.168782 0.073471
v -0.212636 0.170800 0.078326
v -0.202853 0.240499 0.060965
v -0.213891 0.240883 0.061493
v -0.201190 0.221443 0.073733
v -0.213622 0.219388 0.078613
v -0.220681 0.230724 0.045898
v -0.218248 0.218089 0.074646
v -0.218099 0.238665 0.058364
v -0.217208 0.172594 0.074617
v -0.200666 0.251015 0.035671
v -0.214474 0.254589 0.033407
v -0.199707 0.240431 -0.062237
v -0.213566 0.240505 -0.061681
v -0.199774 0.250658 -0.038409
v -0.214298 0.253714 -0.033721
v -0.220295 0.230417 -0.046127
v -0.218844 0.251040 -0.031730
v -0.217674 0.238306 -0.058565
v -0.219036 0.251914 0.031421
v -0.199838 0.220494 -0.076366
v -0.213199 0.219191 -0.078728
v -0.200135 0.168844 -0.075893
v -0.212200 0.170355 -0.078275
v -0.216645 0.172271 -0.074645
v -0.217687 0.217923 -0.074825
v -0.225532 0.195950 0.000468
v -0.220162 0.155586 0.000845
v -0.222074 0.196241 0.051768
v -0.197928 0.134672 0.000994
v -0.212630 0.130790 0.000948
v -0.200113 0.254599 0.000827
v -0.215116 0.257685 0.000766
v -0.219350 0.254756 0.000758
v -0.221675 0.235994 0.000728
v -0.221661 0.196072 -0.051713
v -0.201631 0.194819 0.079036
v -0.213529 0.194690 0.083902
v -0.213057 0.194343 -0.083921
v -0.200130 0.194309 -0.081668
v -0.217287 0.134094 0.000932
v -0.218237 0.195034 0.079853
v -0.217641 0.194770 -0.079934
v -0.184114 0.647201 -0.213704
v -0.202469 0.655791 -0.164884
v -0.178565 0.688922 -0.218207
v -0.193955 0.704192 -0.171584
v -0.199961 0.655659 -0.163789
v -0.192431 0.703654 -0.171010
v -0.202469 0.655791 -0.164884
v -0.193955 0.704192 -0.171584
v -0.182532 0.647116 -0.213200
v -0.184114 0.647201 -0.213704
v -0.177063 0.688394 -0.217623
v -0.178565 0.688922 -0.218207
v -0.168857 0.459323 -0.201645
v -0.191184 0.462971 -0.151731
v -0.170049 0.477111 -0.202386
v -0.192116 0.483369 -0.152545
v -0.191184 0.462971 -0.151731
v -0.189626 0.463118 -0.151039
v -0.192116 0.483369 -0.152545
v -0.190549 0.483526 -0.151886
v -0.167303 0.459461 -0.200989
v -0.168857 0.459323 -0.201645
v -0.168493 0.477261 -0.201757
v -0.170049 0.477111 -0.202386
v -0.167796 0.402676 -0.192314
v -0.186060 0.404110 -0.154284
v -0.186060 0.404110 -0.154284
v -0.184514 0.404242 -0.153521
v -0.166258 0.402801 -0.191587
v -0.167796 0.402676 -0.192314
v -0.160373 0.344094 -0.190644
v -0.180102 0.344216 -0.153144
v -0.178574 0.344300 -0.152311
v -0.180102 0.344216 -0.153144
v -0.158855 0.344174 -0.189843
v -0.160373 0.344094 -0.190644
v -0.154005 0.279748 -0.190462
v -0.176434 0.279539 -0.153932
v -0.174935 0.279563 -0.153021
v -0.176434 0.279539 -0.153932
v -0.152506 0.279772 -0.189575
v -0.154005 0.279748 -0.190462
v -0.140205 0.215325 -0.186396
v -0.163040 0.215294 -0.150579
v -0.161576 0.215270 -0.149643
v -0.163040 0.215294 -0.150579
v -0.138664 0.215288 -0.185400
v -0.140205 0.215325 -0.186396
v -0.173745 0.737676 -0.174651
v -0.158010 0.724636 -0.221991
v -0.173745 0.737676 -0.174651
v -0.172331 0.736881 -0.174084
v -0.158010 0.724636 -0.221991
v -0.156612 0.723863 -0.221421
v -0.114052 0.155066 -0.163991
v -0.144498 0.154277 -0.132828
v -0.144498 0.154277 -0.132828
v -0.143088 0.155423 -0.131944
v -0.114052 0.155066 -0.163991
v -0.112428 0.155567 -0.162730
v -0.261255 0.627156 -0.154336
v -0.255162 0.643338 -0.153646
v -0.248617 0.623716 -0.181184
v -0.242473 0.639886 -0.180567
v -0.228434 0.648543 -0.175633
v -0.241101 0.651992 -0.148771
v -0.213070 0.645644 -0.168588
v -0.225652 0.649065 -0.141904
v -0.203568 0.632543 -0.162766
v -0.216045 0.635930 -0.136291
v -0.203568 0.632543 -0.162766
v -0.216045 0.635930 -0.136291
v -0.204377 0.615366 -0.161021
v -0.216774 0.618732 -0.134671
v -0.215116 0.602157 -0.164208
v -0.227497 0.605520 -0.137833
v -0.243198 0.602470 -0.144161
v -0.230760 0.599092 -0.170673
v -0.256530 0.611017 -0.150622
v -0.243992 0.607608 -0.177312
v -0.242473 0.639886 -0.180567
v -0.244432 0.641747 -0.181660
v -0.248617 0.623716 -0.181184
v -0.251289 0.623704 -0.182340
v -0.228764 0.652465 -0.176170
v -0.228434 0.648543 -0.175633
v -0.213070 0.645644 -0.168588
v -0.203568 0.632543 -0.162766
v -0.199213 0.632770 -0.160526
v -0.198640 0.615206 -0.158204
v -0.204377 0.615366 -0.161021
v -0.197839 0.595011 -0.155908
v -0.215116 0.602157 -0.164208
v -0.230760 0.599092 -0.170673
v -0.229654 0.594452 -0.170410
v -0.212350 0.594544 -0.162914
v -0.243992 0.607608 -0.177312
v -0.246127 0.605723 -0.178032
v -0.221826 0.635528 -0.228574
v -0.228627 0.617467 -0.229442
v -0.244432 0.641747 -0.181660
v -0.251289 0.623704 -0.182340
v -0.228764 0.652465 -0.176170
v -0.206133 0.646237 -0.223101
v -0.246127 0.605723 -0.178032
v -0.223354 0.599454 -0.225462
v -0.229654 0.594452 -0.170410
v -0.206897 0.588187 -0.217895
v -0.221826 0.635528 -0.228574
v -0.219702 0.633522 -0.227445
v -0.228627 0.617467 -0.229442
v -0.225744 0.617479 -0.228225
v -0.206133 0.646237 -0.223101
v -0.205763 0.642100 -0.222568
v -0.190447 0.639201 -0.215756
v -0.179949 0.608088 -0.208311
v -0.181645 0.609128 -0.208757
v -0.179794 0.626462 -0.210036
v -0.180922 0.626176 -0.210239
v -0.189513 0.588254 -0.210559
v -0.192276 0.596027 -0.212040
v -0.178772 0.589596 -0.205663
v -0.207843 0.593005 -0.218359
v -0.206897 0.588187 -0.217895
v -0.221060 0.601478 -0.224676
v -0.223354 0.599454 -0.225462
v -0.211306 0.631345 -0.244895
v -0.217347 0.615301 -0.245698
v -0.219702 0.633522 -0.227445
v -0.225744 0.617479 -0.228225
v -0.197366 0.639923 -0.240007
v -0.205763 0.642100 -0.222568
v -0.182051 0.637024 -0.233195
v -0.190447 0.639201 -0.215756
v -0.172525 0.624002 -0.227692
v -0.180922 0.626176 -0.210239
v -0.181645 0.609128 -0.208757
v -0.173248 0.606951 -0.226240
v -0.180922 0.626176 -0.210239
v -0.172525 0.624002 -0.227692
v -0.192276 0.596027 -0.212040
v -0.183879 0.593850 -0.229550
v -0.207843 0.593005 -0.218359
v -0.199446 0.590828 -0.235877
v -0.221060 0.601478 -0.224676
v -0.212664 0.599301 -0.242176
v -0.201930 0.625939 -0.253858
v -0.206527 0.613732 -0.254498
v -0.191323 0.632466 -0.250114
v -0.179669 0.630258 -0.244939
v -0.172421 0.620350 -0.240783
v -0.172971 0.607378 -0.239692
v -0.172421 0.620350 -0.240783
v -0.181061 0.597409 -0.242191
v -0.192906 0.595109 -0.246996
v -0.202963 0.601555 -0.251812
v -0.192370 0.618904 -0.256892
v -0.194652 0.612844 -0.257227
v -0.187104 0.622144 -0.255015
v -0.181319 0.621050 -0.252452
v -0.177721 0.616130 -0.250411
v -0.177993 0.609690 -0.249873
v -0.177721 0.616130 -0.250411
v -0.182010 0.604740 -0.251092
v -0.187890 0.603601 -0.253469
v -0.192883 0.606800 -0.255881
v -0.184981 0.612577 -0.255680
v -0.184981 0.612577 -0.255680
v -0.261255 0.627156 -0.154336
v -0.238135 0.627248 -0.144603
v -0.255162 0.643338 -0.153646
v -0.241101 0.651992 -0.148771
v -0.225652 0.649065 -0.141904
v -0.216045 0.635930 -0.136291
v -0.216774 0.618732 -0.134671
v -0.227497 0.605520 -0.137833
v -0.243198 0.602470 -0.144161
v -0.256530 0.611017 -0.150622
v -0.260442 0.568427 -0.149471
v -0.254347 0.584609 -0.147963
v -0.247803 0.564990 -0.176639
v -0.241659 0.581157 -0.175115
v -0.227621 0.589817 -0.169768
v -0.240287 0.593263 -0.142728
v -0.212256 0.586915 -0.162837
v -0.224839 0.590339 -0.135953
v -0.202755 0.573814 -0.157649
v -0.215231 0.577204 -0.130877
v -0.202755 0.573814 -0.157649
v -0.215231 0.577204 -0.130877
v -0.203563 0.556640 -0.156864
v -0.215960 0.560006 -0.130102
v -0.214302 0.543428 -0.160819
v -0.226683 0.546791 -0.133978
v -0.242385 0.543745 -0.140541
v -0.229947 0.540366 -0.167501
v -0.255717 0.552288 -0.146622
v -0.243177 0.548879 -0.173709
v -0.241659 0.581157 -0.175115
v -0.243618 0.583021 -0.176117
v -0.247803 0.564990 -0.176639
v -0.250475 0.564975 -0.177800
v -0.227621 0.589817 -0.169768
v -0.212256 0.586915 -0.162837
v -0.202755 0.573814 -0.157649
v -0.196857 0.575518 -0.154235
v -0.195491 0.555602 -0.153574
v -0.203563 0.556640 -0.156864
v -0.214302 0.543428 -0.160819
v -0.194267 0.537744 -0.153190
v -0.229947 0.540366 -0.167501
v -0.230130 0.536607 -0.168466
v -0.210970 0.536700 -0.160124
v -0.243177 0.548879 -0.173709
v -0.245313 0.546994 -0.174543
v -0.221012 0.576799 -0.223401
v -0.227813 0.558737 -0.225354
v -0.243618 0.583021 -0.176117
v -0.250475 0.564975 -0.177800
v -0.245313 0.546994 -0.174543
v -0.222540 0.540725 -0.222466
v -0.230130 0.536607 -0.168466
v -0.207371 0.530342 -0.216463
v -0.221012 0.576799 -0.223401
v -0.218889 0.574793 -0.222385
v -0.227813 0.558737 -0.225354
v -0.224930 0.558750 -0.224137
v -0.204949 0.583371 -0.217042
v -0.189634 0.580471 -0.210380
v -0.180108 0.567451 -0.205608
v -0.176962 0.567607 -0.203963
v -0.175315 0.549619 -0.203348
v -0.180830 0.550399 -0.205176
v -0.188134 0.530410 -0.208348
v -0.173624 0.531690 -0.203033
v -0.187689 0.523512 -0.208693
v -0.207029 0.534279 -0.215713
v -0.191462 0.537298 -0.209226
v -0.207371 0.530342 -0.216463
v -0.220246 0.542750 -0.221563
v -0.222540 0.540725 -0.222466
v -0.210492 0.572615 -0.239951
v -0.216534 0.556572 -0.241725
v -0.218889 0.574793 -0.222385
v -0.224930 0.558750 -0.224137
v -0.196552 0.581193 -0.234589
v -0.204949 0.583371 -0.217042
v -0.181237 0.578294 -0.227937
v -0.189634 0.580471 -0.210380
v -0.171712 0.565273 -0.223200
v -0.180108 0.567451 -0.205608
v -0.180830 0.550399 -0.205176
v -0.172434 0.548222 -0.222801
v -0.180108 0.567451 -0.205608
v -0.171712 0.565273 -0.223200
v -0.191462 0.537298 -0.209226
v -0.183065 0.535121 -0.226860
v -0.207029 0.534279 -0.215713
v -0.198633 0.532101 -0.233333
v -0.220246 0.542750 -0.221563
v -0.211850 0.540572 -0.239168
v -0.201116 0.567210 -0.249221
v -0.205713 0.555003 -0.250602
v -0.190509 0.573737 -0.245100
v -0.178855 0.571532 -0.240058
v -0.171607 0.561624 -0.236506
v -0.172157 0.548649 -0.236215
v -0.171607 0.561624 -0.236506
v -0.180247 0.538680 -0.239288
v -0.192092 0.536383 -0.244205
v -0.202149 0.542829 -0.248649
v -0.191556 0.560178 -0.252675
v -0.193838 0.554115 -0.253378
v -0.186290 0.563417 -0.250604
v -0.180505 0.562321 -0.248113
v -0.176906 0.557401 -0.246378
v -0.177180 0.550961 -0.246235
v -0.176906 0.557401 -0.246378
v -0.181196 0.546014 -0.247747
v -0.187076 0.544871 -0.250183
v -0.192069 0.548072 -0.252400
v -0.184168 0.553848 -0.251851
v -0.184168 0.553848 -0.251851
v -0.260442 0.568427 -0.149471
v -0.237321 0.568519 -0.139673
v -0.254347 0.584609 -0.147963
v -0.240287 0.593263 -0.142728
v -0.224839 0.590339 -0.135953
v -0.215231 0.577204 -0.130877
v -0.215960 0.560006 -0.130102
v -0.226683 0.546791 -0.133978
v -0.242385 0.543745 -0.140541
v -0.255717 0.552288 -0.146622
v -0.258497 0.511467 -0.147556
v -0.252403 0.527648 -0.145630
v -0.245858 0.508031 -0.175125
v -0.239715 0.524197 -0.173217
v -0.225676 0.532854 -0.167484
v -0.238342 0.536303 -0.139976
v -0.210312 0.529955 -0.160608
v -0.222894 0.533376 -0.133219
v -0.200810 0.516853 -0.155761
v -0.213287 0.520244 -0.128457
v -0.200810 0.516853 -0.155761
v -0.213287 0.520244 -0.128457
v -0.201619 0.499680 -0.155151
v -0.214015 0.503046 -0.127876
v -0.212358 0.486468 -0.159052
v -0.224739 0.489831 -0.131765
v -0.240441 0.486784 -0.138420
v -0.228002 0.483403 -0.165772
v -0.253773 0.495328 -0.144718
v -0.241233 0.491919 -0.172185
v -0.239715 0.524197 -0.173217
v -0.241674 0.526057 -0.174163
v -0.245858 0.508031 -0.175125
v -0.248531 0.508015 -0.176297
v -0.225676 0.532854 -0.167484
v -0.210312 0.529955 -0.160608
v -0.192975 0.518905 -0.152850
v -0.200810 0.516853 -0.155761
v -0.201619 0.499680 -0.155151
v -0.191610 0.499004 -0.152403
v -0.212358 0.486468 -0.159052
v -0.211140 0.483953 -0.158331
v -0.228002 0.483403 -0.165772
v -0.228602 0.480531 -0.165827
v -0.241233 0.491919 -0.172185
v -0.243368 0.490034 -0.173008
v -0.219068 0.519839 -0.221849
v -0.225869 0.501777 -0.224139
v -0.241674 0.526057 -0.174163
v -0.248531 0.508015 -0.176297
v -0.228602 0.480531 -0.165827
v -0.205716 0.474226 -0.214313
v -0.211140 0.483953 -0.158331
v -0.188191 0.477629 -0.207074
v -0.243368 0.490034 -0.173008
v -0.220596 0.483765 -0.221146
v -0.219068 0.519839 -0.221849
v -0.216944 0.517834 -0.220892
v -0.225869 0.501777 -0.224139
v -0.222986 0.501790 -0.222921
v -0.203005 0.526411 -0.215258
v -0.178164 0.510490 -0.204249
v -0.171723 0.511516 -0.202720
v -0.178886 0.493439 -0.203913
v -0.169922 0.492414 -0.202296
v -0.189518 0.480338 -0.207791
v -0.188191 0.477629 -0.207074
v -0.205716 0.474226 -0.214313
v -0.205085 0.477316 -0.214229
v -0.220596 0.483765 -0.221146
v -0.218302 0.485789 -0.220275
v -0.208548 0.515656 -0.238499
v -0.214590 0.499612 -0.240511
v -0.216944 0.517834 -0.220892
v -0.222986 0.501790 -0.222921
v -0.194608 0.524233 -0.232882
v -0.203005 0.526411 -0.215258
v -0.179293 0.521335 -0.226337
v -0.187689 0.523512 -0.208693
v -0.169767 0.508313 -0.221913
v -0.178164 0.510490 -0.204249
v -0.178886 0.493439 -0.203913
v -0.170490 0.491262 -0.221578
v -0.178164 0.510490 -0.204249
v -0.169767 0.508313 -0.221913
v -0.189518 0.480338 -0.207791
v -0.181121 0.478161 -0.225428
v -0.205085 0.477316 -0.214229
v -0.196688 0.475139 -0.231831
v -0.218302 0.485789 -0.220275
v -0.209906 0.483612 -0.237859
v -0.199172 0.510251 -0.247863
v -0.203769 0.498043 -0.249372
v -0.188565 0.516777 -0.243605
v -0.176911 0.514572 -0.238633
v -0.169663 0.504661 -0.235261
v -0.170213 0.491689 -0.235001
v -0.169663 0.504661 -0.235261
v -0.178302 0.481720 -0.237945
v -0.190148 0.479423 -0.242812
v -0.200205 0.485866 -0.247363
v -0.189611 0.503215 -0.251404
v -0.191894 0.497156 -0.252140
v -0.184346 0.506458 -0.249303
v -0.178561 0.505361 -0.246834
v -0.174962 0.500442 -0.245149
v -0.175235 0.494002 -0.245017
v -0.174962 0.500442 -0.245149
v -0.179251 0.489054 -0.246497
v -0.185132 0.487911 -0.248916
v -0.190125 0.491111 -0.251154
v -0.182223 0.496888 -0.250619
v -0.182223 0.496888 -0.250619
v -0.258497 0.511467 -0.147556
v -0.235377 0.511559 -0.137580
v -0.252403 0.527648 -0.145630
v -0.238342 0.536303 -0.139976
v -0.222894 0.533376 -0.133219
v -0.213287 0.520244 -0.128457
v -0.214015 0.503046 -0.127876
v -0.224739 0.489831 -0.131765
v -0.240441 0.486784 -0.138420
v -0.253773 0.495328 -0.144718
v -0.171561 0.624447 -0.203356
v -0.202835 0.625393 -0.149332
v -0.176175 0.684826 -0.186558
v -0.191980 0.707761 -0.128702
v -0.069119 0.498927 -0.215794
v -0.096936 0.564386 -0.216701
v -0.049597 0.539712 -0.235428
v -0.154427 0.773212 -0.141941
v -0.191980 0.707761 -0.128702
v -0.142053 0.778568 -0.125483
v -0.182755 0.722268 -0.155017
v -0.151739 0.677725 -0.232755
v -0.114951 0.729277 -0.241690
v -0.113605 0.677236 -0.245896
v -0.155819 0.699358 -0.228676
v -0.114951 0.729277 -0.241690
v -0.151739 0.677725 -0.232755
v 0.054833 0.374464 -0.193302
v 0.108362 0.357475 -0.135781
v 0.068459 0.340894 -0.190625
v 0.062988 0.287205 -0.203343
v 0.088062 0.286845 -0.171223
v 0.102840 0.290245 -0.135605
v 0.119237 0.356354 -0.077710
v 0.108289 0.286676 -0.078888
v 0.108356 0.289277 -0.030967
v 0.114046 0.355991 0.000051
v 0.105162 0.289652 0.000055
v 0.156557 0.460121 -0.145272
v 0.127923 0.403103 -0.080666
v 0.118512 0.406008 -0.153632
v 0.159372 0.461957 -0.083515
v 0.138115 0.462458 -0.199640
v 0.216747 0.569686 -0.188105
v 0.244051 0.712475 -0.117644
v 0.214537 0.579870 -0.101618
v 0.228681 0.706710 -0.197554
v 0.201669 0.631797 -0.256881
v 0.219178 0.712278 -0.249258
v 0.157933 0.578457 -0.270010
v 0.162112 0.533727 -0.239525
v 0.186906 0.852597 -0.069587
v 0.222637 0.801555 -0.104950
v 0.170130 0.866234 -0.129744
v 0.170130 0.866234 -0.129744
v 0.222637 0.801555 -0.104950
v 0.215010 0.844001 -0.124405
v 0.189401 0.875695 -0.138203
v 0.217448 0.787616 0.000086
v 0.198689 0.797603 -0.212116
v 0.220206 0.762552 -0.196498
v 0.208224 0.772122 -0.242237
v -0.007472 0.907414 -0.181785
v -0.020617 0.894801 -0.181772
v -0.006019 0.902303 -0.166242
v 0.178545 0.827285 -0.241645
v 0.124279 0.887393 -0.246948
v 0.181659 0.830777 -0.226422
v 0.201728 0.712966 -0.250630
v 0.187715 0.646541 -0.256050
v 0.197921 0.705166 -0.260804
v 0.195073 0.697878 -0.273620
v 0.151626 0.585364 -0.266492
v 0.173223 0.638037 -0.275460
v 0.190971 0.686352 -0.291367
v 0.082068 0.556529 -0.259430
v 0.111135 0.587253 -0.272997
v 0.145804 0.601985 -0.276484
v 0.140202 0.612083 -0.281729
v 0.084928 0.609021 -0.266328
v 0.083498 0.585327 -0.263954
v -0.030818 0.629969 -0.269668
v -0.012185 0.624281 -0.255373
v -0.031888 0.633074 -0.254838
v -0.010880 0.619843 -0.268931
v -0.059938 0.639038 -0.267113
v -0.049000 0.635227 -0.293384
v -0.085561 0.690292 -0.261601
v -0.082821 0.687098 -0.274176
v -0.076817 0.654019 -0.263744
v -0.078090 0.738017 -0.263575
v -0.093148 0.702254 -0.246701
v -0.077295 0.745507 -0.248134
v -0.078954 0.728696 -0.287631
v -0.078914 0.733137 -0.275780
v 0.169518 0.807983 -0.270860
v 0.168902 0.802280 -0.286580
v 0.122668 0.856701 -0.287108
v 0.122256 0.851645 -0.302596
v 0.102089 0.746862 -0.402489
v 0.133465 0.719243 -0.387182
v 0.096372 0.723773 -0.408932
v 0.056037 0.758133 -0.406945
v 0.109446 0.773946 -0.387259
v 0.056024 0.793328 -0.392535
v 0.181659 0.830777 -0.226422
v 0.124279 0.887393 -0.246948
v 0.191274 0.831389 -0.225540
v 0.201828 0.838120 -0.197484
v 0.140931 0.899340 -0.226607
v 0.015579 0.759217 -0.403987
v 0.012085 0.789219 -0.389829
v 0.002482 0.878816 -0.255078
v -0.017472 0.876736 -0.240178
v -0.006548 0.886518 -0.243529
v 0.047275 0.896478 -0.257355
v 0.048088 0.909201 -0.240678
v -0.062209 0.654781 -0.331193
v -0.068688 0.655429 -0.293741
v -0.070313 0.679727 -0.328911
v 0.158976 0.629585 -0.292873
v 0.186404 0.675280 -0.309032
v 0.181789 0.666945 -0.316055
v 0.047275 0.896478 -0.257355
v 0.082356 0.898017 -0.255284
v 0.060821 0.882756 -0.255153
v 0.216032 0.815766 -0.185176
v 0.226771 0.767724 -0.196347
v 0.207991 0.804679 -0.210426
v 0.231753 0.804983 -0.107794
v 0.216264 0.846898 -0.140939
v -0.221482 0.517060 -0.059418
v -0.221857 0.520560 -0.000081
v -0.207238 0.573451 -0.052685
v -0.203705 0.593500 -0.000071
v -0.211872 0.630110 -0.052103
v -0.199850 0.631597 -0.000070
v -0.196412 0.685636 -0.052627
v -0.178267 0.688929 -0.000062
v -0.204665 0.632373 -0.093137
v -0.195215 0.689674 -0.098591
v -0.155341 0.759171 -0.053265
v -0.153594 0.770681 -0.105191
v -0.212546 0.597145 -0.091148
v -0.197615 0.579974 -0.133962
v -0.186576 0.550581 -0.121981
v -0.193302 0.502177 -0.124391
v -0.136232 0.549549 -0.184165
v -0.158554 0.582477 -0.198644
v -0.135518 0.498242 -0.176377
v -0.128062 0.599043 -0.229620
v -0.140958 0.629419 -0.229620
v -0.089683 0.623897 -0.255900
v -0.073909 0.609209 -0.254496
v -0.042799 0.587886 -0.252064
v -0.106781 0.651525 -0.256415
v -0.083765 0.626072 -0.247786
v -0.099966 0.650880 -0.248764
v -0.106436 0.677716 -0.246211
v -0.052538 0.611128 -0.234781
v -0.024968 0.588942 -0.231404
v -0.175711 0.704216 -0.194725
v -0.176175 0.684826 -0.186558
v -0.109638 0.799249 -0.137012
v -0.120794 0.804415 -0.148319
v -0.218115 0.447066 -0.064338
v -0.220401 0.460677 -0.000083
v -0.186946 0.441795 -0.123049
v -0.142175 0.437527 -0.180165
v -0.068981 0.428165 -0.217146
v 0.022296 0.508519 -0.249742
v 0.023346 0.557407 -0.252192
v 0.024926 0.568611 -0.245378
v -0.004268 0.420301 -0.217819
v 0.003400 0.477104 -0.238227
v 0.073558 0.460646 -0.238931
v 0.083099 0.518448 -0.258486
v 0.056411 0.410255 -0.203959
v 0.083334 0.549097 -0.265761
v 0.082068 0.556529 -0.259430
v -0.213720 0.358132 -0.050767
v -0.213232 0.356280 -0.000080
v -0.198042 0.289345 -0.054749
v -0.196586 0.287945 -0.000073
v -0.191874 0.233568 -0.052460
v -0.190545 0.233365 -0.000070
v -0.178263 0.235736 -0.102367
v -0.190263 0.292767 -0.095888
v -0.167930 0.241470 -0.141292
v -0.169016 0.299222 -0.142767
v -0.204806 0.360718 -0.092607
v -0.140578 0.368663 -0.180765
v -0.180780 0.364241 -0.128482
v -0.066442 0.378232 -0.210630
v -0.130069 0.314286 -0.186459
v -0.063407 0.324457 -0.208207
v -0.121460 0.252052 -0.194931
v -0.048658 0.269883 -0.220866
v 0.000349 0.336281 -0.213328
v 0.015693 0.271920 -0.232008
v -0.004080 0.379169 -0.211897
v 0.108456 0.285030 -0.036471
v 0.133965 0.408308 0.000059
v 0.201728 0.712966 -0.250630
v 0.187715 0.646541 -0.256050
v 0.194829 0.768667 -0.243489
v 0.151626 0.585364 -0.266492
v 0.130355 0.910838 -0.151095
v 0.142033 0.927213 -0.162507
v 0.169755 0.818085 -0.244717
v 0.092438 0.938199 -0.173161
v 0.081729 0.926747 -0.161802
v 0.047877 0.930275 -0.172138
v 0.035782 0.908863 -0.159128
v 0.092161 0.934130 -0.193592
v 0.047039 0.930285 -0.191838
v 0.140582 0.917739 -0.184963
v 0.006543 0.889156 -0.153702
v -0.038764 0.875317 -0.160313
v -0.028006 0.858150 -0.148765
v 0.169755 0.818085 -0.244717
v 0.194829 0.768667 -0.243489
v 0.169898 0.813803 -0.254368
v 0.121956 0.869989 -0.250106
v 0.121956 0.869989 -0.250106
v 0.122129 0.862729 -0.267075
v 0.188611 0.754681 -0.288916
v 0.189382 0.759552 -0.275356
v 0.024926 0.568611 -0.245378
v 0.030601 0.591586 -0.256119
v 0.036277 0.610157 -0.265424
v 0.030601 0.591586 -0.256119
v -0.018577 0.606245 -0.242705
v -0.042213 0.621840 -0.244460
v -0.071852 0.632377 -0.257267
v -0.099966 0.650880 -0.248764
v -0.083765 0.626072 -0.247786
v -0.106436 0.677716 -0.246211
v -0.100685 0.714554 -0.237066
v -0.092895 0.762584 -0.242540
v -0.075192 0.753787 -0.237121
v -0.092895 0.762584 -0.242540
v -0.108517 0.778420 -0.215234
v -0.143280 0.749623 -0.215943
v -0.168513 0.718153 -0.224363
v -0.142676 0.744208 -0.224205
v 0.036585 0.614054 -0.271363
v 0.085552 0.616241 -0.272181
v 0.036585 0.614054 -0.271363
v 0.036277 0.610157 -0.265424
v 0.124151 0.617589 -0.283384
v 0.155700 0.625983 -0.298822
v 0.177244 0.658579 -0.323079
v 0.173454 0.649243 -0.334144
v 0.168914 0.686714 -0.356692
v 0.161280 0.665327 -0.369376
v 0.180902 0.725622 -0.332092
v 0.186371 0.741380 -0.309735
v 0.175369 0.707733 -0.345289
v 0.151638 0.768028 -0.353160
v 0.160430 0.784431 -0.328309
v 0.144726 0.744638 -0.371756
v 0.120917 0.682163 -0.399814
v 0.119940 0.843888 -0.319986
v 0.167097 0.796196 -0.301990
v 0.117392 0.823158 -0.344202
v 0.056093 0.873011 -0.293384
v 0.057638 0.878659 -0.271028
v 0.056832 0.867311 -0.310723
v 0.057727 0.859209 -0.326881
v 0.056671 0.843283 -0.350795
v 0.092336 0.911883 -0.232463
v 0.082356 0.898017 -0.255284
v 0.198287 0.866246 -0.153865
v 0.093045 0.916541 -0.235040
v 0.092888 0.938751 -0.196193
v 0.142320 0.901920 -0.227738
v 0.143438 0.922757 -0.187197
v 0.202389 0.869774 -0.155556
v 0.208353 0.841308 -0.198594
v 0.198689 0.797603 -0.212116
v 0.011043 0.815502 -0.369840
v 0.008874 0.833947 -0.350246
v 0.055313 0.823621 -0.371489
v -0.034652 0.790472 -0.354417
v -0.037342 0.804703 -0.338161
v -0.031178 0.766345 -0.376234
v -0.039424 0.816503 -0.320069
v -0.062712 0.770049 -0.305229
v -0.062386 0.762061 -0.321128
v -0.060769 0.752218 -0.336214
v -0.056416 0.732078 -0.348793
v 0.010384 0.864860 -0.290967
v 0.009004 0.858850 -0.309965
v -0.038095 0.830965 -0.284407
v -0.039935 0.824635 -0.302326
v 0.007632 0.849293 -0.328038
v -0.066016 0.776265 -0.287958
v 0.008458 0.871300 -0.254477
v 0.010008 0.869037 -0.269725
v -0.029732 0.846646 -0.249684
v -0.034344 0.838654 -0.263781
v -0.059112 0.794765 -0.244222
v -0.060266 0.788651 -0.255376
v 0.002482 0.878816 -0.255078
v 0.008458 0.871300 -0.254477
v -0.033296 0.854849 -0.249330
v -0.029732 0.846646 -0.249684
v -0.059112 0.794765 -0.244222
v -0.068808 0.797308 -0.244454
v -0.036883 0.863248 -0.222969
v -0.033296 0.854849 -0.249330
v -0.074298 0.814135 -0.216807
v -0.068808 0.797308 -0.244454
v -0.075192 0.753787 -0.237121
v -0.077414 0.711606 -0.309323
v -0.079005 0.721043 -0.298864
v -0.075005 0.696446 -0.319971
v -0.048844 0.711102 -0.359644
v -0.039732 0.682129 -0.369563
v -0.011210 0.702008 -0.402185
v -0.024995 0.745753 -0.388245
v 0.018989 0.713012 -0.415633
v 0.053766 0.720245 -0.418459
v -0.183050 0.716301 -0.197810
v -0.183687 0.736961 -0.172573
v -0.158415 0.764638 -0.173519
v -0.154462 0.766054 -0.178757
v -0.120131 0.796111 -0.180214
v -0.110784 0.780632 -0.216685
v -0.085953 0.832657 -0.182850
v -0.078310 0.817897 -0.219729
v -0.082678 0.833769 -0.152405
v -0.083472 0.830114 -0.181103
v -0.117512 0.793506 -0.178522
v -0.075214 0.830258 -0.143228
v -0.039224 0.877832 -0.188182
v -0.042571 0.867705 -0.225294
v -0.044495 0.883481 -0.191425
v -0.030104 0.880422 -0.229303
v -0.031978 0.891260 -0.193044
v -0.011550 0.894727 -0.246061
v -0.012152 0.915448 -0.184268
v 0.047306 0.913507 -0.242784
v 0.045205 0.936789 -0.195040
v 0.220196 0.817563 -0.186264
v 0.222455 0.849652 -0.144764
v 0.220206 0.762552 -0.196498
v -0.142053 0.778568 -0.125483
v -0.075519 0.681960 -0.309990
v -0.081488 0.684515 -0.288293
v 0.118623 0.667409 -0.413106
v 0.077176 0.674878 -0.419629
v -0.042092 0.608428 -0.400750
v -0.009253 0.605965 -0.437856
v -0.045767 0.578252 -0.423394
v -0.026805 0.495485 -0.482353
v -0.037643 0.472713 -0.464132
v -0.039811 0.521586 -0.465462
v -0.050266 0.499133 -0.444959
v -0.018444 0.450404 -0.482018
v -0.015693 0.479276 -0.494281
v 0.082401 0.569231 -0.487688
v 0.074903 0.534638 -0.506772
v 0.049028 0.563482 -0.484546
v 0.047048 0.536374 -0.507088
v 0.022208 0.533214 -0.500470
v 0.021357 0.516620 -0.511673
v 0.007067 0.506888 -0.498255
v 0.063627 0.512763 -0.528187
v 0.090831 0.498605 -0.530112
v 0.130992 0.493015 -0.518691
v 0.113275 0.475959 -0.554690
v 0.107896 0.493409 -0.529200
v 0.139491 0.458527 -0.479073
v 0.131589 0.427128 -0.514121
v 0.139899 0.475095 -0.504711
v -0.009725 0.487736 -0.510267
v 0.004327 0.498599 -0.528835
v -0.025553 0.468640 -0.524311
v -0.013066 0.481088 -0.552599
v 0.130376 0.444720 -0.539903
v 0.092127 0.330520 -0.603641
v 0.074063 0.309823 -0.629223
v 0.077705 0.358731 -0.621002
v 0.060053 0.333453 -0.646916
v -0.007472 0.195830 -0.700000
v -0.002781 0.201889 -0.709917
v 0.004826 0.224922 -0.674448
v 0.013064 0.230389 -0.685624
v -0.052434 0.594691 -0.324347
v -0.034644 0.586777 -0.294998
v -0.010586 0.580755 -0.286128
v 0.134114 0.591104 -0.296666
v 0.167111 0.596829 -0.315610
v 0.091171 0.591980 -0.287544
v 0.176953 0.622804 -0.355783
v 0.155080 0.645740 -0.385432
v 0.051504 0.660195 -0.426358
v 0.083009 0.641120 -0.442109
v 0.049325 0.629576 -0.440586
v 0.119563 0.640862 -0.437976
v -0.002334 0.654526 -0.407860
v 0.023326 0.654452 -0.421035
v 0.020222 0.622562 -0.436222
v -0.032026 0.653103 -0.371145
v -0.045068 0.641913 -0.337144
v -0.055730 0.603011 -0.365565
v 0.177965 0.599107 -0.371977
v 0.171998 0.571504 -0.333198
v 0.140542 0.560654 -0.317907
v 0.154169 0.625111 -0.410296
v 0.087120 0.606061 -0.467830
v 0.047119 0.596441 -0.460849
v 0.121896 0.566814 -0.487120
v 0.121883 0.609380 -0.462084
v 0.016137 0.587962 -0.456682
v -0.013149 0.573596 -0.453992
v 0.149466 0.561566 -0.460167
v 0.153988 0.600372 -0.432776
v 0.160896 0.547814 -0.422905
v 0.174178 0.575097 -0.392922
v 0.160184 0.523954 -0.391614
v 0.170337 0.547902 -0.359091
v 0.141318 0.531896 -0.344745
v 0.137058 0.504489 -0.379637
v 0.098369 0.556447 -0.310156
v 0.102298 0.521577 -0.341637
v -0.044866 0.549312 -0.446415
v -0.010318 0.545019 -0.473908
v -0.057518 0.566302 -0.396175
v -0.051498 0.551907 -0.361283
v -0.031705 0.539512 -0.329583
v -0.002634 0.533917 -0.313180
v 0.039728 0.586285 -0.286701
v 0.046724 0.542513 -0.306474
v 0.039728 0.586285 -0.286701
v 0.046724 0.542513 -0.306474
v 0.060227 0.473130 -0.380226
v 0.102542 0.489576 -0.381402
v 0.056155 0.503958 -0.343050
v 0.060227 0.473130 -0.380226
v 0.056155 0.503958 -0.343050
v 0.016414 0.462347 -0.381037
v 0.008394 0.490233 -0.353329
v -0.056093 0.526236 -0.424042
v -0.040564 0.480513 -0.421490
v -0.047040 0.508242 -0.396810
v -0.017071 0.465354 -0.395898
v -0.023422 0.493823 -0.370067
v -0.001227 0.520788 -0.489970
v -0.029423 0.454406 -0.442447
v -0.005750 0.442462 -0.421266
v 0.023266 0.441052 -0.412240
v 0.064910 0.444992 -0.414715
v 0.064910 0.444992 -0.414715
v 0.100694 0.456089 -0.417706
v 0.130702 0.476168 -0.420206
v 0.148864 0.499585 -0.427619
v 0.148400 0.520628 -0.454474
v 0.142739 0.525419 -0.485025
v 0.117839 0.529381 -0.508129
v 0.037039 0.522204 -0.521743
v -0.020733 0.473957 -0.509551
v -0.024889 0.437665 -0.494506
v -0.033762 0.427840 -0.505743
v -0.002952 0.431581 -0.463082
v 0.024884 0.425512 -0.442944
v -0.015023 0.399288 -0.487233
v -0.009047 0.415221 -0.474780
v 0.017371 0.377462 -0.473281
v 0.021467 0.403526 -0.455985
v 0.065409 0.426326 -0.439950
v 0.057793 0.375303 -0.463512
v 0.062011 0.404073 -0.450825
v 0.097143 0.433251 -0.446357
v 0.065409 0.426326 -0.439950
v 0.123767 0.445751 -0.457701
v 0.038881 0.474813 -0.579041
v 0.053436 0.498083 -0.545480
v 0.071305 0.460044 -0.578393
v 0.083037 0.486142 -0.546850
v 0.024429 0.504919 -0.541872
v 0.009022 0.483707 -0.572862
v -0.054701 0.371863 -0.548797
v -0.047419 0.400605 -0.529670
v -0.056406 0.401966 -0.577969
v -0.044618 0.433952 -0.552285
v -0.031677 0.451792 -0.577969
v -0.023343 0.369428 -0.508725
v 0.003729 0.321005 -0.518215
v 0.011124 0.346720 -0.495703
v -0.030462 0.341751 -0.529461
v 0.051886 0.338010 -0.488809
v 0.094263 0.382848 -0.471359
v 0.057793 0.375303 -0.463512
v 0.088391 0.344076 -0.499819
v 0.051886 0.338010 -0.488809
v 0.114854 0.363673 -0.520278
v 0.122949 0.400959 -0.489770
v 0.118611 0.397492 -0.554859
v 0.112868 0.425986 -0.560135
v 0.094633 0.451697 -0.576102
v -0.004796 0.457704 -0.598985
v -0.014915 0.428378 -0.622181
v 0.023379 0.430331 -0.623744
v 0.030836 0.455131 -0.603054
v 0.080879 0.429643 -0.594860
v 0.064445 0.428159 -0.607738
v 0.096773 0.412208 -0.584443
v 0.095239 0.392280 -0.592876
v -0.036632 0.315449 -0.551579
v -0.056762 0.340068 -0.569877
v -0.065070 0.366307 -0.595610
v -0.002195 0.298540 -0.543281
v 0.036037 0.290964 -0.546116
v 0.045207 0.311334 -0.515666
v 0.070315 0.295460 -0.563381
v 0.081030 0.317092 -0.529802
v 0.036037 0.290964 -0.546116
v 0.045207 0.311334 -0.515666
v 0.106286 0.337697 -0.554718
v 0.090607 0.310843 -0.584443
v 0.106667 0.363703 -0.580261
v 0.051048 0.386712 -0.634497
v 0.015037 0.397071 -0.643989
v -0.049791 0.387753 -0.622543
v -0.042686 0.421615 -0.601590
v 0.037254 0.351265 -0.656565
v 0.004860 0.364191 -0.662189
v 0.073507 0.291507 -0.609491
v 0.057133 0.279726 -0.591332
v 0.053141 0.272365 -0.633440
v 0.038213 0.263818 -0.616195
v 0.010890 0.259860 -0.600834
v 0.025800 0.275746 -0.574874
v 0.025800 0.275746 -0.574874
v -0.009242 0.281732 -0.571517
v -0.044216 0.273808 -0.603518
v -0.017398 0.264374 -0.597993
v -0.039167 0.295245 -0.578731
v -0.059701 0.313779 -0.593706
v -0.069185 0.335645 -0.616410
v -0.056222 0.355460 -0.640098
v -0.022722 0.397194 -0.640414
v -0.029793 0.367594 -0.658119
v -0.083201 0.278919 -0.658454
v -0.071616 0.262334 -0.638649
v -0.075349 0.305576 -0.637202
v -0.063897 0.286366 -0.615283
v -0.091581 0.251309 -0.680023
v -0.085077 0.259906 -0.693265
v -0.075489 0.291790 -0.674924
v -0.029177 0.246325 -0.626675
v -0.051888 0.253717 -0.630148
v 0.021406 0.244589 -0.644044
v -0.003059 0.241746 -0.629466
v 0.032928 0.250499 -0.657143
v 0.014088 0.241144 -0.700498
v 0.033388 0.263373 -0.674762
v -0.014637 0.261908 -0.712862
v 0.003547 0.292312 -0.694491
v 0.002668 0.252651 -0.709149
v 0.021662 0.279069 -0.687529
v -0.041240 0.268188 -0.713449
v -0.023719 0.301326 -0.696493
v -0.040856 0.333867 -0.675656
v -0.053183 0.302864 -0.691693
v -0.066436 0.321171 -0.657444
v -0.096131 0.229026 -0.710255
v -0.082766 0.238036 -0.726581
v -0.068555 0.268434 -0.708083
v -0.100412 0.221022 -0.697002
v -0.057324 0.238577 -0.733184
v -0.032139 0.234593 -0.735091
v -0.014541 0.227333 -0.733792
v -0.001950 0.215282 -0.725752
v -0.063525 0.231636 -0.656096
v -0.071435 0.204951 -0.676654
v -0.041088 0.225177 -0.655297
v -0.048047 0.197157 -0.678220
v -0.081554 0.239117 -0.662824
v -0.089794 0.211495 -0.681555
v 0.017662 0.559702 -0.477823
v -0.017413 0.222668 -0.660266
v 0.053407 0.286345 -0.652423
v 0.020859 0.320148 -0.677160
v 0.041102 0.304725 -0.667910
v -0.008817 0.331533 -0.680541
v 0.010890 0.259860 -0.600834
v -0.017413 0.222668 -0.660266
v -0.003059 0.241746 -0.629466
v -0.029779 0.194628 -0.684279
v -0.029779 0.194628 -0.684279
v -0.022471 0.883527 -0.242384
v -0.027278 0.885412 -0.190658
v -0.025289 0.901708 -0.184209
v -0.025108 0.875158 -0.227392
v 0.189276 0.846477 0.000076
v -0.144230 0.753886 0.000850
v 0.144698 0.468686 0.000063
v 0.192240 0.573718 0.000078
v 0.222154 0.707251 0.000088
v -0.171731 0.624447 0.203229
v -0.176330 0.684826 0.186436
v -0.202959 0.625393 0.149191
v -0.192087 0.707761 0.128568
v -0.069296 0.498927 0.215656
v -0.049796 0.539712 0.235134
v -0.097118 0.564386 0.216570
v -0.154593 0.773222 0.141837
v -0.142263 0.778559 0.125568
v -0.192087 0.707761 0.128568
v -0.182884 0.722268 0.154889
v -0.151933 0.677725 0.232643
v -0.113810 0.677240 0.245795
v -0.115152 0.729283 0.241610
v -0.156009 0.699358 0.228568
v -0.151933 0.677725 0.232643
v -0.115152 0.729283 0.241610
v 0.054675 0.374464 0.193188
v 0.068292 0.340888 0.190620
v 0.108254 0.357475 0.135853
v 0.062826 0.287205 0.203406
v 0.087926 0.286845 0.171309
v 0.102733 0.290245 0.135710
v 0.108227 0.286676 0.078999
v 0.119177 0.356354 0.077813
v 0.108332 0.289277 0.031079
v 0.156440 0.460121 0.145292
v 0.118389 0.406008 0.153650
v 0.127860 0.403103 0.080765
v 0.159306 0.461957 0.083624
v 0.137948 0.462458 0.199485
v 0.216589 0.569686 0.188179
v 0.214451 0.579870 0.101764
v 0.243953 0.712475 0.117816
v 0.228513 0.706707 0.197655
v 0.201447 0.631797 0.256882
v 0.219284 0.712266 0.249318
v 0.157696 0.578457 0.270317
v 0.161905 0.533727 0.239363
v 0.186848 0.852607 0.069737
v 0.170022 0.866234 0.130011
v 0.222548 0.801555 0.105125
v 0.170022 0.866234 0.130011
v 0.214905 0.844001 0.124640
v 0.222548 0.801555 0.105125
v 0.189284 0.875695 0.138436
v 0.198508 0.797600 0.212383
v 0.208019 0.772107 0.242354
v 0.220040 0.762549 0.196623
v -0.006133 0.904457 0.181276
v -0.003758 0.897541 0.165428
v -0.019817 0.892918 0.181444
v 0.178340 0.827285 0.241733
v 0.181466 0.830777 0.226499
v 0.124075 0.887393 0.247051
v 0.187494 0.646541 0.256091
v 0.202772 0.712966 0.250761
v 0.201879 0.703808 0.265067
v 0.152839 0.603902 0.275351
v 0.110891 0.587253 0.273173
v 0.151392 0.585364 0.267225
v 0.081837 0.556529 0.259207
v 0.124188 0.607234 0.278284
v 0.084684 0.603690 0.268884
v 0.083261 0.585327 0.263982
v -0.031046 0.628744 0.271203
v -0.032105 0.632478 0.255522
v -0.012403 0.623296 0.256573
v -0.011107 0.618170 0.271012
v -0.060164 0.638768 0.267370
v -0.049247 0.633863 0.295118
v -0.055108 0.636461 0.279935
v -0.090740 0.670354 0.258384
v -0.077743 0.663429 0.271565
v -0.082627 0.707809 0.276572
v -0.095872 0.719093 0.241850
v -0.082701 0.755980 0.247508
v -0.098179 0.720764 0.237095
v -0.082431 0.757098 0.237319
v 0.114798 0.863893 0.284165
v 0.168205 0.808807 0.268935
v 0.117823 0.866301 0.269878
v 0.168939 0.813594 0.256402
v 0.095266 0.748404 0.393818
v 0.094239 0.728027 0.400762
v 0.133136 0.720969 0.382883
v 0.055014 0.819396 0.373608
v 0.055116 0.794213 0.387701
v 0.103045 0.807252 0.367201
v 0.099260 0.782115 0.381286
v 0.181466 0.830777 0.226499
v 0.191080 0.831389 0.225587
v 0.124075 0.887393 0.247051
v 0.140745 0.899340 0.226722
v 0.201657 0.838120 0.197650
v 0.010734 0.818498 0.371716
v 0.012955 0.792530 0.386104
v 0.002271 0.878816 0.255099
v -0.006749 0.886515 0.243534
v -0.017670 0.876736 0.240174
v 0.047891 0.909201 0.240724
v 0.047063 0.896478 0.257439
v -0.046232 0.666847 0.351784
v -0.057086 0.677888 0.331859
v -0.047643 0.648399 0.340670
v -0.060595 0.655727 0.316009
v -0.062821 0.645678 0.287803
v -0.070200 0.648353 0.269645
v 0.173108 0.638095 0.275689
v 0.178708 0.641394 0.268291
v 0.195696 0.685120 0.294139
v 0.198915 0.693511 0.281230
v 0.047063 0.896478 0.257439
v 0.060642 0.882891 0.255641
v 0.082146 0.898017 0.255356
v 0.215873 0.815763 0.185547
v 0.207810 0.804672 0.210736
v 0.226605 0.767721 0.196482
v 0.216144 0.846898 0.141169
v 0.231663 0.804986 0.107976
v -0.221530 0.517060 0.059256
v -0.207282 0.573451 0.052539
v -0.211916 0.630110 0.051954
v -0.196455 0.685636 0.052490
v -0.204743 0.632373 0.092994
v -0.195298 0.689674 0.098454
v -0.155386 0.759168 0.054956
v -0.153683 0.770608 0.106883
v -0.212622 0.597145 0.090999
v -0.197726 0.579974 0.133824
v -0.186677 0.550584 0.121850
v -0.193402 0.502806 0.124213
v -0.136384 0.549549 0.184043
v -0.158719 0.582477 0.198513
v -0.135659 0.498242 0.176264
v -0.128255 0.599046 0.229496
v -0.158719 0.582477 0.198513
v -0.136384 0.549549 0.184043
v -0.135659 0.498242 0.176264
v -0.171731 0.624447 0.203229
v -0.202959 0.625393 0.149191
v -0.141151 0.629419 0.229498
v -0.192087 0.707761 0.128568
v -0.089900 0.623897 0.255774
v -0.074124 0.609209 0.254364
v -0.043016 0.587886 0.251895
v -0.106997 0.651522 0.256300
v -0.100175 0.650880 0.248651
v -0.083975 0.626072 0.247665
v -0.106643 0.677716 0.246110
v -0.052737 0.611128 0.234649
v -0.025168 0.588939 0.231225
v -0.175874 0.704216 0.194604
v -0.176330 0.684826 0.186436
v -0.109752 0.799234 0.136945
v -0.120919 0.804427 0.148241
v -0.218165 0.447066 0.064174
v -0.187042 0.462280 0.122521
v -0.142318 0.437987 0.179882
v -0.069155 0.428165 0.217204
v -0.142318 0.437987 0.179882
v 0.023125 0.557405 0.251899
v 0.019249 0.513589 0.246923
v 0.024711 0.568611 0.245114
v -0.004448 0.420301 0.217626
v 0.003199 0.477104 0.238165
v 0.073352 0.460646 0.238614
v 0.082871 0.518448 0.258148
v 0.056241 0.410255 0.203746
v 0.083098 0.549097 0.265480
v 0.081837 0.556529 0.259207
v -0.213760 0.367714 0.050664
v -0.198085 0.289345 0.054603
v -0.191915 0.233568 0.052318
v -0.169128 0.299222 0.142644
v -0.190339 0.293967 0.095754
v -0.168042 0.241470 0.141170
v -0.178344 0.235736 0.102237
v -0.204879 0.381202 0.092653
v -0.140721 0.368663 0.180682
v -0.180881 0.373319 0.128455
v -0.066610 0.378232 0.210557
v -0.140721 0.368663 0.180682
v -0.130119 0.314313 0.186433
v -0.063572 0.326104 0.210128
v -0.130119 0.314313 0.186433
v -0.121614 0.252052 0.194846
v -0.121614 0.252052 0.194846
v -0.048817 0.270028 0.220726
v 0.015507 0.271932 0.232010
v 0.000024 0.337897 0.213293
v -0.004252 0.379169 0.211809
v 0.108428 0.285030 0.036582
v 0.202772 0.712966 0.250761
v 0.187494 0.646541 0.256091
v 0.194623 0.768648 0.243673
v 0.151392 0.585364 0.267225
v 0.141228 0.921446 0.162948
v 0.129892 0.907954 0.151364
v 0.169549 0.818085 0.244846
v 0.090968 0.939268 0.174015
v 0.080810 0.928997 0.162429
v 0.049497 0.932001 0.172801
v 0.035754 0.912635 0.162691
v 0.047726 0.931147 0.191859
v 0.091442 0.934244 0.193995
v 0.140179 0.915549 0.185188
v 0.007693 0.886632 0.153367
v -0.038896 0.875317 0.160293
v -0.028129 0.858150 0.148756
v 0.169549 0.818085 0.244846
v 0.194623 0.768648 0.243673
v 0.121749 0.869989 0.250228
v 0.121749 0.869989 0.250228
v 0.024711 0.568611 0.245114
v 0.030377 0.591301 0.256353
v 0.036044 0.606293 0.265272
v 0.030377 0.591301 0.256353
v -0.018785 0.606011 0.242864
v -0.042422 0.621726 0.244488
v -0.072070 0.632361 0.257084
v -0.083603 0.650619 0.257387
v -0.083975 0.626072 0.247665
v -0.100175 0.650880 0.248651
v -0.098179 0.720764 0.237095
v -0.095832 0.762718 0.242480
v -0.082667 0.755458 0.237149
v -0.108697 0.778420 0.215162
v -0.143460 0.749623 0.215845
v -0.095832 0.762718 0.242480
v -0.168700 0.718153 0.224247
v -0.142862 0.744208 0.224107
v 0.036350 0.612648 0.273373
v 0.085306 0.615747 0.273280
v 0.036350 0.612648 0.273373
v 0.036044 0.606293 0.265272
v 0.123896 0.617589 0.282794
v 0.158715 0.629585 0.293488
v 0.155433 0.625983 0.299734
v 0.177974 0.658579 0.323269
v 0.173163 0.649243 0.334288
v 0.166320 0.686947 0.356410
v 0.160533 0.666245 0.369265
v 0.185814 0.748075 0.295711
v 0.189685 0.758173 0.276705
v 0.183943 0.667000 0.316564
v 0.173457 0.711403 0.342116
v 0.160975 0.791538 0.307821
v 0.166274 0.801635 0.286688
v 0.142573 0.752872 0.364932
v 0.120571 0.686432 0.396254
v 0.060576 0.882676 0.255926
v 0.058447 0.878082 0.273800
v 0.111953 0.857404 0.303465
v 0.056318 0.865591 0.310057
v 0.110146 0.846541 0.325640
v 0.057223 0.856384 0.331140
v 0.105585 0.826207 0.350713
v 0.056163 0.838403 0.354558
v 0.092147 0.911883 0.232541
v 0.082146 0.898017 0.255356
v 0.198154 0.866246 0.154083
v 0.142707 0.902982 0.228323
v 0.143682 0.921943 0.187893
v 0.092854 0.916541 0.235119
v 0.092222 0.939013 0.196565
v 0.207477 0.842497 0.199449
v 0.203437 0.870784 0.156235
v 0.198508 0.797600 0.212383
v 0.008099 0.850515 0.329135
v 0.008678 0.835817 0.352312
v -0.032276 0.796033 0.357914
v -0.036684 0.809341 0.339066
v -0.018830 0.755519 0.386884
v 0.015492 0.763127 0.397114
v -0.026218 0.775488 0.375017
v -0.062515 0.756631 0.333189
v -0.055567 0.740597 0.350442
v -0.038737 0.823210 0.314495
v -0.037662 0.831474 0.293213
v 0.009331 0.860453 0.307428
v -0.032761 0.842466 0.263208
v 0.009139 0.869237 0.272372
v -0.029808 0.847499 0.249958
v 0.008263 0.871955 0.254904
v -0.061057 0.796694 0.244461
v -0.029877 0.847205 0.249670
v 0.008058 0.871537 0.254620
v -0.033488 0.854870 0.249316
v 0.002271 0.878816 0.255099
v -0.061294 0.794922 0.244195
v -0.071152 0.797403 0.244413
v -0.037067 0.863248 0.222951
v -0.074479 0.814135 0.216762
v -0.033488 0.854870 0.249316
v -0.071152 0.797403 0.244413
v -0.071429 0.729080 0.316528
v -0.076363 0.742025 0.295788
v -0.074523 0.697991 0.298362
v -0.026302 0.697079 0.383113
v -0.045550 0.723193 0.364827
v -0.041452 0.679697 0.363286
v -0.054709 0.697281 0.347619
v -0.032342 0.655895 0.371510
v -0.011553 0.708485 0.398803
v 0.018636 0.719492 0.409466
v 0.055691 0.762635 0.398293
v 0.053411 0.726725 0.409371
v -0.054083 0.641511 0.310990
v -0.183214 0.716301 0.197682
v -0.183831 0.736961 0.172446
v -0.158559 0.764638 0.173410
v -0.154611 0.766054 0.178652
v -0.120281 0.796108 0.180135
v -0.110964 0.780632 0.216612
v -0.086022 0.832479 0.182805
v -0.078493 0.817897 0.219681
v -0.082200 0.832494 0.152418
v -0.083510 0.829878 0.181063
v -0.117661 0.793506 0.178444
v -0.074863 0.829266 0.143241
v -0.039379 0.877836 0.188162
v -0.042757 0.867705 0.225272
v -0.044651 0.883481 0.191402
v -0.030293 0.880422 0.229291
v -0.032135 0.891260 0.193029
v -0.011753 0.894727 0.246062
v 0.047108 0.913504 0.242830
v -0.011481 0.913814 0.183987
v 0.045657 0.937720 0.194971
v 0.222319 0.850783 0.143412
v 0.222669 0.818742 0.187384
v 0.220040 0.762549 0.196623
v -0.142263 0.778559 0.125568
v -0.098179 0.720764 0.237095
v -0.106643 0.677716 0.246110
v -0.095872 0.719093 0.241850
v -0.091610 0.716593 0.253229
v -0.068713 0.658930 0.295820
v 0.118265 0.672236 0.411253
v 0.076815 0.681355 0.414490
v -0.042427 0.609159 0.402838
v -0.046116 0.576722 0.427573
v -0.009623 0.609340 0.437956
v -0.050623 0.493624 0.452440
v -0.038020 0.468830 0.469442
v -0.040192 0.517735 0.470729
v -0.027201 0.493467 0.485132
v -0.016099 0.477611 0.496581
v -0.018836 0.447139 0.486508
v 0.046628 0.536245 0.507125
v 0.074483 0.534580 0.506836
v 0.048624 0.564398 0.484386
v 0.081993 0.570137 0.487985
v 0.021794 0.532897 0.500764
v 0.006656 0.506341 0.499032
v 0.020272 0.515917 0.512364
v 0.063190 0.512763 0.528245
v 0.090394 0.498605 0.530191
v 0.130565 0.493015 0.518801
v 0.107460 0.493409 0.529291
v 0.112818 0.475959 0.554785
v 0.139094 0.458739 0.480160
v 0.139481 0.475095 0.504815
v 0.131166 0.427128 0.514225
v -0.013522 0.481088 0.552599
v 0.003890 0.498599 0.528846
v -0.025984 0.467955 0.524031
v -0.010145 0.486996 0.511286
v 0.129932 0.444720 0.540013
v 0.091463 0.330971 0.604249
v 0.077059 0.359093 0.621496
v 0.073002 0.310941 0.630626
v 0.058999 0.332605 0.646329
v 0.013223 0.230638 0.686294
v -0.002778 0.202384 0.710884
v 0.004994 0.225171 0.675111
v -0.007487 0.196508 0.701124
v -0.052699 0.590398 0.330062
v -0.034886 0.582631 0.300464
v -0.010822 0.576519 0.291808
v 0.133844 0.591104 0.296941
v 0.166828 0.596829 0.316046
v 0.090908 0.591141 0.289018
v 0.176640 0.622868 0.356059
v 0.154743 0.647360 0.385404
v 0.051137 0.666675 0.422242
v 0.048948 0.635061 0.439228
v 0.082630 0.646212 0.440764
v 0.119185 0.644858 0.437432
v -0.002685 0.660942 0.406250
v 0.022963 0.660929 0.419168
v 0.019849 0.627991 0.435377
v -0.056030 0.599691 0.371160
v 0.177634 0.599163 0.372447
v 0.171697 0.571504 0.333815
v 0.140253 0.560574 0.318751
v 0.153811 0.626775 0.410449
v 0.046729 0.599673 0.460434
v 0.086724 0.608923 0.467393
v 0.121488 0.566870 0.487150
v 0.121488 0.611309 0.461951
v 0.015752 0.590908 0.456205
v -0.013528 0.574305 0.455054
v 0.149076 0.561493 0.460314
v 0.153614 0.601190 0.433006
v 0.160531 0.547825 0.423276
v 0.173832 0.575100 0.393438
v 0.159840 0.524366 0.394288
v 0.170016 0.547906 0.359726
v 0.136725 0.504898 0.385520
v 0.141009 0.531850 0.346498
v 0.098087 0.554837 0.312950
v 0.101996 0.519897 0.345648
v -0.010710 0.543848 0.475861
v -0.045230 0.546309 0.450997
v -0.057839 0.561664 0.403007
v -0.051787 0.545762 0.369486
v -0.031970 0.533355 0.337881
v -0.002890 0.527759 0.321549
v 0.039483 0.582880 0.291488
v 0.046461 0.537814 0.312720
v 0.039483 0.582880 0.291488
v 0.046461 0.537814 0.312720
v 0.059915 0.468686 0.390511
v 0.055865 0.499394 0.351231
v 0.102217 0.488295 0.390618
v 0.008111 0.484076 0.362226
v 0.055865 0.499394 0.351231
v 0.016109 0.456189 0.390072
v 0.059915 0.468686 0.390511
v -0.056431 0.520821 0.431261
v -0.040899 0.474352 0.429797
v -0.047354 0.502085 0.404973
v -0.017385 0.459193 0.404214
v -0.023715 0.487666 0.378300
v -0.001632 0.519409 0.491735
v -0.029777 0.448988 0.449827
v -0.006088 0.437081 0.428614
v 0.022936 0.435705 0.419554
v 0.064572 0.442683 0.423258
v 0.064572 0.442683 0.423258
v 0.100347 0.455284 0.425860
v 0.130346 0.476720 0.425141
v 0.148499 0.499883 0.429431
v 0.148016 0.520634 0.454682
v 0.142334 0.525419 0.485132
v 0.117419 0.529381 0.508227
v 0.036608 0.522204 0.521783
v -0.024512 0.436864 0.496179
v -0.030209 0.426569 0.506522
v -0.021027 0.472813 0.510223
v -0.003327 0.428169 0.467786
v 0.024525 0.421892 0.447941
v -0.009251 0.413418 0.477592
v -0.015421 0.398085 0.488900
v 0.016986 0.376722 0.474318
v 0.020436 0.397344 0.461316
v 0.065050 0.425755 0.446307
v 0.060912 0.398321 0.456248
v 0.057415 0.375235 0.464835
v 0.065050 0.425755 0.446307
v 0.096776 0.433724 0.451131
v 0.057415 0.375235 0.464835
v 0.060912 0.398321 0.456248
v 0.093878 0.382929 0.471896
v 0.123388 0.446353 0.461509
v 0.122548 0.400989 0.490034
v 0.038404 0.474813 0.579081
v 0.070830 0.460044 0.578457
v 0.052986 0.498083 0.545532
v 0.082586 0.486142 0.546923
v 0.008550 0.483707 0.572880
v 0.023981 0.504919 0.541902
v -0.055384 0.371983 0.548124
v -0.060770 0.402000 0.575850
v -0.046176 0.400605 0.525379
v -0.048457 0.433952 0.551257
v -0.032152 0.451792 0.577957
v -0.023758 0.369428 0.508715
v 0.010721 0.346720 0.495721
v -0.030972 0.341956 0.529688
v 0.003247 0.321168 0.518417
v 0.051490 0.338010 0.488860
v 0.087985 0.344076 0.499895
v 0.051490 0.338010 0.488860
v 0.114430 0.363673 0.520377
v 0.118157 0.397488 0.554960
v 0.112410 0.425982 0.560230
v 0.094160 0.451697 0.576185
v -0.005288 0.457704 0.598991
v 0.030341 0.455131 0.603088
v 0.022868 0.430331 0.623772
v -0.015426 0.428378 0.622184
v 0.080391 0.429643 0.594934
v 0.063947 0.428159 0.607796
v 0.096294 0.412208 0.584529
v 0.094755 0.392280 0.592962
v -0.057558 0.340931 0.570838
v -0.037445 0.316395 0.552647
v -0.065815 0.366983 0.596347
v -0.002956 0.299379 0.544254
v 0.035326 0.291667 0.546963
v 0.044765 0.311402 0.515788
v 0.044765 0.311402 0.515788
v 0.080597 0.317105 0.529890
v 0.035326 0.291667 0.546963
v 0.069639 0.296034 0.564112
v 0.105835 0.337697 0.554812
v 0.089944 0.311332 0.585097
v 0.106194 0.363703 0.580352
v 0.050429 0.386970 0.634852
v 0.014386 0.397390 0.644388
v -0.050491 0.388242 0.623087
v -0.043180 0.421618 0.601574
v 0.036208 0.350371 0.655908
v 0.003823 0.363264 0.661466
v 0.072458 0.292948 0.611220
v 0.036679 0.266509 0.619319
v 0.056070 0.281247 0.593140
v 0.051603 0.275028 0.636542
v 0.009320 0.262679 0.604080
v 0.024690 0.277423 0.576832
v 0.024690 0.277423 0.576832
v -0.010412 0.283569 0.573630
v -0.045905 0.276922 0.607052
v -0.040402 0.297232 0.580985
v -0.019016 0.267322 0.601359
v -0.060930 0.315714 0.595889
v -0.070360 0.337120 0.618096
v -0.057329 0.354760 0.639588
v -0.030835 0.366688 0.657400
v -0.023402 0.397550 0.640834
v -0.065602 0.289498 0.618821
v -0.073117 0.265406 0.642195
v -0.077018 0.307667 0.639109
v -0.084404 0.279809 0.659777
v -0.091455 0.251647 0.680704
v -0.084940 0.260167 0.693870
v -0.076417 0.290435 0.673908
v -0.030735 0.249482 0.630338
v -0.053415 0.256841 0.633762
v 0.019793 0.247765 0.647760
v -0.004639 0.244909 0.633154
v 0.031288 0.253702 0.660892
v 0.014227 0.241411 0.701185
v 0.031747 0.265756 0.677568
v 0.020293 0.279262 0.688050
v 0.002559 0.291007 0.693606
v 0.002801 0.252916 0.709821
v -0.014504 0.262163 0.713513
v -0.041108 0.268437 0.714075
v -0.024759 0.300094 0.695663
v -0.042403 0.333625 0.674157
v -0.068049 0.321137 0.656157
v -0.054226 0.301648 0.690857
v -0.095854 0.227603 0.709508
v -0.082148 0.234160 0.723737
v -0.068422 0.268692 0.708697
v -0.100399 0.221510 0.697893
v -0.056712 0.234700 0.730361
v -0.031526 0.230715 0.732286
v -0.013928 0.223454 0.731003
v -0.001595 0.213249 0.724554
v -0.063385 0.231998 0.656829
v -0.040932 0.225500 0.656000
v -0.071432 0.205630 0.677728
v -0.048045 0.197835 0.679313
v -0.089795 0.212177 0.682614
v -0.081421 0.239485 0.663546
v 0.017264 0.560455 0.477940
v -0.017245 0.222951 0.660948
v 0.051830 0.288390 0.654913
v 0.019294 0.319952 0.675760
v 0.039521 0.305045 0.668235
v -0.010362 0.331272 0.679048
v 0.009320 0.262679 0.604080
v -0.017245 0.222951 0.660948
v -0.004639 0.244909 0.633154
v -0.029782 0.195307 0.685384
v -0.029782 0.195307 0.685384
v -0.022671 0.883527 0.242378
v -0.027379 0.885302 0.190629
v -0.024869 0.900574 0.184004
v -0.025296 0.875158 0.227383
v -0.174517 0.235220 -0.152787
v -0.133665 0.247654 -0.206128
v -0.161367 0.196852 -0.167768
v -0.129520 0.212189 -0.215363
v -0.165795 0.185854 -0.154491
v -0.168032 0.191643 -0.152797
v -0.159415 0.190627 -0.165586
v -0.188904 0.066633 -0.066804
v -0.179821 0.120056 -0.066679
v -0.179931 0.073752 -0.120831
v -0.171243 0.125793 -0.115509
v -0.151901 0.142822 -0.166941
v -0.161423 0.137085 -0.164058
v 0.073880 0.234357 -0.215770
v 0.086907 0.170868 -0.225989
v 0.021629 0.217070 -0.256311
v 0.024841 0.166276 -0.261083
v -0.163543 0.103865 -0.191843
v -0.140567 0.090027 -0.258365
v -0.159812 0.086427 -0.193422
v -0.124569 0.088565 -0.244903
v -0.062852 0.104323 -0.277505
v 0.020343 0.011602 -0.294364
v 0.028258 0.116466 -0.261949
v 0.085688 0.014480 -0.260772
v -0.174755 0.011950 -0.128583
v -0.172826 -0.013356 -0.132803
v -0.189168 0.011829 -0.066592
v -0.169073 -0.034105 -0.068748
v 0.108356 0.289277 -0.030967
v 0.105162 0.289652 0.000055
v 0.125223 0.293571 -0.027387
v 0.141912 0.237563 -0.029010
v 0.120378 0.285614 -0.030844
v 0.158519 0.035530 -0.217489
v 0.115709 0.080703 -0.245160
v 0.166598 0.075847 -0.212825
v 0.072858 -0.030884 -0.276769
v 0.081527 -0.089858 -0.282097
v 0.025307 -0.055375 -0.302624
v 0.171517 -0.030125 -0.076522
v 0.099108 -0.044845 -0.025773
v 0.139137 -0.075329 -0.079229
v 0.084742 -0.180923 -0.281765
v 0.131147 -0.188168 -0.236791
v 0.083828 -0.234235 -0.285162
v 0.130341 -0.237941 -0.240475
v 0.070837 -0.095871 -0.036980
v -0.021028 -0.133686 -0.012115
v 0.071595 -0.137936 -0.039087
v -0.028710 -0.331957 -0.307951
v -0.015688 -0.378341 -0.301755
v -0.078310 -0.345830 -0.274770
v -0.068648 -0.392984 -0.272431
v -0.021286 -0.437257 -0.086656
v -0.033987 -0.382837 -0.082825
v -0.055423 -0.446034 -0.118066
v -0.080222 -0.395757 -0.114726
v -0.036426 -0.487986 -0.115089
v 0.022163 -0.480603 -0.095674
v 0.028298 -0.428548 -0.087611
v 0.027911 -0.513276 -0.093171
v -0.033633 -0.524725 -0.115148
v 0.104196 -0.470907 -0.279758
v 0.061984 -0.469900 -0.296640
v 0.085831 -0.418449 -0.273588
v 0.050355 -0.426720 -0.292785
v 0.009112 -1.097032 -0.323404
v 0.062434 -1.114002 -0.336859
v 0.032253 -1.101270 -0.295448
v 0.068567 -1.117716 -0.314363
v 0.000565 -1.104418 -0.154059
v -0.030190 -1.083215 -0.191493
v 0.010376 -1.106511 -0.164975
v -0.020249 -1.089489 -0.206926
v -0.020928 -1.086617 -0.247367
v 0.005662 -1.093943 -0.271408
v -0.061702 -1.112326 -0.258585
v 0.108045 -1.155283 -0.139294
v 0.055267 -1.133537 -0.151758
v 0.069207 -1.184580 -0.158164
v 0.013015 -1.199614 -0.172831
v -0.015162 -1.142327 -0.176829
v -0.054834 -1.181547 -0.168027
v -0.059569 -1.150991 -0.182634
v -0.081717 -1.124946 -0.264092
v -0.054283 -1.120500 -0.206401
v -0.103030 -1.149809 -0.198225
v -0.150678 -1.156021 -0.217408
v -0.131573 -1.141126 -0.277738
v -0.050284 -1.164670 -0.346518
v -0.106635 -1.166975 -0.347095
v 0.068567 -1.117716 -0.314363
v 0.067871 -1.151633 -0.320585
v 0.032253 -1.101270 -0.295448
v 0.003115 -1.159043 -0.325007
v 0.076036 -1.196476 -0.308162
v 0.013775 -1.221078 -0.337842
v 0.105427 -1.121013 -0.315825
v 0.108542 -1.151850 -0.315932
v -0.055870 -1.249842 -0.159457
v -0.023672 -1.249842 -0.166080
v -0.050259 -1.219846 -0.164209
v -0.202237 -1.152321 -0.302065
v -0.184513 -1.149513 -0.295963
v -0.189508 -1.156990 -0.323893
v -0.163097 -1.165915 -0.343812
v -0.099370 -1.222801 -0.360716
v -0.173443 -1.195671 -0.346613
v -0.205549 -1.152950 -0.250444
v -0.208919 -1.152927 -0.274438
v -0.179304 -1.226204 -0.349865
v 0.143552 -1.193452 -0.298408
v 0.108918 -1.249983 -0.307241
v 0.109776 -1.212354 -0.306972
v -0.101110 -1.249848 -0.170182
v -0.056821 -1.249814 -0.257180
v -0.055870 -1.249842 -0.159457
v 0.110424 -1.192738 -0.307425
v -0.191874 0.233568 -0.052460
v -0.202717 0.220509 -0.031893
v -0.190545 0.233365 -0.000070
v -0.204071 0.218399 -0.000075
v -0.178263 0.235736 -0.102367
v -0.197018 0.223267 -0.062811
v -0.189685 0.227508 -0.104366
v -0.121460 0.252052 -0.194931
v -0.167930 0.241470 -0.141292
v -0.048658 0.269883 -0.220866
v -0.050614 0.260737 -0.246528
v -0.051970 0.223301 -0.255180
v -0.184102 0.190038 -0.102994
v -0.190343 0.183051 -0.064934
v -0.192991 0.181967 -0.032642
v -0.184340 0.179036 -0.063175
v -0.188627 0.177486 -0.032555
v -0.185005 0.116828 -0.032560
v -0.117967 0.204023 -0.201248
v -0.048031 0.214570 -0.243211
v -0.118686 0.145699 -0.222655
v -0.055088 0.156049 -0.264699
v 0.025060 0.228405 -0.261894
v 0.015693 0.271920 -0.232008
v 0.021762 0.273317 -0.255484
v 0.062988 0.287205 -0.203343
v 0.072364 0.281133 -0.216772
v 0.075987 0.241040 -0.223189
v -0.194539 0.064846 -0.034016
v -0.195983 0.012727 -0.034662
v -0.160347 0.016019 -0.198957
v -0.123139 0.017585 -0.264479
v -0.062214 0.014489 -0.296993
v -0.147819 0.106780 -0.187182
v 0.102752 0.115996 -0.239935
v 0.088062 0.286845 -0.171223
v 0.098615 0.282227 -0.183128
v -0.179094 -0.046758 -0.000066
v -0.199942 0.014059 -0.000074
v -0.177226 -0.042102 -0.032007
v -0.127313 -0.090006 -0.000045
v -0.130203 -0.100760 -0.021916
v -0.139989 -0.183822 -0.087043
v -0.161754 -0.092235 -0.075987
v -0.150704 -0.180570 -0.148411
v -0.168787 -0.078784 -0.139872
v -0.096902 -0.195560 -0.037976
v -0.121313 -0.133041 -0.023871
v -0.104413 -0.171092 -0.273471
v -0.139232 -0.174035 -0.209854
v -0.118776 -0.058471 -0.271486
v -0.156086 -0.060425 -0.205146
v -0.050985 -0.160107 -0.313285
v -0.059432 -0.054116 -0.306686
v 0.028689 -0.159791 -0.305683
v 0.108657 0.244249 -0.186360
v 0.104493 0.232723 -0.186780
v 0.125533 0.172412 -0.192539
v 0.152041 0.120464 -0.205783
v 0.127077 0.222742 -0.069765
v 0.142887 0.219450 -0.027556
v 0.171643 0.160030 -0.074512
v 0.173191 0.154582 0.000081
v 0.194591 0.112182 -0.074458
v 0.192920 0.116478 -0.147088
v 0.161473 0.166835 -0.141758
v 0.205410 0.063587 -0.153294
v 0.204515 0.062417 -0.083248
v 0.124378 0.228445 -0.137385
v 0.119992 0.285596 -0.074821
v 0.131015 0.238380 -0.070722
v 0.114564 0.287008 -0.135733
v 0.127887 0.242508 -0.136998
v 0.108456 0.285030 -0.036471
v 0.108289 0.286676 -0.078888
v 0.102840 0.290245 -0.135605
v 0.197554 0.018298 -0.154272
v 0.202921 0.016946 -0.094804
v 0.145459 -0.028088 -0.223535
v 0.174978 -0.049356 -0.154488
v 0.154690 -0.089232 -0.159969
v 0.136575 -0.062903 -0.232799
v 0.086768 -0.028934 0.000040
v 0.152331 -0.009807 0.000066
v 0.028992 -0.230743 -0.313479
v 0.029150 -0.277347 -0.315103
v -0.045313 -0.236252 -0.315456
v -0.039302 -0.287294 -0.318088
v 0.029712 -0.321577 -0.305727
v 0.036740 -0.367454 -0.301457
v 0.084705 -0.361391 -0.277669
v 0.020521 -0.468601 -0.293035
v 0.003875 -0.436486 -0.291264
v -0.099018 -0.248561 -0.276191
v -0.131662 -0.255487 -0.214125
v -0.141396 -0.258309 -0.152625
v -0.079449 -0.254651 -0.044980
v -0.127858 -0.257925 -0.094089
v -0.022032 -0.104114 -0.009051
v -0.021028 -0.133686 -0.012115
v -0.010909 -0.253107 -0.036561
v -0.015863 -0.196466 -0.022211
v -0.023337 -0.069389 -0.000004
v -0.101679 -0.353176 -0.219348
v -0.092834 -0.399989 -0.220038
v -0.071530 -0.460038 -0.221770
v -0.071624 -0.458776 -0.171662
v -0.094785 -0.399061 -0.169678
v 0.009105 -0.376031 -0.074535
v 0.067678 -0.258635 -0.058230
v 0.067053 -0.207587 -0.052128
v -0.010909 -0.253107 -0.036561
v -0.015863 -0.196466 -0.022211
v 0.086138 -0.423222 -0.110257
v 0.077068 -0.366572 -0.104510
v 0.028298 -0.428548 -0.087611
v 0.009105 -0.376031 -0.074535
v 0.054179 -0.057922 -0.013726
v -0.022032 -0.104114 -0.009051
v 0.147271 -0.194230 -0.171908
v 0.155903 -0.129282 -0.164407
v 0.113115 -0.198911 -0.113038
v 0.130719 -0.124636 -0.090493
v 0.138162 -0.111270 -0.236088
v 0.146933 -0.241077 -0.175346
v 0.148029 -0.275231 -0.178132
v 0.128086 -0.274144 -0.240570
v 0.113898 -0.248193 -0.116181
v -0.030644 -0.481235 -0.259520
v -0.052191 -0.452514 -0.260002
v -0.057555 -0.492239 -0.216003
v -0.060751 -0.493581 -0.177750
v 0.022163 -0.480603 -0.095674
v 0.101392 -0.476536 -0.112045
v 0.073830 -0.330772 -0.088142
v 0.118856 -0.319575 -0.134723
v 0.125783 -0.359158 -0.140335
v 0.139937 -0.405231 -0.195602
v 0.134494 -0.354319 -0.192821
v 0.129417 -0.409046 -0.144790
v 0.117716 -0.409647 -0.232724
v 0.122915 -0.355992 -0.242912
v 0.130776 -0.471279 -0.155000
v 0.143368 -0.463628 -0.203151
v 0.134726 -0.464971 -0.242016
v -0.019843 -0.560154 -0.263295
v 0.030383 -0.548692 -0.299765
v -0.009891 -0.619092 -0.269261
v 0.038010 -0.609961 -0.311252
v 0.086760 -0.588943 -0.322109
v 0.076477 -0.540830 -0.313841
v -0.041648 -0.566963 -0.219598
v -0.037134 -0.621113 -0.223918
v -0.052977 -0.531816 -0.177554
v 0.174332 -0.528930 -0.203727
v 0.193152 -0.572466 -0.206255
v 0.163510 -0.529599 -0.248799
v 0.182511 -0.575374 -0.252699
v 0.173608 -0.573130 -0.149500
v 0.166437 -0.531979 -0.146795
v 0.124099 -0.578411 -0.106544
v 0.121413 -0.560513 -0.112140
v 0.115038 -0.534731 -0.108683
v 0.050270 -0.575608 -0.104737
v 0.036598 -0.541899 -0.090670
v 0.036968 -1.021968 -0.148562
v -0.000482 -1.021596 -0.187255
v 0.019917 -1.054557 -0.148128
v -0.019415 -1.039571 -0.191956
v 0.102659 -1.026796 -0.119771
v 0.069984 -1.024140 -0.131372
v 0.095086 -1.061596 -0.113379
v 0.053442 -1.057821 -0.129618
v 0.095086 -1.061596 -0.113379
v 0.179917 -1.058770 -0.106806
v 0.102659 -1.026796 -0.119771
v 0.174930 -1.029297 -0.119932
v 0.207324 -1.055757 -0.134982
v 0.229539 -1.077175 -0.135998
v 0.241146 -1.053298 -0.196192
v 0.253427 -1.074771 -0.192298
v 0.224477 -1.054245 -0.253828
v 0.237242 -1.079043 -0.257812
v 0.184931 -1.022566 -0.286388
v 0.196319 -1.061547 -0.296229
v 0.140548 -1.023816 -0.311461
v 0.143003 -1.067486 -0.331015
v 0.022908 -1.052396 -0.317391
v 0.042383 -1.022837 -0.300309
v 0.073608 -1.058955 -0.338714
v 0.093752 -1.030187 -0.308976
v -0.032850 -1.080066 -0.248151
v -0.019616 -1.023649 -0.242619
v -0.020293 -1.085037 -0.289760
v -0.001955 -1.042093 -0.283222
v 0.055267 -1.133537 -0.151758
v 0.042383 -1.124243 -0.134866
v 0.108045 -1.155283 -0.139294
v 0.098169 -1.144737 -0.126002
v 0.223692 -1.158753 -0.134878
v 0.161250 -1.163379 -0.122190
v 0.098169 -1.144737 -0.126002
v 0.108045 -1.155283 -0.139294
v 0.153034 -1.170013 -0.131813
v 0.261384 -1.158531 -0.185361
v 0.248856 -1.163586 -0.191141
v 0.217495 -1.164893 -0.142630
v 0.237098 -1.156270 -0.261142
v 0.230143 -1.161581 -0.254102
v 0.191186 -1.141803 -0.298330
v 0.145465 -1.122442 -0.326946
v 0.185972 -1.157497 -0.282536
v 0.142024 -1.126876 -0.308590
v 0.141612 -1.155717 -0.307567
v 0.142024 -1.126876 -0.308590
v -0.020249 -1.089489 -0.206926
v 0.010376 -1.106511 -0.164975
v 0.242588 -1.187747 -0.189333
v 0.227180 -1.194664 -0.248718
v 0.248856 -1.163586 -0.191141
v 0.230143 -1.161581 -0.254102
v 0.233832 -1.249970 -0.251476
v 0.245316 -1.249955 -0.188453
v 0.214008 -1.193015 -0.143561
v 0.242588 -1.187747 -0.189333
v 0.217495 -1.164893 -0.142630
v 0.248856 -1.163586 -0.191141
v 0.245316 -1.249955 -0.188453
v 0.210412 -1.249970 -0.145894
v 0.153034 -1.170013 -0.131813
v 0.149868 -1.197510 -0.140578
v 0.145416 -1.249967 -0.134710
v -0.047402 -1.220814 -0.358597
v 0.077005 -1.217670 -0.312533
v 0.022889 -1.249850 -0.339921
v -0.044559 -1.249845 -0.370531
v 0.072936 -1.211987 -0.163425
v 0.025476 -1.221474 -0.180981
v -0.101868 -1.180842 -0.178782
v -0.155545 -1.188271 -0.205739
v -0.099037 -1.219454 -0.183277
v -0.101110 -1.249848 -0.170182
v -0.157113 -1.219103 -0.203754
v -0.158163 -1.249851 -0.195660
v -0.102610 -1.249849 -0.368037
v -0.198795 -1.187692 -0.326915
v -0.212583 -1.188520 -0.304996
v -0.220306 -1.185961 -0.274733
v -0.217377 -1.189900 -0.242537
v -0.219834 -1.220341 -0.305761
v -0.228645 -1.220412 -0.272738
v -0.217761 -1.223220 -0.238084
v -0.222276 -1.249855 -0.235514
v -0.234772 -1.249840 -0.271881
v -0.203994 -1.222394 -0.329151
v -0.184648 -1.249846 -0.358440
v -0.213535 -1.249841 -0.335569
v 0.052168 -1.222250 -0.236834
v 0.008415 -1.249810 -0.242023
v 0.077005 -1.217670 -0.312533
v 0.022889 -1.249850 -0.339921
v -0.044559 -1.249845 -0.370531
v 0.109776 -1.212354 -0.306972
v 0.096847 -1.214866 -0.228007
v 0.086384 -1.249985 -0.242980
v 0.108918 -1.249983 -0.307241
v 0.195232 -1.249972 -0.284655
v 0.160668 -1.250000 -0.230534
v 0.185247 -1.196330 -0.277218
v 0.195232 -1.249972 -0.284655
v 0.233832 -1.249970 -0.251476
v 0.245316 -1.249955 -0.188453
v 0.145416 -1.249967 -0.134710
v 0.210412 -1.249970 -0.145894
v 0.080622 -1.249967 -0.158406
v 0.080622 -1.249967 -0.158406
v 0.072936 -1.211987 -0.163425
v 0.025476 -1.221474 -0.180981
v -0.023672 -1.249842 -0.166080
v -0.158163 -1.249851 -0.195660
v -0.138291 -1.249814 -0.278229
v -0.227864 -1.249836 -0.306458
v -0.234772 -1.249840 -0.271881
v -0.222276 -1.249855 -0.235514
v -0.102610 -1.249849 -0.368037
v -0.213535 -1.249841 -0.335569
v -0.184648 -1.249846 -0.358440
v 0.049208 -0.044111 0.000024
v -0.023337 -0.069389 -0.000004
v 0.005662 -1.093943 -0.271408
v 0.083042 -0.274220 -0.285491
v -0.091737 -0.300331 -0.278305
v -0.117400 -0.308208 -0.219529
v -0.123921 -0.309510 -0.155500
v -0.110830 -0.306535 -0.102049
v -0.063791 -0.302054 -0.058807
v -0.051106 -0.342578 -0.070558
v -0.009602 -0.337525 -0.059197
v -0.006134 -0.298052 -0.048639
v 0.071858 -0.295135 -0.069434
v -0.009602 -0.337525 -0.059197
v -0.006134 -0.298052 -0.048639
v 0.136227 -0.312053 -0.185358
v 0.119314 -0.284085 -0.123962
v 0.185972 -1.157497 -0.282536
v -0.051072 -0.531626 -0.217801
v -0.105521 -0.353164 -0.163133
v -0.093016 -0.349389 -0.110900
v -0.020928 -1.086617 -0.247367
v 0.110291 -1.063790 -0.339257
v 0.106003 -1.117349 -0.331387
v 0.105427 -1.121013 -0.315825
v 0.081186 -0.316559 -0.278544
v 0.122122 -0.313921 -0.241104
v 0.132470 -0.530505 -0.289547
v 0.147494 -0.576882 -0.295571
v -0.171438 0.185520 -0.103869
v -0.005392 -1.010445 -0.209577
v -0.008564 -0.988689 -0.257907
v -0.003176 -0.986461 -0.227023
v -0.002217 -0.968336 -0.220302
v -0.010751 -0.960961 -0.244727
v -0.009036 -0.924775 -0.218201
v 0.001059 -0.952584 -0.206965
v 0.006482 -0.889307 -0.181192
v 0.020957 -0.932834 -0.176509
v 0.030858 -0.832350 -0.138828
v 0.052956 -0.878288 -0.147689
v 0.241703 -0.994387 -0.192808
v 0.206151 -1.026092 -0.132760
v 0.226267 -1.023007 -0.259438
v 0.006065 -1.009436 -0.276140
v 0.142724 -0.960233 -0.322858
v 0.097636 -0.981369 -0.323583
v 0.049423 -0.988910 -0.302058
v -0.001158 -0.841069 -0.181539
v -0.015535 -0.837396 -0.214079
v -0.027995 -0.782847 -0.215143
v -0.007404 -0.786394 -0.178075
v 0.024982 -0.776799 -0.133762
v 0.099289 -0.981534 -0.128304
v 0.169614 -0.973489 -0.136489
v 0.164400 -0.909810 -0.130999
v 0.102876 -0.916330 -0.121051
v 0.088662 -0.791717 -0.105230
v 0.095036 -0.841883 -0.122115
v 0.158951 -0.844011 -0.131317
v 0.157606 -0.798080 -0.120538
v 0.095036 -0.841883 -0.122115
v 0.088662 -0.791717 -0.105230
v 0.102876 -0.916330 -0.121051
v 0.060120 -0.944209 -0.145629
v 0.099289 -0.981534 -0.128304
v 0.051172 -0.994699 -0.149763
v 0.020886 -0.992636 -0.183757
v 0.022638 -0.963108 -0.179432
v 0.005536 -0.685324 -0.127574
v -0.000661 -0.611903 -0.130172
v -0.020659 -0.688210 -0.178385
v -0.036247 -0.613176 -0.176141
v -0.017378 -0.733341 -0.173688
v 0.012082 -0.733371 -0.127230
v -0.029987 -0.690827 -0.225222
v -0.038954 -0.729456 -0.220447
v 0.067071 -0.604523 -0.100204
v 0.071954 -0.675859 -0.096267
v 0.074523 -0.734415 -0.095040
v 0.207335 -0.649357 -0.201941
v 0.190121 -0.651068 -0.151229
v 0.197532 -0.737984 -0.152654
v 0.217147 -0.730828 -0.204153
v 0.223017 -0.814535 -0.202278
v 0.203185 -0.782657 -0.155096
v 0.229611 -0.957019 -0.198401
v 0.212051 -0.960802 -0.158764
v 0.227959 -0.900016 -0.199312
v 0.203454 -0.905381 -0.161827
v 0.201340 -0.837310 -0.162715
v 0.098463 -0.644087 -0.334808
v 0.038409 -0.637405 -0.322541
v 0.045991 -0.681909 -0.320853
v 0.095038 -0.679491 -0.334648
v 0.126053 -0.837433 -0.323629
v 0.074417 -0.844039 -0.317336
v 0.113703 -0.758342 -0.322207
v 0.060343 -0.761871 -0.317010
v 0.091706 -0.925227 -0.311034
v 0.135317 -0.918765 -0.315220
v 0.196144 -0.646814 -0.252111
v 0.156032 -0.643117 -0.301645
v 0.203572 -0.735370 -0.253191
v 0.167385 -0.741018 -0.301688
v 0.220545 -0.967866 -0.260918
v 0.212840 -0.908059 -0.251145
v 0.211328 -0.814532 -0.248871
v 0.173195 -0.821227 -0.301654
v 0.174074 -0.909629 -0.287989
v 0.183733 -0.961113 -0.300709
v 0.140876 -0.674694 -0.105183
v 0.152974 -0.746439 -0.111532
v 0.071954 -0.675859 -0.096267
v 0.067071 -0.604523 -0.100204
v 0.074523 -0.734415 -0.095040
v -0.033735 -0.685333 -0.260935
v 0.029852 -0.850485 -0.294992
v 0.052845 -0.930316 -0.291296
v 0.001647 -0.919644 -0.265229
v 0.012249 -0.864370 -0.278584
v 0.010710 -0.978057 -0.274278
v -0.013559 -0.667028 -0.285943
v -0.002814 -0.705200 -0.279748
v 0.015351 -0.774211 -0.285894
v -0.000952 -0.782137 -0.256363
v -0.026015 -0.715614 -0.257751
v -0.041462 -0.727091 -0.243525
v -0.026713 -0.522720 -0.261407
v 0.023982 -0.510669 -0.296400
v 0.067761 -0.507392 -0.305240
v -0.042264 -0.566004 -0.177357
v -0.009238 -0.591335 -0.129212
v -0.027900 -0.557414 -0.115206
v 0.036598 -0.541899 -0.090670
v 0.050270 -0.575608 -0.104737
v 0.027911 -0.513276 -0.093171
v 0.109234 -0.507656 -0.110364
v 0.153392 -0.501609 -0.150898
v 0.163636 -0.496260 -0.203439
v 0.153904 -0.499309 -0.245407
v 0.122445 -0.502730 -0.284653
v -0.198086 0.062417 -0.000073
v -0.186480 0.114740 -0.000068
v -0.188049 0.177452 -0.000069
v -0.195537 0.182184 -0.000072
v -0.227864 -1.249836 -0.306458
v 0.143963 0.218731 0.000070
v 0.142640 0.237744 0.000069
v 0.125008 0.292352 0.000062
v 0.188049 0.104759 0.000087
v 0.194569 0.060206 0.000086
v 0.178401 0.025597 0.000080
v -0.174638 0.235220 0.152660
v -0.161499 0.196852 0.167651
v -0.133828 0.247658 0.206034
v -0.129691 0.212192 0.215272
v -0.165917 0.185852 0.154371
v -0.159546 0.190627 0.165470
v -0.168153 0.191643 0.152675
v -0.188957 0.066633 0.066666
v -0.180027 0.073752 0.120700
v -0.179873 0.120056 0.066547
v -0.171334 0.125793 0.115384
v -0.152033 0.142822 0.166832
v -0.161552 0.137085 0.163941
v 0.024636 0.166276 0.261113
v 0.086729 0.170868 0.226084
v 0.021426 0.217070 0.256339
v 0.073709 0.234357 0.215854
v -0.163695 0.103865 0.191724
v -0.159965 0.086427 0.193306
v -0.140771 0.090027 0.258264
v -0.124763 0.088565 0.244815
v -0.063077 0.104323 0.277466
v 0.020110 0.011602 0.294390
v 0.085482 0.014480 0.260850
v 0.028045 0.116466 0.261980
v -0.169127 -0.034105 0.068624
v -0.172931 -0.013356 0.132677
v -0.189220 0.011829 0.066453
v -0.174856 0.011950 0.128455
v 0.108332 0.289277 0.031079
v 0.125202 0.293571 0.027513
v 0.120354 0.285614 0.030965
v 0.141889 0.237563 0.029148
v 0.158347 0.035530 0.217633
v 0.166431 0.075847 0.212976
v 0.115515 0.080703 0.245270
v 0.072639 -0.030884 0.276837
v 0.025068 -0.055375 0.302654
v 0.081304 -0.089858 0.282172
v 0.171457 -0.030125 0.076667
v 0.139074 -0.075329 0.079349
v 0.099087 -0.044845 0.025862
v 0.084519 -0.180923 0.281844
v 0.083603 -0.234235 0.285242
v 0.130960 -0.188168 0.236906
v 0.130151 -0.237941 0.240592
v 0.070807 -0.095871 0.037047
v 0.071564 -0.137940 0.039154
v -0.021037 -0.133686 0.012109
v -0.068863 -0.392984 0.272400
v -0.015926 -0.378341 0.301766
v -0.078527 -0.345830 0.274727
v -0.028954 -0.331957 0.307947
v -0.080312 -0.395757 0.114687
v -0.034052 -0.382837 0.082822
v -0.055516 -0.446034 0.118047
v -0.021354 -0.437257 0.086665
v -0.034708 -0.494002 0.115086
v 0.022088 -0.482765 0.095716
v 0.028229 -0.428548 0.087659
v 0.027838 -0.513276 0.093219
v -0.033724 -0.524725 0.115147
v 0.085615 -0.418449 0.273682
v 0.050123 -0.426720 0.292850
v 0.098893 -0.465490 0.279875
v 0.060314 -0.472191 0.296714
v 0.008857 -1.097032 0.323422
v 0.032019 -1.101270 0.295484
v 0.062167 -1.114002 0.336920
v 0.068319 -1.117716 0.314427
v 0.000443 -1.104418 0.154070
v 0.010246 -1.106511 0.164993
v -0.030341 -1.083215 0.191480
v -0.020412 -1.089489 0.206921
v -0.021124 -1.086617 0.247361
v -0.061906 -1.112326 0.258546
v 0.005448 -1.093943 0.271422
v 0.107935 -1.155283 0.139390
v 0.069082 -1.184580 0.158228
v 0.055147 -1.133538 0.151812
v 0.012878 -1.199614 0.172852
v -0.015302 -1.142327 0.176827
v -0.054967 -1.181547 0.167994
v -0.059714 -1.150991 0.182597
v -0.103186 -1.149809 0.198154
v -0.081926 -1.124946 0.264037
v -0.054446 -1.120500 0.206368
v -0.131792 -1.141126 0.277645
v -0.150850 -1.156021 0.217299
v -0.106908 -1.166975 0.347021
v -0.050557 -1.164670 0.346489
v 0.002858 -1.159043 0.325022
v 0.067617 -1.151633 0.320649
v 0.032019 -1.101270 0.295484
v 0.068319 -1.117716 0.314427
v 0.013508 -1.221078 0.337863
v 0.075793 -1.196477 0.308232
v 0.108293 -1.151850 0.316027
v 0.105177 -1.121013 0.315920
v -0.055996 -1.249842 0.159423
v -0.050389 -1.219846 0.164179
v -0.023802 -1.249842 0.166072
v -0.163369 -1.165915 0.343692
v -0.184747 -1.149513 0.295828
v -0.189764 -1.156990 0.323754
v -0.202476 -1.152321 0.301915
v -0.173717 -1.195671 0.346486
v -0.099655 -1.222801 0.360647
v -0.205748 -1.152950 0.250292
v -0.209136 -1.152928 0.274283
v -0.179581 -1.226204 0.349733
v 0.143316 -1.193452 0.298532
v 0.109533 -1.212354 0.307069
v 0.108675 -1.249983 0.307338
v -0.101245 -1.249848 0.170113
v -0.055996 -1.249842 0.159423
v -0.057025 -1.249814 0.257145
v 0.110181 -1.192738 0.307523
v -0.191915 0.233568 0.052318
v -0.202743 0.220509 0.031744
v -0.191915 0.233568 0.052318
v -0.197067 0.223267 0.062666
v -0.178344 0.235736 0.102237
v -0.189768 0.227508 0.104227
v -0.168042 0.241470 0.141170
v -0.121614 0.252052 0.194846
v -0.048817 0.270028 0.220726
v -0.050810 0.260737 0.246499
v -0.052172 0.223301 0.255149
v -0.190394 0.183051 0.064795
v -0.184183 0.190038 0.102860
v -0.193016 0.181967 0.032500
v -0.197067 0.223267 0.062666
v -0.190394 0.183051 0.064795
v -0.184390 0.179036 0.063040
v -0.188652 0.177486 0.032417
v -0.179873 0.120056 0.066547
v -0.185030 0.116828 0.032423
v -0.118126 0.204023 0.201165
v -0.118862 0.145699 0.222572
v -0.048223 0.214570 0.243184
v -0.055297 0.156049 0.264666
v 0.024853 0.228405 0.261924
v 0.015507 0.271932 0.232010
v 0.021559 0.273317 0.255511
v 0.062826 0.287205 0.203406
v 0.072193 0.281130 0.216849
v 0.075810 0.241040 0.223274
v -0.188957 0.066633 0.066666
v -0.194565 0.064846 0.033872
v -0.189220 0.011829 0.066453
v -0.196010 0.012727 0.034517
v -0.160505 0.016019 0.198840
v -0.123347 0.017585 0.264392
v -0.062451 0.014489 0.296919
v -0.147966 0.106780 0.187075
v 0.102563 0.115996 0.240042
v 0.087926 0.286845 0.171309
v 0.098470 0.282223 0.183227
v -0.177252 -0.042102 0.031878
v -0.130221 -0.100760 0.021824
v -0.140058 -0.183822 0.086943
v -0.150821 -0.180570 0.148303
v -0.161815 -0.092235 0.075870
v -0.168897 -0.078784 0.139750
v -0.096933 -0.195560 0.037911
v -0.121331 -0.133041 0.023785
v -0.104628 -0.171092 0.273399
v -0.118990 -0.058471 0.271402
v -0.139398 -0.174035 0.209755
v -0.156248 -0.060425 0.205033
v -0.059678 -0.054120 0.307477
v -0.051232 -0.160107 0.313257
v 0.028447 -0.159791 0.305717
v 0.108510 0.244252 0.186471
v 0.104346 0.232723 0.186888
v 0.125380 0.172412 0.192664
v 0.151878 0.120464 0.205929
v 0.127021 0.222742 0.069892
v 0.171585 0.160030 0.074673
v 0.142865 0.219450 0.027695
v 0.194533 0.112182 0.074637
v 0.192804 0.116478 0.147266
v 0.161362 0.166835 0.141912
v 0.205288 0.063587 0.153475
v 0.204449 0.062417 0.083429
v 0.124269 0.228445 0.137508
v 0.119933 0.285596 0.074942
v 0.130960 0.238380 0.070852
v 0.114457 0.287008 0.135849
v 0.127779 0.242508 0.137125
v 0.108428 0.285030 0.036582
v 0.108227 0.286676 0.078999
v 0.102733 0.290245 0.135710
v 0.197433 0.018298 0.154447
v 0.202847 0.016946 0.094983
v 0.174856 -0.049356 0.154636
v 0.145283 -0.028088 0.223660
v 0.136392 -0.062900 0.232917
v 0.154564 -0.089232 0.160102
v -0.039553 -0.287294 0.318073
v 0.028901 -0.277347 0.315142
v -0.045562 -0.236249 0.315434
v 0.028744 -0.230743 0.313515
v 0.029471 -0.321577 0.305769
v 0.036502 -0.367454 0.301509
v 0.084486 -0.361391 0.277760
v 0.003645 -0.436486 0.291293
v 0.022099 -0.474617 0.293076
v -0.099236 -0.248561 0.276125
v -0.131830 -0.255487 0.214033
v -0.141516 -0.258309 0.152525
v -0.127932 -0.257925 0.094001
v -0.079485 -0.254651 0.044931
v -0.130221 -0.100760 0.021824
v -0.022039 -0.104114 0.009044
v -0.021037 -0.133686 0.012109
v -0.016332 -0.195747 0.028668
v -0.010938 -0.253107 0.036565
v -0.093007 -0.399989 0.219988
v -0.101852 -0.353176 0.219287
v -0.071705 -0.460038 0.221739
v -0.071760 -0.458776 0.171631
v -0.094919 -0.399061 0.169626
v 0.009046 -0.376031 0.074566
v -0.016332 -0.195747 0.028668
v 0.067012 -0.207587 0.052193
v -0.010938 -0.253107 0.036565
v 0.067632 -0.258638 0.058298
v 0.086051 -0.423222 0.110351
v 0.028229 -0.428548 0.087659
v 0.076986 -0.366572 0.104595
v 0.009046 -0.376031 0.074566
v 0.054168 -0.057922 0.013780
v -0.022039 -0.104114 0.009044
v 0.147135 -0.194230 0.172036
v 0.114267 -0.198969 0.110488
v 0.155773 -0.129282 0.164541
v 0.130647 -0.124636 0.090606
v 0.137975 -0.111270 0.236208
v 0.127896 -0.274144 0.240688
v 0.147888 -0.275231 0.178266
v 0.146794 -0.241077 0.175476
v 0.113811 -0.248193 0.116276
v -0.052397 -0.452511 0.259986
v -0.029039 -0.487252 0.259521
v -0.055916 -0.498252 0.215982
v -0.059082 -0.499594 0.177727
v 0.106282 -0.473527 0.116087
v 0.022088 -0.482765 0.095716
v 0.073760 -0.330772 0.088221
v 0.118749 -0.319575 0.134838
v 0.125672 -0.359158 0.140458
v 0.139783 -0.405231 0.195737
v 0.129303 -0.409046 0.144918
v 0.134341 -0.354319 0.192951
v 0.117532 -0.409647 0.232842
v 0.122724 -0.355992 0.243033
v 0.126919 -0.464787 0.155139
v 0.139473 -0.463340 0.203299
v 0.130801 -0.464365 0.242159
v -0.010103 -0.619092 0.269279
v 0.037763 -0.609961 0.311307
v -0.016993 -0.558627 0.263301
v 0.033205 -0.547166 0.299812
v 0.086506 -0.588943 0.322203
v 0.079288 -0.539304 0.313923
v -0.037311 -0.621113 0.223914
v -0.038763 -0.565437 0.219588
v -0.053118 -0.531816 0.177537
v 0.177230 -0.527403 0.203888
v 0.166372 -0.528073 0.248951
v 0.192988 -0.572466 0.206434
v 0.182312 -0.575374 0.252867
v 0.173489 -0.573130 0.149663
v 0.169380 -0.530450 0.146949
v 0.124014 -0.578411 0.106668
v 0.124384 -0.558987 0.112259
v 0.053246 -0.574082 0.104801
v 0.118011 -0.533202 0.108797
v 0.039586 -0.540373 0.090721
v -0.019567 -1.039571 0.191951
v -0.000630 -1.021596 0.187265
v 0.019800 -1.054557 0.148154
v 0.036851 -1.021968 0.148602
v 0.102565 -1.026796 0.119862
v 0.094997 -1.061596 0.113465
v 0.069881 -1.024140 0.131437
v 0.053340 -1.057821 0.129670
v 0.174835 -1.029297 0.120081
v 0.179833 -1.058770 0.106959
v 0.102565 -1.026796 0.119862
v 0.094997 -1.061596 0.113465
v 0.253275 -1.074771 0.192509
v 0.229432 -1.077175 0.136190
v 0.240991 -1.053298 0.196393
v 0.207218 -1.055757 0.135156
v 0.237038 -1.079043 0.258010
v 0.224276 -1.054245 0.254015
v 0.142742 -1.067486 0.331140
v 0.196084 -1.061547 0.296394
v 0.140302 -1.023816 0.311583
v 0.184705 -1.022566 0.286544
v 0.022658 -1.052396 0.317421
v 0.073340 -1.058955 0.338781
v 0.042146 -1.022837 0.300352
v 0.093508 -1.030187 0.309059
v -0.019808 -1.023649 0.242615
v -0.033045 -1.080066 0.248135
v -0.002179 -1.042093 0.283231
v -0.020522 -1.085037 0.289754
v 0.055147 -1.133538 0.151812
v 0.042276 -1.124243 0.134911
v 0.098069 -1.144737 0.126090
v 0.107935 -1.155283 0.139390
v 0.223585 -1.158753 0.135065
v 0.161154 -1.163379 0.122328
v 0.098069 -1.144737 0.126090
v 0.107935 -1.155283 0.139390
v 0.152930 -1.170013 0.131944
v 0.261238 -1.158531 0.185578
v 0.248705 -1.163586 0.191348
v 0.217382 -1.164893 0.142813
v 0.236891 -1.156270 0.261340
v 0.229941 -1.161581 0.254294
v 0.145206 -1.122443 0.327071
v 0.190951 -1.141803 0.298491
v 0.185749 -1.157497 0.282693
v 0.141780 -1.126876 0.308712
v 0.141369 -1.155717 0.307689
v 0.141780 -1.126876 0.308712
v -0.020412 -1.089489 0.206921
v 0.010246 -1.106511 0.164993
v 0.242439 -1.187747 0.189535
v 0.248705 -1.163586 0.191348
v 0.226984 -1.194664 0.248908
v 0.229941 -1.161581 0.254294
v 0.233633 -1.249970 0.251671
v 0.245167 -1.249955 0.188656
v 0.213894 -1.193015 0.143740
v 0.217382 -1.164893 0.142813
v 0.242439 -1.187747 0.189535
v 0.248705 -1.163586 0.191348
v 0.245167 -1.249955 0.188656
v 0.210297 -1.249970 0.146070
v 0.152930 -1.170013 0.131944
v 0.149756 -1.197510 0.140707
v 0.145310 -1.249967 0.134835
v -0.047685 -1.220814 0.358568
v 0.076758 -1.217670 0.312606
v 0.022620 -1.249850 0.339951
v -0.044852 -1.249845 0.370509
v 0.025332 -1.221474 0.181011
v 0.072808 -1.211987 0.163493
v -0.102009 -1.180842 0.178713
v -0.155708 -1.188271 0.205626
v -0.099182 -1.219454 0.183209
v -0.101245 -1.249848 0.170113
v -0.157274 -1.219103 0.203639
v -0.158317 -1.249851 0.195545
v -0.102901 -1.249849 0.367966
v -0.199053 -1.187692 0.326767
v -0.220523 -1.185961 0.274569
v -0.212824 -1.188520 0.304839
v -0.217569 -1.189900 0.242376
v -0.220075 -1.220341 0.305597
v -0.228860 -1.220412 0.272567
v -0.217948 -1.223220 0.237922
v -0.222462 -1.249855 0.235349
v -0.234986 -1.249840 0.271705
v -0.204253 -1.222394 0.328999
v -0.213801 -1.249841 0.335412
v -0.184932 -1.249846 0.358304
v 0.051981 -1.222250 0.236885
v 0.076758 -1.217670 0.312606
v 0.008224 -1.249810 0.242040
v 0.022620 -1.249850 0.339951
v -0.044852 -1.249845 0.370509
v 0.109533 -1.212354 0.307069
v 0.096667 -1.214866 0.228094
v 0.108675 -1.249983 0.307338
v 0.086192 -1.249985 0.243058
v 0.195007 -1.249972 0.284819
v 0.160485 -1.250000 0.230671
v 0.185028 -1.196330 0.277374
v 0.195007 -1.249972 0.284819
v 0.233633 -1.249970 0.251671
v 0.245167 -1.249955 0.188656
v 0.145310 -1.249967 0.134835
v 0.210297 -1.249970 0.146070
v 0.080497 -1.249967 0.158480
v 0.080497 -1.249967 0.158480
v 0.072808 -1.211987 0.163493
v 0.025332 -1.221474 0.181011
v -0.023802 -1.249842 0.166072
v -0.158317 -1.249851 0.195545
v -0.138511 -1.249814 0.278131
v -0.228106 -1.249836 0.306288
v -0.234986 -1.249840 0.271705
v -0.222462 -1.249855 0.235349
v -0.102901 -1.249849 0.367966
v -0.213801 -1.249841 0.335412
v -0.184932 -1.249846 0.358304
v 0.005448 -1.093943 0.271422
v 0.082816 -0.274220 0.285573
v -0.091957 -0.300331 0.278247
v -0.117574 -0.308208 0.219451
v -0.124044 -0.309510 0.155418
v -0.110910 -0.306535 0.101977
v -0.063837 -0.302054 0.058772
v -0.051162 -0.342578 0.070537
v -0.009649 -0.337525 0.059209
v -0.006172 -0.298052 0.048651
v -0.006172 -0.298052 0.048651
v 0.071803 -0.295135 0.069507
v -0.009649 -0.337525 0.059209
v 0.119215 -0.284085 0.124074
v 0.136081 -0.312053 0.185486
v 0.185749 -1.157497 0.282693
v -0.051244 -0.531626 0.217785
v -0.105650 -0.353164 0.163069
v -0.093104 -0.349389 0.110846
v -0.021124 -1.086617 0.247361
v 0.110022 -1.063790 0.339355
v 0.105741 -1.117349 0.331478
v 0.105177 -1.121013 0.315920
v 0.080966 -0.316559 0.278628
v 0.121931 -0.313921 0.241221
v 0.135300 -0.528979 0.289675
v 0.147260 -0.576882 0.295712
v -0.171520 0.185520 0.103744
v -0.005558 -1.010446 0.209583
v -0.003356 -0.986461 0.227030
v -0.008767 -0.988689 0.257911
v -0.002391 -0.968336 0.220310
v -0.010944 -0.960961 0.244729
v 0.000895 -0.952584 0.206976
v -0.009208 -0.924775 0.218206
v 0.020818 -0.932834 0.176536
v 0.006339 -0.889307 0.181210
v 0.052840 -0.878288 0.147744
v 0.030748 -0.832350 0.138868
v 0.241551 -0.994387 0.193009
v 0.206047 -1.026092 0.132933
v 0.226062 -1.023007 0.259627
v 0.005848 -1.009436 0.276155
v 0.097380 -0.981369 0.323671
v 0.142468 -0.960233 0.322980
v 0.049185 -0.988910 0.302108
v -0.001302 -0.841069 0.181553
v -0.015705 -0.837396 0.214083
v -0.007544 -0.786394 0.178087
v -0.028165 -0.782847 0.215140
v 0.024875 -0.776799 0.133800
v 0.169506 -0.973489 0.136633
v 0.099188 -0.981534 0.128393
v 0.164295 -0.909810 0.131140
v 0.102780 -0.916330 0.121144
v 0.094939 -0.841883 0.122205
v 0.088579 -0.791717 0.105317
v 0.158848 -0.844011 0.131456
v 0.094939 -0.841883 0.122205
v 0.157511 -0.798080 0.120677
v 0.088579 -0.791717 0.105317
v 0.060004 -0.944209 0.145686
v 0.102780 -0.916330 0.121144
v 0.099188 -0.981534 0.128393
v 0.051053 -0.994699 0.149813
v 0.020741 -0.992636 0.183784
v 0.022496 -0.963108 0.179460
v -0.036386 -0.613176 0.176137
v -0.000764 -0.611903 0.130196
v -0.020799 -0.688210 0.178392
v 0.005435 -0.685324 0.127602
v 0.011981 -0.733371 0.127261
v -0.017515 -0.733341 0.173695
v -0.030166 -0.690827 0.225222
v -0.039129 -0.729456 0.220438
v 0.071878 -0.675859 0.096347
v 0.066992 -0.604523 0.100282
v 0.074447 -0.734415 0.095120
v 0.190001 -0.651068 0.151402
v 0.207176 -0.649357 0.202129
v 0.197411 -0.737984 0.152829
v 0.216986 -0.730828 0.204343
v 0.203062 -0.782657 0.155273
v 0.222857 -0.814535 0.202468
v 0.229454 -0.957019 0.198592
v 0.211924 -0.960802 0.158942
v 0.227802 -0.900016 0.199503
v 0.203326 -0.905381 0.161999
v 0.201212 -0.837310 0.162888
v 0.098198 -0.644088 0.334908
v 0.038154 -0.637405 0.322599
v 0.094773 -0.679491 0.334745
v 0.045738 -0.681909 0.320913
v 0.125797 -0.837433 0.323742
v 0.113448 -0.758342 0.322313
v 0.074166 -0.844039 0.317409
v 0.060093 -0.761871 0.317077
v 0.091460 -0.925227 0.311117
v 0.135068 -0.918765 0.315339
v 0.195945 -0.646814 0.252289
v 0.155794 -0.643117 0.301792
v 0.203372 -0.735370 0.253371
v 0.167147 -0.741015 0.301838
v 0.220339 -0.967866 0.261103
v 0.212642 -0.908059 0.251325
v 0.211132 -0.814532 0.249053
v 0.172957 -0.821227 0.301806
v 0.173847 -0.909629 0.288138
v 0.183495 -0.961113 0.300865
v 0.140792 -0.674694 0.105317
v 0.152886 -0.746439 0.111672
v 0.066992 -0.604523 0.100282
v 0.071878 -0.675859 0.096347
v 0.074447 -0.734415 0.095120
v -0.033941 -0.685333 0.260931
v 0.052615 -0.930316 0.291349
v 0.029619 -0.850485 0.295030
v 0.001437 -0.919644 0.265242
v 0.012029 -0.864370 0.278607
v 0.010493 -0.978057 0.274297
v -0.013785 -0.667029 0.285957
v -0.003035 -0.705200 0.279768
v 0.015125 -0.774211 0.285925
v -0.001155 -0.782137 0.256381
v -0.026219 -0.715614 0.257753
v -0.041654 -0.727091 0.243513
v 0.023748 -0.510669 0.296444
v -0.026920 -0.522720 0.261411
v 0.067519 -0.507392 0.305319
v -0.039345 -0.564475 0.177347
v -0.024933 -0.555888 0.115207
v -0.006281 -0.589809 0.129227
v 0.039586 -0.540373 0.090721
v 0.053246 -0.574082 0.104801
v 0.027838 -0.513276 0.093219
v 0.109148 -0.507656 0.110476
v 0.159272 -0.502942 0.151044
v 0.163476 -0.496260 0.203593
v 0.153711 -0.499309 0.245554
v 0.122220 -0.502730 0.284774
v -0.169127 -0.034105 0.068624
v -0.228106 -1.249836 0.306288
v -0.184390 0.179036 0.063040
v -0.212573 0.458926 -0.129923
v -0.228815 0.462519 -0.137736
v -0.202758 0.421041 -0.124354
v -0.227067 0.380164 -0.136925
v -0.164942 0.461024 -0.213465
v -0.165177 0.413621 -0.221918
v -0.181062 0.462501 -0.223628
v -0.180343 0.379670 -0.228832
v -0.198671 0.454261 -0.124080
v -0.195206 0.434578 -0.123794
v -0.151624 0.459893 -0.206806
v -0.150551 0.438921 -0.209875
v -0.225556 0.375714 -0.141466
v -0.194734 0.379691 -0.127834
v -0.199852 0.419606 -0.127456
v -0.182427 0.294502 -0.228052
v -0.181868 0.376280 -0.224223
v -0.148607 0.290748 -0.211149
v -0.151331 0.381964 -0.209872
v -0.165619 0.411821 -0.218349
v -0.150551 0.438921 -0.209875
v -0.171979 0.437109 -0.165322
v -0.151331 0.381964 -0.209872
v -0.174302 0.378917 -0.166950
v -0.223708 0.298666 -0.142684
v -0.220310 0.293319 -0.141639
v -0.193036 0.291575 -0.129089
v -0.201109 0.290696 -0.186244
v -0.170571 0.289686 -0.170746
v -0.193036 0.291575 -0.129089
v -0.208360 0.375954 -0.185553
v -0.198868 0.388588 -0.202067
v -0.183300 0.377778 -0.226380
v -0.206878 0.374295 -0.184860
v -0.215554 0.388346 -0.169433
v -0.228621 0.376703 -0.140396
v -0.231924 0.457495 -0.139880
v -0.197391 0.413677 -0.199769
v -0.184964 0.456217 -0.223820
v -0.206715 0.456519 -0.182786
v -0.202724 0.460050 -0.179798
v -0.181062 0.462501 -0.223628
v -0.228815 0.462519 -0.137736
v -0.187436 0.458162 -0.170977
v -0.212573 0.458926 -0.129923
v -0.164942 0.461024 -0.213465
v -0.174562 0.454679 -0.165310
v -0.198671 0.454261 -0.124080
v -0.198671 0.454261 -0.124080
v -0.195206 0.434578 -0.123794
v -0.174562 0.454679 -0.165310
v -0.151624 0.459893 -0.206806
v -0.151624 0.459893 -0.206806
v -0.204784 0.299001 -0.189613
v -0.194734 0.379691 -0.127834
v -0.170571 0.289686 -0.170746
v -0.148607 0.290748 -0.211149
v -0.193036 0.291575 -0.129089
v -0.179997 0.290779 -0.224864
v -0.148607 0.290748 -0.211149
v -0.207214 0.388469 -0.185796
v -0.206371 0.413440 -0.184197
v -0.215353 0.413207 -0.168531
v -0.221181 0.353541 -0.178227
v -0.222591 0.354093 -0.172972
v -0.222286 0.379056 -0.173215
v -0.206567 0.353878 -0.204413
v -0.209850 0.353722 -0.200520
v -0.206053 0.378791 -0.204223
v -0.221178 0.342592 -0.177728
v -0.222966 0.339030 -0.173163
v -0.221741 0.338959 -0.176792
v -0.209876 0.342264 -0.200106
v -0.220755 0.388407 -0.172397
v -0.213460 0.411275 -0.174355
v -0.212510 0.388598 -0.187984
v -0.207916 0.411118 -0.185467
v -0.204259 0.388785 -0.203489
v -0.214171 0.378923 -0.188757
v -0.213460 0.411275 -0.174355
v -0.215554 0.388346 -0.169433
v -0.215845 0.378180 -0.169670
v -0.202371 0.410959 -0.196533
v -0.198868 0.388588 -0.202067
v -0.199418 0.377956 -0.202039
v -0.207916 0.411118 -0.185467
v -0.216408 0.354539 -0.169514
v -0.218204 0.339060 -0.170365
v -0.221850 0.331607 -0.173972
v -0.218656 0.331248 -0.172518
v -0.220456 0.331840 -0.176640
v -0.217123 0.331487 -0.175013
v -0.215289 0.338379 -0.174893
v -0.204352 0.338010 -0.197224
v -0.209313 0.338876 -0.201179
v -0.204938 0.331244 -0.199245
v -0.208356 0.331493 -0.201042
v -0.206887 0.338849 -0.204487
v -0.206915 0.331444 -0.203164
v -0.203942 0.331300 -0.202209
v -0.202477 0.338302 -0.202233
v -0.200210 0.354152 -0.201962
v -0.202371 0.410959 -0.196533
v -0.216408 0.354539 -0.169514
v -0.200210 0.354152 -0.201962
v -0.215845 0.378180 -0.169670
v -0.199418 0.377956 -0.202039
v -0.198868 0.388588 -0.202067
v -0.207214 0.388469 -0.185796
v -0.215289 0.338379 -0.174893
v -0.218204 0.339060 -0.170365
v -0.204352 0.338010 -0.197224
v -0.204938 0.331244 -0.199245
v -0.202477 0.338302 -0.202233
v -0.203942 0.331300 -0.202209
v -0.218656 0.331248 -0.172518
v -0.217123 0.331487 -0.175013
v -0.214417 0.338360 -0.174508
v -0.203498 0.338025 -0.196813
v -0.215554 0.388346 -0.169433
v -0.204607 0.295088 -0.203173
v -0.207264 0.310680 -0.204459
v -0.215901 0.296430 -0.179247
v -0.218584 0.311657 -0.180612
v -0.205558 0.294848 -0.203583
v -0.208175 0.310524 -0.204857
v -0.204607 0.295088 -0.203173
v -0.207264 0.310680 -0.204459
v -0.215901 0.296430 -0.179247
v -0.218584 0.311657 -0.180612
v -0.216854 0.296188 -0.179657
v -0.219496 0.311500 -0.181010
v -0.197704 0.280414 -0.198378
v -0.209586 0.282886 -0.174886
v -0.198340 0.279561 -0.198564
v -0.197704 0.280414 -0.198378
v -0.209586 0.282886 -0.174886
v -0.210225 0.282033 -0.175067
v -0.187379 0.274315 -0.190298
v -0.200824 0.277350 -0.167689
v -0.187237 0.273158 -0.190046
v -0.187379 0.274315 -0.190298
v -0.200824 0.277350 -0.167689
v -0.200657 0.276179 -0.167374
v -0.174984 0.279920 -0.182467
v -0.188792 0.282506 -0.160066
v -0.174551 0.279008 -0.182042
v -0.174984 0.279920 -0.182467
v -0.188792 0.282506 -0.160066
v -0.188356 0.281594 -0.159636
v -0.171371 0.289640 -0.178759
v -0.170689 0.289268 -0.178693
v -0.184745 0.291314 -0.155954
v -0.185201 0.292226 -0.156358
v -0.206210 0.322701 -0.201175
v -0.205682 0.339711 -0.199147
v -0.217379 0.322676 -0.177321
v -0.217768 0.340218 -0.175775
v -0.218816 0.340406 -0.176293
v -0.206727 0.339901 -0.199661
v -0.218350 0.322774 -0.177749
v -0.207179 0.322799 -0.201600
v -0.217379 0.322676 -0.177321
v -0.217768 0.340218 -0.175775
v -0.206210 0.322701 -0.201175
v -0.205682 0.339711 -0.199147
v -0.171371 0.289640 -0.178759
v -0.185201 0.292226 -0.156358
v -0.212675 0.458926 0.129758
v -0.202855 0.421041 0.124196
v -0.228924 0.462519 0.137559
v -0.227175 0.380164 0.136749
v -0.180525 0.379670 0.228697
v -0.165353 0.413621 0.221794
v -0.181240 0.462501 0.223494
v -0.165113 0.461024 0.213342
v -0.195302 0.434578 0.123642
v -0.198768 0.454261 0.123925
v -0.151789 0.459893 0.206693
v -0.150718 0.438921 0.209762
v -0.225667 0.375714 0.141292
v -0.199952 0.419606 0.127300
v -0.194834 0.379691 0.127683
v -0.182608 0.294502 0.227913
v -0.148774 0.290748 0.211036
v -0.182046 0.376280 0.224086
v -0.151497 0.381964 0.209758
v -0.165792 0.411821 0.218225
v -0.150718 0.438921 0.209762
v -0.151497 0.381964 0.209758
v -0.172108 0.437109 0.165191
v -0.174433 0.378917 0.166817
v -0.223820 0.298666 0.142511
v -0.193138 0.291572 0.128940
v -0.220421 0.293319 0.141468
v -0.201257 0.290696 0.186089
v -0.170706 0.289686 0.170614
v -0.193138 0.291572 0.128940
v -0.208507 0.375954 0.185395
v -0.183480 0.377778 0.226242
v -0.199028 0.388588 0.201918
v -0.207023 0.374295 0.184703
v -0.215687 0.388346 0.169268
v -0.228731 0.376703 0.140220
v -0.232034 0.457495 0.139701
v -0.185142 0.456217 0.223683
v -0.197550 0.413677 0.199621
v -0.206859 0.456519 0.182630
v -0.202866 0.460050 0.179644
v -0.181240 0.462501 0.223494
v -0.228924 0.462519 0.137559
v -0.187572 0.458162 0.170835
v -0.212675 0.458926 0.129758
v -0.165113 0.461024 0.213342
v -0.174693 0.454679 0.165178
v -0.198768 0.454261 0.123925
v -0.195302 0.434578 0.123642
v -0.174693 0.454679 0.165178
v -0.198768 0.454261 0.123925
v -0.151789 0.459893 0.206693
v -0.151789 0.459893 0.206693
v -0.204934 0.299001 0.189456
v -0.194834 0.379691 0.127683
v -0.148774 0.290748 0.211036
v -0.170706 0.289686 0.170614
v -0.193138 0.291572 0.128940
v -0.180175 0.290779 0.224726
v -0.148774 0.290748 0.211036
v -0.207361 0.388469 0.185638
v -0.215486 0.413207 0.168366
v -0.206516 0.413440 0.184040
v -0.221321 0.353541 0.178059
v -0.222422 0.379056 0.173046
v -0.222728 0.354093 0.172801
v -0.206729 0.353878 0.204256
v -0.206214 0.378791 0.204067
v -0.210010 0.353722 0.200361
v -0.221318 0.342592 0.177559
v -0.223103 0.339030 0.172992
v -0.221880 0.338959 0.176623
v -0.210035 0.342264 0.199947
v -0.208063 0.411118 0.185310
v -0.213598 0.411275 0.174193
v -0.212659 0.388598 0.187823
v -0.220891 0.388407 0.172229
v -0.214320 0.378923 0.188595
v -0.204420 0.388785 0.203336
v -0.213598 0.411275 0.174193
v -0.215978 0.378180 0.169505
v -0.215687 0.388346 0.169268
v -0.202527 0.410959 0.196380
v -0.199578 0.377956 0.201888
v -0.199028 0.388588 0.201918
v -0.208063 0.411118 0.185310
v -0.216543 0.354539 0.169348
v -0.218338 0.339060 0.170198
v -0.221987 0.331607 0.173802
v -0.218792 0.331248 0.172351
v -0.220596 0.331840 0.176471
v -0.217262 0.331487 0.174846
v -0.215427 0.338379 0.174728
v -0.209472 0.338876 0.201020
v -0.204508 0.338010 0.197069
v -0.205096 0.331244 0.199090
v -0.208515 0.331493 0.200883
v -0.207049 0.338849 0.204330
v -0.207076 0.331444 0.203007
v -0.204102 0.331300 0.202055
v -0.202637 0.338302 0.202079
v -0.200370 0.354149 0.201810
v -0.202527 0.410959 0.196380
v -0.199578 0.377956 0.201888
v -0.200370 0.354149 0.201810
v -0.215978 0.378180 0.169505
v -0.216543 0.354539 0.169348
v -0.199028 0.388588 0.201918
v -0.207361 0.388469 0.185638
v -0.215427 0.338379 0.174728
v -0.218338 0.339060 0.170198
v -0.204102 0.331300 0.202055
v -0.205096 0.331244 0.199090
v -0.202637 0.338302 0.202079
v -0.204508 0.338010 0.197069
v -0.217262 0.331487 0.174846
v -0.218792 0.331248 0.172351
v -0.214554 0.338360 0.174344
v -0.203654 0.338025 0.196658
v -0.215687 0.388346 0.169268
v -0.204767 0.295088 0.203017
v -0.216042 0.296430 0.179081
v -0.207426 0.310680 0.204302
v -0.218726 0.311657 0.180445
v -0.205719 0.294848 0.203426
v -0.204767 0.295088 0.203017
v -0.208337 0.310524 0.204698
v -0.207426 0.310680 0.204302
v -0.216042 0.296430 0.179081
v -0.216997 0.296188 0.179490
v -0.218726 0.311657 0.180445
v -0.219639 0.311500 0.180842
v -0.209725 0.282886 0.174724
v -0.197861 0.280414 0.198226
v -0.198497 0.279561 0.198412
v -0.197861 0.280414 0.198226
v -0.210363 0.282033 0.174905
v -0.209725 0.282886 0.174724
v -0.200957 0.277350 0.167534
v -0.187530 0.274315 0.190154
v -0.187388 0.273158 0.189902
v -0.187530 0.274315 0.190154
v -0.200789 0.276179 0.167219
v -0.200957 0.277350 0.167534
v -0.188918 0.282506 0.159920
v -0.175127 0.279920 0.182333
v -0.174695 0.279008 0.181908
v -0.175127 0.279920 0.182333
v -0.188481 0.281594 0.159491
v -0.188918 0.282506 0.159920
v -0.170830 0.289268 0.178562
v -0.171513 0.289640 0.178627
v -0.184869 0.291314 0.155811
v -0.185325 0.292226 0.156215
v -0.217907 0.340218 0.175609
v -0.205840 0.339711 0.198991
v -0.217519 0.322673 0.177154
v -0.206369 0.322701 0.201018
v -0.218955 0.340406 0.176126
v -0.218491 0.322774 0.177581
v -0.206885 0.339899 0.199504
v -0.207339 0.322799 0.201442
v -0.217907 0.340218 0.175609
v -0.217519 0.322673 0.177154
v -0.206369 0.322701 0.201018
v -0.205840 0.339711 0.198991
v -0.171513 0.289640 0.178627
v -0.185325 0.292226 0.156215
v -0.216282 0.213206 -0.122900
v -0.223626 0.211692 -0.121410
v -0.218935 0.208523 -0.124873
v -0.140193 0.228749 -0.264012
v -0.145207 0.224671 -0.262612
v -0.143139 0.227999 -0.269012
v -0.153036 0.268327 -0.262270
v -0.115082 0.265046 -0.249923
v -0.119734 0.270676 -0.247654
v -0.201090 0.253100 -0.102230
v -0.233097 0.252750 -0.121275
v -0.194012 0.244498 -0.098195
v -0.115695 0.256186 -0.244062
v -0.113575 0.265313 -0.242782
v -0.120129 0.274112 -0.239317
v -0.147021 0.248100 -0.175264
v -0.149466 0.257252 -0.174071
v -0.191896 0.240149 -0.106103
v -0.189474 0.245965 -0.101112
v -0.115695 0.256186 -0.244062
v -0.113575 0.265313 -0.242782
v -0.170189 0.141035 -0.114018
v -0.134291 0.148522 -0.176212
v -0.094661 0.159200 -0.249295
v -0.191004 0.214477 -0.182777
v -0.204516 0.139247 -0.131918
v -0.173184 0.217834 -0.214217
v -0.133064 0.155558 -0.268048
v -0.178169 0.222557 -0.215423
v -0.200666 0.138271 -0.128026
v -0.200666 0.138271 -0.128026
v -0.163558 0.142736 -0.196022
v -0.168799 0.146277 -0.197834
v -0.127214 0.155257 -0.267901
v -0.127214 0.155257 -0.267901
v -0.094661 0.159200 -0.249295
v -0.190286 0.245530 -0.198684
v -0.189728 0.258938 -0.198110
v -0.182315 0.247176 -0.212639
v -0.134291 0.148522 -0.176212
v -0.094661 0.159200 -0.249295
v -0.170189 0.141035 -0.114018
v -0.191896 0.240149 -0.106103
v -0.170189 0.141035 -0.114018
v -0.198283 0.243880 -0.184707
v -0.189474 0.245965 -0.101112
v -0.197885 0.256067 -0.104237
v -0.152318 0.272513 -0.258759
v -0.188635 0.262611 -0.196948
v -0.230875 0.255812 -0.120418
v -0.230875 0.255812 -0.120418
v -0.197885 0.256067 -0.104237
v -0.154657 0.266548 -0.175899
v -0.154657 0.266548 -0.175899
v -0.197885 0.256067 -0.104237
v -0.120129 0.274112 -0.239317
v -0.120129 0.274112 -0.239317
v -0.198460 0.217856 -0.191391
v -0.193183 0.218970 -0.188358
v -0.198613 0.240530 -0.188654
v -0.180083 0.222392 -0.212265
v -0.186514 0.220509 -0.215377
v -0.187095 0.243923 -0.210993
v -0.192629 0.167523 -0.190229
v -0.176811 0.171700 -0.221738
v -0.189567 0.161360 -0.190878
v -0.175341 0.165054 -0.220748
v -0.174875 0.164446 -0.216603
v -0.171424 0.155460 -0.215752
v -0.185981 0.161615 -0.193634
v -0.183194 0.152745 -0.193016
v -0.190286 0.245530 -0.198684
v -0.195143 0.218209 -0.184408
v -0.198283 0.243880 -0.184707
v -0.178169 0.222557 -0.215423
v -0.182315 0.247176 -0.212639
v -0.184339 0.210958 -0.220135
v -0.199703 0.207275 -0.188645
v -0.184805 0.220899 -0.218878
v -0.200495 0.217383 -0.187564
v -0.194263 0.207896 -0.185493
v -0.178801 0.211999 -0.217412
v -0.192435 0.209637 -0.184718
v -0.195615 0.184629 -0.189210
v -0.189766 0.185262 -0.186496
v -0.186934 0.185391 -0.185786
v -0.174667 0.189279 -0.218761
v -0.180140 0.188704 -0.221302
v -0.176870 0.213347 -0.216103
v -0.178169 0.222557 -0.215423
v -0.173184 0.217834 -0.214217
v -0.176870 0.213347 -0.216103
v -0.172483 0.189239 -0.215265
v -0.172012 0.172403 -0.220017
v -0.170896 0.171918 -0.213119
v -0.187390 0.167898 -0.187694
v -0.182762 0.170109 -0.189691
v -0.186536 0.161728 -0.189618
v -0.182564 0.162529 -0.191747
v -0.185981 0.161615 -0.193634
v -0.182564 0.162529 -0.191747
v -0.174875 0.164446 -0.216603
v -0.172304 0.165416 -0.219185
v -0.172617 0.165100 -0.214796
v -0.172617 0.165100 -0.214796
v -0.170102 0.156022 -0.214965
v -0.172617 0.165100 -0.214796
v -0.182564 0.162529 -0.191747
v -0.180492 0.153169 -0.191890
v -0.182564 0.162529 -0.191747
v -0.180492 0.153169 -0.191890
v -0.172617 0.165100 -0.214796
v -0.170102 0.156022 -0.214965
v -0.180374 0.139388 -0.192805
v -0.181245 0.138897 -0.193578
v -0.168887 0.141035 -0.216112
v -0.167783 0.141557 -0.215483
v -0.180374 0.139388 -0.192805
v -0.167783 0.141557 -0.215483
v -0.166243 0.138080 -0.214957
v -0.179000 0.136010 -0.192522
v -0.165832 0.138943 -0.214770
v -0.178710 0.136913 -0.192141
v -0.165832 0.138943 -0.214770
v -0.178710 0.136913 -0.192141
v -0.172840 0.133609 -0.189428
v -0.159877 0.135089 -0.211639
v -0.165659 0.133498 -0.185459
v -0.152095 0.134724 -0.206827
v -0.143969 0.135764 -0.201611
v -0.157510 0.135264 -0.180406
v -0.144441 0.139944 -0.170193
v -0.130906 0.140743 -0.192781
v -0.172739 0.134530 -0.189295
v -0.165778 0.134435 -0.185464
v -0.159743 0.136001 -0.211485
v -0.152183 0.135660 -0.206806
v -0.157757 0.136176 -0.180509
v -0.144203 0.136680 -0.201689
v -0.131224 0.141634 -0.192907
v -0.144740 0.140841 -0.170319
v -0.172739 0.134530 -0.189295
v -0.165778 0.134435 -0.185464
v -0.159743 0.136001 -0.211485
v -0.152183 0.135660 -0.206806
v -0.144203 0.136680 -0.201689
v -0.157757 0.136176 -0.180509
v -0.131224 0.141634 -0.192907
v -0.144740 0.140841 -0.170319
v -0.182762 0.170109 -0.189691
v -0.182564 0.162529 -0.191747
v -0.170896 0.171918 -0.213119
v -0.172617 0.165100 -0.214796
v -0.195143 0.218209 -0.184408
v -0.191004 0.214477 -0.182777
v -0.192435 0.209637 -0.184718
v -0.172483 0.189239 -0.215265
v -0.186934 0.185391 -0.185786
v -0.195143 0.218209 -0.184408
v -0.152318 0.272513 -0.258759
v -0.216379 0.213206 0.122732
v -0.219034 0.208523 0.124701
v -0.223722 0.211692 0.121235
v -0.140402 0.228749 0.263903
v -0.143352 0.227999 0.268901
v -0.145415 0.224671 0.262499
v -0.119931 0.270676 0.247562
v -0.153244 0.268327 0.262153
v -0.115280 0.265046 0.249836
v -0.201171 0.253100 0.102072
v -0.194089 0.244498 0.098044
v -0.233192 0.252750 0.121092
v -0.115888 0.256186 0.243974
v -0.113768 0.265313 0.242695
v -0.120319 0.274112 0.239224
v -0.147159 0.248100 0.175151
v -0.191980 0.240149 0.105953
v -0.149604 0.257252 0.173956
v -0.189553 0.245965 0.100963
v -0.113768 0.265313 0.242695
v -0.115888 0.256186 0.243974
v -0.134430 0.148522 0.176108
v -0.170278 0.141035 0.113886
v -0.094858 0.159200 0.249222
v -0.191148 0.214477 0.182628
v -0.204621 0.139247 0.131757
v -0.173353 0.217834 0.214083
v -0.133275 0.155558 0.267945
v -0.178339 0.222557 0.215284
v -0.200766 0.138267 0.127869
v -0.168956 0.146277 0.197702
v -0.163713 0.142733 0.195895
v -0.200766 0.138267 0.127869
v -0.127426 0.155257 0.267801
v -0.127426 0.155257 0.267801
v -0.094858 0.159200 0.249222
v -0.190444 0.245530 0.198536
v -0.182483 0.247176 0.212498
v -0.189885 0.258938 0.197963
v -0.094858 0.159200 0.249222
v -0.134430 0.148522 0.176108
v -0.170278 0.141035 0.113886
v -0.191980 0.240149 0.105953
v -0.170278 0.141035 0.113886
v -0.198428 0.243880 0.184552
v -0.189553 0.245965 0.100963
v -0.197968 0.256063 0.104083
v -0.152524 0.272513 0.258643
v -0.188791 0.262611 0.196802
v -0.230971 0.255812 0.120237
v -0.230971 0.255812 0.120237
v -0.197968 0.256063 0.104083
v -0.154796 0.266548 0.175780
v -0.154796 0.266548 0.175780
v -0.197968 0.256063 0.104083
v -0.120319 0.274112 0.239224
v -0.120319 0.274112 0.239224
v -0.198611 0.217856 0.191236
v -0.198762 0.240530 0.188499
v -0.193332 0.218970 0.188207
v -0.180251 0.222392 0.212126
v -0.187261 0.243923 0.210849
v -0.186685 0.220509 0.215233
v -0.175516 0.165054 0.220611
v -0.176987 0.171700 0.221600
v -0.189718 0.161360 0.190730
v -0.192778 0.167520 0.190078
v -0.175046 0.164446 0.216466
v -0.186134 0.161617 0.193489
v -0.171594 0.155460 0.215617
v -0.183347 0.152745 0.192873
v -0.190444 0.245530 0.198536
v -0.198428 0.243880 0.184552
v -0.195288 0.218209 0.184257
v -0.182483 0.247176 0.212498
v -0.178339 0.222557 0.215284
v -0.199853 0.207275 0.188490
v -0.184513 0.210958 0.219992
v -0.184977 0.220899 0.218735
v -0.200643 0.217383 0.187407
v -0.194409 0.207896 0.185342
v -0.178972 0.211999 0.217273
v -0.192581 0.209637 0.184568
v -0.189913 0.185262 0.186348
v -0.195764 0.184629 0.189056
v -0.187080 0.185391 0.185639
v -0.174840 0.189279 0.218625
v -0.180316 0.188704 0.221161
v -0.177040 0.213347 0.215965
v -0.173353 0.217834 0.214083
v -0.178339 0.222557 0.215284
v -0.177040 0.213347 0.215965
v -0.172653 0.189239 0.215130
v -0.172186 0.172403 0.219882
v -0.171064 0.171918 0.212985
v -0.187538 0.167898 0.187547
v -0.182912 0.170109 0.189548
v -0.186686 0.161728 0.189472
v -0.182716 0.162529 0.191604
v -0.182716 0.162529 0.191604
v -0.186134 0.161617 0.193489
v -0.175046 0.164446 0.216466
v -0.172477 0.165416 0.219050
v -0.172786 0.165100 0.214661
v -0.172786 0.165100 0.214661
v -0.172786 0.165100 0.214661
v -0.170271 0.156022 0.214832
v -0.182716 0.162529 0.191604
v -0.180643 0.153169 0.191749
v -0.182716 0.162529 0.191604
v -0.172786 0.165100 0.214661
v -0.180643 0.153169 0.191749
v -0.170271 0.156022 0.214832
v -0.181398 0.138897 0.193436
v -0.180526 0.139388 0.192664
v -0.169058 0.141035 0.215980
v -0.167952 0.141557 0.215351
v -0.180526 0.139388 0.192664
v -0.167952 0.141557 0.215351
v -0.166413 0.138080 0.214827
v -0.179153 0.136010 0.192382
v -0.166001 0.138943 0.214640
v -0.178861 0.136913 0.192001
v -0.166001 0.138943 0.214640
v -0.178861 0.136913 0.192001
v -0.172990 0.133609 0.189293
v -0.165806 0.133498 0.185330
v -0.160044 0.135089 0.211514
v -0.152259 0.134724 0.206709
v -0.157653 0.135264 0.180284
v -0.144128 0.135764 0.201499
v -0.131059 0.140743 0.192679
v -0.144576 0.139944 0.170080
v -0.172889 0.134530 0.189160
v -0.159910 0.136001 0.211360
v -0.165925 0.134435 0.185334
v -0.152346 0.135660 0.206687
v -0.144363 0.136680 0.201577
v -0.157900 0.136176 0.180386
v -0.144875 0.140841 0.170206
v -0.131376 0.141634 0.192805
v -0.172889 0.134530 0.189160
v -0.165925 0.134435 0.185334
v -0.152346 0.135660 0.206687
v -0.159910 0.136001 0.211360
v -0.144363 0.136680 0.201577
v -0.157900 0.136176 0.180386
v -0.131376 0.141634 0.192805
v -0.144875 0.140841 0.170206
v -0.182912 0.170109 0.189548
v -0.171064 0.171918 0.212985
v -0.182716 0.162529 0.191604
v -0.172786 0.165100 0.214661
v -0.195288 0.218209 0.184257
v -0.192581 0.209637 0.184568
v -0.191148 0.214477 0.182628
v -0.172653 0.189239 0.215130
v -0.187080 0.185391 0.185639
v -0.195288 0.218209 0.184257
v -0.152524 0.272513 0.258643
v 0.024926 0.568611 -0.245378
v -0.024968 0.588942 -0.231404
v -0.052538 0.611128 -0.234781
v -0.025168 0.588939 0.231225
v 0.024711 0.568611 0.245114
v -0.052737 0.611128 0.234649
v 0.062011 0.404073 -0.450825
v -0.078270 0.754951 0.226139
v -0.082667 0.755458 0.237149
v 0.008263 0.871955 0.254904
v 0.008160 0.871654 0.243667
v -0.029808 0.847499 0.249958
v -0.029843 0.847257 0.238720
v -0.029808 0.847499 0.249958
v -0.029843 0.847257 0.238720
v -0.061057 0.796694 0.244461
v -0.061175 0.795772 0.233234
v 0.060576 0.882676 0.255926
v 0.060488 0.883247 0.244700
v 0.008263 0.871955 0.254904
v 0.008160 0.871654 0.243667
v -0.061175 0.795772 0.233234
v -0.082667 0.755458 0.237149
v -0.061294 0.794922 0.244195
v 0.060576 0.882676 0.255926
v -0.082148 0.757340 0.236980
v 0.060642 0.882891 0.255641
v -0.066212 0.779581 0.287191
v -0.064473 0.785656 0.272187
v -0.066504 0.768851 0.312545
v 0.154824 0.781581 0.330584
v 0.182484 0.739110 0.312704
v -0.078909 0.749734 0.274165
v -0.081066 0.753496 0.259514
v -0.064981 0.715036 0.332233
v -0.066964 0.688809 0.313714
v -0.088121 0.714167 0.262275
v 0.148789 0.772331 0.349220
v 0.178766 0.728208 0.328597
v 0.191096 0.676871 0.306747
v -0.091610 0.716593 0.253229
v 0.192937 0.765187 0.255771
v 0.056733 0.872176 0.292759
v 0.009621 0.865969 0.290124
v -0.035778 0.837141 0.277984
v -0.063066 0.791316 0.258317
v 0.165197 0.633418 0.285703
v 0.114848 0.798991 -0.365736
v -0.100685 0.714554 -0.237066
v 0.060821 0.882756 -0.255153
v -0.066162 0.782082 -0.271758
v 0.190773 0.763170 -0.261316
v 0.026538 1.091800 0.110378
v 0.025960 1.091809 0.112662
v 0.017438 1.089758 0.110745
v -0.066663 1.095868 0.107454
v -0.136205 1.084025 0.092968
v -0.066655 1.095740 0.104961
v -0.137989 1.100356 0.092866
v -0.062045 1.109720 0.108471
v -0.060182 1.099450 0.108561
v -0.048251 1.103009 0.110537
v -0.010672 1.106175 0.113988
v -0.009975 1.113015 0.113852
v -0.024138 1.105442 0.113292
v 0.004332 1.109173 0.113805
v 0.004297 1.109542 0.111518
v 0.000833 1.104730 0.114201
v 0.017420 1.090095 0.113415
v -0.024396 1.113639 0.113409
v 0.000867 1.104247 0.111702
v -0.181788 1.068613 0.017597
v -0.178005 1.059666 0.022294
v -0.173295 1.069535 0.016160
v -0.166455 1.056305 0.059033
v -0.173817 1.055619 0.039052
v -0.165719 1.055028 0.058948
v -0.152122 1.059796 0.075651
v -0.153355 1.061250 0.075394
v -0.150994 1.063723 0.078048
v -0.148211 1.064175 0.076880
v -0.149474 1.078228 0.082638
v -0.152032 1.077989 0.084052
v -0.184410 1.101748 0.040620
v -0.188274 1.099672 0.020734
v -0.179928 1.101749 0.038489
v -0.174725 1.102854 0.063209
v -0.161879 1.102506 0.080598
v -0.157703 1.102502 0.077598
v -0.158442 1.100245 0.082515
v -0.148387 1.078252 0.087334
v -0.154451 1.093336 0.085167
v -0.146882 1.063228 0.080340
v -0.150082 1.059868 0.074138
v -0.164193 1.055272 0.057805
v -0.144853 1.081385 0.089414
v -0.143553 1.081462 0.087852
v -0.146002 1.078485 0.086052
v -0.189405 1.100691 0.012921
v -0.188994 1.102339 0.018921
v -0.184739 1.101111 0.011240
v -0.183937 1.102564 0.017426
v -0.156600 1.103530 0.085560
v -0.160039 1.105609 0.082449
v -0.156307 1.097001 0.084247
v -0.152808 1.100838 0.087247
v -0.149283 1.100084 0.089309
v -0.151671 1.103647 0.081651
v -0.148923 1.101234 0.083684
v -0.146076 1.099832 0.085472
v -0.175068 1.104960 0.063551
v -0.184819 1.104229 0.040218
v -0.188435 1.098285 0.016373
v -0.182622 1.098516 0.014212
v -0.182877 1.099959 0.018583
v -0.173348 1.054223 0.038730
v -0.177782 1.058421 0.020064
v -0.181581 1.067694 0.014317
v -0.185623 1.079534 0.013704
v -0.188345 1.095728 0.013561
v -0.190136 1.097547 0.009212
v -0.185024 1.098102 0.007178
v -0.187404 1.088800 0.013020
v -0.185777 1.078027 0.008471
v -0.184893 1.097462 0.004201
v -0.190886 1.095598 -0.000000
v -0.185001 1.096999 -0.000006
v -0.182589 1.079831 0.003791
v -0.176555 1.078893 0.008494
v -0.173640 1.068992 0.014381
v -0.048219 1.102605 0.108040
v -0.062058 1.109833 0.106214
v -0.060167 1.099263 0.106228
v -0.024421 1.113832 0.110987
v -0.024142 1.105448 0.110909
v -0.010680 1.106256 0.111465
v -0.010027 1.113498 0.111638
v -0.173453 1.074606 0.014025
v -0.174593 1.080462 0.012158
v -0.173903 1.073645 0.012157
v -0.174384 1.058287 0.019794
v -0.171672 1.054555 0.037267
v -0.174827 1.060469 0.021151
v -0.171336 1.056241 0.038034
v -0.187442 1.098955 0.011890
v -0.183712 1.077152 0.012491
v -0.184315 1.102130 0.034328
v -0.173288 1.079827 0.058016
v -0.176077 1.103249 0.056150
v -0.180639 1.078810 0.037136
v -0.160793 1.102954 0.080407
v -0.150897 1.082027 0.085116
v -0.158508 1.080906 0.079286
v -0.148196 1.065318 0.079985
v -0.151886 1.061415 0.075655
v -0.165768 1.055238 0.056908
v -0.173390 1.055631 0.037328
v -0.176916 1.059598 0.021068
v -0.154646 1.097610 0.085059
v 0.026538 1.091800 -0.110379
v 0.017438 1.089758 -0.110746
v 0.025960 1.091809 -0.112663
v -0.135731 1.084243 -0.089137
v -0.136205 1.084025 -0.092969
v -0.066655 1.095740 -0.104962
v -0.066663 1.095868 -0.107455
v -0.060182 1.099450 -0.108562
v -0.062045 1.109720 -0.108472
v -0.048251 1.103009 -0.110537
v -0.060167 1.099263 -0.106228
v -0.010672 1.106175 -0.113988
v -0.024138 1.105442 -0.113293
v -0.009975 1.113015 -0.113853
v 0.004332 1.109173 -0.113805
v -0.010027 1.113498 -0.111639
v 0.000833 1.104730 -0.114202
v 0.017420 1.090095 -0.113416
v -0.024396 1.113639 -0.113410
v -0.024421 1.113832 -0.110987
v -0.153355 1.061250 -0.075395
v -0.166455 1.056305 -0.059033
v -0.150604 1.061738 -0.073956
v -0.164295 1.056824 -0.058315
v -0.178005 1.059666 -0.022295
v -0.174827 1.060469 -0.021152
v -0.173817 1.055619 -0.039052
v -0.165719 1.055028 -0.058948
v -0.152122 1.059796 -0.075652
v -0.150994 1.063723 -0.078049
v -0.148211 1.064175 -0.076880
v -0.149474 1.078228 -0.082639
v -0.152032 1.077989 -0.084053
v -0.184410 1.101748 -0.040621
v -0.179928 1.101749 -0.038489
v -0.188274 1.099672 -0.020734
v -0.174725 1.102854 -0.063209
v -0.169962 1.102943 -0.060288
v -0.161879 1.102506 -0.080598
v -0.154451 1.093336 -0.085168
v -0.148387 1.078252 -0.087335
v -0.146882 1.063228 -0.080341
v -0.146002 1.078485 -0.086052
v -0.183937 1.102564 -0.017426
v -0.180134 1.104671 -0.037727
v -0.188994 1.102339 -0.018922
v -0.184819 1.104229 -0.040219
v -0.160039 1.105609 -0.082450
v -0.175068 1.104960 -0.063552
v -0.154979 1.105737 -0.078797
v -0.156600 1.103530 -0.085561
v -0.158442 1.100245 -0.082516
v -0.156307 1.097001 -0.084248
v -0.152808 1.100838 -0.087247
v -0.149283 1.100084 -0.089310
v -0.144853 1.081385 -0.089415
v -0.151671 1.103647 -0.081651
v -0.148923 1.101234 -0.083685
v -0.146076 1.099832 -0.085473
v -0.137989 1.100356 -0.092867
v -0.189405 1.100691 -0.012922
v -0.188435 1.098285 -0.016373
v -0.182622 1.098516 -0.014213
v -0.182877 1.099959 -0.018584
v -0.173348 1.054223 -0.038730
v -0.177782 1.058421 -0.020065
v -0.181581 1.067694 -0.014318
v -0.181788 1.068613 -0.017597
v -0.185623 1.079534 -0.013705
v -0.174593 1.080462 -0.012159
v -0.187404 1.088800 -0.013021
v -0.188345 1.095728 -0.013561
v -0.190136 1.097547 -0.009212
v -0.185024 1.098102 -0.007179
v -0.185777 1.078027 -0.008472
v -0.184190 1.080371 0.000042
v -0.187432 1.080298 -0.000000
v -0.182589 1.079831 -0.003792
v -0.176555 1.078893 -0.008495
v -0.173640 1.068992 -0.014381
v 0.000867 1.104247 -0.111702
v -0.010680 1.106256 -0.111465
v 0.004297 1.109542 -0.111519
v -0.171672 1.054555 -0.037268
v -0.171336 1.056241 -0.038035
v -0.164193 1.055272 -0.057806
v -0.187442 1.098955 -0.011890
v -0.184315 1.102130 -0.034329
v -0.183712 1.077152 -0.012492
v -0.173288 1.079827 -0.058017
v -0.180639 1.078810 -0.037137
v -0.176077 1.103249 -0.056150
v -0.160793 1.102954 -0.080408
v -0.150897 1.082027 -0.085116
v -0.148196 1.065318 -0.079986
v -0.158508 1.080906 -0.079287
v -0.151886 1.061415 -0.075655
v -0.165768 1.055238 -0.056909
v -0.173390 1.055631 -0.037328
v -0.176916 1.059598 -0.021069
v -0.154646 1.097610 -0.085060
v -0.135731 1.084243 0.089136
v -0.060167 1.099263 0.106228
v -0.048219 1.102605 0.108040
v -0.024142 1.105448 0.110909
v -0.010027 1.113498 0.111638
v -0.010680 1.106256 0.111465
v -0.024421 1.113832 0.110987
v -0.062058 1.109833 0.106214
v -0.137560 1.100480 0.088465
v -0.150604 1.061738 0.073956
v -0.164295 1.056824 0.058314
v -0.173453 1.074606 0.014025
v -0.174593 1.080462 0.012158
v -0.174827 1.060469 0.021151
v -0.171336 1.056241 0.038034
v -0.151268 1.093608 0.083616
v -0.169962 1.102943 0.060287
v -0.153253 1.099075 0.081023
v -0.144997 1.063267 0.079293
v -0.180134 1.104671 0.037726
v -0.169327 1.105715 0.059981
v -0.154979 1.105737 0.078797
v -0.136205 1.084025 0.092968
v -0.135731 1.084243 0.089136
v -0.137989 1.100356 0.092866
v -0.137560 1.100480 0.088465
v -0.182622 1.096021 0.012200
v -0.180156 1.089452 0.011129
v -0.184190 1.080371 -0.000043
v -0.173903 1.073645 0.012157
v -0.174384 1.058287 0.019794
v -0.171672 1.054555 0.037267
v -0.137560 1.100480 0.088465
v -0.135731 1.084243 0.089136
v -0.066655 1.095740 0.104961
v 0.004297 1.109542 0.111518
v 0.000867 1.104247 0.111702
v 0.026538 1.091800 0.110378
v 0.017438 1.089758 0.110745
v -0.151268 1.093608 0.083616
v -0.149474 1.078228 0.082638
v -0.146076 1.099832 0.085472
v -0.148923 1.101234 0.083684
v -0.173640 1.068992 0.014381
v -0.173295 1.069535 0.016160
v -0.164193 1.055272 0.057805
v -0.164295 1.056824 0.058314
v -0.150082 1.059868 0.074138
v -0.150604 1.061738 0.073956
v -0.148211 1.064175 0.076880
v -0.144997 1.063267 0.079293
v -0.146002 1.078485 0.086052
v -0.143553 1.081462 0.087852
v -0.137560 1.100480 0.088465
v -0.135731 1.084243 0.089136
v -0.184190 1.080371 -0.000043
v -0.182589 1.079831 0.003791
v -0.185001 1.096999 -0.000006
v -0.184893 1.097462 0.004201
v -0.176555 1.078893 0.008494
v -0.185024 1.098102 0.007178
v -0.151671 1.103647 0.081651
v -0.153253 1.099075 0.081023
v -0.154979 1.105737 0.078797
v -0.157703 1.102502 0.077598
v -0.169327 1.105715 0.059981
v -0.169962 1.102943 0.060287
v -0.179928 1.101749 0.038489
v -0.180134 1.104671 0.037726
v -0.183937 1.102564 0.017426
v -0.182877 1.099959 0.018583
v -0.182622 1.098516 0.014212
v -0.184739 1.101111 0.011240
v -0.182622 1.096021 0.012200
v -0.180156 1.089452 0.011129
v -0.137989 1.100356 -0.092867
v -0.048219 1.102605 -0.108041
v -0.024142 1.105448 -0.110910
v 0.004297 1.109542 -0.111519
v -0.010680 1.106256 -0.111465
v 0.000867 1.104247 -0.111702
v -0.062058 1.109833 -0.106214
v -0.137560 1.100480 -0.088465
v -0.173453 1.074606 -0.014026
v -0.173295 1.069535 -0.016160
v -0.171336 1.056241 -0.038035
v -0.151268 1.093608 -0.083616
v -0.157703 1.102502 -0.077599
v -0.153253 1.099075 -0.081024
v -0.144997 1.063267 -0.079293
v -0.150082 1.059868 -0.074138
v -0.164193 1.055272 -0.057806
v -0.143553 1.081462 -0.087852
v -0.184739 1.101111 -0.011241
v -0.169327 1.105715 -0.059981
v -0.136205 1.084025 -0.092969
v -0.135731 1.084243 -0.089137
v -0.137560 1.100480 -0.088465
v -0.182622 1.096021 -0.012201
v -0.180156 1.089452 -0.011130
v -0.184893 1.097462 -0.004202
v -0.173903 1.073645 -0.012158
v -0.174384 1.058287 -0.019794
v -0.171672 1.054555 -0.037268
v -0.137560 1.100480 -0.088465
v -0.062058 1.109833 -0.106214
v -0.135731 1.084243 -0.089137
v -0.066655 1.095740 -0.104962
v -0.060167 1.099263 -0.106228
v -0.048219 1.102605 -0.108041
v -0.024421 1.113832 -0.110987
v -0.024142 1.105448 -0.110910
v -0.010027 1.113498 -0.111639
v 0.026538 1.091800 -0.110379
v 0.017438 1.089758 -0.110746
v -0.151268 1.093608 -0.083616
v -0.146076 1.099832 -0.085473
v -0.149474 1.078228 -0.082639
v -0.148923 1.101234 -0.083685
v -0.173453 1.074606 -0.014026
v -0.173903 1.073645 -0.012158
v -0.174593 1.080462 -0.012159
v -0.173640 1.068992 -0.014381
v -0.173295 1.069535 -0.016160
v -0.174384 1.058287 -0.019794
v -0.174827 1.060469 -0.021152
v -0.164295 1.056824 -0.058315
v -0.150082 1.059868 -0.074138
v -0.150604 1.061738 -0.073956
v -0.148211 1.064175 -0.076880
v -0.144997 1.063267 -0.079293
v -0.146002 1.078485 -0.086052
v -0.143553 1.081462 -0.087852
v -0.137560 1.100480 -0.088465
v -0.135731 1.084243 -0.089137
v -0.182589 1.079831 -0.003792
v -0.184893 1.097462 -0.004202
v -0.176555 1.078893 -0.008495
v -0.185024 1.098102 -0.007179
v -0.151671 1.103647 -0.081651
v -0.153253 1.099075 -0.081024
v -0.154979 1.105737 -0.078797
v -0.157703 1.102502 -0.077599
v -0.169327 1.105715 -0.059981
v -0.169962 1.102943 -0.060288
v -0.179928 1.101749 -0.038489
v -0.180134 1.104671 -0.037727
v -0.183937 1.102564 -0.017426
v -0.182877 1.099959 -0.018584
v -0.182622 1.098516 -0.014213
v -0.184739 1.101111 -0.011241
v -0.182622 1.096021 -0.012201
v -0.180156 1.089452 -0.011130
v -0.085704 0.222736 -0.657862
v -0.093558 0.223887 -0.661482
v -0.086816 0.221594 -0.656541
v -0.094295 0.222690 -0.659993
v -0.087691 0.219652 -0.656695
v -0.094265 0.220617 -0.659735
v -0.087817 0.218052 -0.658233
v -0.093486 0.218882 -0.660856
v -0.087120 0.217726 -0.660257
v -0.092414 0.218504 -0.662707
v -0.087120 0.217726 -0.660257
v -0.092414 0.218504 -0.662707
v -0.086009 0.218870 -0.661584
v -0.091678 0.219701 -0.664206
v -0.085133 0.220810 -0.661430
v -0.091707 0.221771 -0.664467
v -0.085007 0.222410 -0.659885
v -0.092486 0.223506 -0.663334
v -0.100472 0.220613 -0.666120
v -0.100879 0.219573 -0.664406
v -0.100052 0.217877 -0.663601
v -0.098476 0.216519 -0.664185
v -0.097075 0.216296 -0.665816
v -0.097075 0.216296 -0.665816
v -0.096667 0.217337 -0.667542
v -0.097494 0.219032 -0.668343
v -0.099070 0.220389 -0.667753
v -0.104817 0.205249 -0.673272
v -0.101085 0.197280 -0.673717
v -0.105017 0.204941 -0.671190
v -0.101462 0.197350 -0.671611
v -0.103689 0.205019 -0.669544
v -0.100564 0.198345 -0.669922
v -0.101613 0.205433 -0.669298
v -0.098918 0.199678 -0.669633
v -0.100004 0.205943 -0.670598
v -0.097487 0.200568 -0.670917
v -0.100004 0.205943 -0.670598
v -0.097487 0.200568 -0.670917
v -0.099804 0.206250 -0.672677
v -0.097109 0.200495 -0.673024
v -0.101131 0.206173 -0.674323
v -0.098007 0.199499 -0.674719
v -0.103208 0.205758 -0.674571
v -0.099653 0.198170 -0.675005
v -0.094395 0.192009 -0.671780
v -0.095092 0.192334 -0.669765
v -0.094966 0.193938 -0.668310
v -0.094090 0.195875 -0.668257
v -0.092979 0.197018 -0.669640
v -0.092979 0.197018 -0.669640
v -0.092281 0.196693 -0.671654
v -0.092407 0.195092 -0.673119
v -0.093283 0.193155 -0.673171
v -0.086541 0.190860 -0.668073
v -0.087612 0.191238 -0.666237
v -0.088391 0.192973 -0.665210
v -0.088422 0.195046 -0.665588
v -0.087684 0.196244 -0.667149
v -0.087684 0.196244 -0.667149
v -0.086613 0.195864 -0.668985
v -0.085834 0.194128 -0.670023
v -0.085804 0.192058 -0.669642
v -0.075281 0.209496 -0.656845
v -0.079014 0.217469 -0.656197
v -0.076891 0.208987 -0.655552
v -0.080445 0.216578 -0.654947
v -0.078967 0.208572 -0.655801
v -0.082092 0.215245 -0.655281
v -0.080295 0.208498 -0.657444
v -0.082989 0.214250 -0.657005
v -0.080095 0.208805 -0.659523
v -0.082611 0.214177 -0.659108
v -0.080095 0.208805 -0.659523
v -0.082611 0.214177 -0.659108
v -0.078486 0.209315 -0.660819
v -0.081180 0.215070 -0.660365
v -0.076409 0.209730 -0.660567
v -0.079534 0.216403 -0.660030
v -0.075082 0.209803 -0.658924
v -0.078637 0.217395 -0.658304
v -0.052818 0.098408 -0.770329
v -0.092137 0.090331 -0.778578
v -0.052722 0.095717 -0.780577
v -0.045891 0.120723 -0.749583
v -0.079762 0.117682 -0.747219
v -0.095549 0.095097 -0.765971
v -0.099156 0.117501 -0.737219
v -0.122030 0.099058 -0.756113
v -0.016603 0.145856 -0.735711
v -0.041297 0.138307 -0.732545
v -0.016759 0.129190 -0.752353
v 0.000511 0.155404 -0.749983
v -0.000411 0.136013 -0.762169
v -0.033952 0.155635 -0.717097
v -0.015622 0.162103 -0.722063
v -0.003458 0.173957 -0.735757
v -0.015228 0.182860 -0.704887
v -0.015276 0.186475 -0.709778
v -0.000403 0.188072 -0.718347
v -0.004112 0.189604 -0.719511
v 0.011041 0.215061 -0.691840
v -0.004111 0.207647 -0.679212
v 0.009238 0.210402 -0.696628
v -0.005734 0.203160 -0.683656
v 0.011041 0.215061 -0.691840
v -0.023790 0.211891 -0.701023
v -0.004111 0.207647 -0.679212
v 0.013822 0.225659 -0.705111
v -0.019150 0.223402 -0.716630
v 0.013822 0.225659 -0.705111
v 0.011922 0.219972 -0.709945
v 0.009516 0.238644 -0.719637
v 0.007299 0.232742 -0.724336
v -0.018891 0.220739 -0.758551
v -0.017286 0.225333 -0.754328
v -0.001823 0.208320 -0.747940
v 0.000101 0.213534 -0.742827
v -0.030817 0.262236 -0.732717
v -0.030464 0.230794 -0.729907
v -0.006304 0.253668 -0.731949
v 0.009516 0.238644 -0.719637
v -0.000219 0.198898 -0.733064
v -0.000489 0.185759 -0.749915
v -0.006401 0.208378 -0.745124
v -0.010027 0.195357 -0.759537
v 0.004201 0.196594 -0.733881
v 0.004201 0.196594 -0.733881
v 0.005757 0.201238 -0.728350
v 0.001232 0.191269 -0.714705
v -0.000219 0.198898 -0.733064
v -0.000489 0.185759 -0.749915
v -0.020047 0.207165 -0.669264
v -0.022614 0.201855 -0.673398
v -0.034003 0.178524 -0.691033
v -0.036269 0.179261 -0.695056
v -0.046399 0.167115 -0.704398
v -0.048572 0.151603 -0.714895
v -0.057930 0.143627 -0.707816
v -0.059530 0.136133 -0.731421
v -0.072271 0.130624 -0.723642
v -0.054183 0.161851 -0.700725
v -0.048732 0.179270 -0.682184
v -0.048429 0.180741 -0.681024
v -0.032840 0.180744 -0.689328
v -0.051447 0.182624 -0.688735
v -0.020047 0.207165 -0.669264
v -0.035029 0.202150 -0.693747
v -0.038924 0.208575 -0.658469
v -0.050286 0.204764 -0.689645
v -0.001176 0.150782 -0.774895
v -0.009183 0.127209 -0.788838
v -0.010113 0.112771 -0.777967
v -0.009183 0.127209 -0.788838
v -0.017194 0.138213 -0.796621
v -0.001176 0.150782 -0.774895
v -0.011027 0.160773 -0.782687
v -0.048977 0.144180 -0.802963
v -0.041037 0.177034 -0.783181
v -0.041197 0.128428 -0.813555
v -0.050886 0.136403 -0.809347
v -0.026759 0.126862 -0.807775
v -0.042064 0.105106 -0.820158
v -0.031663 0.105333 -0.815772
v -0.051455 0.104095 -0.818165
v -0.053154 0.127727 -0.814028
v -0.050077 0.090158 -0.822584
v -0.043579 0.090720 -0.824356
v -0.032519 0.091037 -0.821180
v -0.011420 0.122335 -0.792779
v -0.018397 0.131505 -0.800456
v -0.019713 0.100499 -0.802926
v -0.022760 0.089603 -0.809393
v -0.024226 0.104482 -0.810063
v -0.026635 0.091587 -0.816961
v -0.018333 0.123919 -0.801482
v -0.013656 0.117458 -0.796716
v -0.104062 0.149078 -0.801234
v -0.075943 0.148925 -0.804713
v -0.099260 0.139591 -0.807790
v -0.094458 0.130102 -0.814347
v -0.075721 0.141937 -0.809326
v -0.075499 0.134951 -0.813942
v -0.123325 0.113401 -0.818321
v -0.117109 0.129460 -0.812096
v -0.105628 0.111223 -0.818411
v -0.135073 0.111500 -0.807391
v -0.138576 0.125025 -0.801657
v -0.141140 0.092317 -0.817412
v -0.129687 0.093672 -0.825944
v -0.112924 0.092707 -0.826592
v -0.134496 0.135304 -0.797336
v -0.110585 0.139269 -0.806666
v -0.078073 0.115468 -0.821199
v -0.081552 0.097824 -0.828766
v -0.088566 0.111404 -0.819421
v -0.091856 0.096147 -0.825566
v -0.063499 0.112019 -0.822059
v -0.068812 0.096611 -0.828908
v -0.092467 0.106426 -0.816967
v -0.096216 0.091311 -0.820069
v -0.093547 0.094805 -0.808601
v -0.095002 0.083863 -0.811384
v -0.095769 0.111665 -0.814399
v -0.094273 0.098242 -0.806958
v -0.099686 0.104092 -0.813960
v -0.096353 0.094590 -0.807259
v -0.105841 0.089922 -0.819612
v -0.101251 0.084493 -0.812090
v -0.096651 0.178103 -0.780439
v -0.068695 0.179320 -0.784210
v -0.008586 0.176998 -0.771001
v 0.001789 0.167056 -0.762148
v -0.052626 0.093030 -0.790826
v -0.032707 0.093021 -0.782275
v -0.027444 0.099077 -0.775964
v -0.022183 0.105137 -0.769656
v -0.013870 0.101221 -0.786956
v -0.011991 0.106997 -0.782463
v -0.035976 0.080616 -0.789742
v -0.021776 0.085110 -0.796992
v -0.034678 0.086949 -0.787325
v -0.019107 0.091774 -0.792600
v -0.051937 0.086707 -0.796009
v -0.051646 0.080423 -0.797506
v -0.026441 0.065888 -0.807127
v -0.026172 0.071953 -0.805462
v -0.036059 0.065408 -0.801286
v -0.037127 0.068882 -0.798583
v -0.050109 0.069622 -0.802594
v -0.048347 0.064804 -0.803399
v -0.052157 0.071259 -0.800613
v -0.036742 0.070021 -0.795564
v -0.024002 0.073510 -0.804228
v -0.027047 0.058842 -0.808205
v -0.035796 0.058895 -0.802696
v -0.028881 0.046140 -0.809725
v -0.027647 0.053035 -0.809200
v -0.035312 0.047280 -0.804492
v -0.035555 0.053615 -0.804022
v -0.046228 0.046736 -0.805591
v -0.046699 0.053145 -0.805346
v -0.047508 0.058357 -0.804412
v -0.026770 0.051822 -0.817557
v -0.027738 0.044974 -0.818060
v -0.022760 0.089603 -0.809393
v -0.024866 0.076499 -0.815664
v -0.026932 0.074481 -0.814946
v -0.025944 0.065654 -0.816082
v -0.054639 0.090718 -0.797337
v -0.054872 0.094928 -0.808841
v -0.055077 0.103674 -0.808469
v -0.019713 0.100499 -0.802926
v -0.011420 0.122335 -0.792779
v -0.013656 0.117458 -0.796716
v -0.092541 0.120188 -0.722929
v -0.118926 0.116322 -0.732818
v -0.077552 0.127217 -0.711600
v -0.085684 0.127334 -0.695301
v -0.097794 0.118324 -0.695959
v -0.088708 0.115802 -0.709935
v -0.102475 0.110695 -0.710233
v -0.078165 0.142847 -0.688714
v -0.105793 0.142499 -0.678564
v -0.096983 0.161857 -0.676303
v -0.112429 0.131941 -0.682986
v -0.075595 0.186048 -0.680197
v -0.072988 0.184064 -0.675312
v -0.069861 0.157097 -0.687034
v -0.091659 0.176343 -0.675241
v -0.099181 0.193576 -0.677811
v -0.099175 0.193793 -0.676537
v -0.115040 0.175404 -0.673392
v -0.140289 0.180336 -0.701050
v -0.130108 0.186656 -0.685987
v -0.111592 0.207156 -0.691972
v -0.107848 0.200102 -0.683932
v -0.114171 0.208400 -0.687845
v -0.106046 0.196649 -0.676644
v -0.103140 0.199493 -0.672287
v -0.112512 0.213470 -0.684875
v -0.098050 0.253096 -0.685526
v -0.100627 0.247400 -0.690065
v -0.098154 0.241233 -0.668423
v -0.100215 0.235149 -0.672468
v -0.152237 0.162115 -0.743171
v -0.156845 0.159588 -0.707737
v -0.136579 0.191085 -0.721627
v -0.110242 0.216350 -0.707989
v -0.124524 0.198434 -0.734590
v -0.105652 0.220930 -0.722195
v -0.109415 0.205568 -0.749599
v -0.097029 0.224797 -0.735604
v -0.100612 0.230266 -0.735742
v -0.111083 0.226071 -0.721068
v -0.115739 0.219050 -0.705624
v -0.138686 0.169544 -0.762387
v -0.122626 0.174470 -0.770829
v -0.149538 0.154373 -0.691266
v -0.132343 0.145500 -0.681116
v -0.142942 0.167864 -0.689589
v -0.127356 0.156550 -0.675797
v -0.154575 0.145580 -0.691490
v -0.157658 0.134346 -0.693142
v -0.136868 0.136846 -0.683382
v -0.139867 0.126450 -0.683892
v -0.163077 0.134758 -0.708329
v -0.161106 0.146394 -0.710574
v -0.118507 0.121957 -0.686199
v -0.124968 0.112916 -0.688321
v -0.055587 0.211415 -0.653863
v -0.075944 0.221630 -0.655106
v -0.058306 0.206357 -0.658298
v -0.081290 0.216329 -0.658709
v -0.040843 0.203148 -0.662959
v -0.038924 0.208575 -0.658469
v -0.055587 0.211415 -0.653863
v -0.071519 0.220583 -0.694899
v -0.075944 0.221630 -0.655106
v -0.106888 0.112519 -0.697445
v -0.116449 0.106049 -0.699570
v -0.140626 0.098303 -0.695593
v -0.143169 0.086428 -0.693779
v -0.135921 0.093083 -0.704330
v -0.139052 0.083439 -0.702908
v -0.138148 0.099354 -0.694140
v -0.131926 0.092839 -0.704278
v -0.150646 0.066219 -0.691641
v -0.146838 0.063946 -0.698775
v -0.146159 0.076802 -0.692587
v -0.142589 0.073771 -0.701069
v -0.156716 0.050120 -0.696647
v -0.154023 0.051082 -0.699414
v -0.153021 0.056877 -0.694685
v -0.150891 0.055861 -0.698971
v -0.160524 0.049596 -0.693290
v -0.156425 0.057703 -0.691509
v -0.162958 0.044273 -0.705077
v -0.165597 0.044682 -0.709167
v -0.159550 0.047734 -0.711833
v -0.160196 0.045504 -0.700857
v -0.165393 0.044467 -0.697418
v -0.168928 0.042885 -0.701533
v -0.162877 0.046570 -0.694961
v -0.158211 0.047396 -0.698704
v -0.155067 0.048373 -0.703388
v -0.167236 0.046930 -0.713221
v -0.164251 0.051813 -0.717478
v -0.168426 0.051002 -0.716803
v -0.174118 0.050772 -0.714388
v -0.173680 0.046122 -0.710620
v -0.159918 0.066274 -0.722125
v -0.149109 0.062233 -0.717051
v -0.162259 0.057577 -0.720780
v -0.152979 0.053412 -0.715491
v -0.149199 0.053713 -0.705666
v -0.145285 0.061905 -0.706628
v -0.161404 0.059364 -0.690053
v -0.156425 0.057703 -0.691509
v -0.158746 0.067911 -0.689900
v -0.150646 0.066219 -0.691641
v -0.164824 0.051057 -0.691294
v -0.160524 0.049596 -0.693290
v -0.167490 0.052968 -0.690812
v -0.165006 0.060181 -0.691806
v -0.164699 0.067119 -0.691524
v -0.170050 0.046736 -0.694693
v -0.173558 0.050694 -0.693852
v -0.174118 0.045489 -0.698336
v -0.177112 0.050274 -0.696966
v -0.167230 0.048410 -0.692670
v -0.170729 0.051684 -0.692089
v -0.162877 0.046570 -0.694961
v -0.165393 0.044467 -0.697418
v -0.168928 0.042885 -0.701533
v -0.139354 0.082260 -0.709524
v -0.136848 0.091799 -0.710770
v -0.145957 0.083240 -0.719557
v -0.144433 0.093543 -0.719100
v -0.142104 0.072370 -0.708206
v -0.147396 0.072779 -0.718667
v -0.118739 0.104461 -0.711845
v -0.133488 0.091584 -0.712251
v -0.132919 0.107799 -0.723832
v -0.143041 0.094258 -0.721655
v -0.156033 0.087096 -0.724201
v -0.154410 0.096409 -0.723722
v -0.112271 0.107759 -0.711799
v -0.128196 0.114107 -0.726317
v -0.129684 0.117095 -0.736639
v -0.143089 0.127663 -0.743370
v -0.143816 0.122098 -0.736144
v -0.147354 0.113367 -0.730254
v -0.157741 0.076996 -0.723423
v -0.167623 0.079060 -0.723049
v -0.170980 0.068562 -0.721194
v -0.161810 0.100609 -0.723279
v -0.164756 0.089833 -0.724106
v -0.154482 0.097452 -0.726790
v -0.162988 0.102234 -0.725804
v -0.147354 0.113367 -0.730254
v -0.155879 0.121048 -0.729385
v -0.151888 0.108168 -0.688029
v -0.143169 0.086428 -0.693779
v -0.140626 0.098303 -0.695593
v -0.155047 0.090610 -0.689577
v -0.152388 0.106143 -0.690225
v -0.164494 0.111472 -0.694116
v -0.163681 0.109068 -0.695900
v -0.167084 0.093079 -0.696576
v -0.170147 0.108109 -0.706118
v -0.173757 0.094495 -0.706839
v -0.171859 0.110527 -0.706054
v -0.175224 0.084259 -0.705457
v -0.176166 0.067196 -0.702242
v -0.168763 0.083092 -0.696389
v -0.170746 0.066846 -0.695845
v -0.157343 0.080706 -0.689451
v -0.170344 0.107308 -0.719096
v -0.163769 0.130780 -0.721400
v -0.168715 0.105161 -0.717831
v -0.172265 0.092785 -0.718639
v -0.146159 0.076802 -0.692587
v -0.154833 0.116555 -0.756140
v -0.145120 0.107350 -0.750649
v -0.129157 0.087852 -0.775626
v -0.125593 0.093454 -0.765870
v -0.143480 0.089219 -0.764070
v -0.157428 0.095939 -0.759580
v -0.151274 0.101644 -0.755115
v -0.104037 0.084892 -0.782936
v -0.099793 0.089996 -0.774453
v -0.088725 0.085564 -0.791185
v -0.094325 0.083826 -0.798565
v -0.108698 0.081253 -0.788197
v -0.100332 0.077300 -0.803482
v -0.112416 0.072804 -0.791600
v -0.131842 0.086516 -0.783657
v -0.135161 0.077220 -0.788492
v -0.131817 0.089784 -0.780525
v -0.096353 0.094590 -0.807259
v -0.101251 0.084493 -0.812090
v -0.141568 0.065642 -0.798675
v -0.120097 0.061431 -0.799600
v -0.106645 0.064579 -0.812372
v -0.124500 0.054880 -0.806976
v -0.112711 0.056512 -0.817655
v -0.121432 0.061287 -0.802324
v -0.109379 0.064183 -0.813417
v -0.140458 0.064975 -0.801403
v -0.142157 0.056423 -0.806866
v -0.148039 0.071499 -0.809151
v -0.141711 0.084401 -0.799109
v -0.144122 0.021255 -0.816104
v -0.130908 0.019403 -0.816205
v -0.142859 0.046361 -0.809959
v -0.126702 0.045652 -0.809842
v -0.132049 0.009047 -0.818134
v -0.144825 0.010325 -0.817913
v -0.132499 0.003059 -0.819762
v -0.145685 0.003157 -0.819449
v -0.115088 0.046681 -0.819860
v -0.119868 0.020653 -0.824593
v -0.122124 0.004327 -0.827703
v -0.121404 0.010334 -0.826125
v -0.137630 0.106116 -0.801396
v -0.138789 0.111755 -0.799846
v -0.137071 0.098856 -0.794458
v -0.137676 0.101964 -0.794673
v -0.141711 0.084401 -0.799109
v -0.143810 0.088979 -0.809120
v -0.149732 0.062964 -0.821998
v -0.148430 0.060191 -0.814409
v -0.147008 0.073243 -0.818819
v -0.146090 0.070172 -0.810527
v -0.144168 0.074606 -0.826205
v -0.146758 0.065193 -0.829356
v -0.145668 0.076593 -0.827142
v -0.149028 0.074960 -0.818637
v -0.148039 0.071499 -0.809151
v -0.137071 0.098856 -0.794458
v -0.137676 0.101964 -0.794673
v -0.108177 0.068759 -0.824019
v -0.110623 0.067755 -0.823576
v -0.112544 0.059180 -0.826920
v -0.120107 0.010497 -0.834856
v -0.121084 0.003949 -0.835839
v -0.126130 -0.012324 -0.840114
v -0.131019 -0.021765 -0.840289
v -0.131669 -0.011573 -0.842421
v -0.133544 -0.018765 -0.842905
v -0.123355 -0.012423 -0.835166
v -0.128525 -0.023181 -0.834828
v -0.121084 0.003949 -0.835839
v -0.124688 0.003479 -0.841256
v -0.131445 0.002168 -0.844389
v -0.129370 0.023829 -0.842857
v -0.126473 0.054488 -0.841963
v -0.121317 0.023445 -0.839810
v -0.118631 0.051042 -0.836395
v -0.130308 0.013602 -0.843108
v -0.123309 0.011326 -0.840277
v -0.120107 0.010497 -0.834856
v -0.118730 0.020662 -0.833898
v -0.114513 0.049196 -0.829915
v -0.124170 -0.011323 -0.827369
v -0.123355 -0.012423 -0.835166
v -0.127578 -0.020696 -0.827568
v -0.128525 -0.023181 -0.834828
v -0.110623 0.067755 -0.823576
v -0.112544 0.059180 -0.826920
v -0.115359 0.070749 -0.829509
v -0.117099 0.061072 -0.833440
v -0.108177 0.068759 -0.824019
v -0.113533 0.072144 -0.830741
v -0.121568 0.075263 -0.835403
v -0.122462 0.073520 -0.833622
v -0.124796 0.064318 -0.838824
v -0.089693 0.082880 -0.797913
v -0.069079 0.083135 -0.793875
v -0.067605 0.087342 -0.789545
v -0.091500 0.085626 -0.796575
v -0.070479 0.074781 -0.798313
v -0.089043 0.074990 -0.800589
v -0.072808 0.065009 -0.804040
v -0.089607 0.066766 -0.806756
v -0.073313 0.066201 -0.806059
v -0.088124 0.067441 -0.808497
v -0.074554 0.060949 -0.811067
v -0.089475 0.063431 -0.811792
v -0.077543 0.052753 -0.813871
v -0.079691 0.037983 -0.814274
v -0.067007 0.052851 -0.820993
v -0.069401 0.037332 -0.821276
v -0.070934 0.024271 -0.821816
v -0.080666 0.025880 -0.815044
v -0.092240 0.027806 -0.813137
v -0.092218 0.041721 -0.814353
v -0.090533 0.055166 -0.812600
v -0.069387 0.038739 -0.831312
v -0.071557 0.023301 -0.831011
v -0.065286 0.061437 -0.819123
v -0.064867 0.063790 -0.830216
v -0.062802 0.069032 -0.814842
v -0.062889 0.071870 -0.825566
v -0.058394 0.082063 -0.805920
v -0.060872 0.068265 -0.814280
v -0.058536 0.087342 -0.817197
v -0.060985 0.071763 -0.826604
v -0.100070 0.042857 -0.820745
v -0.100000 0.057835 -0.821098
v -0.081700 0.015555 -0.815769
v -0.092794 0.016455 -0.813355
v -0.082027 0.001410 -0.814802
v -0.094265 0.000482 -0.813521
v -0.093052 -0.010452 -0.815585
v -0.085347 -0.013406 -0.818524
v -0.074076 0.000761 -0.822704
v -0.072282 0.013774 -0.822219
v -0.078002 -0.011861 -0.822593
v -0.057365 0.091759 -0.797901
v -0.137326 0.088378 -0.780283
v -0.148147 0.086237 -0.766816
v -0.142391 0.079305 -0.782561
v -0.154396 0.076572 -0.769964
v -0.161763 0.091568 -0.762488
v -0.167964 0.081065 -0.767347
v -0.145429 0.072386 -0.785079
v -0.157553 0.071701 -0.771916
v -0.149887 0.068197 -0.789364
v -0.148138 0.071357 -0.786047
v -0.160835 0.068514 -0.776753
v -0.158918 0.070679 -0.774481
v -0.172445 0.069954 -0.774407
v -0.171029 0.073495 -0.772574
v -0.171365 0.074858 -0.769874
v -0.165244 0.032839 -0.781845
v -0.155307 0.032406 -0.792600
v -0.164588 0.042169 -0.780817
v -0.154352 0.041991 -0.792020
v -0.175817 0.034405 -0.779920
v -0.175458 0.044356 -0.778532
v -0.173291 0.062120 -0.775476
v -0.161396 0.060489 -0.777417
v -0.150522 0.060203 -0.789729
v -0.170855 -0.003602 -0.790377
v -0.167335 0.006431 -0.785141
v -0.176336 -0.001468 -0.787026
v -0.177094 0.006882 -0.783651
v -0.166326 0.022296 -0.782711
v -0.176535 0.023438 -0.781026
v -0.157000 0.021581 -0.792874
v -0.159101 0.005086 -0.794502
v -0.164071 -0.002742 -0.795438
v -0.174211 -0.006444 -0.796249
v -0.178078 -0.005369 -0.793522
v -0.181327 -0.002835 -0.791120
v -0.162100 0.005128 -0.802548
v -0.165200 -0.004030 -0.802545
v -0.162729 0.023697 -0.806832
v -0.158163 0.022693 -0.802656
v -0.164565 0.007048 -0.807873
v -0.162100 0.005128 -0.802548
v -0.169077 0.024301 -0.807456
v -0.169366 0.009210 -0.807944
v -0.170498 0.000580 -0.808282
v -0.168245 -0.002039 -0.806783
v -0.165200 -0.004030 -0.802545
v -0.160173 0.047070 -0.807287
v -0.155510 0.044890 -0.802849
v -0.161216 0.033405 -0.807093
v -0.156535 0.032369 -0.802849
v -0.157150 0.065270 -0.807391
v -0.151984 0.063946 -0.802182
v -0.164563 0.066174 -0.809237
v -0.167183 0.048883 -0.808620
v -0.168100 0.034089 -0.807999
v -0.155510 0.044890 -0.802849
v -0.156535 0.032369 -0.802849
v -0.183371 0.047329 -0.783774
v -0.182077 0.064616 -0.781938
v -0.184724 0.081446 -0.787426
v -0.181835 0.079201 -0.778363
v -0.177801 0.095315 -0.782350
v -0.174843 0.089105 -0.773077
v -0.184418 0.073307 -0.788799
v -0.181559 0.072015 -0.781375
v -0.182734 0.079244 -0.787797
v -0.180207 0.077303 -0.779991
v -0.183019 0.074545 -0.797118
v -0.181002 0.080872 -0.795991
v -0.174900 0.098402 -0.791200
v -0.182636 0.083206 -0.796961
v -0.185775 0.048818 -0.790466
v -0.184808 0.065888 -0.789170
v -0.184088 0.049728 -0.797809
v -0.183298 0.067107 -0.797293
v -0.183371 0.047329 -0.783774
v -0.182077 0.064616 -0.781938
v -0.183289 0.034977 -0.784818
v -0.185442 0.035499 -0.790927
v -0.183942 0.035010 -0.797705
v -0.181835 0.079201 -0.778363
v -0.174843 0.089105 -0.773077
v -0.181559 0.072015 -0.781375
v -0.180207 0.077303 -0.779991
v -0.150353 0.075396 -0.799157
v -0.151096 0.071333 -0.801790
v -0.149391 0.091252 -0.802698
v -0.154693 0.078562 -0.806163
v -0.154842 0.094022 -0.803272
v -0.162478 0.081237 -0.808736
v -0.163853 0.073547 -0.809311
v -0.162840 0.079179 -0.806583
v -0.156376 0.072644 -0.807210
v -0.156100 0.076802 -0.804400
v -0.151096 0.071333 -0.801790
v -0.150353 0.075396 -0.799157
v -0.143100 0.086430 -0.795957
v -0.147955 0.076827 -0.800066
v -0.165323 0.097938 -0.800186
v -0.173463 0.082708 -0.805036
v -0.175318 0.074564 -0.804286
v -0.172797 0.080436 -0.803159
v -0.158890 0.114082 -0.797650
v -0.169390 0.112222 -0.786044
v -0.145963 0.111595 -0.800708
v -0.153956 0.127221 -0.794766
v -0.164463 0.122138 -0.781339
v -0.142602 0.107784 -0.799597
v -0.138677 0.099400 -0.792991
v -0.138677 0.099400 -0.792991
v -0.143100 0.086430 -0.795957
v -0.163473 0.107151 -0.763668
v -0.159153 0.111853 -0.759906
v -0.172132 0.108223 -0.776689
v -0.168903 0.100671 -0.768176
v -0.166891 0.116687 -0.771514
v -0.163473 0.107151 -0.763668
v -0.168903 0.100671 -0.768176
v -0.154833 0.116555 -0.756140
v -0.159374 0.127184 -0.763161
v -0.159153 0.111853 -0.759906
v -0.163132 0.121936 -0.767338
v -0.151195 0.142758 -0.752314
v -0.143089 0.127663 -0.743370
v -0.155721 0.133965 -0.772718
v -0.151130 0.149615 -0.761306
v -0.146954 0.142620 -0.784944
v -0.130414 0.145580 -0.793015
v -0.150455 0.134920 -0.789855
v -0.056680 0.102375 -0.809851
v -0.030693 0.075420 -0.820023
v -0.026932 0.074481 -0.814946
v -0.029475 0.065820 -0.821497
v -0.025944 0.065654 -0.816082
v -0.024866 0.076499 -0.815664
v -0.029211 0.077613 -0.821598
v -0.035162 0.077997 -0.826285
v -0.035925 0.075663 -0.824153
v -0.035163 0.065842 -0.825071
v -0.029514 0.051632 -0.822805
v -0.034623 0.051970 -0.826021
v -0.029323 0.059435 -0.821881
v -0.034798 0.059456 -0.825314
v -0.029718 0.044310 -0.822919
v -0.034640 0.043656 -0.826073
v -0.027738 0.044974 -0.818060
v -0.026770 0.051822 -0.817557
v -0.026141 0.059281 -0.816543
v -0.027908 0.022361 -0.815618
v -0.031869 0.015801 -0.813499
v -0.029451 0.021123 -0.819774
v -0.033187 0.014572 -0.817716
v -0.028429 0.034719 -0.817284
v -0.029752 0.034086 -0.821712
v -0.034245 0.033472 -0.824700
v -0.033184 0.021203 -0.822117
v -0.034965 0.015426 -0.820566
v -0.044514 0.015042 -0.810518
v -0.037458 0.013451 -0.811817
v -0.041849 0.019332 -0.805905
v -0.036165 0.019169 -0.806973
v -0.031653 0.019818 -0.808635
v -0.031869 0.015801 -0.813499
v -0.045875 0.020146 -0.820232
v -0.045371 0.013888 -0.818758
v -0.048171 0.020085 -0.815963
v -0.045748 0.013203 -0.815112
v -0.046888 0.034154 -0.822894
v -0.049551 0.034854 -0.817842
v -0.049175 0.035649 -0.812219
v -0.047346 0.021712 -0.810963
v -0.044514 0.015042 -0.810518
v -0.038657 0.012094 -0.816377
v -0.039300 0.013934 -0.820710
v -0.037458 0.013451 -0.811817
v -0.039086 0.021071 -0.823545
v -0.039997 0.033782 -0.825609
v -0.052200 0.058840 -0.817888
v -0.049216 0.059410 -0.823398
v -0.051391 0.052786 -0.818641
v -0.048506 0.052651 -0.824218
v -0.052063 0.058035 -0.811488
v -0.051264 0.052832 -0.812213
v -0.050695 0.045022 -0.818806
v -0.050519 0.045922 -0.812741
v -0.047858 0.044295 -0.824234
v -0.049837 0.074134 -0.822946
v -0.049884 0.065802 -0.823042
v -0.052780 0.072991 -0.818238
v -0.052961 0.065239 -0.817535
v -0.051447 0.076489 -0.824786
v -0.054372 0.088509 -0.816436
v -0.055112 0.075263 -0.819067
v -0.053018 0.085399 -0.808696
v -0.055461 0.073246 -0.812302
v -0.053036 0.071109 -0.812462
v -0.052897 0.064426 -0.811104
v -0.043918 0.077727 -0.827654
v -0.042129 0.066121 -0.825977
v -0.043524 0.075316 -0.825342
v -0.040847 0.052279 -0.826730
v -0.040561 0.043975 -0.826761
v -0.041477 0.059736 -0.826152
v -0.035232 0.037670 -0.804845
v -0.045081 0.036537 -0.805619
v -0.035316 0.026897 -0.804913
v -0.043723 0.024673 -0.805260
v -0.029626 0.036252 -0.809793
v -0.029357 0.025672 -0.809255
v -0.028429 0.034719 -0.817284
v -0.027908 0.022361 -0.815618
v -0.073964 0.040514 -0.837546
v -0.069387 0.038739 -0.831312
v -0.075638 0.024175 -0.836567
v -0.071557 0.023301 -0.831011
v -0.071665 0.056837 -0.838421
v -0.066649 0.054871 -0.831841
v -0.080128 0.058511 -0.843160
v -0.082102 0.042231 -0.842448
v -0.083298 0.024599 -0.842166
v -0.091885 0.043103 -0.841477
v -0.090442 0.059466 -0.842153
v -0.099237 0.059742 -0.836020
v -0.099648 0.044218 -0.835175
v -0.093129 0.025963 -0.841306
v -0.098937 0.026808 -0.834328
v -0.101836 0.043917 -0.827872
v -0.100070 0.042857 -0.820745
v -0.101719 0.059032 -0.828561
v -0.100000 0.057835 -0.821098
v -0.099455 0.027434 -0.820962
v -0.100954 0.027290 -0.827710
v -0.098706 0.001201 -0.831653
v -0.098560 0.016833 -0.833321
v -0.091478 0.001655 -0.836266
v -0.092999 0.016007 -0.839896
v -0.092804 -0.009815 -0.835848
v -0.095741 -0.009907 -0.834454
v -0.089356 -0.009819 -0.836911
v -0.083631 0.001210 -0.837415
v -0.083583 0.014668 -0.840442
v -0.090936 -0.015205 -0.830139
v -0.086827 -0.014364 -0.832283
v -0.088642 -0.016326 -0.825130
v -0.084067 -0.015992 -0.827240
v -0.095496 -0.014198 -0.828305
v -0.098744 -0.011898 -0.826503
v -0.096991 -0.012214 -0.821054
v -0.093146 -0.015132 -0.822762
v -0.079969 -0.013433 -0.828862
v -0.084067 -0.015992 -0.827240
v -0.088642 -0.016326 -0.825130
v -0.096991 -0.012214 -0.821054
v -0.093146 -0.015132 -0.822762
v -0.074957 -0.000169 -0.830234
v -0.079969 -0.013433 -0.828862
v -0.078745 -0.000012 -0.834626
v -0.083364 -0.011191 -0.833908
v -0.072920 0.013319 -0.830557
v -0.076748 0.014188 -0.835658
v -0.086063 -0.008609 -0.837037
v -0.072920 0.013319 -0.830557
v -0.074957 -0.000169 -0.830234
v -0.099136 0.000126 -0.820280
v -0.099124 0.017444 -0.820686
v -0.100205 0.000276 -0.826503
v -0.100480 0.017297 -0.827206
v -0.097939 -0.008961 -0.832667
v -0.099886 0.075171 -0.824178
v -0.098901 0.071419 -0.816540
v -0.099303 0.066802 -0.820339
v -0.096424 0.071256 -0.817142
v -0.101181 0.068000 -0.826862
v -0.097301 0.074564 -0.823693
v -0.098562 0.068716 -0.834411
v -0.094728 0.077549 -0.831232
v -0.096791 0.078409 -0.832970
v -0.086316 0.077973 -0.836505
v -0.089577 0.068452 -0.840642
v -0.075800 0.076714 -0.836389
v -0.079030 0.067503 -0.841748
v -0.075523 0.077414 -0.838867
v -0.087208 0.078897 -0.838984
v -0.067591 0.074650 -0.831266
v -0.070157 0.065786 -0.836902
v -0.062889 0.071870 -0.825566
v -0.064867 0.063790 -0.830216
v -0.060985 0.071763 -0.826604
v -0.066327 0.074981 -0.833198
v -0.058536 0.087342 -0.817197
v -0.062810 0.093764 -0.826319
v -0.057742 0.106411 -0.819528
v -0.056680 0.102375 -0.809851
v -0.055077 0.103674 -0.808469
v -0.055283 0.112240 -0.815109
v -0.054302 0.100039 -0.814728
v -0.054872 0.094928 -0.808841
v -0.135299 0.075362 -0.832098
v -0.138112 0.066523 -0.836778
v -0.135845 0.077429 -0.833769
v -0.148531 0.141013 -0.742194
v -0.146026 0.132178 -0.737157
v -0.143816 0.122098 -0.736144
v -0.151787 0.151259 -0.743168
v -0.155344 0.147505 -0.730392
v -0.161810 0.100609 -0.723279
v -0.164756 0.089833 -0.724106
v -0.176992 0.070507 -0.710294
v -0.174789 0.082441 -0.717346
v -0.175317 0.070559 -0.715789
v -0.167623 0.079060 -0.723049
v -0.170980 0.068562 -0.721194
v -0.084638 0.207552 -0.762992
v -0.075286 0.232352 -0.752602
v -0.074610 0.226009 -0.747913
v -0.075833 0.233776 -0.753794
v -0.072867 0.238927 -0.749912
v -0.045890 0.228466 -0.759906
v -0.043289 0.233690 -0.756125
v -0.045762 0.227262 -0.758508
v -0.043307 0.232305 -0.754494
v -0.053307 0.236473 -0.724965
v -0.054633 0.265753 -0.724870
v -0.074501 0.235177 -0.713670
v -0.081900 0.264340 -0.711194
v -0.092775 0.260559 -0.699708
v -0.098050 0.253096 -0.685526
v -0.113652 0.224634 -0.702322
v -0.108707 0.232435 -0.717171
v -0.097784 0.236544 -0.731233
v -0.101535 0.231583 -0.736790
v -0.098885 0.238119 -0.732435
v -0.098154 0.241233 -0.668423
v -0.026040 0.216664 -0.754884
v -0.035959 0.202052 -0.765642
v -0.048375 0.220718 -0.754918
v -0.059603 0.205903 -0.768038
v -0.133754 -0.012211 -0.819482
v -0.146592 -0.012402 -0.819743
v -0.136194 -0.023089 -0.824135
v -0.144666 -0.020300 -0.822007
v -0.152842 -0.012878 -0.826616
v -0.152515 0.003439 -0.825778
v -0.149559 -0.022045 -0.828566
v -0.133731 -0.026040 -0.833253
v -0.139660 -0.026292 -0.831511
v -0.153416 -0.011821 -0.832034
v -0.152842 -0.012878 -0.826616
v -0.153426 0.003854 -0.831518
v -0.152515 0.003439 -0.825778
v -0.150919 -0.020389 -0.834144
v -0.149559 -0.022045 -0.828566
v -0.149915 -0.017493 -0.837832
v -0.150743 -0.008682 -0.837233
v -0.150172 0.003774 -0.837304
v -0.142579 -0.009407 -0.841960
v -0.142302 0.003184 -0.842860
v -0.142976 -0.019075 -0.841250
v -0.146789 -0.018734 -0.839755
v -0.137954 -0.019216 -0.842724
v -0.151368 0.012963 -0.823864
v -0.152382 0.014726 -0.829537
v -0.149235 0.015844 -0.835627
v -0.148427 0.055041 -0.831865
v -0.149046 0.026037 -0.834866
v -0.151387 0.052789 -0.824528
v -0.152129 0.024827 -0.828392
v -0.149911 0.050185 -0.817483
v -0.150912 0.023042 -0.822421
v -0.141721 0.015399 -0.841692
v -0.139973 0.056720 -0.839856
v -0.141390 0.025647 -0.841370
v -0.136346 -0.024025 -0.839601
v -0.142288 -0.024400 -0.837605
v -0.147135 -0.023390 -0.835811
v -0.144973 -0.025088 -0.829866
v -0.139660 -0.026292 -0.831511
v -0.133731 -0.026040 -0.833253
v -0.177374 0.049905 -0.804010
v -0.177729 0.034126 -0.803220
v -0.175788 0.067150 -0.804268
v -0.176857 -0.005715 -0.800448
v -0.178803 -0.001661 -0.803783
v -0.172276 -0.005022 -0.804160
v -0.174668 -0.001364 -0.806642
v -0.183242 -0.001928 -0.795377
v -0.183500 -0.000476 -0.799323
v -0.180421 -0.004715 -0.797644
v -0.181488 -0.001569 -0.801602
v -0.181327 -0.002835 -0.791120
v -0.178078 -0.005369 -0.793522
v -0.174211 -0.006444 -0.796249
v -0.169501 -0.006318 -0.799403
v -0.184194 0.006397 -0.788071
v -0.183796 0.025260 -0.785571
v -0.185849 0.007432 -0.792905
v -0.185775 0.025720 -0.791206
v -0.183944 0.009041 -0.797867
v -0.184267 0.025213 -0.797398
v -0.178233 0.009161 -0.803690
v -0.178324 0.024326 -0.802815
v -0.172945 0.058962 -0.719410
v -0.173680 0.046122 -0.710620
v -0.178856 0.048824 -0.707254
v -0.174118 0.050772 -0.714388
v -0.178820 0.053404 -0.711004
v -0.177346 0.046263 -0.702685
v -0.179424 0.051164 -0.700781
v -0.179813 0.053176 -0.704364
v -0.177457 0.059976 -0.701948
v -0.179035 0.056097 -0.708290
v -0.178594 0.061435 -0.708943
v -0.177771 0.061011 -0.713301
v -0.172945 0.058962 -0.719410
v -0.172079 0.058437 -0.694970
v 0.001789 0.167056 -0.762148
v -0.026141 0.059281 -0.816543
v -0.053018 0.085399 -0.808696
v -0.055461 0.073246 -0.812302
v -0.052897 0.064426 -0.811104
v -0.053036 0.071109 -0.812462
v -0.154482 0.097452 -0.726790
v -0.094273 0.098242 -0.806958
v -0.146090 0.070172 -0.810527
v -0.148430 0.060191 -0.814409
v -0.150912 0.023042 -0.822421
v -0.149911 0.050185 -0.817483
v -0.151368 0.012963 -0.823864
v -0.114513 0.049196 -0.829915
v -0.118730 0.020662 -0.833898
v -0.093547 0.094805 -0.808601
v -0.095002 0.083863 -0.811384
v -0.098901 0.071419 -0.816540
v -0.099303 0.066802 -0.820339
v -0.096424 0.071256 -0.817142
v -0.066649 0.054871 -0.831841
v -0.099455 0.027434 -0.820962
v -0.099136 0.000126 -0.820280
v -0.099124 0.017444 -0.820686
v -0.183796 0.025260 -0.785571
v -0.184194 0.006397 -0.788071
v -0.158163 0.022693 -0.802656
v -0.151984 0.063946 -0.802182
v -0.183289 0.034977 -0.784818
v -0.147955 0.076827 -0.800066
v -0.049175 0.035649 -0.812219
v -0.047346 0.021712 -0.810963
v -0.051264 0.052832 -0.812213
v -0.052063 0.058035 -0.811488
v -0.050519 0.045922 -0.812741
v -0.082778 0.225061 -0.655478
v -0.175232 0.059358 -0.698087
v 0.011008 0.209352 -0.696340
v -0.004579 0.201779 -0.682698
v 0.002899 0.189973 -0.714109
v -0.011748 0.184098 -0.700405
v 0.013944 0.219579 -0.710359
v 0.007685 0.200624 -0.728546
v 0.009111 0.232800 -0.725441
v 0.001736 0.213557 -0.743877
v -0.008819 0.247870 -0.737145
v -0.006304 0.253668 -0.731949
v 0.011922 0.219972 -0.709945
v 0.013822 0.225659 -0.705111
v -0.021796 0.200486 -0.672145
v -0.031964 0.179362 -0.688044
v -0.088065 0.219557 -0.660570
v -0.082778 0.225061 -0.655478
v -0.102649 0.248195 -0.690080
v -0.115620 0.225325 -0.702159
v -0.104590 0.234517 -0.670843
v -0.115357 0.212715 -0.684316
v -0.058468 0.205098 -0.656747
v -0.081429 0.209413 -0.651111
v -0.072985 0.184178 -0.672483
v -0.092819 0.188698 -0.664298
v -0.040338 0.201806 -0.661544
v -0.048110 0.179390 -0.679535
v -0.058966 0.261702 -0.731842
v -0.055093 0.267169 -0.726129
v -0.033405 0.258345 -0.738976
v -0.031044 0.263520 -0.734118
v -0.033352 0.257052 -0.737406
v -0.030817 0.262236 -0.732717
v -0.095441 0.255336 -0.704920
v -0.092775 0.260559 -0.699708
v -0.085059 0.259125 -0.717045
v -0.081900 0.264340 -0.711194
v -0.086097 0.260584 -0.718267
v -0.082695 0.265701 -0.712408
v -0.016382 0.226062 -0.755854
v -0.007809 0.248677 -0.738776
v 0.007685 0.200624 -0.728546
v 0.013944 0.219579 -0.710359
v -0.106939 0.200707 -0.669194
v -0.095539 0.218175 -0.656332
v -0.110468 0.233742 -0.717809
v -0.097170 0.256543 -0.705556
v -0.013158 0.185784 -0.701572
v 0.005757 0.201238 -0.728350
v -0.072563 0.185462 -0.674108
v -0.093266 0.194656 -0.673414
v -0.054633 0.265753 -0.724870
v -0.158918 0.070679 -0.774481
v -0.148138 0.071357 -0.786047
v -0.171029 0.073495 -0.772574
v -0.180207 0.077303 -0.779991
v -0.182734 0.079244 -0.787797
v -0.181002 0.080872 -0.795991
v -0.180207 0.077303 -0.779991
v -0.150353 0.075396 -0.799157
v -0.156100 0.076802 -0.804400
v -0.162840 0.079179 -0.806583
v -0.150353 0.075396 -0.799157
v -0.172797 0.080436 -0.803159
v -0.121432 0.061287 -0.802324
v -0.109379 0.064183 -0.813417
v -0.140458 0.064975 -0.801403
v -0.146090 0.070172 -0.810527
v -0.147008 0.073243 -0.818819
v -0.144168 0.074606 -0.826205
v -0.110623 0.067755 -0.823576
v -0.110623 0.067755 -0.823576
v -0.115359 0.070749 -0.829509
v -0.122462 0.073520 -0.833622
v -0.135299 0.075362 -0.832098
v -0.146090 0.070172 -0.810527
v -0.088124 0.067441 -0.808497
v -0.073313 0.066201 -0.806059
v -0.062802 0.069032 -0.814842
v -0.062889 0.071870 -0.825566
v -0.096424 0.071256 -0.817142
v -0.097301 0.074564 -0.823693
v -0.094728 0.077549 -0.831232
v -0.086316 0.077973 -0.836505
v -0.075800 0.076714 -0.836389
v -0.067591 0.074650 -0.831266
v -0.062889 0.071870 -0.825566
v -0.096424 0.071256 -0.817142
v -0.037127 0.068882 -0.798583
v -0.026172 0.071953 -0.805462
v -0.050109 0.069622 -0.802594
v -0.026932 0.074481 -0.814946
v -0.026932 0.074481 -0.814946
v -0.030693 0.075420 -0.820023
v -0.035925 0.075663 -0.824153
v -0.052780 0.072991 -0.818238
v -0.049837 0.074134 -0.822946
v -0.053036 0.071109 -0.812462
v -0.043524 0.075316 -0.825342
v -0.053036 0.071109 -0.812462
v -0.140626 0.098303 -0.695593
v -0.135921 0.093083 -0.704330
v -0.144433 0.093543 -0.719100
v -0.154410 0.096409 -0.723722
v -0.136848 0.091799 -0.710770
v -0.154410 0.096409 -0.723722
v -0.161810 0.100609 -0.723279
v -0.152388 0.106143 -0.690225
v -0.163681 0.109068 -0.695900
v -0.170147 0.108109 -0.706118
v -0.168715 0.105161 -0.717831
v -0.161807 0.028536 -0.806869
v -0.157173 0.027508 -0.802668
v -0.169114 0.029213 -0.808178
v -0.185553 0.030616 -0.790930
v -0.183499 0.030112 -0.785039
v -0.184615 0.030131 -0.798043
v -0.178234 0.029243 -0.803666
v -0.156273 0.085650 -0.689220
v -0.144774 0.081670 -0.692835
v -0.168257 0.088135 -0.696361
v -0.174873 0.089437 -0.706075
v -0.173476 0.087625 -0.718086
v -0.122524 0.016393 -0.839920
v -0.129691 0.018663 -0.842807
v -0.119418 0.015574 -0.834405
v -0.150819 0.017935 -0.823137
v -0.151975 0.019698 -0.828892
v -0.148923 0.020893 -0.835182
v -0.141442 0.020487 -0.841434
v -0.076066 0.019176 -0.836017
v -0.072173 0.018310 -0.830714
v -0.083374 0.019618 -0.841407
v -0.093026 0.020997 -0.840581
v -0.098704 0.021835 -0.833784
v -0.100669 0.022309 -0.827372
v -0.099242 0.022453 -0.820775
v -0.034223 0.038515 -0.825689
v -0.029411 0.039166 -0.822474
v -0.028149 0.039814 -0.817983
v -0.049883 0.039921 -0.818441
v -0.047051 0.039190 -0.823770
v -0.049679 0.040745 -0.812667
v -0.040015 0.038847 -0.826389
v -0.146560 0.077850 -0.719223
v -0.140501 0.077340 -0.708645
v -0.140482 0.078620 -0.701923
v -0.166043 0.084769 -0.723869
v -0.156697 0.082189 -0.723878
v -0.166043 0.084769 -0.723869
v -0.144774 0.081670 -0.692835
v -0.166527 0.027471 -0.782561
v -0.156761 0.026961 -0.793076
v -0.176944 0.028837 -0.780774
v -0.157173 0.027508 -0.802668
v -0.183499 0.030112 -0.785039
v -0.131472 0.014366 -0.817176
v -0.144098 0.016452 -0.817053
v -0.120567 0.015666 -0.825259
v -0.150819 0.017935 -0.823137
v -0.119418 0.015574 -0.834405
v -0.081150 0.020933 -0.815407
v -0.071604 0.018832 -0.822083
v -0.092497 0.022474 -0.813260
v -0.099242 0.022453 -0.820775
v -0.072173 0.018310 -0.830714
v -0.035154 0.043057 -0.804793
v -0.029642 0.041546 -0.810066
v -0.045919 0.042461 -0.805745
v -0.049679 0.040745 -0.812667
v -0.028149 0.039814 -0.817983
v -0.144973 -0.025088 -0.829866
v -0.169501 -0.006318 -0.799403
v -0.171896 0.043493 -0.706194
v -0.171896 0.043493 -0.706194
v -0.085704 0.222736 0.657861
v -0.086815 0.221594 0.656541
v -0.093558 0.223887 0.661482
v -0.094295 0.222690 0.659992
v -0.087691 0.219652 0.656694
v -0.094265 0.220617 0.659734
v -0.087817 0.218052 0.658233
v -0.093486 0.218882 0.660855
v -0.087120 0.217726 0.660257
v -0.092414 0.218504 0.662707
v -0.087120 0.217726 0.660257
v -0.086008 0.218870 0.661583
v -0.092414 0.218504 0.662707
v -0.091678 0.219701 0.664206
v -0.085133 0.220810 0.661430
v -0.091707 0.221771 0.664467
v -0.085007 0.222410 0.659885
v -0.092486 0.223506 0.663334
v -0.100472 0.220613 0.666119
v -0.100878 0.219573 0.664406
v -0.100052 0.217877 0.663601
v -0.098476 0.216519 0.664184
v -0.097075 0.216296 0.665815
v -0.097075 0.216296 0.665815
v -0.096667 0.217337 0.667541
v -0.097494 0.219032 0.668343
v -0.099070 0.220389 0.667753
v -0.104817 0.205249 0.673272
v -0.105016 0.204941 0.671190
v -0.101085 0.197280 0.673717
v -0.101462 0.197350 0.671610
v -0.103689 0.205019 0.669543
v -0.100564 0.198345 0.669921
v -0.101613 0.205433 0.669298
v -0.098918 0.199678 0.669633
v -0.100003 0.205943 0.670597
v -0.097487 0.200568 0.670917
v -0.100003 0.205943 0.670597
v -0.099804 0.206250 0.672676
v -0.097487 0.200568 0.670917
v -0.097109 0.200495 0.673023
v -0.101131 0.206173 0.674322
v -0.098007 0.199499 0.674718
v -0.103208 0.205758 0.674571
v -0.099653 0.198170 0.675004
v -0.094395 0.192009 0.671779
v -0.095092 0.192334 0.669765
v -0.094965 0.193938 0.668309
v -0.094090 0.195875 0.668257
v -0.092978 0.197018 0.669639
v -0.092978 0.197018 0.669639
v -0.092281 0.196693 0.671654
v -0.092407 0.195092 0.673119
v -0.093283 0.193155 0.673171
v -0.086541 0.190860 0.668073
v -0.087612 0.191238 0.666236
v -0.088391 0.192973 0.665210
v -0.088422 0.195046 0.665588
v -0.087684 0.196244 0.667148
v -0.087684 0.196244 0.667148
v -0.086612 0.195864 0.668985
v -0.085833 0.194128 0.670023
v -0.085804 0.192058 0.669642
v -0.075281 0.209496 0.656844
v -0.076891 0.208987 0.655552
v -0.079014 0.217469 0.656197
v -0.080445 0.216578 0.654946
v -0.078967 0.208572 0.655800
v -0.082092 0.215245 0.655281
v -0.080294 0.208498 0.657443
v -0.082989 0.214250 0.657005
v -0.080095 0.208805 0.659523
v -0.082611 0.214177 0.659108
v -0.080095 0.208805 0.659523
v -0.078486 0.209315 0.660819
v -0.082611 0.214177 0.659108
v -0.081180 0.215070 0.660364
v -0.076409 0.209730 0.660567
v -0.079534 0.216403 0.660029
v -0.075082 0.209803 0.658923
v -0.078637 0.217395 0.658303
v -0.052818 0.098408 0.770329
v -0.052722 0.095717 0.780577
v -0.092137 0.090331 0.778577
v -0.045891 0.120723 0.749583
v -0.079762 0.117682 0.747218
v -0.095549 0.095097 0.765970
v -0.099156 0.117501 0.737219
v -0.122030 0.099058 0.756112
v -0.016603 0.145856 0.735711
v -0.016759 0.129190 0.752353
v -0.041297 0.138307 0.732545
v 0.000512 0.155404 0.749983
v -0.000411 0.136013 0.762168
v -0.033952 0.155635 0.717097
v -0.015621 0.162103 0.722063
v -0.003458 0.173957 0.735757
v -0.015228 0.182860 0.704886
v -0.000402 0.188072 0.718347
v -0.015276 0.186475 0.709778
v -0.004111 0.189604 0.719510
v 0.011041 0.215061 0.691840
v 0.009239 0.210402 0.696628
v -0.004111 0.207647 0.679211
v -0.005734 0.203160 0.683655
v 0.011041 0.215061 0.691840
v -0.004111 0.207647 0.679211
v -0.023790 0.211891 0.701022
v 0.013823 0.225659 0.705110
v -0.019150 0.223402 0.716630
v 0.013823 0.225659 0.705110
v 0.009517 0.238644 0.719637
v 0.011923 0.219972 0.709944
v 0.007299 0.232742 0.724335
v -0.018891 0.220739 0.758551
v -0.001823 0.208320 0.747940
v -0.017286 0.225333 0.754328
v 0.000102 0.213534 0.742827
v -0.030817 0.262236 0.732716
v -0.006304 0.253668 0.731948
v -0.030464 0.230794 0.729906
v 0.009517 0.238644 0.719637
v -0.000219 0.198898 0.733063
v -0.006401 0.208378 0.745124
v -0.000488 0.185759 0.749915
v -0.010027 0.195357 0.759536
v 0.004201 0.196594 0.733881
v 0.004201 0.196594 0.733881
v 0.005757 0.201238 0.728349
v 0.001232 0.191269 0.714704
v -0.000219 0.198898 0.733063
v -0.000488 0.185759 0.749915
v -0.020047 0.207165 0.669264
v -0.022614 0.201855 0.673398
v -0.034003 0.178524 0.691033
v -0.036268 0.179261 0.695056
v -0.046399 0.167115 0.704398
v -0.048572 0.151603 0.714895
v -0.059530 0.136133 0.731420
v -0.057930 0.143630 0.707816
v -0.072270 0.130624 0.723641
v -0.054183 0.161851 0.700725
v -0.048732 0.179270 0.682184
v -0.048429 0.180741 0.681023
v -0.032840 0.180744 0.689328
v -0.051447 0.182624 0.688735
v -0.020047 0.207165 0.669264
v -0.035029 0.202150 0.693747
v -0.038924 0.208575 0.658469
v -0.050286 0.204764 0.689644
v -0.001175 0.150782 0.774895
v -0.009183 0.127209 0.788838
v -0.010113 0.112771 0.777966
v -0.009183 0.127209 0.788838
v -0.001175 0.150782 0.774895
v -0.018321 0.137697 0.795862
v -0.011027 0.160773 0.782687
v -0.048977 0.144180 0.802962
v -0.041037 0.177034 0.783181
v -0.041196 0.128428 0.813555
v -0.026759 0.126862 0.807774
v -0.051065 0.135952 0.808496
v -0.042064 0.105106 0.820158
v -0.031662 0.105333 0.815772
v -0.051455 0.104095 0.818164
v -0.053154 0.127727 0.814027
v -0.050077 0.090158 0.822583
v -0.043579 0.090720 0.824356
v -0.032519 0.091037 0.821180
v -0.018327 0.130808 0.798672
v -0.011419 0.122335 0.792779
v -0.019713 0.100499 0.802925
v -0.024226 0.104482 0.810062
v -0.022760 0.089603 0.809393
v -0.026635 0.091586 0.816960
v -0.018333 0.123919 0.801482
v -0.013656 0.117458 0.796716
v -0.104061 0.149078 0.801233
v -0.099260 0.139591 0.807790
v -0.075943 0.148925 0.804713
v -0.075499 0.134951 0.813941
v -0.123324 0.113401 0.818321
v -0.105628 0.111223 0.818410
v -0.117109 0.129460 0.812096
v -0.094458 0.130102 0.814347
v -0.135073 0.111500 0.807391
v -0.138576 0.125025 0.801657
v -0.141140 0.092317 0.817412
v -0.129687 0.093672 0.825943
v -0.112923 0.092707 0.826592
v -0.109487 0.138347 0.804756
v -0.078073 0.115468 0.821198
v -0.088566 0.111404 0.819421
v -0.081551 0.097824 0.828765
v -0.091856 0.096147 0.825566
v -0.063499 0.112019 0.822058
v -0.068812 0.096611 0.828907
v -0.092467 0.106426 0.816966
v -0.093546 0.094805 0.808601
v -0.096215 0.091310 0.820068
v -0.095002 0.083863 0.811383
v -0.095768 0.111665 0.814399
v -0.094273 0.098242 0.806958
v -0.099686 0.104092 0.813960
v -0.096353 0.094590 0.807259
v -0.105841 0.089922 0.819611
v -0.101251 0.084492 0.812089
v -0.096650 0.178103 0.780439
v -0.068694 0.179320 0.784210
v -0.008586 0.176998 0.771001
v 0.001790 0.167056 0.762147
v -0.052626 0.093030 0.790825
v -0.032706 0.093021 0.782275
v -0.027444 0.099077 0.775964
v -0.013869 0.101221 0.786956
v -0.022183 0.105137 0.769656
v -0.035976 0.080616 0.789741
v -0.034678 0.086949 0.787324
v -0.021776 0.085110 0.796992
v -0.019107 0.091774 0.792600
v -0.051937 0.086707 0.796009
v -0.051646 0.080423 0.797505
v -0.026440 0.065887 0.807127
v -0.036059 0.065408 0.801286
v -0.026171 0.071953 0.805462
v -0.037127 0.068882 0.798583
v -0.050109 0.069622 0.802594
v -0.048347 0.064804 0.803398
v -0.052156 0.071259 0.800613
v -0.036742 0.070021 0.795564
v -0.024001 0.073510 0.804227
v -0.027047 0.058842 0.808204
v -0.035795 0.058894 0.802695
v -0.028881 0.046140 0.809725
v -0.035311 0.047280 0.804492
v -0.027647 0.053034 0.809200
v -0.035555 0.053615 0.804022
v -0.046228 0.046736 0.805591
v -0.046698 0.053145 0.805345
v -0.047508 0.058357 0.804412
v -0.026769 0.051821 0.817556
v -0.027737 0.044974 0.818060
v -0.022760 0.089603 0.809393
v -0.024866 0.076499 0.815664
v -0.026931 0.074480 0.814945
v -0.025944 0.065654 0.816082
v -0.054871 0.094928 0.808841
v -0.054639 0.090718 0.797336
v -0.055077 0.103674 0.808469
v -0.019713 0.100499 0.802925
v -0.011419 0.122335 0.792779
v -0.118926 0.116322 0.732818
v -0.092541 0.120188 0.722929
v -0.077552 0.127217 0.711600
v -0.085684 0.127334 0.695301
v -0.088708 0.115802 0.709935
v -0.097794 0.118324 0.695958
v -0.102475 0.110695 0.710233
v -0.078165 0.142847 0.688714
v -0.105793 0.142499 0.678564
v -0.096983 0.161857 0.676303
v -0.112428 0.131941 0.682986
v -0.075595 0.186048 0.680197
v -0.072988 0.184064 0.675311
v -0.069861 0.157097 0.687033
v -0.091659 0.176343 0.675240
v -0.099181 0.193576 0.677811
v -0.099175 0.193793 0.676537
v -0.115040 0.175404 0.673392
v -0.140289 0.180336 0.701050
v -0.111592 0.207156 0.691972
v -0.130107 0.186656 0.685987
v -0.107848 0.200102 0.683932
v -0.114170 0.208400 0.687845
v -0.106046 0.196649 0.676644
v -0.103140 0.199493 0.672286
v -0.112512 0.213470 0.684874
v -0.098050 0.253096 0.685526
v -0.098153 0.241233 0.668422
v -0.100627 0.247400 0.690065
v -0.100215 0.235149 0.672468
v -0.152237 0.162115 0.743171
v -0.136579 0.191085 0.721627
v -0.156845 0.159588 0.707736
v -0.124524 0.198434 0.734590
v -0.110242 0.216350 0.707988
v -0.105652 0.220930 0.722195
v -0.109414 0.205568 0.749599
v -0.097028 0.224797 0.735603
v -0.100611 0.230266 0.735741
v -0.111083 0.226071 0.721068
v -0.115739 0.219050 0.705623
v -0.138686 0.169544 0.762387
v -0.122625 0.174470 0.770829
v -0.149538 0.154373 0.691266
v -0.142942 0.167864 0.689589
v -0.132343 0.145500 0.681115
v -0.127356 0.156550 0.675796
v -0.154575 0.145580 0.691490
v -0.136868 0.136846 0.683382
v -0.157658 0.134346 0.693142
v -0.139866 0.126450 0.683892
v -0.163077 0.134758 0.708329
v -0.161106 0.146394 0.710573
v -0.118507 0.121957 0.686198
v -0.124968 0.112916 0.688321
v -0.055587 0.211415 0.653863
v -0.058305 0.206357 0.658297
v -0.075943 0.221630 0.655106
v -0.081290 0.216329 0.658709
v -0.040843 0.203148 0.662959
v -0.038924 0.208575 0.658469
v -0.055587 0.211415 0.653863
v -0.071518 0.220583 0.694899
v -0.075943 0.221630 0.655106
v -0.106888 0.112519 0.697444
v -0.116449 0.106049 0.699570
v -0.140625 0.098303 0.695593
v -0.135921 0.093083 0.704330
v -0.143168 0.086427 0.693778
v -0.139052 0.083439 0.702908
v -0.138148 0.099354 0.694140
v -0.131925 0.092839 0.704278
v -0.150646 0.066219 0.691640
v -0.146159 0.076802 0.692586
v -0.146837 0.063946 0.698774
v -0.142588 0.073771 0.701068
v -0.156716 0.050120 0.696646
v -0.153020 0.056877 0.694684
v -0.154022 0.051082 0.699413
v -0.150890 0.055861 0.698971
v -0.160524 0.049595 0.693289
v -0.156425 0.057703 0.691508
v -0.162958 0.044273 0.705076
v -0.159550 0.047734 0.711833
v -0.165597 0.044682 0.709167
v -0.160196 0.045504 0.700857
v -0.165393 0.044466 0.697417
v -0.168928 0.042884 0.701532
v -0.162877 0.046570 0.694960
v -0.158211 0.047396 0.698704
v -0.155067 0.048373 0.703387
v -0.164251 0.051813 0.717478
v -0.167236 0.046930 0.713221
v -0.168426 0.051002 0.716802
v -0.174118 0.050771 0.714388
v -0.173680 0.046122 0.710620
v -0.159918 0.066274 0.722124
v -0.162259 0.057577 0.720779
v -0.149109 0.062233 0.717051
v -0.152978 0.053412 0.715491
v -0.149198 0.053713 0.705666
v -0.145285 0.061904 0.706627
v -0.161404 0.059364 0.690052
v -0.158745 0.067911 0.689899
v -0.156425 0.057703 0.691508
v -0.150646 0.066219 0.691640
v -0.164824 0.051057 0.691293
v -0.160524 0.049595 0.693289
v -0.167490 0.052967 0.690811
v -0.165006 0.060181 0.691806
v -0.164699 0.067119 0.691523
v -0.170050 0.046736 0.694693
v -0.174118 0.045489 0.698335
v -0.173557 0.050694 0.693851
v -0.177112 0.050274 0.696966
v -0.167230 0.048410 0.692669
v -0.170729 0.051684 0.692089
v -0.162877 0.046570 0.694960
v -0.165393 0.044466 0.697417
v -0.168928 0.042884 0.701532
v -0.139354 0.082260 0.709523
v -0.136848 0.091799 0.710770
v -0.145957 0.083239 0.719557
v -0.144433 0.093543 0.719099
v -0.142104 0.072370 0.708206
v -0.147396 0.072779 0.718666
v -0.118739 0.104461 0.711845
v -0.132919 0.107799 0.723832
v -0.133488 0.091584 0.712251
v -0.143041 0.094258 0.721654
v -0.156033 0.087096 0.724201
v -0.154410 0.096409 0.723721
v -0.112271 0.107759 0.711799
v -0.128196 0.114107 0.726316
v -0.129684 0.117095 0.736639
v -0.143089 0.127663 0.743370
v -0.139112 0.120179 0.735603
v -0.147354 0.113367 0.730253
v -0.157741 0.076996 0.723423
v -0.167623 0.079060 0.723048
v -0.170980 0.068562 0.721194
v -0.161809 0.100609 0.723279
v -0.164756 0.089833 0.724105
v -0.154481 0.097452 0.726789
v -0.147354 0.113367 0.730253
v -0.162987 0.102234 0.725804
v -0.155879 0.121048 0.729384
v -0.151888 0.108168 0.688029
v -0.143168 0.086427 0.693778
v -0.155047 0.090610 0.689576
v -0.140625 0.098303 0.695593
v -0.152388 0.106143 0.690225
v -0.164494 0.111472 0.694116
v -0.163681 0.109068 0.695899
v -0.167083 0.093079 0.696575
v -0.170147 0.108109 0.706118
v -0.173757 0.094495 0.706839
v -0.171858 0.110527 0.706053
v -0.175224 0.084259 0.705457
v -0.168763 0.083092 0.696388
v -0.176165 0.067196 0.702241
v -0.170745 0.066846 0.695845
v -0.157343 0.080705 0.689450
v -0.170343 0.107308 0.719096
v -0.163769 0.130780 0.721399
v -0.168714 0.105161 0.717831
v -0.172264 0.092784 0.718639
v -0.146159 0.076802 0.692586
v -0.154833 0.116555 0.756140
v -0.145120 0.107350 0.750649
v -0.129157 0.087852 0.775626
v -0.143480 0.089219 0.764070
v -0.125593 0.093454 0.765869
v -0.157428 0.095939 0.759580
v -0.151274 0.101644 0.755114
v -0.104037 0.084891 0.782935
v -0.099793 0.089996 0.774453
v -0.088725 0.085564 0.791184
v -0.094325 0.083826 0.798564
v -0.108698 0.081252 0.788196
v -0.100331 0.077300 0.803481
v -0.112416 0.072804 0.791599
v -0.131842 0.086516 0.783657
v -0.135160 0.077220 0.788491
v -0.131817 0.089784 0.780525
v -0.096353 0.094590 0.807259
v -0.101251 0.084492 0.812089
v -0.141568 0.065641 0.798675
v -0.120097 0.061431 0.799599
v -0.106645 0.064579 0.812372
v -0.124500 0.054880 0.806976
v -0.121431 0.061287 0.802323
v -0.112711 0.056512 0.817655
v -0.109378 0.064183 0.813416
v -0.140458 0.064975 0.801402
v -0.142156 0.056422 0.806866
v -0.148039 0.071499 0.809150
v -0.141711 0.084400 0.799108
v -0.144122 0.021255 0.816103
v -0.142858 0.046361 0.809958
v -0.130908 0.019403 0.816205
v -0.126701 0.045652 0.809841
v -0.132048 0.009047 0.818133
v -0.132499 0.003059 0.819761
v -0.144825 0.010325 0.817912
v -0.145684 0.003157 0.819448
v -0.115088 0.046681 0.819859
v -0.119868 0.020653 0.824592
v -0.122124 0.004327 0.827703
v -0.121403 0.010334 0.826124
v -0.137630 0.106116 0.801396
v -0.138789 0.111755 0.799845
v -0.137070 0.098856 0.794458
v -0.137676 0.101964 0.794673
v -0.141711 0.084400 0.799108
v -0.143810 0.088979 0.809120
v -0.146090 0.070172 0.810526
v -0.148429 0.060191 0.814408
v -0.147008 0.073243 0.818818
v -0.149732 0.062964 0.821997
v -0.144168 0.074606 0.826204
v -0.146757 0.065193 0.829356
v -0.145668 0.076593 0.827141
v -0.149027 0.074960 0.818637
v -0.148039 0.071499 0.809150
v -0.137070 0.098856 0.794458
v -0.137676 0.101964 0.794673
v -0.108177 0.068759 0.824018
v -0.110623 0.067755 0.823575
v -0.112544 0.059180 0.826920
v -0.120107 0.010497 0.834856
v -0.121084 0.003949 0.835838
v -0.126130 -0.012325 0.840113
v -0.131669 -0.011573 0.842420
v -0.131019 -0.021765 0.840289
v -0.133543 -0.018765 0.842905
v -0.123355 -0.012423 0.835166
v -0.128524 -0.023181 0.834828
v -0.121084 0.003949 0.835838
v -0.124688 0.003479 0.841256
v -0.131445 0.002168 0.844389
v -0.129370 0.023828 0.842856
v -0.121316 0.023444 0.839810
v -0.126473 0.054487 0.841963
v -0.118631 0.051042 0.836394
v -0.130308 0.013602 0.843108
v -0.123309 0.011326 0.840276
v -0.120107 0.010497 0.834856
v -0.118730 0.020662 0.833898
v -0.114513 0.049196 0.829915
v -0.124170 -0.011323 0.827368
v -0.123355 -0.012423 0.835166
v -0.127578 -0.020696 0.827568
v -0.128524 -0.023181 0.834828
v -0.117098 0.061072 0.833440
v -0.112544 0.059180 0.826920
v -0.115359 0.070749 0.829508
v -0.110623 0.067755 0.823575
v -0.108177 0.068759 0.824018
v -0.113533 0.072144 0.830740
v -0.121568 0.075263 0.835402
v -0.124795 0.064318 0.838823
v -0.122462 0.073520 0.833621
v -0.089693 0.082880 0.797913
v -0.069079 0.083135 0.793875
v -0.067604 0.087342 0.789545
v -0.091500 0.085626 0.796574
v -0.070479 0.074781 0.798313
v -0.089043 0.074990 0.800588
v -0.072808 0.065009 0.804040
v -0.089606 0.066766 0.806755
v -0.073313 0.066201 0.806058
v -0.074553 0.060949 0.811067
v -0.088124 0.067441 0.808496
v -0.089474 0.063430 0.811792
v -0.077543 0.052752 0.813871
v -0.067007 0.052851 0.820993
v -0.079690 0.037983 0.814273
v -0.069401 0.037332 0.821275
v -0.070934 0.024271 0.821815
v -0.080666 0.025880 0.815044
v -0.092240 0.027805 0.813137
v -0.092217 0.041721 0.814353
v -0.090533 0.055166 0.812599
v -0.069387 0.038739 0.831312
v -0.071557 0.023300 0.831011
v -0.065285 0.061437 0.819122
v -0.062802 0.069032 0.814841
v -0.064866 0.063790 0.830216
v -0.062888 0.071870 0.825566
v -0.058394 0.082063 0.805920
v -0.058536 0.087342 0.817197
v -0.060872 0.068265 0.814279
v -0.060985 0.071762 0.826604
v -0.100070 0.042857 0.820744
v -0.100000 0.057835 0.821097
v -0.081700 0.015555 0.815769
v -0.082027 0.001410 0.814801
v -0.092794 0.016455 0.813355
v -0.094264 0.000482 0.813521
v -0.093052 -0.010452 0.815584
v -0.085347 -0.013406 0.818523
v -0.074076 0.000761 0.822703
v -0.072282 0.013774 0.822218
v -0.078001 -0.011861 0.822592
v -0.057365 0.091759 0.797901
v -0.137326 0.088377 0.780282
v -0.148146 0.086237 0.766815
v -0.142391 0.079305 0.782561
v -0.154396 0.076572 0.769963
v -0.161763 0.091568 0.762488
v -0.167964 0.081065 0.767346
v -0.145428 0.072386 0.785079
v -0.157553 0.071701 0.771916
v -0.149887 0.068197 0.789363
v -0.160835 0.068514 0.776753
v -0.148138 0.071357 0.786046
v -0.158918 0.070678 0.774481
v -0.172444 0.069954 0.774407
v -0.171029 0.073495 0.772573
v -0.171364 0.074858 0.769874
v -0.165244 0.032839 0.781846
v -0.164588 0.042169 0.780817
v -0.155307 0.032406 0.792600
v -0.154352 0.041991 0.792020
v -0.175817 0.034405 0.779919
v -0.175457 0.044356 0.778531
v -0.173291 0.062119 0.775476
v -0.161396 0.060489 0.777416
v -0.150522 0.060203 0.789729
v -0.170855 -0.003603 0.790376
v -0.176336 -0.001469 0.787026
v -0.167335 0.006430 0.785140
v -0.177094 0.006882 0.783651
v -0.166326 0.022296 0.782711
v -0.176535 0.023438 0.781025
v -0.157000 0.021580 0.792873
v -0.159101 0.005086 0.794501
v -0.164070 -0.002743 0.795438
v -0.174211 -0.006444 0.796249
v -0.178078 -0.005369 0.793522
v -0.181327 -0.002835 0.791120
v -0.162099 0.005128 0.802547
v -0.165200 -0.004030 0.802545
v -0.162729 0.023697 0.806832
v -0.164565 0.007048 0.807873
v -0.158163 0.022693 0.802655
v -0.162099 0.005128 0.802547
v -0.169077 0.024301 0.807455
v -0.169366 0.009210 0.807943
v -0.170497 0.000580 0.808281
v -0.168245 -0.002039 0.806782
v -0.165200 -0.004030 0.802545
v -0.160173 0.047070 0.807286
v -0.161216 0.033404 0.807093
v -0.155509 0.044890 0.802849
v -0.156535 0.032369 0.802849
v -0.157150 0.065270 0.807391
v -0.151984 0.063946 0.802182
v -0.164563 0.066173 0.809236
v -0.167182 0.048882 0.808619
v -0.168100 0.034089 0.807999
v -0.155509 0.044890 0.802849
v -0.156535 0.032369 0.802849
v -0.183371 0.047329 0.783774
v -0.182077 0.064616 0.781937
v -0.184724 0.081446 0.787426
v -0.177801 0.095315 0.782349
v -0.181835 0.079201 0.778362
v -0.174843 0.089105 0.773077
v -0.184418 0.073307 0.788798
v -0.182734 0.079244 0.787797
v -0.181559 0.072015 0.781375
v -0.180207 0.077303 0.779990
v -0.183018 0.074545 0.797118
v -0.181002 0.080872 0.795991
v -0.174900 0.098402 0.791200
v -0.182636 0.083206 0.796961
v -0.185775 0.048818 0.790466
v -0.184088 0.049727 0.797809
v -0.184807 0.065887 0.789169
v -0.183298 0.067107 0.797293
v -0.183371 0.047329 0.783774
v -0.182077 0.064616 0.781937
v -0.183288 0.034977 0.784818
v -0.185441 0.035499 0.790927
v -0.183942 0.035010 0.797704
v -0.181835 0.079201 0.778362
v -0.174843 0.089105 0.773077
v -0.181559 0.072015 0.781375
v -0.180207 0.077303 0.779990
v -0.150353 0.075396 0.799157
v -0.151096 0.071332 0.801789
v -0.149391 0.091252 0.802698
v -0.154842 0.094022 0.803273
v -0.154693 0.078562 0.806162
v -0.162478 0.081237 0.808736
v -0.163853 0.073547 0.809310
v -0.156376 0.072644 0.807209
v -0.162840 0.079179 0.806583
v -0.156099 0.076802 0.804399
v -0.151096 0.071332 0.801789
v -0.150353 0.075396 0.799157
v -0.143100 0.086430 0.795957
v -0.147955 0.076827 0.800066
v -0.165323 0.097938 0.800186
v -0.173463 0.082708 0.805035
v -0.175317 0.074564 0.804286
v -0.172796 0.080436 0.803159
v -0.158890 0.114082 0.797649
v -0.169389 0.112222 0.786044
v -0.145962 0.111595 0.800708
v -0.153955 0.127221 0.794765
v -0.164462 0.122138 0.781339
v -0.142602 0.107784 0.799596
v -0.138677 0.099400 0.792990
v -0.138677 0.099400 0.792990
v -0.143100 0.086430 0.795957
v -0.163472 0.107151 0.763667
v -0.159153 0.111853 0.759905
v -0.172131 0.108223 0.776689
v -0.168903 0.100671 0.768176
v -0.166891 0.116687 0.771514
v -0.163472 0.107151 0.763667
v -0.168903 0.100671 0.768176
v -0.154833 0.116555 0.756140
v -0.159153 0.111853 0.759905
v -0.159374 0.127184 0.763160
v -0.163132 0.121936 0.767337
v -0.151195 0.142758 0.752313
v -0.143089 0.127663 0.743370
v -0.155721 0.133965 0.772718
v -0.151130 0.149615 0.761306
v -0.146954 0.142620 0.784944
v -0.130414 0.145580 0.793015
v -0.150455 0.134920 0.789854
v -0.056680 0.102375 0.809851
v -0.030693 0.075420 0.820022
v -0.029475 0.065820 0.821496
v -0.026931 0.074480 0.814945
v -0.025944 0.065654 0.816082
v -0.024866 0.076499 0.815664
v -0.029211 0.077613 0.821598
v -0.035161 0.077997 0.826285
v -0.035925 0.075663 0.824153
v -0.035163 0.065842 0.825071
v -0.029513 0.051631 0.822805
v -0.029323 0.059435 0.821880
v -0.034623 0.051969 0.826020
v -0.034798 0.059456 0.825314
v -0.029718 0.044310 0.822918
v -0.034640 0.043656 0.826072
v -0.027737 0.044974 0.818060
v -0.026769 0.051821 0.817556
v -0.026141 0.059281 0.816542
v -0.027908 0.022361 0.815618
v -0.029451 0.021123 0.819774
v -0.031868 0.015801 0.813499
v -0.033187 0.014572 0.817716
v -0.028428 0.034719 0.817283
v -0.029752 0.034086 0.821711
v -0.034244 0.033472 0.824700
v -0.033183 0.021202 0.822116
v -0.034965 0.015426 0.820566
v -0.044514 0.015042 0.810517
v -0.041849 0.019332 0.805904
v -0.037458 0.013451 0.811816
v -0.036165 0.019169 0.806973
v -0.031652 0.019818 0.808634
v -0.031868 0.015801 0.813499
v -0.045875 0.020146 0.820231
v -0.048171 0.020085 0.815962
v -0.045371 0.013887 0.818757
v -0.045747 0.013203 0.815112
v -0.046887 0.034154 0.822894
v -0.049551 0.034854 0.817842
v -0.049175 0.035649 0.812219
v -0.047346 0.021712 0.810962
v -0.044514 0.015042 0.810517
v -0.038657 0.012094 0.816377
v -0.039299 0.013933 0.820710
v -0.037458 0.013451 0.811816
v -0.039086 0.021071 0.823545
v -0.039996 0.033782 0.825609
v -0.052199 0.058840 0.817888
v -0.051390 0.052786 0.818640
v -0.049216 0.059410 0.823398
v -0.048506 0.052651 0.824217
v -0.052062 0.058034 0.811488
v -0.051263 0.052832 0.812212
v -0.050694 0.045022 0.818806
v -0.050518 0.045922 0.812741
v -0.047858 0.044295 0.824233
v -0.049837 0.074134 0.822946
v -0.052780 0.072991 0.818238
v -0.049884 0.065802 0.823041
v -0.052961 0.065239 0.817534
v -0.054372 0.088509 0.816435
v -0.051446 0.076489 0.824786
v -0.055112 0.075263 0.819067
v -0.053018 0.085398 0.808696
v -0.055461 0.073246 0.812302
v -0.053036 0.071108 0.812461
v -0.052897 0.064426 0.811104
v -0.043918 0.077727 0.827654
v -0.042129 0.066121 0.825977
v -0.043524 0.075315 0.825341
v -0.040847 0.052279 0.826729
v -0.040561 0.043975 0.826760
v -0.041477 0.059736 0.826152
v -0.035231 0.037670 0.804845
v -0.035316 0.026897 0.804912
v -0.045081 0.036537 0.805619
v -0.043723 0.024673 0.805259
v -0.029626 0.036252 0.809793
v -0.029357 0.025672 0.809255
v -0.028428 0.034719 0.817283
v -0.027908 0.022361 0.815618
v -0.073964 0.040514 0.837546
v -0.075638 0.024175 0.836566
v -0.069387 0.038739 0.831312
v -0.071557 0.023300 0.831011
v -0.071665 0.056837 0.838421
v -0.066649 0.054871 0.831840
v -0.080128 0.058510 0.843160
v -0.082101 0.042231 0.842447
v -0.083297 0.024599 0.842165
v -0.091885 0.043103 0.841477
v -0.090441 0.059466 0.842153
v -0.099237 0.059742 0.836020
v -0.099647 0.044218 0.835175
v -0.093129 0.025963 0.841305
v -0.098937 0.026807 0.834328
v -0.101835 0.043917 0.827872
v -0.101719 0.059032 0.828560
v -0.100070 0.042857 0.820744
v -0.100000 0.057835 0.821097
v -0.099454 0.027434 0.820962
v -0.100953 0.027290 0.827709
v -0.098706 0.001201 0.831652
v -0.091478 0.001655 0.836266
v -0.098560 0.016833 0.833320
v -0.092999 0.016006 0.839896
v -0.092803 -0.009815 0.835848
v -0.095741 -0.009907 0.834454
v -0.089356 -0.009819 0.836911
v -0.083631 0.001209 0.837414
v -0.083583 0.014668 0.840442
v -0.090936 -0.015205 0.830138
v -0.088642 -0.016327 0.825130
v -0.086827 -0.014364 0.832282
v -0.084067 -0.015992 0.827239
v -0.095495 -0.014198 0.828305
v -0.098744 -0.011898 0.826502
v -0.096991 -0.012214 0.821054
v -0.093146 -0.015132 0.822761
v -0.079969 -0.013433 0.828861
v -0.084067 -0.015992 0.827239
v -0.088642 -0.016327 0.825130
v -0.096991 -0.012214 0.821054
v -0.093146 -0.015132 0.822761
v -0.074957 -0.000169 0.830234
v -0.078745 -0.000012 0.834625
v -0.079969 -0.013433 0.828861
v -0.083364 -0.011191 0.833907
v -0.072919 0.013319 0.830556
v -0.076748 0.014188 0.835657
v -0.086063 -0.008609 0.837036
v -0.072919 0.013319 0.830556
v -0.074957 -0.000169 0.830234
v -0.099136 0.000126 0.820280
v -0.100205 0.000276 0.826499
v -0.099123 0.017444 0.820686
v -0.100480 0.017296 0.827206
v -0.097939 -0.008962 0.832666
v -0.099886 0.075171 0.824177
v -0.098901 0.071419 0.816540
v -0.099303 0.066802 0.820339
v -0.101181 0.068000 0.826861
v -0.096424 0.071256 0.817141
v -0.097301 0.074564 0.823692
v -0.098562 0.068716 0.834410
v -0.094727 0.077549 0.831232
v -0.096791 0.078409 0.832970
v -0.086316 0.077973 0.836505
v -0.089577 0.068452 0.840641
v -0.075800 0.076714 0.836389
v -0.079029 0.067503 0.841747
v -0.075523 0.077413 0.838867
v -0.087207 0.078897 0.838984
v -0.067591 0.074649 0.831266
v -0.070157 0.065786 0.836901
v -0.062888 0.071870 0.825566
v -0.064866 0.063790 0.830216
v -0.060985 0.071762 0.826604
v -0.058536 0.087342 0.817197
v -0.066327 0.074981 0.833197
v -0.062810 0.093764 0.826318
v -0.057742 0.106411 0.819528
v -0.056680 0.102375 0.809851
v -0.055077 0.103674 0.808469
v -0.055282 0.112240 0.815108
v -0.054301 0.100039 0.814728
v -0.054871 0.094928 0.808841
v -0.135299 0.075362 0.832098
v -0.138112 0.066523 0.836778
v -0.135845 0.077428 0.833769
v -0.148530 0.141013 0.742194
v -0.146026 0.132178 0.737157
v -0.139112 0.120179 0.735603
v -0.151787 0.151259 0.743167
v -0.155344 0.147505 0.730392
v -0.161809 0.100609 0.723279
v -0.164756 0.089833 0.724105
v -0.176991 0.070507 0.710294
v -0.175317 0.070559 0.715788
v -0.174789 0.082440 0.717345
v -0.167623 0.079060 0.723048
v -0.170980 0.068562 0.721194
v -0.084637 0.207552 0.762991
v -0.075286 0.232352 0.752602
v -0.074610 0.226009 0.747912
v -0.075833 0.233776 0.753793
v -0.045889 0.228466 0.759905
v -0.072867 0.238927 0.749912
v -0.043289 0.233690 0.756125
v -0.045761 0.227262 0.758508
v -0.043307 0.232305 0.754494
v -0.053307 0.236473 0.724965
v -0.074501 0.235177 0.713669
v -0.054633 0.265753 0.724870
v -0.081900 0.264340 0.711194
v -0.092775 0.260559 0.699708
v -0.098050 0.253096 0.685526
v -0.113652 0.224634 0.702322
v -0.108706 0.232435 0.717170
v -0.097784 0.236544 0.731233
v -0.101535 0.231583 0.736789
v -0.098885 0.238119 0.732434
v -0.098153 0.241233 0.668422
v -0.026040 0.216664 0.754884
v -0.048374 0.220718 0.754918
v -0.035959 0.202052 0.765642
v -0.059603 0.205903 0.768037
v -0.133754 -0.012211 0.819481
v -0.146592 -0.012402 0.819743
v -0.136194 -0.023089 0.824135
v -0.144665 -0.020300 0.822006
v -0.152841 -0.012878 0.826616
v -0.152514 0.003439 0.825777
v -0.149558 -0.022045 0.828566
v -0.133731 -0.026040 0.833253
v -0.139659 -0.026292 0.831511
v -0.153416 -0.011821 0.832034
v -0.153426 0.003854 0.831517
v -0.152841 -0.012878 0.826616
v -0.152514 0.003439 0.825777
v -0.150918 -0.020389 0.834143
v -0.149558 -0.022045 0.828566
v -0.149915 -0.017494 0.837832
v -0.150742 -0.008682 0.837233
v -0.150172 0.003774 0.837303
v -0.142579 -0.009407 0.841959
v -0.142302 0.003184 0.842859
v -0.142976 -0.019075 0.841250
v -0.146789 -0.018734 0.839754
v -0.137953 -0.019216 0.842724
v -0.151368 0.012963 0.823864
v -0.152381 0.014726 0.829537
v -0.149235 0.015844 0.835627
v -0.148426 0.055040 0.831865
v -0.151386 0.052789 0.824527
v -0.149045 0.026037 0.834865
v -0.152129 0.024826 0.828391
v -0.149911 0.050185 0.817482
v -0.150912 0.023042 0.822421
v -0.141721 0.015398 0.841692
v -0.139972 0.056720 0.839856
v -0.141390 0.025647 0.841370
v -0.136345 -0.024026 0.839601
v -0.142287 -0.024400 0.837604
v -0.147135 -0.023390 0.835811
v -0.144973 -0.025088 0.829865
v -0.139659 -0.026292 0.831511
v -0.133731 -0.026040 0.833253
v -0.177374 0.049905 0.804010
v -0.177728 0.034126 0.803220
v -0.175788 0.067150 0.804267
v -0.176857 -0.005715 0.800447
v -0.172276 -0.005022 0.804160
v -0.178803 -0.001661 0.803782
v -0.174668 -0.001364 0.806641
v -0.183242 -0.001929 0.795376
v -0.180421 -0.004715 0.797643
v -0.183500 -0.000476 0.799323
v -0.181488 -0.001569 0.801601
v -0.181327 -0.002835 0.791120
v -0.178078 -0.005369 0.793522
v -0.174211 -0.006444 0.796249
v -0.169501 -0.006318 0.799403
v -0.184193 0.006397 0.788070
v -0.185849 0.007432 0.792904
v -0.183796 0.025260 0.785570
v -0.185774 0.025720 0.791206
v -0.183943 0.009041 0.797867
v -0.184266 0.025213 0.797397
v -0.178233 0.009161 0.803690
v -0.178324 0.024326 0.802814
v -0.172944 0.058962 0.719410
v -0.173680 0.046122 0.710620
v -0.174118 0.050771 0.714388
v -0.178856 0.048824 0.707254
v -0.178820 0.053404 0.711003
v -0.177345 0.046263 0.702684
v -0.179424 0.051164 0.700780
v -0.179813 0.053176 0.704364
v -0.177457 0.059976 0.701947
v -0.179035 0.056097 0.708289
v -0.178594 0.061434 0.708943
v -0.177771 0.061011 0.713301
v -0.172944 0.058962 0.719410
v -0.172078 0.058437 0.694970
v 0.001790 0.167056 0.762147
v -0.026141 0.059281 0.816542
v -0.053018 0.085398 0.808696
v -0.055461 0.073246 0.812302
v -0.052897 0.064426 0.811104
v -0.053036 0.071108 0.812461
v -0.013656 0.117458 0.796716
v -0.154481 0.097452 0.726789
v -0.094273 0.098242 0.806958
v -0.148429 0.060191 0.814408
v -0.146090 0.070172 0.810526
v -0.150912 0.023042 0.822421
v -0.149911 0.050185 0.817482
v -0.151368 0.012963 0.823864
v -0.114513 0.049196 0.829915
v -0.118730 0.020662 0.833898
v -0.093546 0.094805 0.808601
v -0.095002 0.083863 0.811383
v -0.098901 0.071419 0.816540
v -0.099303 0.066802 0.820339
v -0.096424 0.071256 0.817141
v -0.066649 0.054871 0.831840
v -0.099454 0.027434 0.820962
v -0.099136 0.000126 0.820280
v -0.099123 0.017444 0.820686
v -0.183796 0.025260 0.785570
v -0.184193 0.006397 0.788070
v -0.158163 0.022693 0.802655
v -0.151984 0.063946 0.802182
v -0.183288 0.034977 0.784818
v -0.147955 0.076827 0.800066
v -0.049175 0.035649 0.812219
v -0.047346 0.021712 0.810962
v -0.051263 0.052832 0.812212
v -0.052062 0.058034 0.811488
v -0.050518 0.045922 0.812741
v -0.082777 0.225061 0.655478
v -0.175232 0.059358 0.698087
v 0.011008 0.209352 0.696339
v 0.002899 0.189973 0.714109
v -0.004579 0.201779 0.682697
v -0.011748 0.184098 0.700405
v 0.013944 0.219579 0.710359
v 0.009112 0.232800 0.725441
v 0.007685 0.200624 0.728546
v 0.001736 0.213557 0.743877
v -0.008819 0.247870 0.737145
v -0.006304 0.253668 0.731948
v 0.011923 0.219972 0.709944
v 0.013823 0.225659 0.705110
v -0.021796 0.200486 0.672145
v -0.031963 0.179362 0.688044
v -0.088065 0.219557 0.660570
v -0.082777 0.225061 0.655478
v -0.102649 0.248195 0.690080
v -0.104590 0.234517 0.670843
v -0.115620 0.225325 0.702159
v -0.115357 0.212715 0.684315
v -0.058468 0.205098 0.656746
v -0.072984 0.184178 0.672483
v -0.081429 0.209413 0.651111
v -0.092819 0.188698 0.664298
v -0.040337 0.201806 0.661543
v -0.048110 0.179390 0.679534
v -0.058966 0.261702 0.731841
v -0.033405 0.258345 0.738975
v -0.055093 0.267169 0.726129
v -0.031044 0.263520 0.734117
v -0.033352 0.257052 0.737406
v -0.030817 0.262236 0.732716
v -0.095440 0.255336 0.704920
v -0.092775 0.260559 0.699708
v -0.085059 0.259125 0.717045
v -0.081900 0.264340 0.711194
v -0.086097 0.260584 0.718267
v -0.082695 0.265701 0.712407
v -0.016382 0.226062 0.755854
v -0.007809 0.248677 0.738776
v 0.007685 0.200624 0.728546
v 0.013944 0.219579 0.710359
v -0.106938 0.200707 0.669194
v -0.095539 0.218175 0.656332
v -0.110468 0.233742 0.717809
v -0.097170 0.256543 0.705556
v -0.013158 0.185784 0.701572
v 0.005757 0.201238 0.728349
v -0.072563 0.185462 0.674107
v -0.093266 0.194656 0.673413
v -0.054633 0.265753 0.724870
v -0.158918 0.070678 0.774481
v -0.148138 0.071357 0.786046
v -0.171029 0.073495 0.772573
v -0.180207 0.077303 0.779990
v -0.182734 0.079244 0.787797
v -0.181002 0.080872 0.795991
v -0.180207 0.077303 0.779990
v -0.150353 0.075396 0.799157
v -0.156099 0.076802 0.804399
v -0.162840 0.079179 0.806583
v -0.150353 0.075396 0.799157
v -0.172796 0.080436 0.803159
v -0.121431 0.061287 0.802323
v -0.109378 0.064183 0.813416
v -0.140458 0.064975 0.801402
v -0.146090 0.070172 0.810526
v -0.147008 0.073243 0.818818
v -0.144168 0.074606 0.826204
v -0.110623 0.067755 0.823575
v -0.110623 0.067755 0.823575
v -0.115359 0.070749 0.829508
v -0.122462 0.073520 0.833621
v -0.135299 0.075362 0.832098
v -0.146090 0.070172 0.810526
v -0.088124 0.067441 0.808496
v -0.073313 0.066201 0.806058
v -0.062802 0.069032 0.814841
v -0.062888 0.071870 0.825566
v -0.096424 0.071256 0.817141
v -0.097301 0.074564 0.823692
v -0.094727 0.077549 0.831232
v -0.086316 0.077973 0.836505
v -0.075800 0.076714 0.836389
v -0.067591 0.074649 0.831266
v -0.062888 0.071870 0.825566
v -0.096424 0.071256 0.817141
v -0.037127 0.068882 0.798583
v -0.026171 0.071953 0.805462
v -0.050109 0.069622 0.802594
v -0.026931 0.074480 0.814945
v -0.026931 0.074480 0.814945
v -0.030693 0.075420 0.820022
v -0.035925 0.075663 0.824153
v -0.052780 0.072991 0.818238
v -0.049837 0.074134 0.822946
v -0.053036 0.071108 0.812461
v -0.043524 0.075315 0.825341
v -0.053036 0.071108 0.812461
v -0.140625 0.098303 0.695593
v -0.135921 0.093083 0.704330
v -0.144433 0.093543 0.719099
v -0.154410 0.096409 0.723721
v -0.136848 0.091799 0.710770
v -0.154410 0.096409 0.723721
v -0.161809 0.100609 0.723279
v -0.152388 0.106143 0.690225
v -0.163681 0.109068 0.695899
v -0.170147 0.108109 0.706118
v -0.168714 0.105161 0.717831
v -0.161807 0.028536 0.806868
v -0.157172 0.027508 0.802668
v -0.169113 0.029212 0.808177
v -0.185552 0.030616 0.790929
v -0.183499 0.030112 0.785039
v -0.184614 0.030131 0.798042
v -0.178234 0.029243 0.803665
v -0.156273 0.085650 0.689221
v -0.144774 0.081670 0.692835
v -0.168257 0.088135 0.696360
v -0.174872 0.089437 0.706074
v -0.173475 0.087625 0.718086
v -0.122524 0.016393 0.839920
v -0.129691 0.018663 0.842807
v -0.119418 0.015574 0.834404
v -0.150818 0.017935 0.823137
v -0.151975 0.019698 0.828892
v -0.148923 0.020893 0.835181
v -0.141441 0.020487 0.841434
v -0.076066 0.019176 0.836017
v -0.072173 0.018310 0.830713
v -0.083374 0.019618 0.841406
v -0.093025 0.020997 0.840580
v -0.098703 0.021835 0.833784
v -0.100669 0.022308 0.827371
v -0.099241 0.022453 0.820775
v -0.034222 0.038515 0.825688
v -0.029410 0.039166 0.822473
v -0.028149 0.039814 0.817983
v -0.049883 0.039921 0.818441
v -0.047051 0.039190 0.823769
v -0.049679 0.040744 0.812667
v -0.040015 0.038847 0.826389
v -0.146560 0.077850 0.719222
v -0.140501 0.077340 0.708645
v -0.140482 0.078620 0.701922
v -0.166042 0.084768 0.723869
v -0.156697 0.082189 0.723877
v -0.166042 0.084768 0.723869
v -0.144774 0.081670 0.692835
v -0.166526 0.027471 0.782561
v -0.156761 0.026961 0.793076
v -0.176944 0.028837 0.780773
v -0.157172 0.027508 0.802668
v -0.183499 0.030112 0.785039
v -0.131472 0.014366 0.817175
v -0.144097 0.016451 0.817052
v -0.120567 0.015666 0.825258
v -0.150818 0.017935 0.823137
v -0.119418 0.015574 0.834404
v -0.081150 0.020933 0.815406
v -0.071604 0.018832 0.822083
v -0.092497 0.022474 0.813260
v -0.099241 0.022453 0.820775
v -0.072173 0.018310 0.830713
v -0.035153 0.043057 0.804793
v -0.029641 0.041546 0.810066
v -0.045919 0.042461 0.805745
v -0.049679 0.040744 0.812667
v -0.028149 0.039814 0.817983
v -0.144973 -0.025088 0.829865
v -0.169501 -0.006318 0.799403
v -0.171896 0.043493 0.706195
v -0.171896 0.043493 0.706195
v -0.160092 0.128050 -0.777030
v -0.075721 0.141937 0.809325
v -0.011991 0.106997 0.782462
v -0.160091 0.128050 0.777030
v -0.134495 0.135304 0.797336
v -0.157973 1.087741 0.044849
v -0.156753 1.095557 0.046130
v -0.157666 1.094347 0.040222
v -0.157843 1.089338 0.036856
v -0.157179 1.083468 0.038013
v -0.156064 1.080174 0.043015
v -0.155151 1.081387 0.048926
v -0.154975 1.086396 0.052280
v -0.155638 1.092265 0.051122
v -0.153993 1.101810 0.038161
v -0.153115 1.102977 0.043836
v -0.154559 1.098579 0.033335
v -0.154729 1.093769 0.030097
v -0.154476 1.088115 0.028944
v -0.153838 1.082477 0.030052
v -0.152914 1.077713 0.033256
v -0.151843 1.074554 0.038065
v -0.150789 1.073469 0.043744
v -0.149912 1.074633 0.049424
v -0.149346 1.077867 0.054237
v -0.149176 1.082677 0.057453
v -0.149429 1.088330 0.058588
v -0.150066 1.093969 0.057475
v -0.150991 1.098732 0.054284
v -0.152062 1.101892 0.049497
v -0.147949 1.106509 0.035262
v -0.146803 1.108032 0.042679
v -0.148689 1.102286 0.028954
v -0.148911 1.096002 0.024719
v -0.148580 1.088613 0.023207
v -0.147748 1.081249 0.024653
v -0.146540 1.075026 0.028839
v -0.145141 1.070892 0.035127
v -0.143764 1.069480 0.042551
v -0.142618 1.071000 0.049974
v -0.141878 1.075226 0.056263
v -0.141656 1.081510 0.060461
v -0.141987 1.088898 0.061942
v -0.142819 1.096263 0.060489
v -0.144027 1.102485 0.056323
v -0.145426 1.106619 0.050074
v -0.140302 1.108600 0.033269
v -0.139062 1.110249 0.041299
v -0.141103 1.104030 0.026438
v -0.141344 1.097228 0.021851
v -0.140986 1.089230 0.020213
v -0.140084 1.081257 0.021777
v -0.138777 1.074523 0.026308
v -0.137263 1.070051 0.033115
v -0.135772 1.068521 0.041153
v -0.134532 1.070168 0.049190
v -0.133731 1.074741 0.055997
v -0.133491 1.081540 0.060543
v -0.133849 1.089537 0.062145
v -0.134749 1.097510 0.060573
v -0.136057 1.104245 0.056066
v -0.137571 1.108716 0.049302
v -0.157375 1.094242 -0.042326
v -0.156421 1.095440 -0.048229
v -0.157651 1.087624 -0.046938
v -0.157576 1.089243 -0.038950
v -0.156905 1.083370 -0.040087
v -0.155755 1.080063 -0.045072
v -0.154800 1.081261 -0.050977
v -0.154599 1.086261 -0.054341
v -0.155271 1.092132 -0.053201
v -0.152800 1.102860 -0.045927
v -0.153717 1.101711 -0.040257
v -0.154317 1.098490 -0.035430
v -0.154510 1.093689 -0.032182
v -0.154265 1.088038 -0.031013
v -0.153620 1.082400 -0.032102
v -0.152673 1.077627 -0.035287
v -0.151569 1.074452 -0.040080
v -0.150475 1.073355 -0.045746
v -0.149558 1.074507 -0.051420
v -0.148957 1.077729 -0.056235
v -0.148765 1.082529 -0.059460
v -0.149010 1.088180 -0.060610
v -0.149655 1.093822 -0.059516
v -0.150601 1.098591 -0.056345
v -0.151705 1.101766 -0.051575
v -0.146496 1.107921 -0.044737
v -0.147693 1.106419 -0.037327
v -0.148479 1.102209 -0.031016
v -0.148730 1.095938 -0.026768
v -0.148410 1.088552 -0.025236
v -0.147567 1.081184 -0.026657
v -0.146331 1.074950 -0.030818
v -0.144887 1.070803 -0.037084
v -0.143459 1.069370 -0.044493
v -0.142260 1.070874 -0.051908
v -0.141475 1.075082 -0.058199
v -0.141224 1.081356 -0.062409
v -0.141544 1.088739 -0.063910
v -0.142386 1.096106 -0.062481
v -0.143624 1.102341 -0.058342
v -0.145066 1.106490 -0.052115
v -0.138764 1.110141 -0.043306
v -0.140061 1.108514 -0.035284
v -0.140910 1.103960 -0.028450
v -0.141183 1.097169 -0.023849
v -0.140837 1.089178 -0.022188
v -0.139925 1.081203 -0.023725
v -0.138586 1.074455 -0.028229
v -0.137024 1.069965 -0.035012
v -0.135476 1.068414 -0.043034
v -0.134180 1.070042 -0.051064
v -0.133331 1.074596 -0.057874
v -0.133058 1.081387 -0.062431
v -0.133405 1.089378 -0.064056
v -0.134316 1.097353 -0.062510
v -0.135655 1.104100 -0.058031
v -0.137217 1.108590 -0.051293
v -0.170902 0.982672 -0.004697
v -0.172006 0.993221 -0.004266
v -0.169374 0.984993 -0.007639
v -0.170694 0.992895 -0.007943
v -0.170703 0.992634 -0.000107
v -0.171395 0.984797 -0.000107
v -0.170175 0.993454 -0.011715
v -0.167206 0.992760 -0.015915
v -0.166969 0.982374 -0.012532
v -0.164447 0.984490 -0.016048
v -0.170175 0.993454 -0.011715
v -0.170694 0.992895 -0.007943
v -0.162683 0.987718 -0.007088
v -0.162500 0.981858 -0.021144
v -0.165915 0.995251 -0.020072
v -0.167206 0.992760 -0.015915
v -0.161828 0.985654 -0.014235
v -0.165915 0.995251 -0.020072
v -0.156389 0.984367 -0.028785
v -0.159913 0.985515 -0.024585
v -0.160051 0.996056 -0.028889
v -0.162095 0.993467 -0.023128
v -0.152664 0.989444 -0.024974
v -0.154013 0.995217 -0.027385
v -0.159532 0.989066 -0.021586
v -0.160051 0.996056 -0.028889
v -0.154518 0.995392 -0.028502
v -0.153404 0.986937 -0.030166
v -0.154518 0.995392 -0.028502
v -0.163339 0.986695 -0.000104
v -0.172006 0.993221 -0.004266
v -0.162095 0.993467 -0.023128
v -0.140678 0.989354 -0.025195
v -0.111285 0.998120 -0.028004
v -0.141757 0.997511 -0.024537
v -0.111693 1.003696 -0.027663
v -0.149684 0.997011 -0.028014
v -0.139938 0.997241 -0.035649
v -0.111599 1.002959 -0.039577
v -0.139436 0.988196 -0.036003
v -0.150843 0.998187 -0.032059
v -0.147884 0.985860 -0.033393
v -0.111693 1.003696 -0.027663
v -0.141757 0.997511 -0.024537
v -0.149684 0.997011 -0.028014
v -0.150843 0.998187 -0.032059
v -0.169122 0.971216 -0.006590
v -0.162036 0.971311 -0.022128
v -0.164809 0.971257 -0.013254
v -0.154406 0.971557 -0.029661
v -0.146685 0.971585 -0.035989
v -0.170265 0.971180 -0.000106
v -0.109863 0.972470 -0.041581
v -0.170906 0.982672 0.004484
v -0.169380 0.984993 0.007426
v -0.172009 0.993221 0.004051
v -0.170700 0.992895 0.007729
v -0.164460 0.984490 0.015840
v -0.167218 0.992760 0.015704
v -0.166979 0.982374 0.012322
v -0.170184 0.993454 0.011502
v -0.170700 0.992895 0.007729
v -0.170184 0.993454 0.011502
v -0.162689 0.987718 0.006881
v -0.165930 0.995251 0.019862
v -0.162516 0.981861 0.020937
v -0.161839 0.985654 0.014029
v -0.167218 0.992760 0.015704
v -0.165930 0.995251 0.019862
v -0.156411 0.984355 0.028584
v -0.160073 0.996056 0.028684
v -0.159932 0.985515 0.024380
v -0.162113 0.993467 0.022921
v -0.152683 0.989431 0.024775
v -0.159549 0.989066 0.021381
v -0.154034 0.995205 0.027184
v -0.160073 0.996056 0.028684
v -0.154540 0.995377 0.028301
v -0.153428 0.986910 0.029967
v -0.154540 0.995377 0.028301
v -0.172009 0.993221 0.004051
v -0.162113 0.993467 0.022921
v -0.140698 0.989305 0.025005
v -0.141776 0.997471 0.024347
v -0.111307 0.998030 0.027839
v -0.111714 1.003620 0.027497
v -0.149706 0.996983 0.027817
v -0.111630 1.002864 0.039411
v -0.139966 0.997173 0.035460
v -0.140440 0.988559 0.034596
v -0.150868 0.998153 0.031862
v -0.147909 0.985810 0.033198
v -0.141776 0.997471 0.024347
v -0.111714 1.003620 0.027497
v -0.149706 0.996983 0.027817
v -0.150868 0.998153 0.031862
v -0.169127 0.971216 0.006380
v -0.164819 0.971257 0.013046
v -0.162053 0.971311 0.021923
v -0.154429 0.971542 0.029462
v -0.146713 0.971536 0.035797
v -0.109895 0.972359 0.041418
v -0.173616 1.009614 -0.005773
v -0.173285 0.993497 -0.005563
v -0.172734 1.005032 -0.010115
v -0.171216 0.993765 -0.011220
v -0.171170 1.007434 -0.015867
v -0.170326 0.993691 -0.016768
v -0.167461 1.004375 -0.021097
v -0.166815 0.996013 -0.020904
v -0.170326 0.993691 -0.016768
v -0.171216 0.993765 -0.011220
v -0.166712 1.003177 -0.009126
v -0.165532 1.006801 -0.026459
v -0.163684 0.993605 -0.025121
v -0.164755 1.003039 -0.019296
v -0.163684 0.993605 -0.025121
v -0.166815 0.996013 -0.020904
v -0.161671 1.004977 -0.029581
v -0.160308 0.996624 -0.028879
v -0.157794 1.006970 -0.033724
v -0.156383 0.994655 -0.031775
v -0.156383 0.994655 -0.031775
v -0.159738 1.003451 -0.027154
v -0.151908 0.998227 -0.032529
v -0.151741 1.005435 -0.029235
v -0.152984 1.005822 -0.034916
v -0.151908 0.998227 -0.032529
v -0.172909 0.993436 -0.000108
v -0.173680 1.006402 -0.000108
v -0.168377 1.003172 -0.000106
v -0.173285 0.993497 -0.005563
v -0.172909 0.993436 -0.000108
v -0.160308 0.996624 -0.028879
v -0.142669 1.005809 -0.029018
v -0.112273 1.009823 -0.028289
v -0.129466 0.999019 -0.027155
v -0.111766 1.002880 -0.028004
v -0.141065 0.997865 -0.026437
v -0.147288 0.995838 -0.033848
v -0.129652 0.998322 -0.037303
v -0.111685 1.002133 -0.036923
v -0.141102 1.005345 -0.037587
v -0.139694 0.997306 -0.036271
v -0.147288 0.995838 -0.033848
v -0.148479 1.007216 -0.037157
v -0.129466 0.999019 -0.027155
v -0.111766 1.002880 -0.028004
v -0.141065 0.997865 -0.026437
v -0.172630 1.016119 -0.016694
v -0.175361 1.016015 -0.005753
v -0.166798 1.017504 -0.027040
v -0.158577 1.017830 -0.034454
v -0.147675 1.018223 -0.038025
v -0.176319 1.015978 -0.000109
v -0.112920 1.019286 -0.039073
v -0.173620 1.009614 0.005555
v -0.172742 1.005032 0.009899
v -0.173289 0.993497 0.005347
v -0.171226 0.993765 0.011005
v -0.166831 0.996013 0.020694
v -0.164770 1.003039 0.019086
v -0.170339 0.993691 0.016554
v -0.166719 1.003177 0.008915
v -0.171183 1.007434 0.015652
v -0.167478 1.004375 0.020885
v -0.170339 0.993691 0.016554
v -0.166831 0.996013 0.020694
v -0.171226 0.993765 0.011005
v -0.165552 1.006801 0.026248
v -0.163703 0.993605 0.024913
v -0.163703 0.993605 0.024913
v -0.156407 0.994637 0.031573
v -0.160330 0.996624 0.028674
v -0.157820 1.006964 0.033520
v -0.161694 1.004977 0.029374
v -0.156407 0.994637 0.031573
v -0.151933 0.998196 0.032331
v -0.159758 1.003451 0.026949
v -0.151764 1.005423 0.029036
v -0.151933 0.998196 0.032331
v -0.153011 1.005797 0.034715
v -0.173289 0.993497 0.005347
v -0.160330 0.996624 0.028674
v -0.111788 1.002800 0.027839
v -0.112295 1.009756 0.028122
v -0.129487 0.998949 0.026975
v -0.142692 1.005769 0.028827
v -0.141086 0.997818 0.026247
v -0.147314 0.995791 0.033653
v -0.141131 1.005291 0.037398
v -0.111713 1.002038 0.036757
v -0.129681 0.998236 0.037121
v -0.139722 0.997238 0.036083
v -0.147314 0.995791 0.033653
v -0.148507 1.007179 0.036961
v -0.111788 1.002800 0.027839
v -0.129487 0.998949 0.026975
v -0.141086 0.997818 0.026247
v -0.175366 1.016015 0.005536
v -0.172643 1.016119 0.016478
v -0.166819 1.017504 0.026828
v -0.158604 1.017830 0.034249
v -0.147705 1.018201 0.037830
v -0.112950 1.019230 0.038906
v -0.167356 0.984106 -0.007170
v -0.159475 0.987564 -0.016711
v -0.158965 0.981628 -0.007196
v -0.156327 0.983427 -0.014250
v -0.159676 0.981459 -0.000052
v -0.168061 0.983934 -0.000022
v -0.167339 0.984115 0.007117
v -0.158960 0.981640 0.007083
v -0.159444 0.987588 0.016624
v -0.156311 0.983449 0.014125
v -0.159001 0.993415 -0.014254
v -0.166192 0.990666 -0.007171
v -0.166893 0.990494 -0.000012
v -0.158970 0.993433 0.014187
v -0.166170 0.990675 0.007137
v -0.114179 0.987843 -0.024829
v -0.114403 0.981213 -0.000276
v -0.146912 0.987478 -0.020032
v -0.147063 0.985792 -0.000094
v -0.146901 0.987493 0.019830
v -0.114249 0.987831 0.024280
v -0.109959 0.996608 0.029317
v -0.136398 0.996504 0.027510
v -0.114249 0.987831 0.024280
v -0.136945 1.003801 0.023313
v -0.109606 1.004999 0.024818
v -0.146901 0.987493 0.019830
v -0.150006 0.992628 0.023431
v -0.150906 0.998335 0.019915
v -0.137165 1.002032 -0.000099
v -0.109632 1.003466 -0.000251
v -0.136996 1.003807 -0.023537
v -0.109604 1.005017 -0.025350
v -0.151514 0.995927 -0.000047
v -0.150960 0.998310 -0.020029
v -0.136414 0.996525 -0.027783
v -0.109903 0.996618 -0.029904
v -0.150042 0.992613 -0.023589
v -0.146912 0.987478 -0.020032
v -0.156327 0.983427 -0.014250
v -0.158965 0.981628 -0.007196
v -0.156311 0.983449 0.014125
v -0.158960 0.981640 0.007083
v -0.159676 0.981459 -0.000052
v -0.089912 0.980350 -0.024324
v -0.095426 0.967239 -0.000350
v -0.090016 0.980411 0.023626
v -0.090016 0.980411 0.023626
v -0.088536 0.989530 0.028056
v -0.087299 0.998190 0.023761
v -0.087232 0.996611 -0.000288
v -0.087281 0.998168 -0.024367
v -0.088459 0.989484 -0.028719
v -0.074842 0.970679 -0.023874
v -0.074862 0.970808 0.023214
v -0.074862 0.970808 0.023214
v -0.064267 0.978265 0.021345
v -0.063695 0.976397 -0.000280
v -0.064280 0.978215 -0.021933
v -0.170703 0.992634 -0.000107
v -0.142053 0.778568 -0.125483
v -0.153594 0.770681 -0.105191
v -0.136137 0.785736 -0.099288
v 0.130355 0.910838 -0.151095
v 0.125020 0.935017 -0.109261
v 0.170130 0.866234 -0.129744
v 0.081585 0.967184 -0.078115
v 0.063877 0.972826 -0.082232
v 0.075303 0.978262 -0.068991
v 0.023891 0.921824 -0.100650
v -0.012064 0.871509 -0.084615
v -0.000510 0.911990 -0.084204
v 0.058023 0.954022 -0.110567
v 0.050022 0.937653 -0.133980
v 0.042540 0.949476 -0.096998
v -0.065265 0.837687 -0.071242
v -0.044485 0.865923 -0.067271
v -0.112483 0.810572 -0.063924
v -0.076168 0.833111 -0.038023
v -0.077111 0.828026 -0.016872
v -0.084151 0.813615 -0.000025
v -0.070841 0.833885 -0.000018
v -0.130115 0.773744 -0.015242
v -0.143992 0.754190 0.000849
v -0.125667 0.771502 -0.000026
v -0.071456 0.865103 -0.026801
v -0.074845 0.864047 -0.000020
v -0.070918 0.941476 -0.045665
v -0.071514 0.901867 -0.032981
v -0.084831 0.928672 -0.021538
v -0.114087 0.929421 -0.021024
v -0.093502 0.938970 -0.045632
v -0.123066 0.931691 -0.034396
v -0.161154 0.926633 -0.011908
v -0.155132 0.924422 -0.000055
v -0.165868 0.929106 -0.000024
v -0.180248 0.979413 -0.010369
v -0.170619 0.973428 -0.017710
v -0.174130 0.976308 -0.000064
v -0.176344 0.980485 -0.019243
v -0.037237 1.027021 -0.087925
v -0.046045 1.023318 -0.091708
v -0.039671 1.022345 -0.092371
v -0.171500 1.037589 -0.028292
v -0.174189 1.044570 -0.023888
v -0.168411 1.038148 -0.031207
v -0.182109 1.029798 -0.018786
v -0.175080 1.025824 -0.020314
v -0.180367 1.031017 -0.011424
v -0.191622 1.025118 -0.007746
v -0.183823 1.019209 -0.005872
v -0.192457 1.021871 -0.000072
v -0.183184 1.023865 -0.009925
v -0.181930 1.013316 -0.006155
v -0.181914 1.007613 -0.000068
v -0.179939 1.012744 -0.000067
v -0.197138 1.028281 -0.011094
v -0.202275 1.026558 -0.007033
v -0.159953 0.990482 -0.035392
v -0.154185 0.989585 -0.040801
v -0.159842 0.989726 -0.035918
v 0.063877 0.972826 -0.082232
v 0.038074 0.972583 -0.089868
v -0.166727 1.070631 -0.023194
v -0.176079 1.064932 -0.015857
v -0.169239 1.080773 -0.016989
v -0.051168 1.076731 -0.106346
v -0.053795 1.054960 -0.102268
v -0.069520 1.071489 -0.102526
v -0.041287 1.055574 -0.106573
v -0.045700 1.042067 -0.102458
v -0.163024 1.083392 -0.020617
v -0.164280 1.088625 -0.021349
v -0.158896 1.084399 -0.022929
v -0.159078 1.089301 -0.024056
v -0.157480 1.085606 -0.027457
v -0.121662 1.088050 -0.087613
v -0.110530 1.076273 -0.094208
v -0.125666 1.079980 -0.084439
v -0.095159 1.058574 -0.097904
v -0.088771 1.077284 -0.098414
v -0.110203 1.092446 -0.091251
v -0.034964 1.050116 -0.095013
v -0.039491 1.039862 -0.106981
v -0.039093 1.064357 -0.105898
v -0.029862 1.057352 -0.102722
v -0.045075 1.076764 -0.109323
v -0.028484 1.065423 -0.105052
v -0.042786 1.089780 -0.114120
v -0.053626 1.091270 -0.106336
v -0.064853 1.090302 -0.103631
v -0.050628 1.095056 -0.104707
v -0.034045 1.096908 -0.120554
v -0.023183 1.098652 -0.123836
v -0.031489 1.094301 -0.114581
v -0.014712 1.095698 -0.126209
v -0.024048 1.072508 -0.114908
v -0.008183 1.087637 -0.126806
v -0.007048 1.072158 -0.123503
v -0.001660 1.072035 -0.124735
v -0.008844 1.049969 -0.119668
v -0.018520 1.053796 -0.113659
v -0.029706 1.046244 -0.109842
v -0.017746 1.031073 -0.110694
v -0.005027 1.048207 -0.114280
v -0.017333 1.032212 -0.105051
v -0.020650 1.108182 -0.120494
v -0.019980 1.094291 -0.106876
v -0.009198 1.102175 -0.122206
v -0.037107 1.088536 -0.106889
v -0.037890 1.077539 -0.106443
v -0.124334 1.102046 -0.086416
v -0.114867 1.117058 -0.087782
v -0.117293 1.187159 -0.077830
v -0.108864 1.221083 -0.095146
v -0.100457 1.183035 -0.086306
v -0.082916 1.197693 -0.101443
v -0.080857 1.224906 -0.107487
v -0.156534 1.230536 -0.015331
v -0.120923 1.242633 -0.001356
v -0.154342 1.226644 -0.039067
v -0.117750 1.240517 -0.033870
v -0.142902 1.228189 -0.053945
v -0.125965 1.230108 -0.067100
v -0.100293 1.233496 -0.077534
v -0.079930 1.245999 -0.042318
v -0.071167 1.235845 -0.082278
v -0.048416 1.238481 -0.085827
v -0.034999 1.248704 -0.037734
v -0.019978 1.234660 -0.085496
v 0.004058 1.044647 -0.100955
v -0.025083 1.034522 -0.092117
v -0.009473 1.055635 -0.100873
v 0.058023 0.954022 -0.110567
v 0.074818 0.957657 -0.104952
v 0.096377 0.959654 -0.090868
v -0.030489 1.022120 -0.096325
v -0.024297 1.025385 -0.100432
v 0.026207 1.232093 -0.077455
v 0.025514 1.244128 -0.032315
v 0.041249 1.230612 -0.066780
v 0.059357 1.230277 -0.045614
v 0.067935 1.232793 -0.020045
v 0.040167 1.245037 0.000022
v 0.070555 1.233671 -0.001279
v -0.106520 0.807424 -0.105372
v -0.109638 0.799249 -0.137012
v 0.186906 0.852597 -0.069587
v 0.139706 0.915144 -0.051267
v 0.140974 0.913817 0.000060
v 0.189276 0.846477 0.000076
v 0.112393 0.943072 -0.043712
v 0.081555 0.945760 -0.132327
v 0.081729 0.926747 -0.161802
v 0.035782 0.908863 -0.159128
v 0.050022 0.937653 -0.133980
v 0.006543 0.889156 -0.153702
v 0.018190 0.912248 -0.122289
v 0.035782 0.908863 -0.159128
v 0.100408 0.961760 -0.040399
v 0.089048 0.979039 -0.036715
v 0.075303 0.978262 -0.068991
v 0.068705 0.996587 -0.062404
v 0.089048 0.979039 -0.036715
v 0.082595 0.995214 -0.029399
v 0.055348 0.995104 -0.081626
v -0.000579 0.937206 -0.084598
v -0.012266 0.868697 -0.114302
v -0.028006 0.858150 -0.148765
v -0.075214 0.830258 -0.143228
v -0.072812 0.833056 -0.112306
v -0.064467 0.864262 -0.049632
v -0.140293 0.783135 -0.061267
v -0.106853 0.801991 -0.015801
v -0.099217 0.800211 -0.000031
v -0.155341 0.759171 -0.053265
v -0.059364 0.898876 -0.056035
v -0.056150 0.940005 -0.060182
v -0.075994 0.951325 -0.063598
v -0.054323 0.960870 -0.067678
v -0.141756 0.923006 -0.013071
v -0.150180 0.925478 -0.023703
v -0.103652 0.949243 -0.059339
v -0.132448 0.942314 -0.045626
v -0.153108 0.935951 -0.030942
v -0.151793 0.931246 -0.029275
v -0.087887 0.958756 -0.072151
v -0.078631 0.966683 -0.082009
v -0.168002 0.930810 -0.014603
v -0.171131 0.936528 -0.017120
v -0.157597 0.948837 -0.032252
v -0.173351 0.950075 -0.017097
v -0.141591 0.958564 -0.046251
v -0.124290 0.969300 -0.062715
v -0.112923 0.982782 -0.073514
v -0.061902 0.997757 -0.090926
v -0.045207 0.992711 -0.081394
v -0.069927 0.974143 -0.086132
v -0.029692 0.967635 -0.082574
v -0.029087 0.936780 -0.077350
v -0.031096 0.995402 -0.087667
v -0.031753 0.901711 -0.071521
v 0.001147 0.971428 -0.088465
v 0.001501 0.997561 -0.091365
v -0.079127 1.009771 -0.094035
v -0.087197 0.990014 -0.087889
v -0.061307 1.023717 -0.093724
v -0.078514 1.042036 -0.094713
v -0.052044 1.028195 -0.093217
v -0.168960 0.969309 -0.017596
v -0.172441 0.969935 -0.000064
v -0.159561 0.965271 -0.031662
v -0.149609 0.971124 -0.044005
v -0.143571 0.982457 -0.053620
v -0.164961 0.973615 -0.029875
v -0.155519 0.981252 -0.040474
v -0.169422 0.980755 -0.028384
v -0.181958 0.987035 -0.011004
v -0.178130 0.987435 -0.018719
v -0.171756 0.989001 -0.027462
v -0.153621 0.987300 -0.044375
v -0.159436 0.986943 -0.036980
v -0.143403 0.997041 -0.058487
v -0.153848 0.989044 -0.041589
v -0.154557 0.989830 -0.041918
v -0.154125 0.990574 -0.044999
v -0.154092 0.990037 -0.040541
v -0.147718 1.010260 -0.058050
v -0.120700 1.012846 -0.073798
v -0.102924 1.023862 -0.085728
v -0.054902 1.037786 -0.097367
v -0.045646 1.027274 -0.101593
v -0.043688 1.022584 -0.098621
v -0.113100 1.045485 -0.088876
v -0.131804 1.035974 -0.078261
v -0.156756 1.011633 -0.047623
v -0.154640 0.998126 -0.047820
v -0.164083 1.025593 -0.040892
v -0.159871 1.031192 -0.049325
v -0.153838 1.042426 -0.059011
v -0.141553 1.027611 -0.067533
v -0.163396 1.002118 -0.039974
v -0.166002 1.014709 -0.037998
v -0.161984 0.993946 -0.038440
v -0.167409 1.024405 -0.034752
v -0.166220 1.045817 -0.037738
v -0.161601 1.055129 -0.041960
v -0.174973 1.053645 -0.022831
v -0.165537 1.063239 -0.030141
v -0.182964 1.045114 -0.020556
v -0.182691 1.053682 -0.016799
v -0.182634 1.038968 -0.024203
v -0.185072 1.064852 -0.012190
v -0.182382 1.033474 -0.023956
v -0.171637 1.030382 -0.026618
v -0.190846 1.045777 -0.017086
v -0.192535 1.039819 -0.019182
v -0.191616 1.033803 -0.019510
v -0.190040 1.051425 -0.015670
v -0.171563 1.023168 -0.028022
v -0.175502 1.020299 -0.020925
v -0.189043 1.030627 -0.016230
v -0.175946 1.016162 -0.021198
v -0.171992 1.016549 -0.028784
v -0.172099 1.007108 -0.031140
v -0.178628 1.008491 -0.020821
v -0.201977 1.040344 -0.013274
v -0.201679 1.032322 -0.011958
v -0.198471 1.047887 -0.012817
v -0.193692 1.054318 -0.011958
v -0.188411 1.030188 -0.008935
v -0.181885 1.015425 -0.011390
v -0.183711 1.008804 -0.011267
v -0.184480 1.004010 -0.010782
v -0.185172 1.001141 -0.000069
v -0.180229 1.002413 -0.020041
v -0.178820 0.996651 -0.018722
v -0.182481 0.997007 -0.010316
v -0.171650 0.997302 -0.030667
v -0.171361 0.995340 -0.028791
v -0.162435 0.991814 -0.036635
v -0.171200 0.991274 -0.025806
v -0.176240 0.991821 -0.017943
v -0.183072 0.985377 -0.000068
v -0.180044 0.990521 -0.010371
v -0.181502 0.989038 -0.000068
v -0.176820 0.992889 -0.018134
v -0.179934 0.992865 -0.010115
v -0.171342 0.993381 -0.027226
v -0.159642 0.992180 -0.035547
v -0.208647 1.031042 -0.005264
v -0.209826 1.039441 -0.006174
v -0.203139 1.049505 -0.007691
v -0.197275 1.057337 -0.006634
v -0.200614 1.057816 -0.000075
v -0.206828 1.049149 -0.000078
v -0.189647 1.068399 -0.007882
v -0.192127 1.069633 -0.000072
v 0.035863 0.996802 -0.088608
v 0.055319 1.042666 -0.088344
v 0.074848 1.045317 -0.067903
v 0.033331 1.043421 -0.100135
v 0.086000 1.045765 -0.033486
v -0.178811 1.085748 -0.007058
v -0.174494 1.082695 -0.012548
v -0.171698 1.092255 -0.015330
v -0.177662 1.097980 -0.010502
v -0.161196 1.075441 -0.025035
v -0.159537 1.069784 -0.030766
v -0.156844 1.061996 -0.043192
v -0.155383 1.054099 -0.057473
v -0.141595 1.049118 -0.073656
v -0.147158 1.057536 -0.069434
v -0.123397 1.059705 -0.087302
v -0.135092 1.068951 -0.079747
v -0.156195 1.079599 -0.026518
v -0.156394 1.075982 -0.032413
v -0.157207 1.083349 -0.030587
v -0.157629 1.082422 -0.035713
v -0.175448 1.093641 -0.020185
v -0.180055 1.102399 -0.017003
v -0.167334 1.091776 -0.025711
v -0.158507 1.092144 -0.027685
v -0.157662 1.088229 -0.030342
v -0.167535 1.095971 -0.032471
v -0.175081 1.099632 -0.029489
v -0.161740 1.094679 -0.034849
v -0.180193 1.107706 -0.025174
v -0.166563 1.098693 -0.044276
v -0.174110 1.107584 -0.043555
v -0.177248 1.114665 -0.039915
v -0.161840 1.097311 -0.044965
v -0.160047 1.091914 -0.036699
v -0.160234 1.094595 -0.045332
v -0.155724 1.086896 -0.031632
v -0.155907 1.085781 -0.030280
v -0.155877 1.084267 -0.031338
v -0.158745 1.091509 -0.037668
v -0.158496 1.094930 -0.045371
v -0.156628 1.082805 -0.035958
v -0.156198 1.080222 -0.045458
v -0.153884 1.073174 -0.043917
v -0.155296 1.080769 -0.045096
v -0.151763 1.074777 -0.055241
v -0.151498 1.066093 -0.060517
v -0.154180 1.080846 -0.054876
v -0.143783 1.079301 -0.064829
v -0.139958 1.073988 -0.071904
v -0.146946 1.084009 -0.062992
v -0.139440 1.086123 -0.069740
v -0.134470 1.085130 -0.076015
v -0.141904 1.086952 -0.066354
v -0.087322 1.096067 -0.097119
v -0.128578 1.092691 -0.085100
v -0.144967 1.092670 -0.065933
v -0.146384 1.093146 -0.069428
v -0.145449 1.103262 -0.078548
v -0.145510 1.090317 -0.063613
v -0.147272 1.084464 -0.061341
v -0.142337 1.087560 -0.064400
v -0.144688 1.090136 -0.062615
v -0.153728 1.081614 -0.054513
v -0.156802 1.095379 -0.053362
v -0.157879 1.098112 -0.054516
v -0.155567 1.094961 -0.053109
v -0.162119 1.100200 -0.055478
v -0.152892 1.096767 -0.060798
v -0.152412 1.093447 -0.059343
v -0.156085 1.098349 -0.062867
v -0.151068 1.093978 -0.058661
v -0.159206 1.107559 -0.069680
v -0.167561 1.109739 -0.058635
v -0.033015 1.020993 -0.103054
v -0.034744 1.024418 -0.106791
v -0.046202 1.095731 -0.111128
v -0.034827 1.104699 -0.117730
v -0.045456 1.097645 -0.108659
v -0.033868 1.105406 -0.114486
v -0.022686 1.106945 -0.123400
v -0.011138 1.101702 -0.127876
v -0.003565 1.089762 -0.127936
v -0.001728 1.091543 -0.121552
v 0.001212 1.071918 -0.119284
v -0.021802 1.034485 -0.114705
v -0.028889 1.027467 -0.110372
v -0.024874 1.024488 -0.107127
v -0.033492 1.099509 -0.106241
v -0.168877 1.116367 -0.058712
v -0.158586 1.115058 -0.072140
v -0.144182 1.110676 -0.080998
v -0.091755 1.119895 -0.096293
v -0.071754 1.121191 -0.105013
v -0.049356 1.122481 -0.111159
v -0.135394 1.127963 -0.080673
v -0.153391 1.131514 -0.070144
v -0.164238 1.132699 -0.057184
v -0.174210 1.131636 -0.038007
v -0.178962 1.127404 -0.023668
v -0.180739 1.122159 -0.011190
v -0.175707 1.151215 -0.000065
v -0.173737 1.153708 -0.020917
v -0.170111 1.155658 -0.035449
v -0.155760 1.156524 -0.060170
v -0.137342 1.155410 -0.075655
v -0.120574 1.147514 -0.084027
v -0.105496 1.146900 -0.091632
v -0.086821 1.149323 -0.101369
v -0.136327 1.187077 -0.069014
v -0.148741 1.185354 -0.057386
v -0.162120 1.182233 -0.037330
v -0.169627 1.175538 -0.018113
v -0.172367 1.172716 -0.000064
v -0.170851 1.214532 -0.046354
v -0.183205 1.213798 -0.024591
v -0.157208 1.216307 -0.064821
v -0.139743 1.216270 -0.084356
v -0.056531 1.153957 -0.112870
v -0.056057 1.197706 -0.110507
v -0.157253 1.229190 -0.001370
v -0.186866 1.210171 -0.001382
v -0.053593 1.228926 -0.113740
v -0.023660 1.121876 -0.115577
v -0.020505 1.155947 -0.116187
v -0.021667 1.197134 -0.111237
v -0.020046 1.223795 -0.113893
v 0.010341 1.149467 -0.113915
v 0.002806 1.105741 -0.112963
v 0.009458 1.195589 -0.106818
v -0.006622 1.074166 -0.106529
v 0.008023 1.076427 -0.105942
v 0.038236 1.082348 -0.104407
v 0.036240 1.116121 -0.107788
v 0.035533 1.151408 -0.104966
v 0.078374 1.088735 -0.066647
v 0.094528 1.092848 -0.034575
v 0.061711 1.085815 -0.087242
v 0.064852 1.120636 -0.088937
v 0.081041 1.120909 -0.066580
v 0.096342 1.126167 -0.033713
v 0.060385 1.156798 -0.087127
v 0.034759 1.194373 -0.097530
v 0.057336 1.195178 -0.082731
v 0.078638 1.155560 -0.064539
v 0.076239 1.194812 -0.060194
v 0.092332 1.159181 -0.032445
v 0.094893 1.161199 0.000044
v 0.099150 1.124020 0.000045
v 0.090356 1.195417 -0.032521
v 0.094788 1.199284 0.000044
v 0.056352 1.219879 -0.082015
v 0.076247 1.221132 -0.057966
v 0.086572 1.224747 -0.032016
v 0.034749 1.221113 -0.100017
v 0.009480 1.221902 -0.108626
v 0.004575 1.233776 -0.082432
v -0.004278 1.245848 -0.032721
v -0.002845 1.248354 -0.001308
v 0.039876 1.245136 0.000022
v -0.034426 1.250000 -0.001321
v -0.087964 1.247227 -0.001343
v -0.144230 0.753886 0.000850
v 0.104324 0.962061 0.000047
v 0.116542 0.944215 0.000051
v 0.090820 0.981234 0.000042
v -0.128481 1.090447 -0.047850
v -0.154276 0.989843 -0.040170
v -0.158576 0.992223 -0.034120
v -0.154092 0.990037 -0.040541
v -0.154184 0.990294 -0.039914
v -0.168096 0.993798 -0.024239
v -0.173149 0.993445 -0.016873
v -0.178393 0.991007 -0.000066
v -0.176953 0.992186 -0.009777
v -0.174873 0.992665 -0.009526
v -0.171772 0.993034 -0.017041
v -0.166290 0.993350 -0.025557
v -0.158986 0.992210 -0.034266
v -0.154184 0.990294 -0.039914
v -0.158576 0.992223 -0.034120
v -0.153800 0.984607 -0.034029
v -0.154276 0.989843 -0.040170
v -0.148975 0.988400 -0.040137
v -0.154184 0.990294 -0.039914
v -0.148887 0.989001 -0.039883
v -0.168096 0.993798 -0.024239
v -0.159860 0.981858 -0.020440
v -0.173149 0.993445 -0.016873
v -0.176953 0.992186 -0.009777
v -0.178393 0.991007 -0.000066
v -0.166741 0.981188 -0.000062
v -0.159041 1.008923 -0.021337
v -0.165877 1.009866 -0.000062
v -0.171772 0.993034 -0.017041
v -0.166042 1.009802 -0.000062
v -0.174873 0.992665 -0.009526
v -0.166290 0.993350 -0.025557
v -0.158986 0.992210 -0.034266
v -0.154194 1.005435 -0.034343
v -0.154184 0.990294 -0.039914
v -0.148887 0.989001 -0.039883
v -0.117625 0.979192 -0.033913
v -0.121424 0.985171 -0.040062
v -0.117536 0.976447 -0.020304
v -0.117576 0.975940 -0.000048
v -0.117016 1.010361 -0.021264
v -0.116785 1.004431 -0.034285
v -0.089323 0.996151 -0.000035
v -0.143512 0.922994 -0.000051
v -0.181870 0.979309 -0.000068
v -0.181856 1.017965 -0.000068
v -0.181877 1.121397 -0.000068
v 0.090820 0.981234 0.000042
v 0.085225 0.996127 0.000040
v -0.082206 0.893428 -0.000024
v -0.090451 0.927287 -0.000030
v -0.113482 0.923955 -0.000040
v -0.174432 0.939581 0.000144
v -0.171513 0.934093 0.000058
v -0.176836 0.951254 -0.000058
v -0.203331 1.024942 -0.000076
v -0.183742 0.995770 -0.000068
v -0.182797 0.992923 -0.000068
v -0.211663 1.039122 -0.000080
v -0.209848 1.030827 -0.000079
v 0.089761 1.045795 0.000042
v -0.180507 1.085907 -0.000067
v -0.180802 1.098023 -0.000067
v -0.182956 1.105572 -0.000068
v 0.099459 1.091761 0.000046
v 0.090366 1.227338 -0.001271
v -0.177724 0.991277 -0.000066
v -0.177724 0.991277 -0.000066
v -0.117147 1.012188 -0.000049
v -0.142263 0.778559 0.125568
v -0.136180 0.785721 0.099262
v -0.153683 0.770608 0.106883
v 0.129892 0.907954 0.151364
v 0.170022 0.866234 0.130011
v 0.118067 0.933632 0.109371
v 0.085083 0.965946 0.078174
v 0.075905 0.978689 0.069062
v 0.064132 0.973511 0.082294
v 0.023811 0.921685 0.100681
v -0.000578 0.911846 0.084214
v -0.012133 0.871507 0.084619
v 0.057949 0.953895 0.110624
v 0.042463 0.949338 0.097042
v 0.049931 0.937536 0.134030
v -0.044573 0.865926 0.067249
v -0.065380 0.837684 0.071211
v -0.073999 0.830403 0.037973
v -0.112400 0.810388 0.063855
v -0.077219 0.828010 0.016831
v -0.070841 0.833885 -0.000018
v -0.084151 0.813615 -0.000025
v -0.130199 0.773744 0.015158
v -0.125667 0.771502 -0.000026
v -0.143992 0.754190 0.000849
v -0.070757 0.864099 0.026754
v -0.074845 0.864047 -0.000020
v -0.067848 0.943619 0.047562
v -0.082958 0.929197 0.023275
v -0.071541 0.901867 0.032941
v -0.093543 0.940047 0.045568
v -0.113044 0.927800 0.020979
v -0.121650 0.932689 0.034386
v -0.161738 0.926870 0.011302
v -0.155132 0.924422 -0.000055
v -0.180510 0.979745 0.010134
v -0.170632 0.973428 0.017584
v -0.176428 0.980488 0.019202
v -0.037305 1.027021 0.087902
v -0.039742 1.022345 0.092337
v -0.046116 1.023318 0.091663
v -0.171522 1.037589 0.028164
v -0.168435 1.038148 0.031082
v -0.174207 1.044570 0.023758
v -0.182123 1.029798 0.018650
v -0.180375 1.031021 0.011289
v -0.175095 1.025824 0.020184
v -0.191628 1.025118 0.007602
v -0.183827 1.019209 0.005735
v -0.183191 1.023865 0.009789
v -0.181935 1.013316 0.006018
v -0.197146 1.028281 0.010946
v -0.202279 1.026558 0.006880
v -0.159981 0.990175 0.035274
v -0.159753 0.989416 0.035800
v -0.154216 0.989545 0.040689
v 0.064132 0.973511 0.082294
v 0.038004 0.972448 0.089909
v -0.166745 1.070631 0.023070
v -0.169252 1.080773 0.016863
v -0.176091 1.064934 0.015726
v -0.051250 1.076728 0.106316
v -0.069599 1.071489 0.102482
v -0.053874 1.054960 0.102236
v -0.041371 1.055574 0.106551
v -0.045780 1.042067 0.102432
v -0.163040 1.083392 0.020497
v -0.164296 1.088625 0.021228
v -0.158914 1.084399 0.022812
v -0.157528 1.085606 0.027341
v -0.159097 1.089301 0.023938
v -0.121730 1.088050 0.087527
v -0.125732 1.079980 0.084323
v -0.110602 1.076270 0.094131
v -0.095235 1.058574 0.097863
v -0.088848 1.077284 0.098355
v -0.110274 1.092446 0.091174
v -0.035038 1.050116 0.094995
v -0.039574 1.039862 0.106961
v -0.039175 1.064357 0.105878
v -0.029941 1.057352 0.102709
v -0.045160 1.076764 0.109298
v -0.028565 1.065423 0.105040
v -0.042876 1.089780 0.114098
v -0.053709 1.091270 0.106304
v -0.050710 1.095056 0.104678
v -0.064934 1.090302 0.103590
v -0.034140 1.096908 0.120538
v -0.031579 1.094301 0.114567
v -0.023280 1.098652 0.123828
v -0.014811 1.095698 0.126207
v -0.024138 1.072508 0.114900
v -0.008282 1.087637 0.126811
v -0.007144 1.072158 0.123509
v -0.001757 1.072035 0.124744
v -0.008937 1.049969 0.119672
v -0.018608 1.053796 0.113655
v -0.029792 1.046244 0.109830
v -0.017832 1.031073 0.110691
v -0.017414 1.032212 0.105049
v -0.005117 1.048207 0.114287
v -0.020744 1.108182 0.120489
v -0.009294 1.102175 0.122210
v -0.020064 1.094291 0.106871
v -0.037191 1.088536 0.106870
v -0.037973 1.077539 0.106423
v -0.124402 1.102046 0.086328
v -0.114936 1.117058 0.087702
v -0.117354 1.187159 0.077748
v -0.100524 1.183035 0.086237
v -0.108937 1.221086 0.092490
v -0.082994 1.197693 0.101388
v -0.080940 1.224906 0.104865
v -0.156546 1.230532 0.012592
v -0.154371 1.226644 0.036336
v -0.120923 1.242633 -0.001356
v -0.142943 1.228189 0.051230
v -0.117775 1.240517 0.031166
v -0.126015 1.230108 0.064406
v -0.100353 1.233496 0.074869
v -0.071230 1.235845 0.079639
v -0.079962 1.245999 0.039647
v -0.048481 1.238481 0.083210
v -0.020043 1.234660 0.082901
v -0.035028 1.248704 0.035099
v 0.003979 1.044619 0.100969
v -0.009552 1.055635 0.100876
v -0.025155 1.034522 0.092108
v 0.057949 0.953895 0.110624
v 0.077319 0.957504 0.105026
v 0.101757 0.947283 0.090447
v -0.030564 1.022163 0.096309
v -0.025391 1.023877 0.099747
v 0.026148 1.232093 0.074890
v 0.041198 1.230612 0.064220
v 0.025490 1.244128 0.032347
v 0.059323 1.230277 0.043057
v 0.067920 1.232793 0.017487
v 0.070555 1.233671 -0.001279
v 0.040167 1.245037 0.000022
v -0.106608 0.807437 0.105308
v -0.109752 0.799234 0.136945
v 0.139665 0.915150 0.051385
v 0.186848 0.852607 0.069737
v 0.112358 0.942928 0.043809
v 0.080810 0.928997 0.162429
v 0.081553 0.945658 0.132406
v 0.035754 0.912635 0.162691
v 0.049931 0.937536 0.134030
v 0.007693 0.886632 0.153367
v 0.035754 0.912635 0.162691
v 0.018092 0.912131 0.122316
v 0.089020 0.978872 0.036798
v 0.100376 0.961702 0.040490
v 0.075905 0.978689 0.069062
v 0.089020 0.978872 0.036798
v 0.068656 0.997346 0.062470
v 0.082572 0.995085 0.029476
v 0.055285 0.996083 0.081681
v -0.000646 0.937062 0.084608
v -0.012360 0.868697 0.114312
v -0.028129 0.858150 0.148756
v -0.074863 0.829266 0.143241
v -0.072905 0.833056 0.112278
v -0.064521 0.864265 0.049599
v -0.140378 0.783132 0.061178
v -0.106866 0.801991 0.015732
v -0.099217 0.800211 -0.000031
v -0.155386 0.759168 0.054956
v -0.059410 0.898873 0.056002
v -0.056198 0.939919 0.060150
v -0.076072 0.947081 0.055684
v -0.055163 0.961490 0.066690
v -0.141690 0.923264 0.012973
v -0.149853 0.926356 0.023610
v -0.101936 0.949203 0.060023
v -0.131686 0.943761 0.047269
v -0.151757 0.932186 0.029293
v -0.144173 0.931799 0.031007
v -0.153463 0.937412 0.031380
v -0.085863 0.958750 0.072447
v -0.069987 0.974161 0.085180
v -0.072193 0.964347 0.076464
v -0.168763 0.931409 0.013808
v -0.156444 0.949366 0.032987
v -0.172023 0.937431 0.016132
v -0.173413 0.950266 0.016868
v -0.141302 0.958523 0.046114
v -0.124337 0.969300 0.061468
v -0.112976 0.982770 0.071630
v -0.061970 0.997748 0.090816
v -0.045268 0.992644 0.081329
v -0.029757 0.967522 0.082561
v -0.031164 0.995331 0.087641
v -0.029149 0.936654 0.077338
v -0.031812 0.901711 0.071507
v 0.001078 0.971309 0.088476
v 0.001430 0.997465 0.091377
v -0.079196 1.009823 0.094077
v -0.087263 0.990061 0.087538
v -0.061378 1.023717 0.093651
v -0.078587 1.042036 0.094750
v -0.052116 1.028195 0.093170
v -0.168973 0.969309 0.017471
v -0.159585 0.965271 0.031546
v -0.149644 0.971075 0.043897
v -0.143613 0.982407 0.053331
v -0.164985 0.973615 0.029754
v -0.155550 0.981213 0.040360
v -0.169444 0.980755 0.028259
v -0.181101 0.987035 0.011017
v -0.178144 0.987435 0.018587
v -0.171778 0.987365 0.027335
v -0.153656 0.987257 0.044263
v -0.159464 0.986919 0.036863
v -0.143447 0.997005 0.058295
v -0.153880 0.989001 0.041476
v -0.154589 0.989788 0.041806
v -0.154160 0.990530 0.044886
v -0.154123 0.989993 0.040428
v -0.147762 1.010232 0.058072
v -0.120756 1.012861 0.073812
v -0.102989 1.023910 0.086296
v -0.054978 1.037786 0.097330
v -0.045724 1.027276 0.101560
v -0.043764 1.022584 0.098583
v -0.113169 1.045488 0.089069
v -0.131864 1.035983 0.078396
v -0.158156 1.012237 0.048243
v -0.154677 0.998089 0.047707
v -0.163897 1.025603 0.041304
v -0.159204 1.030956 0.050102
v -0.153884 1.042426 0.058898
v -0.141605 1.027605 0.067665
v -0.163426 1.002109 0.039854
v -0.166031 1.014709 0.037875
v -0.162014 0.993755 0.038321
v -0.167435 1.024405 0.034628
v -0.166248 1.045817 0.037614
v -0.161633 1.055129 0.041840
v -0.174990 1.053645 0.022701
v -0.165559 1.063239 0.030018
v -0.182979 1.045114 0.020419
v -0.182704 1.053682 0.016662
v -0.182653 1.038968 0.024066
v -0.185082 1.064852 0.012051
v -0.182400 1.033474 0.023820
v -0.171658 1.030382 0.026490
v -0.190859 1.045777 0.016943
v -0.192550 1.039819 0.019037
v -0.191630 1.033803 0.019366
v -0.190052 1.051425 0.015527
v -0.171585 1.023168 0.027893
v -0.175518 1.020299 0.020795
v -0.189055 1.030627 0.016088
v -0.175962 1.016162 0.021066
v -0.172014 1.016549 0.028656
v -0.172124 1.007108 0.031013
v -0.178644 1.008491 0.020688
v -0.201987 1.040344 0.013121
v -0.201688 1.032322 0.011806
v -0.198481 1.047887 0.012667
v -0.193702 1.054318 0.011813
v -0.188418 1.030188 0.008794
v -0.181894 1.015425 0.011253
v -0.183720 1.008801 0.011129
v -0.184489 1.004010 0.011596
v -0.180244 1.002413 0.019907
v -0.179052 0.996651 0.018589
v -0.182489 0.997007 0.010180
v -0.171674 0.998236 0.030539
v -0.171601 0.995340 0.028665
v -0.162464 0.991796 0.036518
v -0.171220 0.990979 0.025678
v -0.176254 0.991821 0.017812
v -0.179186 0.991135 0.010385
v -0.176834 0.992893 0.018004
v -0.179942 0.992865 0.009982
v -0.171363 0.993381 0.027101
v -0.159669 0.992162 0.035429
v -0.208651 1.031042 0.005106
v -0.209831 1.039441 0.006016
v -0.203145 1.049505 0.007537
v -0.197280 1.057337 0.006486
v -0.189653 1.068399 0.007740
v 0.035794 0.996682 0.088647
v 0.055251 1.043029 0.088399
v 0.074795 1.045544 0.067974
v 0.033253 1.043369 0.100172
v 0.085974 1.045771 0.033567
v -0.178817 1.085745 0.006924
v -0.174504 1.082695 0.012418
v -0.171710 1.092255 0.015202
v -0.177670 1.097980 0.010369
v -0.161216 1.075444 0.024916
v -0.159561 1.069784 0.030648
v -0.156925 1.061996 0.043076
v -0.155428 1.054099 0.057359
v -0.141653 1.049118 0.073556
v -0.147211 1.057536 0.069327
v -0.123465 1.059705 0.087216
v -0.135154 1.068951 0.079650
v -0.156218 1.079599 0.026403
v -0.156524 1.075982 0.032298
v -0.157380 1.083349 0.030472
v -0.158069 1.082155 0.035598
v -0.175464 1.093641 0.020055
v -0.180068 1.102399 0.016869
v -0.167355 1.091776 0.025587
v -0.158529 1.092144 0.027568
v -0.157692 1.088229 0.030226
v -0.167560 1.095971 0.032347
v -0.175104 1.099632 0.029360
v -0.161768 1.094679 0.034730
v -0.180212 1.107706 0.025041
v -0.166597 1.098693 0.044153
v -0.174144 1.107584 0.043427
v -0.177278 1.114665 0.039783
v -0.161874 1.097311 0.044846
v -0.160075 1.091914 0.036581
v -0.160270 1.094593 0.045215
v -0.155810 1.086896 0.031517
v -0.156054 1.085781 0.030166
v -0.156102 1.084267 0.031224
v -0.158775 1.091509 0.037551
v -0.158531 1.094930 0.045255
v -0.157098 1.082805 0.035842
v -0.156964 1.079955 0.045343
v -0.154479 1.073174 0.043803
v -0.156066 1.080769 0.044966
v -0.152070 1.074777 0.055095
v -0.151545 1.066093 0.060406
v -0.153525 1.080643 0.054648
v -0.144617 1.079301 0.064381
v -0.140257 1.073988 0.071702
v -0.144757 1.084374 0.062434
v -0.139927 1.086123 0.069685
v -0.134574 1.085130 0.075567
v -0.140010 1.086952 0.065925
v -0.087397 1.096067 0.097061
v -0.128645 1.092691 0.084981
v -0.145186 1.092670 0.066160
v -0.146466 1.093146 0.069619
v -0.145510 1.103262 0.078443
v -0.143367 1.090317 0.063264
v -0.145096 1.084464 0.061043
v -0.140480 1.087560 0.064010
v -0.142617 1.090136 0.062399
v -0.153166 1.081614 0.054401
v -0.155390 1.095379 0.053247
v -0.157921 1.098112 0.054400
v -0.154155 1.094961 0.053008
v -0.162162 1.100200 0.055359
v -0.152939 1.096767 0.060804
v -0.149874 1.093447 0.059365
v -0.156134 1.098349 0.062753
v -0.148569 1.093978 0.058889
v -0.159260 1.107559 0.069564
v -0.167606 1.109739 0.058512
v -0.033094 1.020489 0.103036
v -0.034827 1.024460 0.106774
v -0.046288 1.095735 0.111102
v -0.034919 1.104699 0.117713
v -0.045541 1.097645 0.108634
v -0.033957 1.105406 0.114470
v -0.022783 1.106945 0.123392
v -0.011238 1.101702 0.127878
v -0.003665 1.089758 0.127944
v -0.001823 1.091543 0.121561
v 0.001119 1.071918 0.119295
v -0.021892 1.034482 0.114699
v -0.029559 1.026318 0.110001
v -0.033575 1.099509 0.106225
v -0.168923 1.116367 0.058588
v -0.158642 1.115058 0.072024
v -0.144246 1.110676 0.080894
v -0.091830 1.119895 0.096231
v -0.071836 1.121191 0.104967
v -0.049444 1.122481 0.111131
v -0.135456 1.127963 0.080576
v -0.153446 1.131514 0.070032
v -0.164282 1.132699 0.057063
v -0.174239 1.131636 0.037878
v -0.178981 1.127404 0.023535
v -0.180748 1.122159 0.011056
v -0.173753 1.153708 0.020788
v -0.170139 1.155658 0.035324
v -0.155808 1.156524 0.060056
v -0.137401 1.155410 0.075556
v -0.120639 1.147514 0.083942
v -0.105567 1.146900 0.091559
v -0.086901 1.149326 0.101312
v -0.136380 1.187077 0.068916
v -0.148785 1.185356 0.057277
v -0.162150 1.182233 0.037210
v -0.169641 1.175538 0.017988
v -0.170886 1.214528 0.043612
v -0.183223 1.213798 0.021831
v -0.157257 1.216307 0.062101
v -0.139808 1.216270 0.081664
v -0.056619 1.153957 0.112837
v -0.056143 1.197706 0.110473
v -0.157253 1.229190 -0.001370
v -0.053681 1.228929 0.111147
v -0.023751 1.121876 0.115569
v -0.020596 1.155947 0.116182
v -0.021755 1.197134 0.111230
v -0.020134 1.223795 0.111326
v 0.010252 1.149467 0.113933
v 0.002718 1.105741 0.112976
v 0.009375 1.195589 0.106837
v -0.006705 1.074166 0.106535
v 0.007941 1.076430 0.105959
v 0.038155 1.082348 0.104448
v 0.036156 1.116121 0.107827
v 0.035451 1.151408 0.105005
v 0.078323 1.088735 0.066720
v 0.094502 1.092848 0.034662
v 0.061643 1.085815 0.087302
v 0.064782 1.120636 0.088999
v 0.080989 1.120909 0.066655
v 0.096316 1.126167 0.033801
v 0.060317 1.156798 0.087185
v 0.034683 1.194373 0.097568
v 0.057272 1.195178 0.082787
v 0.078588 1.155557 0.064613
v 0.076192 1.194812 0.060266
v 0.092306 1.159181 0.032530
v 0.099150 1.124020 0.000045
v 0.094893 1.161199 0.000044
v 0.090330 1.195417 0.032604
v 0.094788 1.199284 0.000044
v 0.056289 1.219879 0.079478
v 0.076203 1.221132 0.055429
v 0.086548 1.224747 0.029476
v 0.034672 1.221110 0.097478
v 0.009397 1.221902 0.106077
v 0.004512 1.233776 0.079853
v -0.003369 1.245848 0.031419
v -0.002845 1.248354 -0.001308
v 0.039876 1.245136 0.000022
v -0.034426 1.250000 -0.001321
v -0.087964 1.247227 -0.001343
v -0.144230 0.753886 0.000850
v -0.025894 1.023100 0.106647
v -0.077766 0.966610 0.080917
v -0.128519 1.090447 0.047758
v -0.154308 0.989803 0.040057
v -0.158602 0.992204 0.034003
v -0.154214 0.990254 0.039801
v -0.154123 0.989993 0.040428
v -0.168114 0.993798 0.024115
v -0.173162 0.993445 0.016745
v -0.176961 0.992407 0.009644
v -0.174880 0.992665 0.009397
v -0.171786 0.993034 0.016914
v -0.166310 0.993350 0.025435
v -0.159012 0.992192 0.034149
v -0.154214 0.990254 0.039801
v -0.149005 0.988344 0.040028
v -0.153826 0.984570 0.033916
v -0.154308 0.989803 0.040057
v -0.158602 0.992204 0.034003
v -0.154214 0.990254 0.039801
v -0.148918 0.988946 0.039774
v -0.159876 0.981858 0.020322
v -0.168114 0.993798 0.024115
v -0.173162 0.993445 0.016745
v -0.176961 0.992407 0.009644
v -0.159057 1.008920 0.021219
v -0.171786 0.993034 0.016914
v -0.174880 0.992665 0.009397
v -0.166310 0.993350 0.025435
v -0.154221 1.005416 0.034230
v -0.159012 0.992192 0.034149
v -0.148918 0.988946 0.039774
v -0.154214 0.990254 0.039801
v -0.121455 0.985067 0.039835
v -0.117652 0.979072 0.033814
v -0.117552 0.976373 0.020207
v -0.117032 1.010315 0.021166
v -0.116811 1.004339 0.034195
v -0.143512 0.922994 -0.000051
v 0.085225 0.996127 0.000040
v 0.090820 0.981234 0.000042
v -0.082206 0.893428 -0.000024
v -0.090451 0.927287 -0.000030
v -0.113482 0.923955 -0.000040
v 0.089761 1.045795 0.000042
v 0.099459 1.091761 0.000046
v 0.090366 1.227338 -0.001271
# num_vertices: 8857

vt 0.661650 0.772748
vt 0.621945 0.773459
vt 0.662164 0.751094
vt 0.622457 0.751036
vt 0.662195 0.749947
vt 0.662164 0.751094
vt 0.622517 0.749841
vt 0.622457 0.751036
vt 0.701906 0.773186
vt 0.661650 0.772748
vt 0.702396 0.750975
vt 0.661650 0.772748
vt 0.702396 0.750975
vt 0.702363 0.749869
vt 0.738769 0.773271
vt 0.739187 0.750763
vt 0.739149 0.749664
vt 0.739187 0.750763
vt 0.777860 0.773568
vt 0.778373 0.750982
vt 0.778407 0.749863
vt 0.778373 0.750982
vt 0.613281 0.773419
vt 0.613888 0.751069
vt 0.613940 0.749889
vt 0.613888 0.751069
vt 0.661650 0.772748
vt 0.622019 0.774816
vt 0.621945 0.773459
vt 0.661693 0.774058
vt 0.701906 0.773186
vt 0.701869 0.774449
vt 0.738769 0.773271
vt 0.738725 0.774530
vt 0.777860 0.773568
vt 0.777891 0.774851
vt 0.613281 0.773419
vt 0.613335 0.774763
vt 0.495045 0.045042
vt 0.553250 0.044085
vt 0.495133 0.032868
vt 0.552922 0.020613
vt 0.545383 0.013895
vt 0.552922 0.020613
vt 0.527590 0.013923
vt 0.527562 0.044504
vt 0.553250 0.044085
vt 0.555084 0.044054
vt 0.554296 0.019880
vt 0.547010 0.076499
vt 0.528576 0.077938
vt 0.546355 0.075007
vt 0.528596 0.076117
vt 0.495045 0.045042
vt 0.495534 0.057501
vt 0.493205 0.045068
vt 0.494084 0.058186
vt 0.513890 0.014402
vt 0.527488 0.012093
vt 0.513142 0.012963
vt 0.514183 0.077438
vt 0.514902 0.075989
vt 0.493678 0.032218
vt 0.495133 0.032868
vt 0.555076 0.068725
vt 0.553674 0.068042
vt 0.545960 0.012384
vt 0.546355 0.075007
vt 0.495534 0.057501
vt 0.528596 0.076117
vt 0.514902 0.075989
vt 0.553674 0.068042
vt 0.545383 0.013895
vt 0.527590 0.013923
vt 0.513890 0.014402
vt 0.675756 0.855161
vt 0.672595 0.856187
vt 0.675325 0.865993
vt 0.671979 0.863500
vt 0.645782 0.861975
vt 0.643197 0.864050
vt 0.643151 0.863943
vt 0.641432 0.863903
vt 0.644002 0.853076
vt 0.642282 0.852476
vt 0.645736 0.861868
vt 0.643151 0.863943
vt 0.671933 0.863393
vt 0.675279 0.865886
vt 0.675279 0.865886
vt 0.671933 0.863393
vt 0.645736 0.861868
vt 0.671624 0.867782
vt 0.671263 0.872335
vt 0.675279 0.865886
vt 0.674231 0.873861
vt 0.643151 0.863943
vt 0.645448 0.866419
vt 0.643042 0.872116
vt 0.641444 0.872926
vt 0.645448 0.866419
vt 0.671624 0.867782
vt 0.644852 0.870919
vt 0.643042 0.872116
vt 0.657515 0.877821
vt 0.657316 0.880508
vt 0.657089 0.881979
vt 0.657316 0.880508
vt 0.675391 0.874835
vt 0.674231 0.873861
vt 0.675711 0.855053
vt 0.672550 0.856080
vt 0.644048 0.853184
vt 0.646440 0.854804
vt 0.644002 0.853076
vt 0.646394 0.854696
vt 0.675711 0.855053
vt 0.672550 0.856080
vt 0.674231 0.873861
vt 0.671263 0.872335
vt 0.643042 0.872116
vt 0.657316 0.880508
vt 0.644852 0.870919
vt 0.657515 0.877821
vt 0.677292 0.854621
vt 0.676818 0.866035
vt 0.646394 0.854696
vt 0.643155 0.851473
vt 0.676523 0.853636
vt 0.649552 0.805956
vt 0.644720 0.805583
vt 0.648458 0.783723
vt 0.642910 0.783055
vt 0.648859 0.782560
vt 0.643330 0.781843
vt 0.645055 0.806859
vt 0.649888 0.807118
vt 0.687777 0.804433
vt 0.688600 0.782889
vt 0.615207 0.782833
vt 0.617627 0.806049
vt 0.615026 0.781626
vt 0.617472 0.807257
vt 0.642910 0.783055
vt 0.644720 0.805583
vt 0.648448 0.783734
vt 0.649552 0.805956
vt 0.617627 0.806049
vt 0.615207 0.782833
vt 0.688213 0.781718
vt 0.687351 0.805615
vt 0.687777 0.804433
vt 0.688600 0.782889
vt 0.743567 0.782772
vt 0.738844 0.803368
vt 0.743305 0.781633
vt 0.738466 0.804441
vt 0.738844 0.803368
vt 0.743567 0.782772
vt 0.642910 0.783055
vt 0.644720 0.805583
vt 0.648458 0.783723
vt 0.649552 0.805956
vt 0.643330 0.781843
vt 0.648859 0.782560
vt 0.649888 0.807118
vt 0.645055 0.806859
vt 0.688600 0.782889
vt 0.687777 0.804433
vt 0.617627 0.806049
vt 0.615207 0.782833
vt 0.615026 0.781626
vt 0.617472 0.807257
vt 0.649552 0.805956
vt 0.644720 0.805583
vt 0.648448 0.783734
vt 0.642910 0.783055
vt 0.615207 0.782833
vt 0.617627 0.806049
vt 0.688213 0.781718
vt 0.687351 0.805615
vt 0.688600 0.782889
vt 0.687777 0.804433
vt 0.738844 0.803368
vt 0.743567 0.782772
vt 0.743305 0.781633
vt 0.738415 0.804420
vt 0.743567 0.782772
vt 0.738844 0.803368
vt 0.706345 0.912711
vt 0.688880 0.913062
vt 0.706352 0.990643
vt 0.687283 0.990377
vt 0.688770 0.910885
vt 0.705854 0.911076
vt 0.660303 0.912241
vt 0.660307 0.910127
vt 0.660470 0.892229
vt 0.689132 0.894170
vt 0.630054 0.910958
vt 0.630220 0.908580
vt 0.659279 0.988991
vt 0.628386 0.988324
vt 0.612819 0.909487
vt 0.610088 0.987837
vt 0.613287 0.907950
vt 0.538378 0.514098
vt 0.519833 0.515077
vt 0.539322 0.563136
vt 0.519868 0.563518
vt 0.659217 0.991292
vt 0.628461 0.990119
vt 0.610524 0.990470
vt 0.687109 0.992258
vt 0.686972 0.993617
vt 0.705951 0.993184
vt 0.704872 0.993838
vt 0.659155 0.992566
vt 0.105915 0.935926
vt 0.094341 0.935775
vt 0.105765 0.944403
vt 0.093277 0.944544
vt 0.628582 0.991457
vt 0.519812 0.513689
vt 0.501898 0.514325
vt 0.501703 0.515329
vt 0.502046 0.564067
vt 0.538048 0.513191
vt 0.631232 0.891979
vt 0.092703 0.921774
vt 0.094093 0.930434
vt 0.105810 0.921987
vt 0.106058 0.930246
vt 0.085406 0.929287
vt 0.085641 0.937204
vt 0.141831 0.078510
vt 0.141149 0.078369
vt 0.142500 0.081651
vt 0.141584 0.081865
vt 0.181668 0.137388
vt 0.161385 0.136465
vt 0.180531 0.139094
vt 0.161431 0.138369
vt 0.611511 0.991079
vt 0.519886 0.565012
vt 0.539868 0.564658
vt 0.126569 0.929637
vt 0.117654 0.930366
vt 0.126037 0.937109
vt 0.117305 0.935616
vt 0.174501 0.083121
vt 0.174590 0.079704
vt 0.141511 0.074418
vt 0.140829 0.074346
vt 0.141535 0.070144
vt 0.140828 0.069885
vt 0.141718 0.062041
vt 0.140993 0.061802
vt 0.174770 0.070846
vt 0.174931 0.062473
vt 0.174708 0.075285
vt 0.161318 0.132268
vt 0.161344 0.134724
vt 0.181853 0.132605
vt 0.181872 0.135165
vt 0.161245 0.127521
vt 0.181779 0.127782
vt 0.120165 0.921775
vt 0.142545 0.135657
vt 0.142949 0.137919
vt 0.144039 0.139572
vt 0.204468 0.079650
vt 0.205161 0.079584
vt 0.205152 0.075517
vt 0.205840 0.075488
vt 0.203660 0.082725
vt 0.204774 0.082994
vt 0.142432 0.128099
vt 0.142510 0.133113
vt 0.206001 0.071018
vt 0.205262 0.071281
vt 0.206121 0.062636
vt 0.205386 0.062872
vt 0.161170 0.122887
vt 0.161177 0.125184
vt 0.181605 0.123342
vt 0.181672 0.125470
vt 0.119562 0.944199
vt 0.501699 0.565560
vt 0.142376 0.125482
vt 0.142437 0.123275
vt 0.206123 0.054135
vt 0.205396 0.054560
vt 0.206106 0.058040
vt 0.205442 0.058294
vt 0.205232 0.035499
vt 0.206044 0.035270
vt 0.161841 0.111934
vt 0.142742 0.111697
vt 0.142983 0.099644
vt 0.162155 0.099783
vt 0.206131 0.015695
vt 0.205223 0.015795
vt 0.162217 0.096779
vt 0.143670 0.096639
vt 0.144420 0.095384
vt 0.162223 0.095517
vt 0.162218 0.094958
vt 0.158290 0.094693
vt 0.145359 0.094891
vt 0.179635 0.095484
vt 0.166101 0.094769
vt 0.180909 0.006067
vt 0.183090 0.007497
vt 0.201882 0.007618
vt 0.201904 0.008247
vt 0.203015 0.009025
vt 0.203582 0.008552
vt 0.205022 0.010679
vt 0.204200 0.010970
vt 0.182826 0.033016
vt 0.183136 0.013951
vt 0.181799 0.100132
vt 0.181872 0.112369
vt 0.140513 0.016288
vt 0.140721 0.036151
vt 0.141377 0.016387
vt 0.141519 0.036364
vt 0.164330 0.032621
vt 0.142220 0.011620
vt 0.141447 0.011360
vt 0.143344 0.009737
vt 0.142802 0.009294
vt 0.181249 0.097150
vt 0.180541 0.095930
vt 0.141303 0.053993
vt 0.142032 0.054404
vt 0.173419 0.045993
vt 0.175121 0.054058
vt 0.182699 0.046433
vt 0.175084 0.057963
vt 0.141929 0.058000
vt 0.164131 0.045636
vt 0.141229 0.057709
vt 0.166314 0.006219
vt 0.163682 0.007680
vt 0.166607 0.007041
vt 0.144448 0.009016
vt 0.144416 0.008434
vt 0.163947 0.013914
vt 0.180969 0.006972
vt 0.411630 0.578221
vt 0.412757 0.596774
vt 0.413997 0.578949
vt 0.426525 0.578173
vt 0.430068 0.596261
vt 0.429020 0.577362
vt 0.410838 0.572178
vt 0.413610 0.573412
vt 0.412739 0.571349
vt 0.426375 0.572672
vt 0.415805 0.609210
vt 0.421400 0.596504
vt 0.422285 0.608954
vt 0.167259 0.044631
vt 0.409308 0.578868
vt 0.411224 0.597519
vt 0.180120 0.044760
vt 0.431258 0.577627
vt 0.431500 0.596703
vt 0.173692 0.044669
vt 0.408228 0.572942
vt 0.409591 0.569167
vt 0.408476 0.568594
vt 0.410371 0.568858
vt 0.410191 0.567531
vt 0.413875 0.568239
vt 0.425812 0.567751
vt 0.427009 0.570651
vt 0.429179 0.566530
vt 0.429314 0.567940
vt 0.429044 0.571314
vt 0.429902 0.568105
vt 0.430896 0.567572
vt 0.431499 0.571388
vt 0.428744 0.608587
vt 0.410838 0.572178
vt 0.409591 0.569167
vt 0.412739 0.571349
vt 0.410371 0.568858
vt 0.429044 0.571314
vt 0.427009 0.570651
vt 0.429902 0.568105
vt 0.429314 0.567940
vt 0.938578 0.902884
vt 0.938462 0.903360
vt 0.922506 0.902889
vt 0.922548 0.903240
vt 0.922506 0.902889
vt 0.938578 0.902884
vt 0.922656 0.890024
vt 0.938320 0.889668
vt 0.914434 0.890376
vt 0.914134 0.902954
vt 0.914177 0.903304
vt 0.914134 0.902954
vt 0.922656 0.890024
vt 0.914434 0.890376
vt 0.938320 0.889668
vt 0.922662 0.889678
vt 0.938347 0.889206
vt 0.914459 0.890023
vt 0.909877 0.890284
vt 0.909859 0.889928
vt 0.902860 0.890159
vt 0.902925 0.890546
vt 0.896547 0.889681
vt 0.896552 0.890059
vt 0.890919 0.889194
vt 0.890916 0.889571
vt 0.890080 0.902213
vt 0.896334 0.902710
vt 0.902946 0.903245
vt 0.909627 0.903047
vt 0.896272 0.903078
vt 0.890093 0.902605
vt 0.902859 0.903601
vt 0.884095 0.902614
vt 0.885090 0.889823
vt 0.884962 0.889463
vt 0.884095 0.902614
vt 0.890080 0.902213
vt 0.885090 0.889823
vt 0.890916 0.889571
vt 0.881290 0.889641
vt 0.880514 0.902805
vt 0.896552 0.890059
vt 0.896334 0.902710
vt 0.902946 0.903245
vt 0.902925 0.890546
vt 0.909877 0.890284
vt 0.909627 0.903047
vt 0.881068 0.889346
vt 0.881290 0.889641
vt 0.880514 0.902805
vt 0.909624 0.903404
vt 0.884017 0.902948
vt 0.880276 0.903070
vt 0.413610 0.573412
vt 0.426375 0.572672
vt 0.687283 0.990377
vt 0.688880 0.913062
vt 0.706352 0.990643
vt 0.706345 0.912711
vt 0.688770 0.910885
vt 0.705854 0.911076
vt 0.660303 0.912241
vt 0.660307 0.910127
vt 0.689132 0.894170
vt 0.660470 0.892229
vt 0.630220 0.908580
vt 0.630054 0.910958
vt 0.659279 0.988991
vt 0.628386 0.988324
vt 0.612819 0.909487
vt 0.610088 0.987837
vt 0.613287 0.907950
vt 0.519868 0.563518
vt 0.519833 0.515077
vt 0.539322 0.563136
vt 0.538378 0.514098
vt 0.659217 0.991292
vt 0.628461 0.990119
vt 0.610524 0.990470
vt 0.687109 0.992258
vt 0.705951 0.993184
vt 0.686972 0.993617
vt 0.704872 0.993838
vt 0.659155 0.992566
vt 0.105915 0.935926
vt 0.105765 0.944403
vt 0.094341 0.935775
vt 0.093277 0.944544
vt 0.628582 0.991457
vt 0.519812 0.513689
vt 0.501898 0.514325
vt 0.501703 0.515329
vt 0.502046 0.564067
vt 0.538048 0.513191
vt 0.631232 0.891979
vt 0.092703 0.921774
vt 0.105810 0.921987
vt 0.094093 0.930434
vt 0.106058 0.930246
vt 0.085641 0.937204
vt 0.085406 0.929287
vt 0.141831 0.078510
vt 0.142500 0.081651
vt 0.141149 0.078369
vt 0.141584 0.081865
vt 0.181668 0.137388
vt 0.180531 0.139094
vt 0.161385 0.136465
vt 0.161431 0.138369
vt 0.611511 0.991079
vt 0.539868 0.564658
vt 0.519886 0.565012
vt 0.126569 0.929637
vt 0.126037 0.937109
vt 0.117654 0.930366
vt 0.117305 0.935616
vt 0.174501 0.083121
vt 0.174590 0.079704
vt 0.140829 0.074346
vt 0.141511 0.074418
vt 0.141535 0.070144
vt 0.140828 0.069885
vt 0.141718 0.062041
vt 0.140993 0.061802
vt 0.174931 0.062473
vt 0.174770 0.070846
vt 0.174708 0.075285
vt 0.161318 0.132268
vt 0.181853 0.132605
vt 0.161344 0.134724
vt 0.181872 0.135165
vt 0.161245 0.127521
vt 0.181779 0.127782
vt 0.120165 0.921775
vt 0.142949 0.137919
vt 0.142545 0.135657
vt 0.144039 0.139572
vt 0.205840 0.075488
vt 0.205161 0.079584
vt 0.205152 0.075517
vt 0.204468 0.079650
vt 0.203660 0.082725
vt 0.204774 0.082994
vt 0.142510 0.133113
vt 0.142432 0.128099
vt 0.205262 0.071281
vt 0.206001 0.071018
vt 0.205386 0.062872
vt 0.206121 0.062636
vt 0.181672 0.125470
vt 0.161177 0.125184
vt 0.181605 0.123342
vt 0.161170 0.122887
vt 0.119562 0.944199
vt 0.501699 0.565560
vt 0.142376 0.125482
vt 0.142437 0.123275
vt 0.206123 0.054135
vt 0.206106 0.058040
vt 0.205396 0.054560
vt 0.205442 0.058294
vt 0.206044 0.035270
vt 0.205232 0.035499
vt 0.142742 0.111697
vt 0.161841 0.111934
vt 0.142983 0.099644
vt 0.162155 0.099783
vt 0.206131 0.015695
vt 0.205223 0.015795
vt 0.162217 0.096779
vt 0.143670 0.096639
vt 0.162223 0.095517
vt 0.144420 0.095384
vt 0.162218 0.094958
vt 0.145359 0.094891
vt 0.158290 0.094693
vt 0.179635 0.095484
vt 0.166101 0.094769
vt 0.180909 0.006067
vt 0.201882 0.007618
vt 0.183090 0.007497
vt 0.201904 0.008247
vt 0.203582 0.008552
vt 0.203015 0.009025
vt 0.204200 0.010970
vt 0.205022 0.010679
vt 0.182826 0.033016
vt 0.183136 0.013951
vt 0.181799 0.100132
vt 0.181872 0.112369
vt 0.140513 0.016288
vt 0.141377 0.016387
vt 0.140721 0.036151
vt 0.141519 0.036364
vt 0.164330 0.032621
vt 0.142220 0.011620
vt 0.141447 0.011360
vt 0.143344 0.009737
vt 0.142802 0.009294
vt 0.181249 0.097150
vt 0.180541 0.095930
vt 0.142032 0.054404
vt 0.141303 0.053993
vt 0.173419 0.045993
vt 0.182699 0.046433
vt 0.175121 0.054058
vt 0.175084 0.057963
vt 0.141929 0.058000
vt 0.164131 0.045636
vt 0.141229 0.057709
vt 0.166314 0.006219
vt 0.166607 0.007041
vt 0.163682 0.007680
vt 0.144448 0.009016
vt 0.144416 0.008434
vt 0.163947 0.013914
vt 0.180969 0.006972
vt 0.411630 0.578221
vt 0.413997 0.578949
vt 0.412757 0.596774
vt 0.426525 0.578173
vt 0.429020 0.577362
vt 0.430068 0.596261
vt 0.410838 0.572178
vt 0.413610 0.573412
vt 0.412739 0.571349
vt 0.426375 0.572672
vt 0.421400 0.596504
vt 0.415805 0.609210
vt 0.422285 0.608954
vt 0.167259 0.044631
vt 0.411224 0.597519
vt 0.409308 0.578868
vt 0.180120 0.044760
vt 0.431500 0.596703
vt 0.431258 0.577627
vt 0.173692 0.044669
vt 0.408228 0.572942
vt 0.408476 0.568594
vt 0.409591 0.569167
vt 0.410371 0.568858
vt 0.410191 0.567531
vt 0.413875 0.568239
vt 0.427009 0.570651
vt 0.425812 0.567751
vt 0.429179 0.566530
vt 0.429314 0.567940
vt 0.429044 0.571314
vt 0.429902 0.568105
vt 0.430896 0.567572
vt 0.431499 0.571388
vt 0.428744 0.608587
vt 0.410838 0.572178
vt 0.412739 0.571349
vt 0.409591 0.569167
vt 0.410371 0.568858
vt 0.429044 0.571314
vt 0.429902 0.568105
vt 0.427009 0.570651
vt 0.429314 0.567940
vt 0.922548 0.903240
vt 0.938462 0.903360
vt 0.922506 0.902889
vt 0.938578 0.902884
vt 0.922506 0.902889
vt 0.922656 0.890024
vt 0.938578 0.902884
vt 0.938320 0.889668
vt 0.914134 0.902954
vt 0.914434 0.890376
vt 0.914134 0.902954
vt 0.914177 0.903304
vt 0.922656 0.890024
vt 0.914434 0.890376
vt 0.938320 0.889668
vt 0.922662 0.889678
vt 0.938347 0.889206
vt 0.914459 0.890023
vt 0.909877 0.890284
vt 0.909859 0.889928
vt 0.902925 0.890546
vt 0.902860 0.890159
vt 0.896547 0.889681
vt 0.896552 0.890059
vt 0.890916 0.889571
vt 0.890919 0.889194
vt 0.890080 0.902213
vt 0.896334 0.902710
vt 0.902946 0.903245
vt 0.909627 0.903047
vt 0.896272 0.903078
vt 0.890093 0.902605
vt 0.902859 0.903601
vt 0.884095 0.902614
vt 0.885090 0.889823
vt 0.884962 0.889463
vt 0.890916 0.889571
vt 0.890080 0.902213
vt 0.885090 0.889823
vt 0.884095 0.902614
vt 0.880514 0.902805
vt 0.881290 0.889641
vt 0.896552 0.890059
vt 0.896334 0.902710
vt 0.902925 0.890546
vt 0.902946 0.903245
vt 0.909627 0.903047
vt 0.909877 0.890284
vt 0.881068 0.889346
vt 0.881290 0.889641
vt 0.880514 0.902805
vt 0.909624 0.903404
vt 0.884017 0.902948
vt 0.880276 0.903070
vt 0.426375 0.572672
vt 0.413610 0.573412
vt 0.986557 0.055754
vt 0.987584 0.033627
vt 0.960821 0.052239
vt 0.962355 0.032419
vt 0.510338 0.942746
vt 0.511135 0.942429
vt 0.505966 0.918372
vt 0.507343 0.918211
vt 0.507343 0.918211
vt 0.511135 0.942429
vt 0.505966 0.918372
vt 0.510338 0.942746
vt 0.985608 0.199615
vt 0.985143 0.191348
vt 0.959293 0.200912
vt 0.958801 0.191396
vt 0.509396 0.821202
vt 0.509288 0.831427
vt 0.510252 0.821218
vt 0.510148 0.831454
vt 0.510252 0.821218
vt 0.510148 0.831454
vt 0.509396 0.821202
vt 0.509288 0.831427
vt 0.982274 0.227032
vt 0.962052 0.227235
vt 0.509318 0.791689
vt 0.510184 0.791698
vt 0.510184 0.791698
vt 0.509318 0.791689
vt 0.982954 0.254438
vt 0.962760 0.255266
vt 0.506823 0.761881
vt 0.507695 0.761864
vt 0.507695 0.761864
vt 0.506823 0.761881
vt 0.983213 0.284641
vt 0.962955 0.285736
vt 0.501369 0.729850
vt 0.502246 0.729804
vt 0.502246 0.729804
vt 0.501378 0.729876
vt 0.983898 0.314952
vt 0.964015 0.315908
vt 0.501556 0.697689
vt 0.502420 0.697611
vt 0.502420 0.697611
vt 0.501510 0.697732
vt 0.962869 0.014024
vt 0.988132 0.014239
vt 0.518776 0.963783
vt 0.519316 0.962690
vt 0.519316 0.962690
vt 0.518776 0.963783
vt 0.983305 0.347446
vt 0.962973 0.346866
vt 0.512350 0.666668
vt 0.511476 0.666170
vt 0.511476 0.666170
vt 0.512350 0.666668
vt 0.891162 0.862257
vt 0.891177 0.877916
vt 0.899821 0.862325
vt 0.899834 0.877926
vt 0.882505 0.862276
vt 0.882521 0.877911
vt 0.873850 0.862376
vt 0.873865 0.877912
vt 0.865196 0.862518
vt 0.865208 0.877920
vt 0.943101 0.862450
vt 0.934446 0.862568
vt 0.943114 0.877854
vt 0.934457 0.877874
vt 0.925788 0.862609
vt 0.925800 0.877898
vt 0.917133 0.862562
vt 0.917145 0.877916
vt 0.908476 0.862447
vt 0.908488 0.877925
vt 0.483879 0.911838
vt 0.480434 0.903912
vt 0.482816 0.912850
vt 0.478970 0.904003
vt 0.491611 0.915684
vt 0.491482 0.917663
vt 0.500005 0.913662
vt 0.505150 0.906724
vt 0.507620 0.906665
vt 0.504657 0.898097
vt 0.507871 0.897797
vt 0.498699 0.891821
vt 0.508146 0.887604
vt 0.490107 0.890861
vt 0.490540 0.888508
vt 0.500023 0.887916
vt 0.482886 0.895617
vt 0.481709 0.894747
vt 0.959495 0.084109
vt 0.985217 0.085121
vt 0.959942 0.075111
vt 0.985595 0.076192
vt 0.960335 0.065837
vt 0.986012 0.066988
vt 0.959080 0.093091
vt 0.958986 0.103156
vt 0.984929 0.094038
vt 0.984823 0.104032
vt 0.482816 0.912850
vt 0.478970 0.904003
vt 0.483879 0.911838
vt 0.480434 0.903912
vt 0.491482 0.917663
vt 0.491611 0.915684
vt 0.500005 0.913662
vt 0.507871 0.897797
vt 0.507620 0.906665
vt 0.506884 0.897889
vt 0.506755 0.906686
vt 0.500023 0.887916
vt 0.508146 0.887604
vt 0.498699 0.891821
vt 0.490540 0.888508
vt 0.490107 0.890861
vt 0.481589 0.894719
vt 0.482886 0.895617
vt 0.253026 0.046136
vt 0.243034 0.044626
vt 0.249749 0.056276
vt 0.240694 0.051955
vt 0.243652 0.064838
vt 0.236137 0.058267
vt 0.235755 0.071064
vt 0.229663 0.062969
vt 0.227775 0.075660
vt 0.222007 0.066402
vt 0.235046 0.010714
vt 0.226830 0.006506
vt 0.229293 0.019074
vt 0.221469 0.016036
vt 0.243308 0.016606
vt 0.236047 0.023409
vt 0.249771 0.025110
vt 0.240880 0.029562
vt 0.253114 0.035394
vt 0.243197 0.036943
vt 0.234306 0.048829
vt 0.235769 0.043440
vt 0.231091 0.053577
vt 0.226114 0.056859
vt 0.219950 0.058158
vt 0.219948 0.024486
vt 0.226146 0.025389
vt 0.231277 0.028218
vt 0.234740 0.032611
vt 0.236145 0.037941
vt 0.228785 0.046189
vt 0.229063 0.042278
vt 0.227080 0.049191
vt 0.224281 0.050929
vt 0.221076 0.050942
vt 0.221622 0.031759
vt 0.224761 0.031490
vt 0.227588 0.032809
vt 0.229477 0.035300
vt 0.229988 0.038554
vt 0.223736 0.045656
vt 0.224893 0.037009
vt 0.900867 0.833530
vt 0.897907 0.825397
vt 0.888212 0.833533
vt 0.890407 0.821070
vt 0.881880 0.822576
vt 0.876320 0.829208
vt 0.876320 0.837864
vt 0.881891 0.844494
vt 0.890415 0.845995
vt 0.897909 0.841666
vt 0.891162 0.862257
vt 0.891177 0.877916
vt 0.899821 0.862325
vt 0.899834 0.877926
vt 0.882505 0.862276
vt 0.882521 0.877911
vt 0.873850 0.862376
vt 0.873865 0.877912
vt 0.865196 0.862518
vt 0.865208 0.877920
vt 0.943101 0.862450
vt 0.934446 0.862568
vt 0.943114 0.877854
vt 0.934457 0.877874
vt 0.925788 0.862609
vt 0.925800 0.877898
vt 0.917133 0.862562
vt 0.917145 0.877916
vt 0.908476 0.862447
vt 0.908488 0.877925
vt 0.483743 0.882300
vt 0.480296 0.874379
vt 0.482680 0.883310
vt 0.478832 0.874470
vt 0.491485 0.886122
vt 0.499888 0.884096
vt 0.505068 0.877167
vt 0.508534 0.877772
vt 0.504566 0.868544
vt 0.508915 0.867742
vt 0.498569 0.862306
vt 0.509214 0.858745
vt 0.489973 0.861351
vt 0.489615 0.859488
vt 0.500118 0.858830
vt 0.482748 0.866091
vt 0.481574 0.865226
vt 0.958620 0.120856
vt 0.984350 0.121607
vt 0.958961 0.111915
vt 0.984625 0.112719
vt 0.958299 0.129786
vt 0.958494 0.138924
vt 0.984156 0.130495
vt 0.984335 0.139594
vt 0.482680 0.883310
vt 0.478832 0.874470
vt 0.483743 0.882300
vt 0.480296 0.874379
vt 0.491485 0.886122
vt 0.499888 0.884096
vt 0.508534 0.877772
vt 0.505068 0.877167
vt 0.508915 0.867742
vt 0.504566 0.868544
vt 0.500118 0.858830
vt 0.500212 0.855447
vt 0.509214 0.858745
vt 0.498569 0.862306
vt 0.489615 0.859488
vt 0.489973 0.861351
vt 0.481574 0.865226
vt 0.482748 0.866091
vt 0.911907 0.802867
vt 0.921902 0.804376
vt 0.915187 0.792728
vt 0.924244 0.797050
vt 0.921288 0.784167
vt 0.928801 0.790737
vt 0.929185 0.777940
vt 0.935278 0.786036
vt 0.937167 0.773345
vt 0.942934 0.782605
vt 0.929887 0.838292
vt 0.938103 0.842500
vt 0.935641 0.829931
vt 0.943466 0.832970
vt 0.921628 0.832396
vt 0.928889 0.825595
vt 0.915160 0.823893
vt 0.924057 0.819443
vt 0.911819 0.813606
vt 0.921739 0.812061
vt 0.930633 0.800175
vt 0.929167 0.805565
vt 0.933849 0.795428
vt 0.938825 0.792146
vt 0.944989 0.790849
vt 0.944986 0.824521
vt 0.938790 0.823615
vt 0.933658 0.820787
vt 0.930198 0.816393
vt 0.928793 0.811063
vt 0.936154 0.802817
vt 0.935877 0.806728
vt 0.937859 0.799813
vt 0.940657 0.798078
vt 0.943861 0.798065
vt 0.943315 0.817247
vt 0.940175 0.817516
vt 0.937350 0.816196
vt 0.935462 0.813705
vt 0.934946 0.810452
vt 0.941203 0.803349
vt 0.940043 0.811998
vt 0.900867 0.833530
vt 0.897907 0.825397
vt 0.888212 0.833533
vt 0.890407 0.821070
vt 0.881880 0.822576
vt 0.876320 0.829208
vt 0.876320 0.837864
vt 0.881891 0.844494
vt 0.890415 0.845995
vt 0.897909 0.841666
vt 0.891162 0.862257
vt 0.891177 0.877916
vt 0.899821 0.862325
vt 0.899834 0.877926
vt 0.882505 0.862276
vt 0.882521 0.877911
vt 0.873850 0.862376
vt 0.873865 0.877912
vt 0.865196 0.862518
vt 0.865208 0.877920
vt 0.943101 0.862450
vt 0.934446 0.862568
vt 0.943114 0.877854
vt 0.934457 0.877874
vt 0.925788 0.862609
vt 0.925800 0.877898
vt 0.917133 0.862562
vt 0.917145 0.877916
vt 0.908476 0.862447
vt 0.908488 0.877925
vt 0.484028 0.853650
vt 0.480560 0.845734
vt 0.482968 0.854657
vt 0.479097 0.845826
vt 0.491791 0.857457
vt 0.500212 0.855447
vt 0.505367 0.848506
vt 0.509583 0.849254
vt 0.504740 0.839900
vt 0.509891 0.839232
vt 0.498749 0.833675
vt 0.499393 0.832362
vt 0.490177 0.832692
vt 0.489832 0.831266
vt 0.482991 0.837456
vt 0.481811 0.836586
vt 0.958489 0.155412
vt 0.984224 0.156010
vt 0.958773 0.146492
vt 0.984443 0.147120
vt 0.957983 0.173258
vt 0.957810 0.182195
vt 0.983972 0.173822
vt 0.983870 0.182745
vt 0.958215 0.164333
vt 0.984075 0.164911
vt 0.482968 0.854657
vt 0.479097 0.845826
vt 0.484028 0.853650
vt 0.480560 0.845734
vt 0.491791 0.857457
vt 0.509891 0.839232
vt 0.509583 0.849254
vt 0.504740 0.839900
vt 0.505367 0.848506
vt 0.499393 0.832362
vt 0.498749 0.833675
vt 0.489832 0.831266
vt 0.490177 0.832692
vt 0.481811 0.836586
vt 0.482991 0.837456
vt 0.911906 0.802838
vt 0.921901 0.804344
vt 0.915187 0.792728
vt 0.924244 0.797050
vt 0.921231 0.784143
vt 0.928801 0.790737
vt 0.929097 0.777893
vt 0.935220 0.785966
vt 0.937058 0.773270
vt 0.942861 0.782505
vt 0.929802 0.838269
vt 0.937997 0.842504
vt 0.935641 0.829931
vt 0.943392 0.832995
vt 0.921628 0.832396
vt 0.928849 0.825571
vt 0.915130 0.823837
vt 0.924038 0.819405
vt 0.911819 0.813606
vt 0.921737 0.812022
vt 0.930626 0.800131
vt 0.929168 0.805527
vt 0.933849 0.795428
vt 0.938825 0.792146
vt 0.944947 0.790744
vt 0.944947 0.824548
vt 0.938790 0.823615
vt 0.933635 0.820775
vt 0.930198 0.816393
vt 0.928795 0.811031
vt 0.936154 0.802817
vt 0.935877 0.806728
vt 0.937848 0.799744
vt 0.940641 0.797992
vt 0.943845 0.797966
vt 0.943298 0.817267
vt 0.940175 0.817516
vt 0.937350 0.816196
vt 0.935462 0.813705
vt 0.934948 0.810428
vt 0.941203 0.803349
vt 0.940043 0.811998
vt 0.900867 0.833530
vt 0.897907 0.825397
vt 0.888212 0.833533
vt 0.890407 0.821070
vt 0.881880 0.822576
vt 0.876320 0.829208
vt 0.876320 0.837864
vt 0.881891 0.844494
vt 0.890415 0.845995
vt 0.897909 0.841666
vt 0.988759 0.694091
vt 0.957680 0.689231
vt 0.990442 0.678366
vt 0.958757 0.671954
vt 0.956048 0.689235
vt 0.957577 0.671692
vt 0.989879 0.694094
vt 0.991681 0.678496
vt 0.988881 0.711047
vt 0.956677 0.705886
vt 0.955456 0.705856
vt 0.990029 0.711176
vt 0.986112 0.735847
vt 0.955916 0.732799
vt 0.954700 0.732792
vt 0.987279 0.735953
vt 0.986173 0.762228
vt 0.955051 0.761183
vt 0.953841 0.761167
vt 0.987358 0.762267
vt 0.985744 0.789850
vt 0.954753 0.789516
vt 0.953573 0.789507
vt 0.986937 0.789866
vt 0.954731 0.818090
vt 0.986127 0.816819
vt 0.953483 0.818041
vt 0.987330 0.816751
vt 0.987523 0.844131
vt 0.955672 0.847141
vt 0.954452 0.847072
vt 0.988734 0.844050
vt 0.988088 0.873884
vt 0.957009 0.877497
vt 0.955795 0.877476
vt 0.989312 0.873875
vt 0.956803 0.907158
vt 0.989444 0.903307
vt 0.955475 0.907555
vt 0.990429 0.903555
vt 0.958453 0.933743
vt 0.992018 0.928396
vt 0.956548 0.933640
vt 0.994483 0.930225
vt 0.962562 0.656908
vt 0.993338 0.664738
vt 0.961335 0.656593
vt 0.994512 0.664990
vt 0.993338 0.664738
vt 0.962562 0.656908
vt 0.990442 0.678366
vt 0.958757 0.671954
vt 0.988759 0.694091
vt 0.957680 0.689231
vt 0.988881 0.711047
vt 0.956677 0.705886
vt 0.986112 0.735847
vt 0.955916 0.732799
vt 0.986173 0.762228
vt 0.955051 0.761183
vt 0.985744 0.789850
vt 0.954753 0.789516
vt 0.986127 0.816819
vt 0.954765 0.818142
vt 0.987523 0.844131
vt 0.955672 0.847141
vt 0.988088 0.873884
vt 0.957009 0.877497
vt 0.989444 0.903307
vt 0.956803 0.907158
vt 0.992018 0.928396
vt 0.958453 0.933743
vt 0.988759 0.694091
vt 0.990442 0.678366
vt 0.957680 0.689231
vt 0.958757 0.671954
vt 0.956048 0.689235
vt 0.957577 0.671692
vt 0.991681 0.678496
vt 0.989879 0.694094
vt 0.988881 0.711047
vt 0.956677 0.705886
vt 0.955456 0.705856
vt 0.990029 0.711176
vt 0.986112 0.735847
vt 0.955916 0.732799
vt 0.954700 0.732792
vt 0.987279 0.735953
vt 0.986173 0.762228
vt 0.955051 0.761183
vt 0.953841 0.761167
vt 0.987358 0.762267
vt 0.985744 0.789850
vt 0.954753 0.789516
vt 0.953573 0.789507
vt 0.986937 0.789866
vt 0.986127 0.816819
vt 0.954731 0.818090
vt 0.953483 0.818041
vt 0.987330 0.816751
vt 0.987523 0.844131
vt 0.955672 0.847141
vt 0.954452 0.847072
vt 0.988734 0.844050
vt 0.988088 0.873884
vt 0.957009 0.877497
vt 0.955795 0.877476
vt 0.989312 0.873875
vt 0.989444 0.903307
vt 0.956803 0.907158
vt 0.955475 0.907555
vt 0.990429 0.903555
vt 0.992018 0.928396
vt 0.958453 0.933743
vt 0.956548 0.933640
vt 0.994483 0.930225
vt 0.962562 0.656908
vt 0.993338 0.664738
vt 0.961335 0.656593
vt 0.994512 0.664990
vt 0.958757 0.671954
vt 0.962562 0.656908
vt 0.990442 0.678366
vt 0.993338 0.664738
vt 0.988759 0.694091
vt 0.957680 0.689231
vt 0.988881 0.711047
vt 0.956677 0.705886
vt 0.986112 0.735847
vt 0.955916 0.732799
vt 0.986173 0.762228
vt 0.955051 0.761183
vt 0.985744 0.789850
vt 0.954753 0.789516
vt 0.954765 0.818142
vt 0.986127 0.816819
vt 0.987523 0.844131
vt 0.955672 0.847141
vt 0.988088 0.873884
vt 0.957009 0.877497
vt 0.956803 0.907158
vt 0.989444 0.903307
vt 0.992018 0.928396
vt 0.958453 0.933743
vt 0.021191 0.531095
vt 0.037480 0.521872
vt 0.025419 0.534012
vt 0.040641 0.527595
vt 0.092753 0.532642
vt 0.089703 0.536332
vt 0.078929 0.522892
vt 0.075289 0.528370
vt 0.079365 0.543324
vt 0.073992 0.530515
vt 0.087575 0.538187
vt 0.035577 0.542003
vt 0.027752 0.536343
vt 0.041750 0.529838
vt 0.101546 0.543915
vt 0.097288 0.547679
vt 0.091082 0.587558
vt 0.087746 0.583364
vt 0.101084 0.576594
vt 0.096384 0.572352
vt 0.079456 0.577447
vt 0.094022 0.571457
vt 0.085671 0.581622
vt 0.094905 0.548713
vt 0.076437 0.596033
vt 0.073116 0.589880
vt 0.020018 0.585882
vt 0.024766 0.581053
vt 0.033789 0.594238
vt 0.038750 0.588438
vt 0.033203 0.575824
vt 0.040097 0.586417
vt 0.026823 0.579539
vt 0.071903 0.587829
vt 0.011060 0.573209
vt 0.016554 0.569832
vt 0.012645 0.541249
vt 0.017315 0.544867
vt 0.019600 0.546151
vt 0.018947 0.569068
vt 0.057157 0.559310
vt 0.058012 0.538823
vt 0.082934 0.560226
vt 0.058728 0.518480
vt 0.058517 0.525906
vt 0.056087 0.598448
vt 0.056369 0.590908
vt 0.056425 0.588723
vt 0.056671 0.579556
vt 0.030885 0.558514
vt 0.104996 0.560116
vt 0.099099 0.559938
vt 0.014541 0.557115
vt 0.008366 0.556822
vt 0.058419 0.528302
vt 0.096720 0.560034
vt 0.016968 0.557405
vt 0.986557 0.055754
vt 0.960821 0.052239
vt 0.987584 0.033627
vt 0.962355 0.032419
vt 0.507343 0.918211
vt 0.511135 0.942429
vt 0.505966 0.918372
vt 0.510338 0.942746
vt 0.507343 0.918211
vt 0.505966 0.918372
vt 0.511135 0.942429
vt 0.510338 0.942746
vt 0.985608 0.199615
vt 0.959293 0.200912
vt 0.985143 0.191348
vt 0.958801 0.191396
vt 0.509396 0.821202
vt 0.510252 0.821218
vt 0.509288 0.831427
vt 0.510148 0.831454
vt 0.510252 0.821218
vt 0.509396 0.821202
vt 0.510148 0.831454
vt 0.509288 0.831427
vt 0.982274 0.227032
vt 0.962052 0.227235
vt 0.509318 0.791689
vt 0.510184 0.791698
vt 0.510184 0.791698
vt 0.509318 0.791689
vt 0.982954 0.254438
vt 0.962760 0.255266
vt 0.507695 0.761864
vt 0.506823 0.761881
vt 0.507695 0.761864
vt 0.506823 0.761881
vt 0.983213 0.284641
vt 0.962955 0.285736
vt 0.502246 0.729804
vt 0.501369 0.729850
vt 0.502246 0.729804
vt 0.501378 0.729876
vt 0.983898 0.314952
vt 0.964015 0.315908
vt 0.502420 0.697611
vt 0.501556 0.697689
vt 0.502420 0.697611
vt 0.501510 0.697732
vt 0.962869 0.014024
vt 0.988132 0.014239
vt 0.518776 0.963783
vt 0.519316 0.962690
vt 0.518776 0.963783
vt 0.519316 0.962690
vt 0.983305 0.347446
vt 0.962973 0.346866
vt 0.511476 0.666170
vt 0.512350 0.666668
vt 0.511476 0.666170
vt 0.512350 0.666668
vt 0.899834 0.877926
vt 0.891177 0.877916
vt 0.899821 0.862325
vt 0.891162 0.862257
vt 0.882505 0.862276
vt 0.882521 0.877911
vt 0.873850 0.862376
vt 0.873865 0.877912
vt 0.865196 0.862518
vt 0.865208 0.877920
vt 0.943101 0.862450
vt 0.943114 0.877854
vt 0.934446 0.862568
vt 0.934457 0.877874
vt 0.925788 0.862609
vt 0.925800 0.877898
vt 0.917145 0.877916
vt 0.917133 0.862562
vt 0.908488 0.877925
vt 0.908476 0.862447
vt 0.483879 0.911838
vt 0.482816 0.912850
vt 0.480434 0.903912
vt 0.478970 0.904003
vt 0.491482 0.917663
vt 0.491611 0.915684
vt 0.500005 0.913662
vt 0.505150 0.906724
vt 0.507620 0.906665
vt 0.507871 0.897797
vt 0.504657 0.898097
vt 0.508146 0.887604
vt 0.498699 0.891821
vt 0.490107 0.890861
vt 0.490540 0.888508
vt 0.500023 0.887916
vt 0.482886 0.895617
vt 0.481709 0.894747
vt 0.985595 0.076192
vt 0.985217 0.085121
vt 0.959942 0.075111
vt 0.959495 0.084109
vt 0.960335 0.065837
vt 0.986012 0.066988
vt 0.959080 0.093091
vt 0.984929 0.094038
vt 0.958986 0.103156
vt 0.984823 0.104032
vt 0.482816 0.912850
vt 0.483879 0.911838
vt 0.478970 0.904003
vt 0.480434 0.903912
vt 0.491482 0.917663
vt 0.491611 0.915684
vt 0.500005 0.913662
vt 0.507871 0.897797
vt 0.506884 0.897889
vt 0.507620 0.906665
vt 0.506755 0.906686
vt 0.500023 0.887916
vt 0.498699 0.891821
vt 0.508146 0.887604
vt 0.490107 0.890861
vt 0.490540 0.888508
vt 0.482886 0.895617
vt 0.481589 0.894719
vt 0.240694 0.051955
vt 0.243034 0.044626
vt 0.249749 0.056276
vt 0.253026 0.046136
vt 0.236137 0.058267
vt 0.243652 0.064838
vt 0.229663 0.062969
vt 0.235755 0.071064
vt 0.222007 0.066402
vt 0.227775 0.075660
vt 0.235046 0.010714
vt 0.229293 0.019074
vt 0.226830 0.006506
vt 0.221469 0.016036
vt 0.243308 0.016606
vt 0.236047 0.023409
vt 0.249771 0.025110
vt 0.240880 0.029562
vt 0.253114 0.035394
vt 0.243197 0.036943
vt 0.234306 0.048829
vt 0.235769 0.043440
vt 0.231091 0.053577
vt 0.226114 0.056859
vt 0.219950 0.058158
vt 0.226146 0.025389
vt 0.219948 0.024486
vt 0.231277 0.028218
vt 0.234740 0.032611
vt 0.236145 0.037941
vt 0.228785 0.046189
vt 0.229063 0.042278
vt 0.227080 0.049191
vt 0.224281 0.050929
vt 0.221076 0.050942
vt 0.224761 0.031490
vt 0.221622 0.031759
vt 0.227588 0.032809
vt 0.229477 0.035300
vt 0.229988 0.038554
vt 0.223736 0.045656
vt 0.224893 0.037009
vt 0.900867 0.833530
vt 0.888212 0.833533
vt 0.897907 0.825397
vt 0.890407 0.821070
vt 0.881880 0.822576
vt 0.876320 0.829208
vt 0.876320 0.837864
vt 0.881891 0.844494
vt 0.890415 0.845995
vt 0.897909 0.841666
vt 0.899834 0.877926
vt 0.891177 0.877916
vt 0.899821 0.862325
vt 0.891162 0.862257
vt 0.882505 0.862276
vt 0.882521 0.877911
vt 0.873850 0.862376
vt 0.873865 0.877912
vt 0.865196 0.862518
vt 0.865208 0.877920
vt 0.943101 0.862450
vt 0.943114 0.877854
vt 0.934446 0.862568
vt 0.934457 0.877874
vt 0.925788 0.862609
vt 0.925800 0.877898
vt 0.917145 0.877916
vt 0.917133 0.862562
vt 0.908488 0.877925
vt 0.908476 0.862447
vt 0.483743 0.882300
vt 0.482680 0.883310
vt 0.480296 0.874379
vt 0.478832 0.874470
vt 0.491485 0.886122
vt 0.499888 0.884096
vt 0.505068 0.877167
vt 0.508534 0.877772
vt 0.508915 0.867742
vt 0.504566 0.868544
vt 0.498569 0.862306
vt 0.509214 0.858745
vt 0.489973 0.861351
vt 0.489615 0.859488
vt 0.500118 0.858830
vt 0.482748 0.866091
vt 0.481574 0.865226
vt 0.984625 0.112719
vt 0.984350 0.121607
vt 0.958961 0.111915
vt 0.958620 0.120856
vt 0.958299 0.129786
vt 0.984156 0.130495
vt 0.958494 0.138924
vt 0.984335 0.139594
vt 0.482680 0.883310
vt 0.483743 0.882300
vt 0.478832 0.874470
vt 0.480296 0.874379
vt 0.491485 0.886122
vt 0.499888 0.884096
vt 0.505068 0.877167
vt 0.508534 0.877772
vt 0.508915 0.867742
vt 0.504566 0.868544
vt 0.500118 0.858830
vt 0.509214 0.858745
vt 0.500212 0.855447
vt 0.489973 0.861351
vt 0.498569 0.862306
vt 0.489615 0.859488
vt 0.482748 0.866091
vt 0.481574 0.865226
vt 0.924244 0.797050
vt 0.921902 0.804376
vt 0.915187 0.792728
vt 0.911907 0.802867
vt 0.928801 0.790737
vt 0.921288 0.784167
vt 0.935278 0.786036
vt 0.929185 0.777940
vt 0.942934 0.782605
vt 0.937167 0.773345
vt 0.929887 0.838292
vt 0.935641 0.829931
vt 0.938103 0.842500
vt 0.943466 0.832970
vt 0.921628 0.832396
vt 0.928889 0.825595
vt 0.915160 0.823893
vt 0.924057 0.819443
vt 0.911819 0.813606
vt 0.921739 0.812061
vt 0.930633 0.800175
vt 0.929167 0.805565
vt 0.933849 0.795428
vt 0.938825 0.792146
vt 0.944989 0.790849
vt 0.938790 0.823615
vt 0.944986 0.824521
vt 0.933658 0.820787
vt 0.930198 0.816393
vt 0.928793 0.811063
vt 0.936154 0.802817
vt 0.935877 0.806728
vt 0.937859 0.799813
vt 0.940657 0.798078
vt 0.943861 0.798065
vt 0.940175 0.817516
vt 0.943315 0.817247
vt 0.937350 0.816196
vt 0.935462 0.813705
vt 0.934946 0.810452
vt 0.941203 0.803349
vt 0.940043 0.811998
vt 0.900867 0.833530
vt 0.888212 0.833533
vt 0.897907 0.825397
vt 0.890407 0.821070
vt 0.881880 0.822576
vt 0.876320 0.829208
vt 0.876320 0.837864
vt 0.881891 0.844494
vt 0.890415 0.845995
vt 0.897909 0.841666
vt 0.899834 0.877926
vt 0.891177 0.877916
vt 0.899821 0.862325
vt 0.891162 0.862257
vt 0.882505 0.862276
vt 0.882521 0.877911
vt 0.873850 0.862376
vt 0.873865 0.877912
vt 0.865196 0.862518
vt 0.865208 0.877920
vt 0.943101 0.862450
vt 0.943114 0.877854
vt 0.934446 0.862568
vt 0.934457 0.877874
vt 0.925788 0.862609
vt 0.925800 0.877898
vt 0.917145 0.877916
vt 0.917133 0.862562
vt 0.908488 0.877925
vt 0.908476 0.862447
vt 0.484028 0.853650
vt 0.482968 0.854657
vt 0.480560 0.845734
vt 0.479097 0.845826
vt 0.491791 0.857457
vt 0.500212 0.855447
vt 0.509583 0.849254
vt 0.505367 0.848506
vt 0.504740 0.839900
vt 0.509891 0.839232
vt 0.498749 0.833675
vt 0.499393 0.832362
vt 0.490177 0.832692
vt 0.489832 0.831266
vt 0.482991 0.837456
vt 0.481811 0.836586
vt 0.984443 0.147120
vt 0.984224 0.156010
vt 0.958773 0.146492
vt 0.958489 0.155412
vt 0.957983 0.173258
vt 0.983972 0.173822
vt 0.957810 0.182195
vt 0.983870 0.182745
vt 0.958215 0.164333
vt 0.984075 0.164911
vt 0.482968 0.854657
vt 0.484028 0.853650
vt 0.479097 0.845826
vt 0.480560 0.845734
vt 0.491791 0.857457
vt 0.505367 0.848506
vt 0.509583 0.849254
vt 0.504740 0.839900
vt 0.509891 0.839232
vt 0.498749 0.833675
vt 0.499393 0.832362
vt 0.489832 0.831266
vt 0.490177 0.832692
vt 0.481811 0.836586
vt 0.482991 0.837456
vt 0.924244 0.797050
vt 0.921901 0.804344
vt 0.915187 0.792728
vt 0.911906 0.802838
vt 0.928801 0.790737
vt 0.921231 0.784143
vt 0.935220 0.785966
vt 0.929097 0.777893
vt 0.942861 0.782505
vt 0.937058 0.773270
vt 0.929802 0.838269
vt 0.935641 0.829931
vt 0.937997 0.842504
vt 0.943392 0.832995
vt 0.921628 0.832396
vt 0.928849 0.825571
vt 0.915130 0.823837
vt 0.924038 0.819405
vt 0.911819 0.813606
vt 0.921737 0.812022
vt 0.930626 0.800131
vt 0.929168 0.805527
vt 0.933849 0.795428
vt 0.938825 0.792146
vt 0.944947 0.790744
vt 0.938790 0.823615
vt 0.944947 0.824548
vt 0.933635 0.820775
vt 0.930198 0.816393
vt 0.928795 0.811031
vt 0.936154 0.802817
vt 0.935877 0.806728
vt 0.937848 0.799744
vt 0.940641 0.797992
vt 0.943845 0.797966
vt 0.940175 0.817516
vt 0.943298 0.817267
vt 0.937350 0.816196
vt 0.935462 0.813705
vt 0.934948 0.810428
vt 0.941203 0.803349
vt 0.940043 0.811998
vt 0.900867 0.833530
vt 0.888212 0.833533
vt 0.897907 0.825397
vt 0.890407 0.821070
vt 0.881880 0.822576
vt 0.876320 0.829208
vt 0.876320 0.837864
vt 0.881891 0.844494
vt 0.890415 0.845995
vt 0.897909 0.841666
vt 0.284248 0.813360
vt 0.313987 0.813649
vt 0.292427 0.843147
vt 0.322367 0.854699
vt 0.244337 0.742742
vt 0.255495 0.777067
vt 0.232029 0.764487
vt 0.457980 0.982366
vt 0.494821 0.983378
vt 0.453711 0.991785
vt 0.484550 0.972816
vt 0.267720 0.837942
vt 0.248163 0.861190
vt 0.248432 0.835122
vt 0.481802 0.932924
vt 0.457680 0.923192
vt 0.488428 0.927816
vt 0.166445 0.673000
vt 0.117694 0.661264
vt 0.159771 0.654224
vt 0.159803 0.627419
vt 0.135036 0.627030
vt 0.110986 0.628383
vt 0.080279 0.659045
vt 0.078878 0.626458
vt 0.055001 0.628182
vt 0.039990 0.658338
vt 0.037770 0.629376
vt 0.101005 0.722140
vt 0.077840 0.683831
vt 0.119232 0.689063
vt 0.069046 0.718958
vt 0.130900 0.727317
vt 0.107307 0.788186
vt 0.068953 0.855332
vt 0.065711 0.786264
vt 0.111189 0.856096
vt 0.144455 0.819349
vt 0.139749 0.857253
vt 0.154251 0.791303
vt 0.139181 0.769478
vt 0.044219 0.931998
vt 0.063407 0.902499
vt 0.076285 0.942803
vt 0.271552 0.989664
vt 0.229611 0.981271
vt 0.253074 0.976687
vt 0.271536 0.978110
vt 0.008481 0.891018
vt 0.126625 0.904468
vt 0.112416 0.885478
vt 0.137922 0.887387
vt 0.370162 0.974191
vt 0.378143 0.972522
vt 0.370847 0.981580
vt 0.146461 0.916276
vt 0.159785 0.943489
vt 0.139721 0.920025
vt 0.084627 0.459321
vt 0.076637 0.412412
vt 0.088520 0.454792
vt 0.099032 0.442565
vt 0.062411 0.370669
vt 0.090225 0.395030
vt 0.111594 0.426769
vt 0.025444 0.343051
vt 0.058248 0.350241
vt 0.077007 0.363922
vt 0.083615 0.356991
vt 0.057049 0.328620
vt 0.043258 0.335204
vt 0.425189 0.513255
vt 0.443704 0.519504
vt 0.428761 0.523214
vt 0.443965 0.510192
vt 0.406155 0.527236
vt 0.400675 0.503710
vt 0.372319 0.559907
vt 0.370283 0.551576
vt 0.393975 0.540415
vt 0.339369 0.577062
vt 0.370692 0.576842
vt 0.337063 0.590097
vt 0.339677 0.557026
vt 0.339513 0.568737
vt 0.125995 0.527127
vt 0.130586 0.522135
vt 0.162241 0.553798
vt 0.167624 0.545275
vt 0.221080 0.447172
vt 0.195614 0.430370
vt 0.228687 0.430058
vt 0.243568 0.463010
vt 0.204760 0.478924
vt 0.230672 0.495185
vt 0.276625 0.922704
vt 0.309621 0.925796
vt 0.274454 0.926449
vt 0.267766 0.939893
vt 0.302195 0.940092
vt 0.266077 0.476619
vt 0.256103 0.504626
vt 0.369936 0.926226
vt 0.379577 0.935048
vt 0.372643 0.934363
vt 0.347122 0.927502
vt 0.345406 0.938598
vt 0.367433 0.492648
vt 0.383387 0.519187
vt 0.354558 0.507671
vt 0.104121 0.374030
vt 0.121168 0.414730
vt 0.127500 0.403500
vt 0.197592 0.951047
vt 0.180085 0.951222
vt 0.190982 0.944553
vt 0.253703 0.943193
vt 0.233560 0.931480
vt 0.255978 0.929599
vt 0.231088 0.978227
vt 0.256781 0.970011
vt 0.358404 0.760590
vt 0.387179 0.764360
vt 0.360628 0.788499
vt 0.387414 0.800442
vt 0.360974 0.816320
vt 0.387600 0.819036
vt 0.360247 0.844208
vt 0.387500 0.849553
vt 0.340978 0.817555
vt 0.337475 0.846109
vt 0.359599 0.878997
vt 0.333074 0.884795
vt 0.342182 0.800325
vt 0.320198 0.791468
vt 0.323006 0.775425
vt 0.323651 0.751617
vt 0.281514 0.771453
vt 0.282834 0.792257
vt 0.284302 0.745786
vt 0.262270 0.799213
vt 0.265796 0.814406
vt 0.239016 0.809810
vt 0.234883 0.802416
vt 0.224892 0.789343
vt 0.244003 0.823033
vt 0.234355 0.811293
vt 0.239532 0.823808
vt 0.245428 0.835183
vt 0.220525 0.803351
vt 0.212480 0.793151
vt 0.486983 0.951534
vt 0.495778 0.951879
vt 0.432907 0.990016
vt 0.435476 0.981257
vt 0.356047 0.725224
vt 0.387327 0.724156
vt 0.322726 0.721494
vt 0.284976 0.715643
vt 0.240936 0.707520
vt 0.197710 0.750920
vt 0.197575 0.770557
vt 0.196541 0.776435
vt 0.204888 0.700185
vt 0.204760 0.730493
vt 0.169487 0.725945
vt 0.170808 0.752535
vt 0.168364 0.693487
vt 0.173351 0.767636
vt 0.174950 0.772427
vt 0.363464 0.682585
vt 0.388155 0.682357
vt 0.362076 0.647416
vt 0.388973 0.647283
vt 0.363638 0.620895
vt 0.389555 0.621499
vt 0.337686 0.620928
vt 0.340420 0.647944
vt 0.316527 0.622540
vt 0.312939 0.649270
vt 0.342033 0.682727
vt 0.284058 0.681323
vt 0.319528 0.682619
vt 0.239782 0.681866
vt 0.279877 0.653620
vt 0.240264 0.654851
vt 0.277883 0.624744
vt 0.235505 0.628496
vt 0.202383 0.656557
vt 0.200169 0.625186
vt 0.203238 0.678523
vt 0.057824 0.626467
vt 0.037204 0.682727
vt 0.147780 0.857762
vt 0.152414 0.825137
vt 0.144891 0.886893
vt 0.157676 0.792650
vt 0.299015 0.988102
vt 0.298378 0.978491
vt 0.152390 0.912807
vt 0.322541 0.978274
vt 0.325926 0.986217
vt 0.341513 0.980424
vt 0.350284 0.988741
vt 0.323643 0.968075
vt 0.342924 0.971075
vt 0.300623 0.967231
vt 0.369785 0.991626
vt 0.390087 0.981060
vt 0.391050 0.993395
vt 0.110305 0.543940
vt 0.089866 0.505207
vt 0.116368 0.538052
vt 0.163376 0.935142
vt 0.138548 0.576729
vt 0.149422 0.565837
vt 0.120270 0.479943
vt 0.108205 0.490164
vt 0.004294 0.306213
vt 0.018692 0.303718
vt 0.481457 0.516535
vt 0.484807 0.527111
vt 0.447520 0.534952
vt 0.429541 0.535937
vt 0.408838 0.539508
vt 0.400588 0.560257
vt 0.411521 0.551779
vt 0.389587 0.571475
vt 0.241141 0.853212
vt 0.238414 0.877700
vt 0.228939 0.873872
vt 0.437084 0.925276
vt 0.437126 0.942387
vt 0.458816 0.943947
vt 0.476658 0.940267
vt 0.460535 0.939832
vt 0.480184 0.507042
vt 0.065162 0.325546
vt 0.037756 0.299693
vt 0.028780 0.304075
vt 0.087762 0.347134
vt 0.111313 0.366658
vt 0.131819 0.395841
vt 0.141726 0.385476
vt 0.161886 0.411712
vt 0.174612 0.392928
vt 0.148541 0.445536
vt 0.135341 0.461531
vt 0.156474 0.425428
vt 0.172613 0.469158
vt 0.159102 0.486521
vt 0.179928 0.456822
vt 0.214921 0.398195
vt 0.175583 0.530532
vt 0.142982 0.508658
vt 0.187821 0.509648
vt 0.198766 0.573399
vt 0.190202 0.589024
vt 0.202734 0.561852
vt 0.208893 0.543930
vt 0.217839 0.524783
vt 0.324986 0.941287
vt 0.330720 0.927491
vt 0.269856 0.968638
vt 0.325107 0.943662
vt 0.323792 0.965516
vt 0.302189 0.941847
vt 0.300674 0.964270
vt 0.269654 0.966766
vt 0.267003 0.942022
vt 0.255286 0.924373
vt 0.251452 0.517687
vt 0.247018 0.533319
vt 0.224658 0.510190
vt 0.277051 0.529177
vt 0.274649 0.542197
vt 0.281195 0.511990
vt 0.271498 0.559280
vt 0.307825 0.561303
vt 0.309773 0.544461
vt 0.311257 0.531625
vt 0.316153 0.517312
vt 0.230815 0.584209
vt 0.234884 0.572305
vt 0.265431 0.588535
vt 0.267808 0.577072
vt 0.241201 0.553830
vt 0.306578 0.576561
vt 0.226623 0.613112
vt 0.228480 0.600309
vt 0.265198 0.615387
vt 0.265301 0.603492
vt 0.304216 0.609011
vt 0.304906 0.598991
vt 0.218769 0.939296
vt 0.214827 0.936768
vt 0.227650 0.919829
vt 0.223925 0.917508
vt 0.224760 0.893761
vt 0.230069 0.893718
vt 0.390882 0.941440
vt 0.390800 0.926474
vt 0.414995 0.941664
vt 0.417408 0.925468
vt 0.335200 0.601082
vt 0.343967 0.535923
vt 0.342112 0.545050
vt 0.347995 0.525177
vt 0.324129 0.493995
vt 0.334708 0.468714
vt 0.305697 0.449904
vt 0.287924 0.486986
vt 0.283527 0.440205
vt 0.259340 0.433101
vt 0.481530 0.952925
vt 0.476786 0.966522
vt 0.460097 0.966993
vt 0.458439 0.964164
vt 0.436449 0.963995
vt 0.437130 0.944366
vt 0.413841 0.964680
vt 0.415080 0.944727
vt 0.414172 0.981144
vt 0.414053 0.966900
vt 0.436669 0.965988
vt 0.412318 0.989761
vt 0.388083 0.967423
vt 0.390887 0.945123
vt 0.388031 0.963505
vt 0.382232 0.944386
vt 0.381407 0.963778
vt 0.372578 0.938541
vt 0.369930 0.970067
vt 0.345488 0.940900
vt 0.343359 0.967662
vt 0.254026 0.943554
vt 0.257077 0.968352
vt 0.231600 0.929547
vt 0.323111 0.898028
vt 0.360411 0.522099
vt 0.367123 0.538645
vt 0.225238 0.384289
vt 0.255111 0.395061
vt 0.365873 0.417147
vt 0.338909 0.384435
vt 0.373598 0.395460
vt 0.392140 0.323694
vt 0.418942 0.331012
vt 0.386590 0.348642
vt 0.412291 0.356702
vt 0.428669 0.306600
vt 0.396288 0.306075
vt 0.285605 0.323758
vt 0.298561 0.301214
vt 0.311155 0.329649
vt 0.320474 0.308278
vt 0.340652 0.315843
vt 0.347055 0.302476
vt 0.364808 0.309714
vt 0.312896 0.282337
vt 0.293578 0.268431
vt 0.260541 0.258830
vt 0.285063 0.240400
vt 0.280597 0.261578
vt 0.225553 0.235565
vt 0.245554 0.210560
vt 0.245341 0.246554
vt 0.381523 0.296087
vt 0.362477 0.285806
vt 0.396688 0.280137
vt 0.375734 0.264769
vt 0.265149 0.221033
vt 0.302445 0.132901
vt 0.322217 0.114959
vt 0.321608 0.149866
vt 0.340126 0.127853
vt 0.380108 0.020825
vt 0.386289 0.027193
vt 0.358295 0.039442
vt 0.366581 0.047876
vt 0.410119 0.466868
vt 0.432185 0.478086
vt 0.450372 0.479911
vt 0.108694 0.332539
vt 0.131791 0.346619
vt 0.083189 0.312976
vt 0.161351 0.364336
vt 0.190463 0.375936
vt 0.280586 0.392154
vt 0.264914 0.369490
vt 0.292296 0.372917
vt 0.238221 0.362740
vt 0.322999 0.416488
vt 0.303543 0.400413
vt 0.314759 0.380168
vt 0.349639 0.450760
vt 0.373792 0.476341
vt 0.387522 0.444093
vt 0.175829 0.345985
vt 0.149189 0.328729
vt 0.129546 0.312942
vt 0.207141 0.357339
vt 0.273107 0.345013
vt 0.303462 0.352571
vt 0.257196 0.314847
vt 0.247757 0.341186
vt 0.326957 0.359375
vt 0.349976 0.365875
vt 0.230869 0.311676
vt 0.219403 0.338454
vt 0.205009 0.305320
vt 0.188912 0.327469
vt 0.183812 0.290336
vt 0.165840 0.310904
vt 0.148875 0.292537
vt 0.169348 0.270757
vt 0.106945 0.292104
vt 0.129761 0.270137
vt 0.379513 0.372932
vt 0.357451 0.344567
vt 0.395148 0.412652
vt 0.419507 0.428734
vt 0.443409 0.439193
vt 0.464549 0.443638
vt 0.487211 0.486704
vt 0.500270 0.451670
vt 0.052547 0.286039
vt 0.077218 0.261640
vt 0.128639 0.220730
vt 0.152333 0.247623
vt 0.105969 0.240198
vt 0.516235 0.381849
vt 0.512893 0.414523
vt 0.483347 0.380673
vt 0.477438 0.406575
vt 0.405989 0.382224
vt 0.435368 0.365586
vt 0.429461 0.391529
vt 0.459835 0.374659
vt 0.454509 0.400533
vt 0.362852 0.322789
vt 0.443045 0.340762
vt 0.465560 0.349231
vt 0.485983 0.354156
vt 0.516394 0.352040
vt 0.152045 0.203673
vt 0.171948 0.224349
vt 0.188780 0.248109
vt 0.201553 0.269077
vt 0.220725 0.283236
vt 0.242436 0.284980
vt 0.267208 0.288316
vt 0.331847 0.295316
vt 0.396492 0.292817
vt 0.431430 0.291723
vt 0.432594 0.278288
vt 0.457201 0.313470
vt 0.484861 0.326407
vt 0.462396 0.282633
vt 0.459824 0.297898
vt 0.493316 0.287592
vt 0.488707 0.308752
vt 0.514832 0.333424
vt 0.520220 0.300870
vt 0.517236 0.318899
vt 0.187428 0.206155
vt 0.169019 0.189083
vt 0.206384 0.223194
vt 0.338918 0.240982
vt 0.323479 0.267896
vt 0.316567 0.228981
vt 0.302889 0.255840
vt 0.344377 0.277410
vt 0.358307 0.251854
vt 0.452644 0.226566
vt 0.441230 0.249962
vt 0.425132 0.219574
vt 0.413197 0.248356
vt 0.391800 0.239008
vt 0.471594 0.256657
vt 0.510016 0.238950
vt 0.502515 0.262490
vt 0.481398 0.232266
vt 0.530818 0.273819
vt 0.206473 0.171044
vt 0.186295 0.152402
vt 0.225879 0.142107
vt 0.205981 0.122781
vt 0.244785 0.162946
vt 0.226051 0.191314
vt 0.272142 0.185866
vt 0.280907 0.205061
vt 0.301398 0.221175
vt 0.371293 0.227928
vt 0.382658 0.203799
vt 0.357863 0.200044
vt 0.348467 0.220756
vt 0.314845 0.203133
vt 0.328402 0.200171
vt 0.299700 0.192124
vt 0.302539 0.177222
vt 0.489786 0.207914
vt 0.465228 0.201360
vt 0.440115 0.193968
vt 0.516171 0.215191
vt 0.543351 0.220869
vt 0.539026 0.248473
vt 0.270642 0.102519
vt 0.246344 0.120908
vt 0.253211 0.080755
vt 0.227865 0.099830
vt 0.267157 0.142439
vt 0.287221 0.120019
vt 0.287586 0.159291
vt 0.343753 0.167420
vt 0.368756 0.174563
vt 0.414972 0.187124
vt 0.403542 0.213566
vt 0.358264 0.139168
vt 0.380734 0.149321
vt 0.306270 0.102702
vt 0.292541 0.087886
vt 0.326392 0.085014
vt 0.313386 0.071376
vt 0.300953 0.051731
vt 0.278174 0.066420
vt 0.543796 0.194975
vt 0.518433 0.190444
vt 0.499431 0.159199
vt 0.519597 0.166339
vt 0.494944 0.183225
vt 0.472835 0.175847
vt 0.449753 0.168284
vt 0.427650 0.162871
vt 0.393363 0.180357
vt 0.403814 0.157332
vt 0.467958 0.119491
vt 0.486783 0.127400
vt 0.459401 0.143242
vt 0.481130 0.151511
vt 0.476248 0.095971
vt 0.462936 0.091590
vt 0.452820 0.115296
vt 0.519868 0.140529
vt 0.502890 0.134756
vt 0.336378 0.055787
vt 0.324345 0.038396
vt 0.346370 0.066318
vt 0.378603 0.057181
vt 0.360242 0.076315
vt 0.405199 0.072728
vt 0.389224 0.094103
vt 0.391300 0.065224
vt 0.374378 0.085406
vt 0.424625 0.080339
vt 0.409025 0.103035
vt 0.417114 0.133205
vt 0.430136 0.109991
vt 0.441698 0.138543
vt 0.476232 0.068957
vt 0.460107 0.063411
vt 0.444758 0.086575
vt 0.486839 0.073379
vt 0.440269 0.057050
vt 0.421337 0.050093
vt 0.407807 0.043258
vt 0.396358 0.036011
vt 0.507494 0.110249
vt 0.513973 0.086933
vt 0.523907 0.115220
vt 0.531125 0.090399
vt 0.493218 0.103862
vt 0.500815 0.081128
vt 0.334262 0.338584
vt 0.346103 0.024148
vt 0.341573 0.095205
vt 0.374201 0.115731
vt 0.357623 0.105624
vt 0.395022 0.125641
vt 0.540063 0.170266
vt 0.541016 0.119487
vt 0.538721 0.144792
vt 0.544818 0.092680
vt 0.366622 0.006454
vt 0.378283 0.938609
vt 0.382300 0.967358
vt 0.376771 0.968813
vt 0.383510 0.941127
vt 0.008226 0.924557
vt 0.387152 0.879283
vt 0.027949 0.712489
vt 0.014415 0.773522
vt 0.008206 0.847535
vt 0.284248 0.813360
vt 0.292427 0.843147
vt 0.313987 0.813649
vt 0.322367 0.854699
vt 0.244337 0.742742
vt 0.231926 0.764383
vt 0.255495 0.777067
vt 0.457980 0.982366
vt 0.453711 0.991785
vt 0.494821 0.983378
vt 0.484550 0.972816
vt 0.267720 0.837942
vt 0.248432 0.835122
vt 0.248163 0.861190
vt 0.481802 0.932924
vt 0.488428 0.927816
vt 0.457680 0.923192
vt 0.166445 0.673000
vt 0.159771 0.654224
vt 0.117694 0.661264
vt 0.159803 0.627419
vt 0.135036 0.627030
vt 0.110986 0.628383
vt 0.078878 0.626458
vt 0.079087 0.658318
vt 0.055001 0.628182
vt 0.101005 0.722140
vt 0.119232 0.689063
vt 0.077840 0.683831
vt 0.069046 0.718958
vt 0.130900 0.727317
vt 0.107307 0.788186
vt 0.065711 0.786264
vt 0.068953 0.855332
vt 0.111189 0.856096
vt 0.144455 0.819349
vt 0.139749 0.857253
vt 0.154251 0.791303
vt 0.139181 0.769478
vt 0.044219 0.931998
vt 0.076285 0.942803
vt 0.063407 0.902499
vt 0.271552 0.989664
vt 0.253074 0.976687
vt 0.229611 0.981271
vt 0.271536 0.978110
vt 0.126625 0.904468
vt 0.137922 0.887387
vt 0.112416 0.885478
vt 0.370162 0.974191
vt 0.370847 0.981580
vt 0.378106 0.972256
vt 0.146461 0.916276
vt 0.139721 0.920025
vt 0.159785 0.943489
vt 0.075983 0.412324
vt 0.084334 0.460059
vt 0.087292 0.447482
vt 0.077988 0.370563
vt 0.058248 0.350241
vt 0.062411 0.370669
vt 0.025444 0.343051
vt 0.076015 0.350708
vt 0.056742 0.330281
vt 0.043258 0.335204
vt 0.425189 0.513255
vt 0.428761 0.523214
vt 0.443704 0.519504
vt 0.443965 0.510192
vt 0.406155 0.527236
vt 0.400675 0.503710
vt 0.403617 0.516341
vt 0.387528 0.554865
vt 0.385539 0.539444
vt 0.357686 0.556468
vt 0.362657 0.586288
vt 0.334641 0.594178
vt 0.364158 0.591553
vt 0.334539 0.601034
vt 0.156138 0.557587
vt 0.123313 0.529727
vt 0.150670 0.564536
vt 0.118307 0.536270
vt 0.221080 0.447172
vt 0.228687 0.430058
vt 0.199203 0.428875
vt 0.226269 0.506821
vt 0.234513 0.485726
vt 0.197801 0.492163
vt 0.207146 0.472583
vt 0.276625 0.922704
vt 0.274454 0.926449
vt 0.309621 0.925796
vt 0.302195 0.940092
vt 0.267766 0.939893
vt 0.251452 0.517687
vt 0.259321 0.497932
vt 0.369936 0.926226
vt 0.372643 0.934363
vt 0.379577 0.935048
vt 0.345406 0.938598
vt 0.347122 0.927502
vt 0.352648 0.474480
vt 0.353909 0.498455
vt 0.367784 0.477202
vt 0.375060 0.497376
vt 0.394870 0.518924
vt 0.397972 0.532082
vt 0.091465 0.392163
vt 0.085481 0.400369
vt 0.110041 0.427123
vt 0.099707 0.436459
vt 0.197592 0.951047
vt 0.190982 0.944553
vt 0.180085 0.951222
vt 0.253703 0.943193
vt 0.255978 0.929599
vt 0.233560 0.931480
vt 0.256781 0.970011
vt 0.231088 0.978227
vt 0.415838 0.762409
vt 0.414603 0.790188
vt 0.414512 0.817506
vt 0.414980 0.845201
vt 0.435147 0.819671
vt 0.437981 0.847960
vt 0.414767 0.879949
vt 0.441255 0.886638
vt 0.433880 0.802833
vt 0.456743 0.795416
vt 0.452354 0.779550
vt 0.450252 0.755913
vt 0.493963 0.777621
vt 0.495866 0.797654
vt 0.488914 0.753178
vt 0.262270 0.799213
vt 0.282834 0.792257
vt 0.281514 0.771453
vt 0.284302 0.745786
vt 0.495014 0.819041
vt 0.463667 0.817608
vt 0.266383 0.813838
vt 0.453227 0.857118
vt 0.239016 0.809810
vt 0.234883 0.802416
vt 0.224892 0.789343
vt 0.244003 0.823033
vt 0.239532 0.823808
vt 0.234355 0.811293
vt 0.245428 0.835183
vt 0.220525 0.803351
vt 0.212480 0.793151
vt 0.486983 0.951534
vt 0.495778 0.951879
vt 0.432907 0.990016
vt 0.435476 0.981257
vt 0.418108 0.727139
vt 0.450454 0.725814
vt 0.486645 0.723250
vt 0.240936 0.707520
vt 0.284976 0.715643
vt 0.197575 0.770557
vt 0.197710 0.750920
vt 0.196541 0.776435
vt 0.204888 0.700185
vt 0.204760 0.730493
vt 0.169487 0.725945
vt 0.170808 0.752535
vt 0.168364 0.693487
vt 0.173351 0.767636
vt 0.174950 0.772427
vt 0.412523 0.683884
vt 0.415589 0.648673
vt 0.415313 0.622047
vt 0.462602 0.653460
vt 0.436471 0.650369
vt 0.460704 0.626408
vt 0.440683 0.623465
vt 0.433124 0.685229
vt 0.487122 0.688347
vt 0.454163 0.686714
vt 0.239782 0.681866
vt 0.284058 0.681323
vt 0.493461 0.660380
vt 0.240264 0.654851
vt 0.279877 0.653620
vt 0.497638 0.631300
vt 0.277883 0.624744
vt 0.235505 0.628496
vt 0.200169 0.625186
vt 0.202383 0.656557
vt 0.203238 0.678523
vt 0.057824 0.626467
vt 0.147780 0.857762
vt 0.152414 0.825137
vt 0.144891 0.886893
vt 0.157676 0.792650
vt 0.298378 0.978491
vt 0.299015 0.988102
vt 0.152390 0.912807
vt 0.322541 0.978274
vt 0.325926 0.986217
vt 0.341513 0.980424
vt 0.350284 0.988741
vt 0.342924 0.971075
vt 0.323643 0.968075
vt 0.300623 0.967231
vt 0.369785 0.991626
vt 0.390087 0.981060
vt 0.391050 0.993395
vt 0.110305 0.543940
vt 0.090261 0.505048
vt 0.163376 0.935142
vt 0.138548 0.576729
vt 0.004294 0.306213
vt 0.018692 0.303718
vt 0.485338 0.516595
vt 0.484807 0.527111
vt 0.447520 0.534952
vt 0.429541 0.535937
vt 0.408838 0.539508
vt 0.397740 0.547418
vt 0.411521 0.551779
vt 0.400588 0.560257
vt 0.239681 0.856228
vt 0.238414 0.877700
vt 0.229080 0.873929
vt 0.437126 0.942387
vt 0.458816 0.943947
vt 0.437084 0.925276
vt 0.476658 0.940267
vt 0.460535 0.939832
vt 0.480184 0.507042
vt 0.065162 0.325546
vt 0.037756 0.299693
vt 0.027819 0.303534
vt 0.087762 0.347134
vt 0.105347 0.372940
vt 0.111313 0.366658
vt 0.131819 0.395841
vt 0.141726 0.385476
vt 0.161886 0.411712
vt 0.174612 0.392928
vt 0.123179 0.472689
vt 0.110409 0.485653
vt 0.124901 0.408110
vt 0.152522 0.432227
vt 0.145198 0.503278
vt 0.132003 0.519219
vt 0.182580 0.454031
vt 0.214921 0.400140
vt 0.183503 0.601244
vt 0.190792 0.587490
vt 0.163720 0.546913
vt 0.201574 0.564063
vt 0.174527 0.530372
vt 0.208335 0.546155
vt 0.186576 0.510314
vt 0.217261 0.527151
vt 0.324986 0.941287
vt 0.330720 0.927491
vt 0.269856 0.968638
vt 0.302189 0.941847
vt 0.300674 0.964270
vt 0.325033 0.943600
vt 0.323792 0.965516
vt 0.267003 0.942022
vt 0.269654 0.966766
vt 0.255286 0.924373
vt 0.239327 0.557135
vt 0.244499 0.538805
vt 0.277246 0.527630
vt 0.273236 0.549771
vt 0.287924 0.486986
vt 0.267670 0.473788
vt 0.282166 0.505939
vt 0.311257 0.531625
vt 0.313509 0.512825
vt 0.269732 0.567545
vt 0.266087 0.584237
vt 0.234238 0.574900
vt 0.262109 0.604224
vt 0.228543 0.598092
vt 0.265200 0.615176
vt 0.226656 0.612883
vt 0.304049 0.605818
vt 0.224054 0.917589
vt 0.214952 0.936848
vt 0.227650 0.919829
vt 0.218769 0.939296
vt 0.224915 0.893759
vt 0.230069 0.893718
vt 0.390882 0.941440
vt 0.414995 0.941664
vt 0.390800 0.926474
vt 0.417408 0.925468
vt 0.335252 0.534524
vt 0.335193 0.554898
vt 0.355800 0.537006
vt 0.320712 0.459640
vt 0.316369 0.492425
vt 0.338417 0.470881
vt 0.339682 0.496321
vt 0.349639 0.450760
vt 0.305697 0.449904
vt 0.283527 0.440205
vt 0.244764 0.460617
vt 0.259340 0.433101
vt 0.386810 0.496199
vt 0.481530 0.952925
vt 0.476786 0.966522
vt 0.460097 0.966993
vt 0.458439 0.964164
vt 0.436449 0.963995
vt 0.437130 0.944366
vt 0.413912 0.964736
vt 0.415080 0.944727
vt 0.414172 0.981144
vt 0.414053 0.966900
vt 0.436669 0.965988
vt 0.412318 0.989761
vt 0.388083 0.967423
vt 0.390887 0.945123
vt 0.388148 0.963612
vt 0.382232 0.944386
vt 0.381537 0.963851
vt 0.372578 0.938541
vt 0.345488 0.940900
vt 0.369930 0.970067
vt 0.343359 0.967662
vt 0.257077 0.968352
vt 0.254026 0.943554
vt 0.231600 0.929547
vt 0.450847 0.900245
vt 0.364865 0.592159
vt 0.389587 0.571475
vt 0.363012 0.586764
vt 0.360192 0.577829
vt 0.380141 0.519086
vt 0.225238 0.386233
vt 0.255111 0.395061
vt 0.365873 0.417147
vt 0.373598 0.395460
vt 0.338909 0.384435
vt 0.412291 0.356702
vt 0.418942 0.331012
vt 0.386590 0.348642
vt 0.392140 0.323694
vt 0.396288 0.306075
vt 0.428669 0.306600
vt 0.320474 0.308278
vt 0.298561 0.301214
vt 0.311155 0.329649
vt 0.285605 0.323758
vt 0.340652 0.315843
vt 0.364808 0.309714
vt 0.347654 0.301828
vt 0.312896 0.282337
vt 0.293578 0.268431
vt 0.260541 0.258830
vt 0.280597 0.261578
vt 0.285063 0.240400
vt 0.225553 0.235565
vt 0.245341 0.246554
vt 0.245554 0.210560
vt 0.375734 0.264769
vt 0.362477 0.285806
vt 0.396688 0.280137
vt 0.381523 0.296087
vt 0.265149 0.221033
vt 0.302445 0.132901
vt 0.321608 0.149866
vt 0.322217 0.114959
vt 0.340126 0.127853
vt 0.366581 0.047876
vt 0.386289 0.027193
vt 0.358295 0.039442
vt 0.380108 0.020825
vt 0.410119 0.466868
vt 0.432185 0.478086
vt 0.450372 0.479911
vt 0.108694 0.332539
vt 0.131791 0.346619
vt 0.083189 0.312976
vt 0.161351 0.364336
vt 0.190463 0.375936
vt 0.280586 0.392154
vt 0.292296 0.372917
vt 0.264914 0.369490
vt 0.238221 0.362740
vt 0.322999 0.416488
vt 0.303543 0.400413
vt 0.314759 0.380168
vt 0.387522 0.444093
vt 0.175829 0.345985
vt 0.149189 0.328729
vt 0.129546 0.312942
vt 0.207141 0.357339
vt 0.303462 0.352571
vt 0.273107 0.345013
vt 0.257196 0.314847
vt 0.247757 0.341186
vt 0.326957 0.359375
vt 0.349976 0.365875
vt 0.230869 0.311676
vt 0.219403 0.338454
vt 0.205009 0.305320
vt 0.188912 0.327469
vt 0.183812 0.290336
vt 0.165840 0.310904
vt 0.169348 0.270757
vt 0.148875 0.292537
vt 0.106945 0.292104
vt 0.129761 0.270137
vt 0.357451 0.344567
vt 0.379513 0.372932
vt 0.395148 0.412652
vt 0.419507 0.428734
vt 0.443409 0.439193
vt 0.464549 0.443638
vt 0.487211 0.486704
vt 0.500270 0.451670
vt 0.052547 0.286039
vt 0.077218 0.261640
vt 0.128639 0.220730
vt 0.105969 0.240198
vt 0.152333 0.247623
vt 0.477438 0.406575
vt 0.512893 0.414523
vt 0.483347 0.380673
vt 0.516235 0.381849
vt 0.405989 0.382224
vt 0.435368 0.365586
vt 0.429461 0.391529
vt 0.459835 0.374659
vt 0.454509 0.400533
vt 0.362852 0.322789
vt 0.443045 0.340762
vt 0.465560 0.349231
vt 0.485983 0.354156
vt 0.516394 0.352040
vt 0.152045 0.203673
vt 0.171948 0.224349
vt 0.188780 0.248109
vt 0.201553 0.269077
vt 0.220725 0.283236
vt 0.242436 0.284980
vt 0.267208 0.288316
vt 0.331847 0.295316
vt 0.431096 0.293524
vt 0.433532 0.280398
vt 0.396487 0.293144
vt 0.457201 0.313470
vt 0.484861 0.326407
vt 0.459746 0.298365
vt 0.462396 0.282633
vt 0.493316 0.287592
vt 0.489448 0.305350
vt 0.514832 0.333424
vt 0.517752 0.315782
vt 0.520220 0.300870
vt 0.169019 0.189083
vt 0.187428 0.206155
vt 0.186295 0.152402
vt 0.178382 0.169204
vt 0.206473 0.171044
vt 0.206384 0.223194
vt 0.226051 0.191314
vt 0.338918 0.240982
vt 0.316567 0.228981
vt 0.323479 0.267896
vt 0.302889 0.255840
vt 0.358307 0.251854
vt 0.344377 0.277410
vt 0.452604 0.226943
vt 0.426313 0.220319
vt 0.442251 0.253503
vt 0.414161 0.248072
vt 0.391800 0.239008
vt 0.471594 0.256657
vt 0.502515 0.262490
vt 0.481398 0.232266
vt 0.510016 0.238950
vt 0.530818 0.273819
vt 0.225879 0.142107
vt 0.205981 0.122781
vt 0.244785 0.162946
vt 0.272142 0.185866
vt 0.280907 0.205061
vt 0.301398 0.221175
vt 0.371293 0.227928
vt 0.348467 0.220756
vt 0.357863 0.200044
vt 0.382658 0.203799
vt 0.314845 0.203133
vt 0.328402 0.200171
vt 0.299700 0.192124
vt 0.302539 0.177222
vt 0.465228 0.201360
vt 0.489786 0.207914
vt 0.440115 0.193968
vt 0.516171 0.215191
vt 0.543351 0.220869
vt 0.539026 0.248473
vt 0.227865 0.099830
vt 0.246344 0.120908
vt 0.253211 0.080755
vt 0.270642 0.102519
vt 0.267157 0.142439
vt 0.287221 0.120019
vt 0.287586 0.159291
vt 0.343753 0.167420
vt 0.368756 0.174563
vt 0.414972 0.187124
vt 0.403542 0.213566
vt 0.358264 0.139168
vt 0.380734 0.149321
vt 0.306270 0.102702
vt 0.313386 0.071376
vt 0.292541 0.087886
vt 0.326392 0.085014
vt 0.300953 0.051731
vt 0.278174 0.066420
vt 0.543796 0.194975
vt 0.518433 0.190444
vt 0.499431 0.159199
vt 0.494944 0.183225
vt 0.519597 0.166339
vt 0.472835 0.175847
vt 0.449753 0.168284
vt 0.427650 0.162871
vt 0.403814 0.157332
vt 0.393363 0.180357
vt 0.481130 0.151511
vt 0.486783 0.127400
vt 0.459401 0.143242
vt 0.467958 0.119491
vt 0.476248 0.095971
vt 0.462936 0.091590
vt 0.452820 0.115296
vt 0.519868 0.140529
vt 0.502890 0.134756
vt 0.336378 0.055787
vt 0.324345 0.038396
vt 0.346370 0.066318
vt 0.378603 0.057181
vt 0.360242 0.076315
vt 0.374378 0.085406
vt 0.389224 0.094103
vt 0.391300 0.065224
vt 0.405199 0.072728
vt 0.424625 0.080339
vt 0.409025 0.103035
vt 0.417114 0.133205
vt 0.441698 0.138543
vt 0.430136 0.109991
vt 0.476232 0.068957
vt 0.460107 0.063411
vt 0.444758 0.086575
vt 0.486839 0.073379
vt 0.440269 0.057050
vt 0.421337 0.050093
vt 0.407807 0.043258
vt 0.396358 0.036011
vt 0.507494 0.110249
vt 0.523907 0.115220
vt 0.513973 0.086933
vt 0.531125 0.090399
vt 0.500815 0.081128
vt 0.493218 0.103862
vt 0.334262 0.338584
vt 0.346103 0.024148
vt 0.341573 0.095205
vt 0.374201 0.115731
vt 0.357623 0.105624
vt 0.395022 0.125641
vt 0.540063 0.170266
vt 0.541016 0.119487
vt 0.538721 0.144792
vt 0.544818 0.092680
vt 0.366622 0.006454
vt 0.378283 0.938609
vt 0.382300 0.967358
vt 0.376882 0.968610
vt 0.383510 0.941127
vt 0.843612 0.669524
vt 0.810252 0.671890
vt 0.837695 0.647978
vt 0.809142 0.651721
vt 0.847418 0.644154
vt 0.847493 0.647050
vt 0.838024 0.644814
vt 0.903153 0.597898
vt 0.896781 0.621933
vt 0.878103 0.597009
vt 0.873211 0.620659
vt 0.840090 0.625008
vt 0.847207 0.622424
vt 0.689752 0.648290
vt 0.688031 0.621129
vt 0.731586 0.642138
vt 0.730810 0.620730
vt 0.840974 0.605131
vt 0.811824 0.592445
vt 0.843407 0.597114
vt 0.809273 0.597909
vt 0.773510 0.595582
vt 0.734935 0.553794
vt 0.729608 0.598782
vt 0.701912 0.550332
vt 0.880632 0.569208
vt 0.881828 0.559916
vt 0.909267 0.572397
vt 0.913390 0.550102
vt 0.598139 0.697161
vt 0.583771 0.704588
vt 0.594257 0.692314
vt 0.589474 0.664140
vt 0.598479 0.689686
vt 0.660384 0.556841
vt 0.684462 0.578177
vt 0.657890 0.574741
vt 0.708560 0.532693
vt 0.707366 0.509874
vt 0.735005 0.528648
vt 0.587740 0.524921
vt 0.552561 0.502482
vt 0.587333 0.501797
vt 0.708988 0.470421
vt 0.675822 0.463068
vt 0.712026 0.444645
vt 0.679875 0.438407
vt 0.552201 0.481227
vt 0.513380 0.453824
vt 0.557814 0.468119
vt 0.777263 0.397552
vt 0.775200 0.364687
vt 0.809888 0.395486
vt 0.807867 0.363019
vt 0.914244 0.327045
vt 0.922079 0.355742
vt 0.889923 0.329491
vt 0.892916 0.359113
vt 0.891191 0.307989
vt 0.923879 0.301946
vt 0.938313 0.319414
vt 0.920519 0.288032
vt 0.888257 0.293404
vt 0.721426 0.307264
vt 0.746104 0.311254
vt 0.720790 0.332101
vt 0.745575 0.331019
vt 0.806669 0.051450
vt 0.783279 0.040901
vt 0.810005 0.032944
vt 0.785201 0.028451
vt 0.893766 0.057450
vt 0.870208 0.062953
vt 0.892706 0.048272
vt 0.865490 0.052994
vt 0.839268 0.884349
vt 0.841580 0.867380
vt 0.820864 0.889113
vt 0.910245 0.945125
vt 0.885499 0.934175
vt 0.889705 0.953567
vt 0.861463 0.959179
vt 0.850283 0.930285
vt 0.830328 0.948686
vt 0.828947 0.932448
vt 0.806615 0.892721
vt 0.830178 0.913042
vt 0.808070 0.928441
vt 0.785592 0.929218
vt 0.782959 0.899211
vt 0.788324 0.850107
vt 0.769319 0.865586
vt 0.850625 0.835735
vt 0.837936 0.821504
vt 0.843319 0.851383
vt 0.819442 0.841914
vt 0.828902 0.801690
vt 0.795820 0.812115
vt 0.862745 0.825140
vt 0.853499 0.810141
vt 0.825432 0.981272
vt 0.841321 0.982126
vt 0.829859 0.967099
vt 0.752414 0.906194
vt 0.758759 0.904393
vt 0.751309 0.896571
vt 0.752211 0.882463
vt 0.750394 0.846226
vt 0.738536 0.881675
vt 0.759616 0.924470
vt 0.755771 0.916635
vt 0.725526 0.878527
vt 0.856822 0.783544
vt 0.827797 0.771161
vt 0.837810 0.785823
vt 0.546282 0.950339
vt 0.572365 0.944056
vt 0.546284 0.937593
vt 0.843320 0.793302
vt 0.892233 0.678072
vt 0.903656 0.672641
vt 0.916738 0.683687
vt 0.918525 0.674425
vt 0.867053 0.676817
vt 0.888726 0.671368
vt 0.868546 0.670586
vt 0.808545 0.679346
vt 0.846091 0.675876
vt 0.767027 0.682941
vt 0.765388 0.670658
vt 0.767556 0.649616
vt 0.872521 0.650025
vt 0.891540 0.649719
vt 0.907085 0.651828
vt 0.892438 0.646485
vt 0.907785 0.648922
vt 0.913179 0.623296
vt 0.809469 0.644208
vt 0.768353 0.643357
vt 0.809602 0.620602
vt 0.770783 0.618827
vt 0.730014 0.647436
vt 0.731436 0.682395
vt 0.729909 0.671306
vt 0.691733 0.682583
vt 0.691462 0.674482
vt 0.691156 0.652426
vt 0.918025 0.599547
vt 0.923207 0.575303
vt 0.847164 0.568794
vt 0.810344 0.563072
vt 0.775366 0.557829
vt 0.834668 0.610312
vt 0.685507 0.594830
vt 0.668503 0.683766
vt 0.669805 0.676087
vt 0.944405 0.548488
vt 0.938483 0.578556
vt 0.929737 0.548379
vt 0.950557 0.516656
vt 0.943254 0.515903
vt 0.910525 0.488249
vt 0.913541 0.527870
vt 0.879207 0.490970
vt 0.881432 0.533778
vt 0.943173 0.475155
vt 0.944149 0.504397
vt 0.813138 0.489155
vt 0.848540 0.492069
vt 0.811895 0.534877
vt 0.848564 0.539234
vt 0.778242 0.490125
vt 0.776564 0.532446
vt 0.738001 0.485877
vt 0.666725 0.655101
vt 0.667552 0.649382
vt 0.662811 0.622107
vt 0.658458 0.595558
vt 0.607993 0.655115
vt 0.587356 0.655526
vt 0.599861 0.622514
vt 0.566003 0.627088
vt 0.593092 0.597847
vt 0.625913 0.594449
vt 0.632375 0.620535
vt 0.625190 0.570817
vt 0.593310 0.573902
vt 0.639763 0.650785
vt 0.616418 0.685961
vt 0.609478 0.661398
vt 0.645329 0.681001
vt 0.640555 0.657176
vt 0.601163 0.694867
vt 0.619605 0.690546
vt 0.647556 0.686020
vt 0.625299 0.551141
vt 0.598018 0.552460
vt 0.666384 0.528927
vt 0.627459 0.518765
vt 0.630853 0.501815
vt 0.670204 0.515953
vt 0.540780 0.504167
vt 0.551540 0.530649
vt 0.741965 0.452191
vt 0.744123 0.426904
vt 0.779390 0.455389
vt 0.778733 0.428397
vt 0.745897 0.396706
vt 0.746543 0.364875
vt 0.718135 0.362918
vt 0.770899 0.313433
vt 0.773287 0.330466
vt 0.813634 0.453713
vt 0.847731 0.453873
vt 0.877511 0.453727
vt 0.941183 0.443900
vt 0.906957 0.451128
vt 0.993005 0.496228
vt 0.989455 0.485913
vt 0.973565 0.430232
vt 0.981636 0.459261
vt 0.997886 0.505042
vt 0.841457 0.393734
vt 0.838185 0.361607
vt 0.833405 0.326715
vt 0.860268 0.326754
vt 0.864000 0.361676
vt 0.943356 0.348676
vt 0.575366 0.415729
vt 0.568183 0.438936
vt 0.534064 0.410979
vt 0.524093 0.434211
vt 0.610901 0.324418
vt 0.604471 0.352596
vt 0.581096 0.322576
vt 0.569109 0.345679
vt 0.535184 0.490106
vt 0.508207 0.460092
vt 0.639968 0.456702
vt 0.633754 0.487376
vt 0.604608 0.449591
vt 0.594066 0.483957
vt 0.671303 0.497770
vt 0.644554 0.433548
vt 0.649182 0.413295
vt 0.682840 0.417496
vt 0.611029 0.425993
vt 0.804384 0.312419
vt 0.808926 0.328398
vt 0.835001 0.309827
vt 0.856821 0.310607
vt 0.576146 0.303509
vt 0.616140 0.301221
vt 0.595321 0.374179
vt 0.628050 0.381665
vt 0.635156 0.356727
vt 0.667516 0.333080
vt 0.663244 0.360422
vt 0.639212 0.330593
vt 0.691830 0.333119
vt 0.690554 0.362144
vt 0.644097 0.304442
vt 0.669306 0.305858
vt 0.692648 0.307402
vt 0.807241 0.275162
vt 0.775512 0.276034
vt 0.806931 0.246958
vt 0.775530 0.246536
vt 0.748876 0.250934
vt 0.749979 0.274616
vt 0.832922 0.274330
vt 0.834040 0.247915
vt 0.855638 0.291271
vt 0.672418 0.273246
vt 0.668444 0.250800
vt 0.692340 0.273290
vt 0.690571 0.249985
vt 0.640126 0.252380
vt 0.642683 0.271660
vt 0.608577 0.254430
vt 0.610248 0.262371
vt 0.607766 0.272736
vt 0.576070 0.261232
vt 0.570704 0.280459
vt 0.898426 0.101899
vt 0.872415 0.098187
vt 0.897004 0.084924
vt 0.868045 0.086423
vt 0.933356 0.107897
vt 0.916597 0.104673
vt 0.935785 0.090288
vt 0.914859 0.087332
vt 0.565547 0.071936
vt 0.605317 0.070648
vt 0.572349 0.089995
vt 0.606409 0.085417
vt 0.625125 0.072183
vt 0.630709 0.059755
vt 0.660146 0.071081
vt 0.658770 0.059834
vt 0.690801 0.070654
vt 0.690176 0.057744
vt 0.717952 0.085836
vt 0.716050 0.066797
vt 0.744456 0.086870
vt 0.745663 0.064114
vt 0.801817 0.075421
vt 0.795619 0.091941
vt 0.776921 0.069402
vt 0.768902 0.087486
vt 0.844392 0.060924
vt 0.842914 0.091783
vt 0.825562 0.058008
vt 0.821106 0.082500
vt 0.918590 0.041338
vt 0.916249 0.053620
vt 0.945982 0.038308
vt 0.943357 0.048803
vt 0.624367 0.019960
vt 0.594388 0.019553
vt 0.564831 0.028676
vt 0.567948 0.018045
vt 0.590667 0.013181
vt 0.654117 0.018570
vt 0.655534 0.010709
vt 0.623979 0.012814
vt 0.691567 0.018974
vt 0.690876 0.012235
vt 0.719376 0.026410
vt 0.744733 0.034912
vt 0.718070 0.014587
vt 0.745748 0.023546
vt 0.865420 0.799677
vt 0.875144 0.813289
vt 0.848043 0.900741
vt 0.865112 0.920991
vt 0.922413 0.743611
vt 0.895837 0.756676
vt 0.931858 0.757789
vt 0.907896 0.777115
vt 0.882028 0.733984
vt 0.907732 0.718379
vt 0.959858 0.958120
vt 0.985554 0.956645
vt 0.961220 0.943285
vt 0.988605 0.939586
vt 0.984746 0.986073
vt 0.958701 0.985082
vt 0.931165 0.947712
vt 0.929162 0.960912
vt 0.927388 0.985850
vt 0.770112 0.829782
vt 0.822921 0.793440
vt 0.790407 0.798769
vt 0.760485 0.818447
vt 0.890544 0.966865
vt 0.866474 0.970715
vt 0.808456 0.945844
vt 0.780804 0.944550
vt 0.804518 0.963610
vt 0.802270 0.978967
vt 0.774799 0.957302
vt 0.770645 0.971368
vt 0.739297 0.839477
vt 0.737709 0.896975
vt 0.736986 0.908950
vt 0.742156 0.922339
vt 0.748726 0.935487
vt 0.723559 0.912244
vt 0.729428 0.929993
vt 0.741266 0.945953
vt 0.733708 0.954928
vt 0.717993 0.936904
vt 0.722526 0.896276
vt 0.714648 0.874506
vt 0.709038 0.895633
vt 0.573664 0.911688
vt 0.572425 0.925748
vt 0.595582 0.908975
vt 0.599527 0.927691
vt 0.603486 0.947838
vt 0.595997 0.899178
vt 0.574087 0.899445
vt 0.577207 0.890088
vt 0.595448 0.888160
vt 0.593465 0.863153
vt 0.577083 0.869958
vt 0.874751 0.769587
vt 0.862195 0.746920
vt 0.586017 0.851146
vt 0.569303 0.845295
vt 0.550317 0.870386
vt 0.556171 0.853045
vt 0.894612 0.985013
vt 0.554341 0.889451
vt 0.555339 0.900401
vt 0.556779 0.914780
vt 0.550091 0.929423
vt 0.549452 0.967181
vt 0.572800 0.967141
vt 0.574597 0.992878
vt 0.564912 0.992519
vt 0.555993 0.986851
vt 0.599089 0.963305
vt 0.583300 0.990901
vt 0.591262 0.984645
vt 0.530602 0.492005
vt 0.504246 0.469810
vt 0.829587 0.040405
vt 0.714169 0.422444
vt 0.812546 0.426357
vt 0.844258 0.424603
vt 0.875588 0.424302
vt 0.903543 0.422120
vt 0.935917 0.414590
vt 0.928198 0.385223
vt 0.950549 0.378009
vt 0.964463 0.403606
vt 0.584161 0.397002
vt 0.551353 0.365808
vt 0.544097 0.389292
vt 0.656178 0.387517
vt 0.619223 0.405233
vt 0.890204 0.793748
vt 0.833628 0.291358
vt 0.870077 0.393507
vt 0.898090 0.391031
vt 0.845004 0.051672
vt 0.760591 0.066267
vt 0.763577 0.036406
vt 0.764829 0.026533
vt 0.716130 0.393346
vt 0.687081 0.390325
vt 0.715209 0.274902
vt 0.716349 0.251569
vt 0.872145 0.645137
vt 0.860018 0.101110
vt 0.832506 0.108222
vt 0.850741 0.111744
vt 0.852606 0.121203
vt 0.836360 0.123618
vt 0.847733 0.138406
vt 0.858668 0.129062
vt 0.867405 0.154015
vt 0.875006 0.140900
vt 0.890009 0.174582
vt 0.896478 0.159424
vt 0.658532 0.097813
vt 0.623627 0.084516
vt 0.693080 0.084305
vt 0.818556 0.098413
vt 0.743191 0.116921
vt 0.766576 0.108970
vt 0.793235 0.107295
vt 0.864067 0.170457
vt 0.845407 0.168797
vt 0.843593 0.186595
vt 0.864501 0.188095
vt 0.890600 0.191948
vt 0.574877 0.110675
vt 0.609819 0.111154
vt 0.610353 0.138262
vt 0.579502 0.136349
vt 0.923310 0.187880
vt 0.920305 0.173314
vt 0.610158 0.162227
vt 0.609222 0.177609
vt 0.578935 0.160591
vt 0.576160 0.177359
vt 0.923235 0.151048
vt 0.899764 0.138030
vt 0.924318 0.126334
vt 0.899581 0.115341
vt 0.876352 0.113228
vt 0.876190 0.126366
vt 0.888112 0.222565
vt 0.888066 0.250972
vt 0.860554 0.221970
vt 0.858662 0.252231
vt 0.864020 0.206198
vt 0.889344 0.206215
vt 0.838625 0.220203
vt 0.841285 0.205767
vt 0.924296 0.249238
vt 0.923987 0.223699
vt 0.922599 0.205367
vt 0.664526 0.220765
vt 0.639580 0.221983
vt 0.637408 0.194621
vt 0.664407 0.194873
vt 0.662079 0.169067
vt 0.637661 0.180730
vt 0.660069 0.115665
vt 0.635904 0.114747
vt 0.660526 0.139375
vt 0.635895 0.138466
vt 0.637379 0.162835
vt 0.747504 0.227152
vt 0.775033 0.232541
vt 0.775412 0.213944
vt 0.751673 0.214674
vt 0.746215 0.164469
vt 0.772221 0.161345
vt 0.747460 0.189380
vt 0.774110 0.187437
vt 0.769005 0.133099
vt 0.744345 0.135099
vt 0.688327 0.221435
vt 0.717152 0.224716
vt 0.689068 0.193131
vt 0.718327 0.193157
vt 0.692828 0.110579
vt 0.690101 0.136513
vt 0.687063 0.168818
vt 0.719380 0.168254
vt 0.718296 0.137330
vt 0.719941 0.114631
vt 0.606403 0.217588
vt 0.607997 0.194489
vt 0.573372 0.219182
vt 0.578688 0.248120
vt 0.570591 0.197564
vt 0.820516 0.220230
vt 0.797213 0.160712
vt 0.791953 0.132383
vt 0.821398 0.138378
vt 0.811121 0.157763
vt 0.817402 0.113647
vt 0.805126 0.224146
vt 0.805348 0.208092
vt 0.801883 0.185385
vt 0.818915 0.185449
vt 0.819469 0.207363
vt 0.830021 0.207108
vt 0.806127 0.293206
vt 0.772898 0.294144
vt 0.747858 0.292043
vt 0.857142 0.274168
vt 0.886838 0.261009
vt 0.887996 0.280300
vt 0.923572 0.275148
vt 0.918563 0.261855
vt 0.574106 0.290234
vt 0.613516 0.287337
vt 0.642900 0.287415
vt 0.669886 0.288962
vt 0.692093 0.288469
vt 0.717841 0.289522
vt 0.933764 0.601042
vt 0.928630 0.625112
vt 0.923259 0.650979
vt 0.922450 0.654558
vt 0.710334 0.915973
vt 0.574012 0.658046
vt 0.575553 0.666353
vt 0.580644 0.695513
vt 0.559526 0.600543
vt 0.555795 0.575938
vt 0.554199 0.555009
vt 0.843612 0.669524
vt 0.837695 0.647978
vt 0.810452 0.671712
vt 0.809378 0.651349
vt 0.847602 0.643955
vt 0.838024 0.644814
vt 0.847705 0.646907
vt 0.903153 0.597898
vt 0.878103 0.597009
vt 0.897073 0.621595
vt 0.873211 0.620659
vt 0.840090 0.625008
vt 0.847511 0.621878
vt 0.730810 0.620730
vt 0.688031 0.621129
vt 0.731586 0.642138
vt 0.689752 0.648290
vt 0.840974 0.605131
vt 0.843407 0.597114
vt 0.811824 0.592445
vt 0.809273 0.597909
vt 0.773510 0.595582
vt 0.734935 0.553794
vt 0.701912 0.550332
vt 0.729608 0.598782
vt 0.913390 0.550102
vt 0.881828 0.559916
vt 0.909267 0.572397
vt 0.880632 0.569208
vt 0.598139 0.697161
vt 0.594257 0.692314
vt 0.598479 0.689686
vt 0.589474 0.664140
vt 0.660384 0.556841
vt 0.657890 0.574741
vt 0.684462 0.578177
vt 0.708560 0.532693
vt 0.735005 0.528648
vt 0.707366 0.509874
vt 0.587740 0.524921
vt 0.587333 0.501797
vt 0.552561 0.502482
vt 0.708988 0.470421
vt 0.712026 0.444645
vt 0.675822 0.463068
vt 0.679875 0.438407
vt 0.552201 0.481227
vt 0.557814 0.468119
vt 0.513380 0.453824
vt 0.807867 0.363019
vt 0.775200 0.364687
vt 0.809888 0.395486
vt 0.777263 0.397552
vt 0.892916 0.359113
vt 0.922079 0.355742
vt 0.889923 0.329491
vt 0.914244 0.327045
vt 0.891535 0.305169
vt 0.919160 0.302032
vt 0.938313 0.319414
vt 0.920519 0.288032
vt 0.888257 0.293404
vt 0.720790 0.332101
vt 0.745575 0.331019
vt 0.719613 0.313450
vt 0.746203 0.310133
vt 0.806669 0.051450
vt 0.810005 0.032944
vt 0.783279 0.040901
vt 0.785201 0.028451
vt 0.893766 0.057450
vt 0.892706 0.048272
vt 0.870208 0.062953
vt 0.865490 0.052994
vt 0.839268 0.884349
vt 0.820864 0.889113
vt 0.841580 0.867380
vt 0.910245 0.945125
vt 0.889705 0.953567
vt 0.885499 0.934175
vt 0.861463 0.959179
vt 0.850283 0.930285
vt 0.830328 0.948686
vt 0.828947 0.932448
vt 0.808070 0.928441
vt 0.806615 0.892721
vt 0.830178 0.913042
vt 0.782959 0.899211
vt 0.785592 0.929218
vt 0.769319 0.865586
vt 0.788324 0.850107
vt 0.819442 0.841914
vt 0.837936 0.821504
vt 0.843319 0.851383
vt 0.850625 0.835735
vt 0.795820 0.812115
vt 0.828902 0.801690
vt 0.853499 0.810141
vt 0.862745 0.825140
vt 0.825432 0.981272
vt 0.829859 0.967099
vt 0.841321 0.982126
vt 0.752211 0.882463
vt 0.758759 0.904393
vt 0.751309 0.896571
vt 0.752414 0.906194
vt 0.738536 0.881675
vt 0.750394 0.846226
vt 0.759616 0.924470
vt 0.755771 0.916635
vt 0.725526 0.878527
vt 0.856822 0.783544
vt 0.837810 0.785823
vt 0.827797 0.771161
vt 0.546282 0.950339
vt 0.546284 0.937593
vt 0.572365 0.944056
vt 0.843320 0.793302
vt 0.941254 0.687077
vt 0.932983 0.677920
vt 0.892233 0.678072
vt 0.888726 0.671368
vt 0.867053 0.676817
vt 0.868546 0.670586
vt 0.846091 0.675876
vt 0.808545 0.679346
vt 0.767027 0.682941
vt 0.765368 0.670844
vt 0.767468 0.649818
vt 0.891540 0.649719
vt 0.872521 0.650025
vt 0.937647 0.657297
vt 0.947072 0.681835
vt 0.952538 0.660502
vt 0.952983 0.657200
vt 0.938314 0.654308
vt 0.959155 0.632952
vt 0.943665 0.628553
vt 0.809650 0.643872
vt 0.809602 0.620602
vt 0.768534 0.642650
vt 0.770783 0.618827
vt 0.729958 0.647509
vt 0.731436 0.682395
vt 0.729825 0.671410
vt 0.691733 0.682583
vt 0.691462 0.674482
vt 0.691156 0.652426
vt 0.963947 0.608212
vt 0.949158 0.604726
vt 0.969230 0.581700
vt 0.954370 0.580185
vt 0.847164 0.568794
vt 0.810344 0.563072
vt 0.775366 0.557829
vt 0.834668 0.610312
vt 0.685507 0.594830
vt 0.668503 0.683766
vt 0.669805 0.676087
vt 0.958604 0.552606
vt 0.958832 0.517410
vt 0.910525 0.488249
vt 0.879207 0.490970
vt 0.913541 0.527870
vt 0.881432 0.533778
vt 0.943173 0.475155
vt 0.944149 0.504397
vt 0.813138 0.489155
vt 0.811895 0.534877
vt 0.848540 0.492069
vt 0.848564 0.539234
vt 0.776564 0.532446
vt 0.778242 0.490125
vt 0.738001 0.485877
vt 0.666725 0.655101
vt 0.667552 0.649382
vt 0.662811 0.622107
vt 0.658458 0.595558
vt 0.607591 0.654977
vt 0.599861 0.622514
vt 0.587356 0.655526
vt 0.593092 0.597847
vt 0.625913 0.594449
vt 0.632375 0.620535
vt 0.625190 0.570817
vt 0.593310 0.573902
vt 0.639253 0.650593
vt 0.616418 0.685961
vt 0.608883 0.660941
vt 0.645329 0.681001
vt 0.639951 0.657233
vt 0.601163 0.694867
vt 0.619605 0.690546
vt 0.647556 0.686020
vt 0.625299 0.551141
vt 0.598018 0.552460
vt 0.627459 0.518765
vt 0.666384 0.528927
vt 0.670204 0.515953
vt 0.630853 0.501815
vt 0.778733 0.428397
vt 0.744123 0.426904
vt 0.779390 0.455389
vt 0.741965 0.452191
vt 0.745897 0.396706
vt 0.746543 0.364875
vt 0.718135 0.362918
vt 0.773287 0.330466
vt 0.769235 0.310426
vt 0.813634 0.453713
vt 0.847731 0.453873
vt 0.877511 0.453727
vt 0.906957 0.451128
vt 0.941183 0.443900
vt 0.943254 0.515903
vt 0.993005 0.496228
vt 0.989455 0.485913
vt 0.981636 0.459261
vt 0.973565 0.430232
vt 0.838185 0.361607
vt 0.841457 0.393734
vt 0.833405 0.326715
vt 0.860268 0.326754
vt 0.864000 0.361676
vt 0.943356 0.348676
vt 0.524093 0.434211
vt 0.568183 0.438936
vt 0.534064 0.410979
vt 0.575366 0.415729
vt 0.610901 0.324418
vt 0.581096 0.322576
vt 0.604471 0.352596
vt 0.569109 0.345679
vt 0.535184 0.490106
vt 0.508207 0.460092
vt 0.639968 0.456702
vt 0.604608 0.449591
vt 0.633754 0.487376
vt 0.594066 0.483957
vt 0.671303 0.497770
vt 0.682840 0.417496
vt 0.649182 0.413295
vt 0.644554 0.433548
vt 0.611029 0.425993
vt 0.808926 0.328398
vt 0.804553 0.309541
vt 0.834603 0.306845
vt 0.855992 0.307665
vt 0.616991 0.302823
vt 0.579394 0.302710
vt 0.595321 0.374179
vt 0.628050 0.381665
vt 0.635156 0.356727
vt 0.667516 0.333080
vt 0.639212 0.330593
vt 0.663244 0.360422
vt 0.691830 0.333119
vt 0.690554 0.362144
vt 0.641933 0.307523
vt 0.668660 0.306511
vt 0.692556 0.308541
vt 0.806931 0.246958
vt 0.775530 0.246536
vt 0.806131 0.275402
vt 0.773863 0.277032
vt 0.748876 0.250934
vt 0.746139 0.274684
vt 0.834040 0.247915
vt 0.832331 0.274374
vt 0.855638 0.291271
vt 0.672445 0.273121
vt 0.692448 0.273482
vt 0.668444 0.250800
vt 0.690469 0.250386
vt 0.640126 0.252380
vt 0.640728 0.272313
vt 0.608577 0.254430
vt 0.610986 0.263199
vt 0.574403 0.262827
vt 0.611968 0.276133
vt 0.576148 0.278882
vt 0.868254 0.086348
vt 0.872662 0.098097
vt 0.897004 0.084924
vt 0.898426 0.101899
vt 0.933356 0.107897
vt 0.935785 0.090288
vt 0.916597 0.104673
vt 0.914859 0.087332
vt 0.605820 0.085227
vt 0.605317 0.070648
vt 0.572349 0.089995
vt 0.565547 0.071936
vt 0.658770 0.059834
vt 0.630709 0.059755
vt 0.660146 0.071081
vt 0.625125 0.072183
vt 0.690176 0.057744
vt 0.690801 0.070654
vt 0.745737 0.063637
vt 0.716050 0.066797
vt 0.744458 0.086649
vt 0.717977 0.085499
vt 0.801936 0.075260
vt 0.776870 0.069267
vt 0.795654 0.091788
vt 0.768868 0.087381
vt 0.842990 0.091631
vt 0.844392 0.060924
vt 0.821244 0.082268
vt 0.825562 0.058008
vt 0.918590 0.041338
vt 0.916605 0.053103
vt 0.943357 0.048803
vt 0.945982 0.038308
vt 0.624367 0.019960
vt 0.594388 0.019553
vt 0.564831 0.028676
vt 0.567948 0.018045
vt 0.590667 0.013181
vt 0.654117 0.018570
vt 0.655534 0.010709
vt 0.623979 0.012814
vt 0.691567 0.018974
vt 0.690876 0.012235
vt 0.744733 0.034912
vt 0.719376 0.026410
vt 0.718070 0.014587
vt 0.745748 0.023546
vt 0.865420 0.799677
vt 0.875144 0.813289
vt 0.848043 0.900741
vt 0.865112 0.920991
vt 0.922413 0.743611
vt 0.931858 0.757789
vt 0.895837 0.756676
vt 0.907896 0.777115
vt 0.882028 0.733984
vt 0.907732 0.718379
vt 0.959858 0.958120
vt 0.961220 0.943285
vt 0.985554 0.956645
vt 0.988605 0.939586
vt 0.984746 0.986073
vt 0.958701 0.985082
vt 0.931165 0.947712
vt 0.929162 0.960912
vt 0.927388 0.985850
vt 0.770112 0.829782
vt 0.822921 0.793440
vt 0.790407 0.798769
vt 0.760485 0.818447
vt 0.866474 0.970715
vt 0.890544 0.966865
vt 0.808456 0.945844
vt 0.780804 0.944550
vt 0.804518 0.963610
vt 0.802270 0.978967
vt 0.774799 0.957302
vt 0.770645 0.971368
vt 0.739297 0.839477
vt 0.737709 0.896975
vt 0.742156 0.922339
vt 0.736986 0.908950
vt 0.748726 0.935487
vt 0.723559 0.912244
vt 0.729428 0.929993
vt 0.741266 0.945953
vt 0.733708 0.954928
vt 0.717993 0.936904
vt 0.722526 0.896276
vt 0.709038 0.895633
vt 0.714648 0.874506
vt 0.573664 0.911688
vt 0.595582 0.908975
vt 0.572425 0.925748
vt 0.599527 0.927691
vt 0.603486 0.947838
vt 0.595997 0.899178
vt 0.574087 0.899445
vt 0.595448 0.888160
vt 0.577207 0.890088
vt 0.593465 0.863153
vt 0.577083 0.869958
vt 0.874751 0.769587
vt 0.862195 0.746920
vt 0.586017 0.851146
vt 0.569303 0.845295
vt 0.550317 0.870386
vt 0.556171 0.853045
vt 0.894612 0.985013
vt 0.554341 0.889451
vt 0.555339 0.900401
vt 0.556779 0.914780
vt 0.550091 0.929423
vt 0.549452 0.967181
vt 0.572800 0.967141
vt 0.574597 0.992878
vt 0.564912 0.992519
vt 0.555993 0.986851
vt 0.599089 0.963305
vt 0.583300 0.990901
vt 0.591262 0.984645
vt 0.829587 0.040405
vt 0.714169 0.422444
vt 0.812546 0.426357
vt 0.844258 0.424603
vt 0.875588 0.424302
vt 0.903543 0.422120
vt 0.935917 0.414590
vt 0.928198 0.385223
vt 0.950549 0.378009
vt 0.964463 0.403606
vt 0.544097 0.389292
vt 0.584161 0.397002
vt 0.551353 0.365808
vt 0.619223 0.405233
vt 0.656178 0.387517
vt 0.890204 0.793748
vt 0.833628 0.291358
vt 0.870077 0.393507
vt 0.898090 0.391031
vt 0.845004 0.051672
vt 0.760536 0.065992
vt 0.763577 0.036406
vt 0.764829 0.026533
vt 0.716130 0.393346
vt 0.687081 0.390325
vt 0.714848 0.275252
vt 0.716349 0.251569
vt 0.872145 0.645137
vt 0.860185 0.101021
vt 0.850754 0.111643
vt 0.832458 0.108149
vt 0.852606 0.121203
vt 0.836360 0.123618
vt 0.858802 0.128882
vt 0.847733 0.138406
vt 0.875006 0.140900
vt 0.867405 0.154015
vt 0.896828 0.159684
vt 0.890009 0.174582
vt 0.658323 0.097816
vt 0.623151 0.084200
vt 0.693095 0.083947
vt 0.818630 0.098249
vt 0.766576 0.108970
vt 0.743191 0.116921
vt 0.793235 0.107295
vt 0.864067 0.170457
vt 0.845407 0.168797
vt 0.864501 0.188095
vt 0.843593 0.186595
vt 0.890600 0.191948
vt 0.609819 0.111154
vt 0.574877 0.110675
vt 0.610353 0.138262
vt 0.579502 0.136349
vt 0.920305 0.173314
vt 0.923310 0.187880
vt 0.610158 0.162227
vt 0.578935 0.160591
vt 0.609222 0.177609
vt 0.576160 0.177359
vt 0.899764 0.138030
vt 0.923235 0.151048
vt 0.924318 0.126334
vt 0.900083 0.115426
vt 0.876601 0.113198
vt 0.876190 0.126366
vt 0.858662 0.252231
vt 0.888066 0.250972
vt 0.860554 0.221970
vt 0.888112 0.222565
vt 0.889901 0.206228
vt 0.864274 0.206207
vt 0.838625 0.220203
vt 0.841339 0.205738
vt 0.923987 0.223699
vt 0.924296 0.249238
vt 0.922599 0.205367
vt 0.639580 0.221983
vt 0.664303 0.220783
vt 0.637408 0.194621
vt 0.664407 0.194873
vt 0.637661 0.180730
vt 0.662079 0.169067
vt 0.660069 0.115665
vt 0.635904 0.114747
vt 0.660526 0.139375
vt 0.635895 0.138466
vt 0.637379 0.162835
vt 0.747504 0.227152
vt 0.775033 0.232541
vt 0.751673 0.214674
vt 0.775463 0.214087
vt 0.746215 0.164469
vt 0.747460 0.189380
vt 0.772221 0.161345
vt 0.774110 0.187437
vt 0.769005 0.133099
vt 0.744345 0.135099
vt 0.688327 0.221435
vt 0.717152 0.224716
vt 0.689068 0.193131
vt 0.718327 0.193157
vt 0.692828 0.110579
vt 0.690101 0.136513
vt 0.687063 0.168818
vt 0.719380 0.168254
vt 0.718296 0.137330
vt 0.719941 0.114631
vt 0.606403 0.217588
vt 0.607997 0.194489
vt 0.578688 0.248120
vt 0.573372 0.219182
vt 0.570591 0.197564
vt 0.820516 0.220230
vt 0.791953 0.132383
vt 0.797213 0.160712
vt 0.821398 0.138378
vt 0.811121 0.157763
vt 0.817402 0.113647
vt 0.805126 0.224146
vt 0.805535 0.208123
vt 0.801883 0.185385
vt 0.818915 0.185449
vt 0.819594 0.207414
vt 0.830079 0.207139
vt 0.772898 0.294144
vt 0.806127 0.293206
vt 0.747858 0.292043
vt 0.857323 0.274058
vt 0.890287 0.277744
vt 0.885613 0.261494
vt 0.921631 0.276070
vt 0.922348 0.261398
vt 0.574106 0.290234
vt 0.613516 0.287337
vt 0.642404 0.286308
vt 0.669886 0.288962
vt 0.692093 0.288469
vt 0.717841 0.289522
vt 0.974570 0.557949
vt 0.710334 0.915973
vt 0.892438 0.646485
vt 0.093920 0.224075
vt 0.084338 0.226918
vt 0.097784 0.202960
vt 0.081914 0.181972
vt 0.014582 0.224012
vt 0.019680 0.198319
vt 0.025117 0.225649
vt 0.027982 0.180647
vt 0.101791 0.220646
vt 0.102643 0.209640
vt 0.006572 0.222489
vt 0.008182 0.211089
vt 0.081603 0.178321
vt 0.100009 0.179505
vt 0.099232 0.201454
vt 0.029419 0.132433
vt 0.028760 0.177469
vt 0.009263 0.130159
vt 0.010054 0.180103
vt 0.018359 0.196750
vt 0.044146 0.501091
vt 0.028160 0.501119
vt 0.043342 0.483201
vt 0.027660 0.482816
vt 0.080525 0.135759
vt 0.081171 0.132066
vt 0.098418 0.131416
vt 0.054047 0.130859
vt 0.055428 0.112302
vt 0.081693 0.115259
vt 0.055036 0.179112
vt 0.044684 0.186100
vt 0.029296 0.179310
vt 0.055106 0.177344
vt 0.064242 0.186471
vt 0.081367 0.180072
vt 0.082299 0.224468
vt 0.044693 0.200111
vt 0.027925 0.222425
vt 0.054411 0.224138
vt 0.054719 0.227758
vt 0.026951 0.226256
vt 0.082329 0.227782
vt 0.054928 0.237782
vt 0.081557 0.237762
vt 0.027834 0.236808
vt 0.054274 0.245778
vt 0.080534 0.246330
vt 0.012879 0.507161
vt 0.013020 0.500875
vt 0.028085 0.506688
vt 0.027592 0.245014
vt 0.043509 0.507704
vt 0.053152 0.135946
vt 0.013653 0.483576
vt 0.027844 0.441424
vt 0.042505 0.441216
vt 0.012889 0.442568
vt 0.029231 0.129615
vt 0.029646 0.110507
vt 0.054487 0.185995
vt 0.054614 0.200478
vt 0.064541 0.200254
vt 0.542597 0.684757
vt 0.545290 0.685206
vt 0.545160 0.697648
vt 0.527283 0.684963
vt 0.529828 0.684759
vt 0.527328 0.697396
vt 0.542907 0.679152
vt 0.545629 0.677791
vt 0.543641 0.677057
vt 0.529982 0.678914
vt 0.545192 0.702252
vt 0.542925 0.714030
vt 0.536226 0.702396
vt 0.536349 0.714007
vt 0.527246 0.702363
vt 0.536235 0.697471
vt 0.061227 0.199086
vt 0.548030 0.703075
vt 0.548866 0.697658
vt 0.047765 0.198409
vt 0.524561 0.703004
vt 0.523827 0.697390
vt 0.054445 0.198857
vt 0.548859 0.685695
vt 0.548481 0.678036
vt 0.546779 0.674529
vt 0.547960 0.673688
vt 0.545912 0.674133
vt 0.546082 0.672604
vt 0.542575 0.673704
vt 0.530421 0.673836
vt 0.529253 0.676983
vt 0.527010 0.672435
vt 0.526975 0.674023
vt 0.527079 0.677579
vt 0.526193 0.674210
vt 0.525091 0.673517
vt 0.524503 0.677385
vt 0.523830 0.685317
vt 0.529799 0.713766
vt 0.545290 0.685206
vt 0.527283 0.684963
vt 0.545160 0.697648
vt 0.527328 0.697396
vt 0.527246 0.702363
vt 0.536226 0.702396
vt 0.543641 0.677057
vt 0.545629 0.677791
vt 0.529253 0.676983
vt 0.526975 0.674023
vt 0.527079 0.677579
vt 0.526193 0.674210
vt 0.546779 0.674529
vt 0.545912 0.674133
vt 0.542907 0.679152
vt 0.529982 0.678914
vt 0.545192 0.702252
vt 0.657375 0.838660
vt 0.667574 0.838013
vt 0.656904 0.822767
vt 0.667149 0.822117
vt 0.657375 0.838660
vt 0.667574 0.838013
vt 0.657284 0.839157
vt 0.667705 0.838389
vt 0.656822 0.822202
vt 0.667134 0.821514
vt 0.656904 0.822767
vt 0.667149 0.822117
vt 0.646690 0.838748
vt 0.646898 0.822940
vt 0.646690 0.838748
vt 0.646675 0.839284
vt 0.647033 0.822445
vt 0.646898 0.822940
vt 0.637977 0.837411
vt 0.639250 0.821649
vt 0.637977 0.837411
vt 0.638035 0.837961
vt 0.639562 0.821140
vt 0.639250 0.821649
vt 0.629013 0.836028
vt 0.630630 0.820374
vt 0.629013 0.836028
vt 0.628823 0.836496
vt 0.630710 0.819878
vt 0.630630 0.820374
vt 0.622562 0.834511
vt 0.622673 0.834209
vt 0.624654 0.818289
vt 0.624589 0.817679
vt 0.675944 0.836496
vt 0.686612 0.835202
vt 0.675125 0.820646
vt 0.686106 0.819352
vt 0.686106 0.819352
vt 0.686612 0.835202
vt 0.675125 0.820646
vt 0.675944 0.836496
vt 0.675033 0.820172
vt 0.685932 0.818837
vt 0.676081 0.837089
vt 0.686664 0.835880
vt 0.622673 0.834209
vt 0.624654 0.818289
vt 0.093920 0.224075
vt 0.097784 0.202960
vt 0.084338 0.226918
vt 0.081914 0.181972
vt 0.027982 0.180647
vt 0.019680 0.198319
vt 0.025117 0.225649
vt 0.014582 0.224012
vt 0.102643 0.209640
vt 0.101791 0.220646
vt 0.006572 0.222489
vt 0.008182 0.211089
vt 0.081603 0.178321
vt 0.099232 0.201454
vt 0.100009 0.179505
vt 0.029419 0.132433
vt 0.009263 0.130159
vt 0.028760 0.177469
vt 0.010054 0.180103
vt 0.018359 0.196750
vt 0.044146 0.501091
vt 0.043342 0.483201
vt 0.028160 0.501119
vt 0.027660 0.482816
vt 0.080525 0.135759
vt 0.098418 0.131416
vt 0.081171 0.132066
vt 0.054047 0.130859
vt 0.055428 0.112302
vt 0.081693 0.115259
vt 0.055036 0.179112
vt 0.029296 0.179310
vt 0.044684 0.186100
vt 0.055106 0.177344
vt 0.064242 0.186471
vt 0.081367 0.180072
vt 0.082299 0.224468
vt 0.027925 0.222425
vt 0.044693 0.200111
vt 0.054411 0.224138
vt 0.054719 0.227758
vt 0.026951 0.226256
vt 0.082329 0.227782
vt 0.054928 0.237782
vt 0.081557 0.237762
vt 0.027834 0.236808
vt 0.054274 0.245778
vt 0.080534 0.246330
vt 0.013020 0.500875
vt 0.028085 0.506688
vt 0.012879 0.507161
vt 0.027592 0.245014
vt 0.043509 0.507704
vt 0.053152 0.135946
vt 0.013653 0.483576
vt 0.042505 0.441216
vt 0.027844 0.441424
vt 0.012889 0.442568
vt 0.029231 0.129615
vt 0.029646 0.110507
vt 0.054487 0.185995
vt 0.064541 0.200254
vt 0.054614 0.200478
vt 0.542597 0.684757
vt 0.545160 0.697648
vt 0.545290 0.685206
vt 0.527283 0.684963
vt 0.527328 0.697396
vt 0.529828 0.684759
vt 0.542907 0.679152
vt 0.545629 0.677791
vt 0.543641 0.677057
vt 0.529982 0.678914
vt 0.536349 0.714007
vt 0.542925 0.714030
vt 0.536226 0.702396
vt 0.545192 0.702252
vt 0.536235 0.697471
vt 0.527246 0.702363
vt 0.061227 0.199086
vt 0.548866 0.697658
vt 0.548030 0.703075
vt 0.047765 0.198409
vt 0.523827 0.697390
vt 0.524561 0.703004
vt 0.054445 0.198857
vt 0.548859 0.685695
vt 0.548481 0.678036
vt 0.546779 0.674529
vt 0.547960 0.673688
vt 0.545912 0.674133
vt 0.546082 0.672604
vt 0.542575 0.673704
vt 0.529253 0.676983
vt 0.530421 0.673836
vt 0.527010 0.672435
vt 0.526975 0.674023
vt 0.527079 0.677579
vt 0.526193 0.674210
vt 0.525091 0.673517
vt 0.524503 0.677385
vt 0.523830 0.685317
vt 0.529799 0.713766
vt 0.527328 0.697396
vt 0.527283 0.684963
vt 0.545160 0.697648
vt 0.545290 0.685206
vt 0.527246 0.702363
vt 0.536226 0.702396
vt 0.543641 0.677057
vt 0.545629 0.677791
vt 0.526193 0.674210
vt 0.526975 0.674023
vt 0.527079 0.677579
vt 0.529253 0.676983
vt 0.545912 0.674133
vt 0.546779 0.674529
vt 0.542907 0.679152
vt 0.529982 0.678914
vt 0.545192 0.702252
vt 0.657375 0.838660
vt 0.656904 0.822767
vt 0.667574 0.838013
vt 0.667149 0.822117
vt 0.657375 0.838660
vt 0.657284 0.839157
vt 0.667574 0.838013
vt 0.667705 0.838389
vt 0.656822 0.822202
vt 0.656904 0.822767
vt 0.667134 0.821514
vt 0.667149 0.822117
vt 0.646898 0.822940
vt 0.646690 0.838748
vt 0.646690 0.838748
vt 0.646675 0.839284
vt 0.646898 0.822940
vt 0.647033 0.822445
vt 0.639250 0.821649
vt 0.637977 0.837411
vt 0.637977 0.837411
vt 0.638035 0.837961
vt 0.639250 0.821649
vt 0.639562 0.821140
vt 0.630630 0.820374
vt 0.629013 0.836028
vt 0.629013 0.836028
vt 0.628823 0.836496
vt 0.630630 0.820374
vt 0.630710 0.819878
vt 0.622673 0.834209
vt 0.622562 0.834511
vt 0.624654 0.818289
vt 0.624589 0.817679
vt 0.686106 0.819352
vt 0.686612 0.835202
vt 0.675125 0.820646
vt 0.675944 0.836496
vt 0.686106 0.819352
vt 0.675125 0.820646
vt 0.686612 0.835202
vt 0.675944 0.836496
vt 0.685932 0.818837
vt 0.675033 0.820172
vt 0.676081 0.837089
vt 0.686664 0.835880
vt 0.622673 0.834209
vt 0.624654 0.818289
vt 0.110769 0.061030
vt 0.108351 0.062787
vt 0.107372 0.059796
vt 0.023098 0.061718
vt 0.026792 0.060283
vt 0.024676 0.062507
vt 0.026841 0.083253
vt 0.007803 0.079529
vt 0.008702 0.082771
vt 0.127046 0.079436
vt 0.109059 0.083870
vt 0.129528 0.074483
vt 0.006042 0.074627
vt 0.004577 0.080060
vt 0.006218 0.086378
vt 0.110969 0.983120
vt 0.110572 0.985846
vt 0.086025 0.983278
vt 0.085281 0.985349
vt 0.134036 0.983570
vt 0.134253 0.986327
vt 0.088527 0.952792
vt 0.110203 0.952957
vt 0.135324 0.953761
vt 0.074380 0.060150
vt 0.103007 0.024434
vt 0.055576 0.059957
vt 0.025764 0.025287
vt 0.055572 0.063503
vt 0.105767 0.023366
vt 0.103683 0.021795
vt 0.065131 0.021606
vt 0.065413 0.024733
vt 0.024685 0.022674
vt 0.022064 0.024754
vt 0.002888 0.025055
vt 0.065242 0.075535
vt 0.064634 0.082266
vt 0.056874 0.075662
vt 0.066548 0.003901
vt 0.024844 0.003906
vt 0.102492 0.005077
vt 0.129244 0.070089
vt 0.122241 0.019811
vt 0.073634 0.075593
vt 0.131836 0.074277
vt 0.128718 0.080968
vt 0.028081 0.085573
vt 0.064675 0.084394
vt 0.108606 0.085623
vt 0.110646 0.084927
vt 0.085192 0.989390
vt 0.110604 0.989087
vt 0.065429 0.104479
vt 0.107364 0.103776
vt 0.029001 0.104283
vt 0.132680 0.989384
vt 0.467201 0.596540
vt 0.470099 0.597727
vt 0.466796 0.608154
vt 0.449772 0.597625
vt 0.453302 0.596133
vt 0.453821 0.608155
vt 0.469255 0.571263
vt 0.451602 0.571112
vt 0.468856 0.568133
vt 0.452054 0.567959
vt 0.930035 0.924931
vt 0.925159 0.925211
vt 0.928998 0.912095
vt 0.924280 0.912266
vt 0.460002 0.610339
vt 0.471812 0.596877
vt 0.468278 0.610341
vt 0.448340 0.596878
vt 0.451734 0.610397
vt 0.451481 0.590821
vt 0.469226 0.591155
vt 0.451823 0.595373
vt 0.468931 0.595736
vt 0.472380 0.591351
vt 0.448424 0.591218
vt 0.473388 0.592177
vt 0.469572 0.579742
vt 0.472890 0.579479
vt 0.474296 0.579240
vt 0.448211 0.579355
vt 0.451299 0.579622
vt 0.451481 0.590821
vt 0.451823 0.595373
vt 0.453302 0.596133
vt 0.447303 0.591882
vt 0.446184 0.579113
vt 0.449372 0.570698
vt 0.446186 0.569742
vt 0.471720 0.570531
vt 0.474295 0.570480
vt 0.470101 0.567319
vt 0.472494 0.566565
vt 0.467239 0.566792
vt 0.468684 0.564923
vt 0.453434 0.566627
vt 0.450690 0.567158
vt 0.448347 0.566408
vt 0.452531 0.565099
vt 0.925272 0.926029
vt 0.929957 0.926409
vt 0.928817 0.910100
vt 0.924094 0.910778
vt 0.928998 0.912095
vt 0.924280 0.912266
vt 0.930035 0.924931
vt 0.925159 0.925211
vt 0.917238 0.912158
vt 0.917268 0.912752
vt 0.917834 0.925675
vt 0.917834 0.925675
vt 0.917268 0.912752
vt 0.917822 0.926319
vt 0.915857 0.925808
vt 0.915449 0.912781
vt 0.915948 0.926286
vt 0.915516 0.912290
vt 0.915857 0.925808
vt 0.915449 0.912781
vt 0.911851 0.912982
vt 0.912013 0.925935
vt 0.907760 0.913129
vt 0.907451 0.925876
vt 0.902605 0.925770
vt 0.902873 0.913110
vt 0.894315 0.912276
vt 0.894380 0.925389
vt 0.911851 0.912982
vt 0.907760 0.913129
vt 0.912013 0.925935
vt 0.907451 0.925876
vt 0.902873 0.913110
vt 0.902605 0.925770
vt 0.894380 0.925389
vt 0.894315 0.912276
vt 0.911844 0.912513
vt 0.907772 0.912656
vt 0.912028 0.926392
vt 0.907462 0.926351
vt 0.902592 0.926242
vt 0.902905 0.912632
vt 0.894161 0.925592
vt 0.894125 0.912073
vt 0.469255 0.571263
vt 0.468856 0.568133
vt 0.451602 0.571112
vt 0.452054 0.567959
vt 0.074891 0.062932
vt 0.467201 0.596540
vt 0.469226 0.591155
vt 0.451299 0.579622
vt 0.469572 0.579742
vt 0.468931 0.595736
vt 0.025412 0.085586
vt 0.110769 0.061030
vt 0.107372 0.059796
vt 0.108351 0.062787
vt 0.023098 0.061718
vt 0.024676 0.062507
vt 0.026792 0.060283
vt 0.008702 0.082771
vt 0.026841 0.083253
vt 0.007803 0.079529
vt 0.127046 0.079436
vt 0.129528 0.074483
vt 0.109059 0.083870
vt 0.006042 0.074627
vt 0.004577 0.080060
vt 0.006218 0.086378
vt 0.110969 0.983120
vt 0.086025 0.983278
vt 0.110572 0.985846
vt 0.085281 0.985349
vt 0.134253 0.986327
vt 0.134036 0.983570
vt 0.110203 0.952957
vt 0.088527 0.952792
vt 0.135324 0.953761
vt 0.074380 0.060150
vt 0.103007 0.024434
vt 0.055576 0.059957
vt 0.025764 0.025287
vt 0.055572 0.063503
vt 0.105767 0.023366
vt 0.065413 0.024733
vt 0.065131 0.021606
vt 0.103683 0.021795
vt 0.024685 0.022674
vt 0.022064 0.024754
vt 0.002888 0.025055
vt 0.065242 0.075535
vt 0.056874 0.075662
vt 0.064634 0.082266
vt 0.024844 0.003906
vt 0.066548 0.003901
vt 0.102492 0.005077
vt 0.129244 0.070089
vt 0.122241 0.019811
vt 0.073634 0.075593
vt 0.131836 0.074277
vt 0.128718 0.080968
vt 0.028081 0.085573
vt 0.064675 0.084394
vt 0.108606 0.085623
vt 0.110646 0.084927
vt 0.085192 0.989390
vt 0.110604 0.989087
vt 0.065429 0.104479
vt 0.107364 0.103776
vt 0.029001 0.104283
vt 0.132680 0.989384
vt 0.467201 0.596540
vt 0.466796 0.608154
vt 0.470099 0.597727
vt 0.449772 0.597625
vt 0.453821 0.608155
vt 0.453302 0.596133
vt 0.452054 0.567959
vt 0.451602 0.571112
vt 0.468856 0.568133
vt 0.469255 0.571263
vt 0.930035 0.924931
vt 0.928998 0.912095
vt 0.925159 0.925211
vt 0.924280 0.912266
vt 0.460002 0.610339
vt 0.468278 0.610341
vt 0.471812 0.596877
vt 0.451734 0.610397
vt 0.448340 0.596878
vt 0.469226 0.591155
vt 0.451481 0.590821
vt 0.451823 0.595373
vt 0.468931 0.595736
vt 0.472380 0.591351
vt 0.448424 0.591218
vt 0.473388 0.592177
vt 0.472890 0.579479
vt 0.469572 0.579742
vt 0.474296 0.579240
vt 0.448211 0.579355
vt 0.451299 0.579622
vt 0.451481 0.590821
vt 0.453302 0.596133
vt 0.451823 0.595373
vt 0.447303 0.591882
vt 0.446184 0.579113
vt 0.449372 0.570698
vt 0.446186 0.569742
vt 0.471720 0.570531
vt 0.474295 0.570480
vt 0.470101 0.567319
vt 0.472494 0.566565
vt 0.468684 0.564923
vt 0.467239 0.566792
vt 0.453434 0.566627
vt 0.450690 0.567158
vt 0.448347 0.566408
vt 0.452531 0.565099
vt 0.929957 0.926409
vt 0.925272 0.926029
vt 0.928817 0.910100
vt 0.924094 0.910778
vt 0.928998 0.912095
vt 0.930035 0.924931
vt 0.924280 0.912266
vt 0.925159 0.925211
vt 0.917268 0.912752
vt 0.917238 0.912158
vt 0.917834 0.925675
vt 0.917834 0.925675
vt 0.917268 0.912752
vt 0.917822 0.926319
vt 0.915857 0.925808
vt 0.915449 0.912781
vt 0.915948 0.926286
vt 0.915516 0.912290
vt 0.915857 0.925808
vt 0.915449 0.912781
vt 0.911851 0.912982
vt 0.907760 0.913129
vt 0.912013 0.925935
vt 0.907451 0.925876
vt 0.902873 0.913110
vt 0.902605 0.925770
vt 0.894380 0.925389
vt 0.894315 0.912276
vt 0.911851 0.912982
vt 0.912013 0.925935
vt 0.907760 0.913129
vt 0.907451 0.925876
vt 0.902605 0.925770
vt 0.902873 0.913110
vt 0.894315 0.912276
vt 0.894380 0.925389
vt 0.911844 0.912513
vt 0.907772 0.912656
vt 0.907462 0.926351
vt 0.912028 0.926392
vt 0.902592 0.926242
vt 0.902905 0.912632
vt 0.894161 0.925592
vt 0.894125 0.912073
vt 0.469255 0.571263
vt 0.451602 0.571112
vt 0.468856 0.568133
vt 0.452054 0.567959
vt 0.074891 0.062932
vt 0.469226 0.591155
vt 0.467201 0.596540
vt 0.451299 0.579622
vt 0.469572 0.579742
vt 0.468931 0.595736
vt 0.025412 0.085586
vt 0.489177 0.539644
vt 0.451337 0.550400
vt 0.430321 0.548659
vt 0.451337 0.550400
vt 0.489177 0.539644
vt 0.430321 0.548659
vt 0.176727 0.172717
vt 0.335052 0.600711
vt 0.334865 0.600566
vt 0.215001 0.936865
vt 0.215001 0.936865
vt 0.224054 0.917589
vt 0.224054 0.917589
vt 0.224067 0.917481
vt 0.224067 0.917481
vt 0.224925 0.893737
vt 0.224925 0.893737
vt 0.191112 0.944753
vt 0.191099 0.944703
vt 0.214928 0.936937
vt 0.214928 0.936937
vt 0.304064 0.608339
vt 0.334988 0.600464
vt 0.303897 0.607895
vt 0.191023 0.944775
vt 0.335032 0.600900
vt 0.183171 0.601328
vt 0.306654 0.572001
vt 0.305535 0.587166
vt 0.308450 0.551633
vt 0.158035 0.486931
vt 0.133963 0.459083
vt 0.335160 0.572095
vt 0.334595 0.585888
vt 0.337515 0.516297
vt 0.354933 0.517197
vt 0.359135 0.569267
vt 0.170582 0.471555
vt 0.143985 0.446160
vt 0.119328 0.416624
vt 0.360387 0.577548
vt 0.097714 0.498507
vt 0.196512 0.575445
vt 0.231145 0.586766
vt 0.264024 0.594745
vt 0.304800 0.596985
vt 0.099230 0.381183
vt 0.197149 0.493732
vt 0.369398 0.590308
vt 0.183391 0.601449
vt 0.305775 0.586391
vt 0.103736 0.493949
vt 0.815808 0.697122
vt 0.814416 0.697602
vt 0.804984 0.694458
vt 0.714792 0.717666
vt 0.642600 0.718866
vt 0.714648 0.715074
vt 0.644772 0.735637
vt 0.722640 0.731298
vt 0.722448 0.719994
vt 0.736056 0.721410
vt 0.776808 0.717426
vt 0.778800 0.724554
vt 0.762336 0.719298
vt 0.793224 0.718122
vt 0.794400 0.720210
vt 0.788952 0.713778
vt 0.805608 0.696882
vt 0.763680 0.728010
vt 0.787776 0.711282
vt 0.566398 0.749251
vt 0.575239 0.756745
vt 0.562308 0.757284
vt 0.585281 0.795026
vt 0.584546 0.773032
vt 0.586481 0.795320
vt 0.577370 0.816456
vt 0.575974 0.815354
vt 0.572472 0.818807
vt 0.570610 0.816480
vt 0.556993 0.821819
vt 0.557091 0.824709
vt 0.527995 0.767693
vt 0.532305 0.747120
vt 0.533065 0.767522
vt 0.528387 0.792846
vt 0.531497 0.814913
vt 0.536591 0.813811
vt 0.534044 0.819003
vt 0.557042 0.829534
vt 0.540682 0.824979
vt 0.573476 0.823583
vt 0.579599 0.817754
vt 0.588195 0.795417
vt 0.554005 0.834114
vt 0.555744 0.835339
vt 0.558536 0.831934
vt 0.532575 0.738915
vt 0.530101 0.745014
vt 0.528485 0.735952
vt 0.525227 0.742932
vt 0.530518 0.822383
vt 0.528778 0.817705
vt 0.536812 0.822603
vt 0.532648 0.827306
vt 0.533995 0.831420
vt 0.525056 0.825640
vt 0.527701 0.830097
vt 0.529219 0.833722
vt 0.526378 0.793091
vt 0.525595 0.767081
vt 0.534608 0.742638
vt 0.539947 0.745675
vt 0.538036 0.748002
vt 0.585869 0.772812
vt 0.576586 0.754712
vt 0.567916 0.746434
vt 0.555425 0.742418
vt 0.538012 0.739821
vt 0.536371 0.734776
vt 0.531571 0.731225
vt 0.545678 0.739626
vt 0.557948 0.737103
vt 0.532477 0.728237
vt 0.539775 0.725592
vt 0.533726 0.724049
vt 0.560128 0.731054
vt 0.567034 0.732939
vt 0.574896 0.741781
vt 0.725722 0.720951
vt 0.709738 0.732903
vt 0.709911 0.719252
vt 0.758151 0.729965
vt 0.756711 0.719396
vt 0.773761 0.717553
vt 0.776151 0.726452
vt 0.563624 0.745437
vt 0.555504 0.740677
vt 0.565304 0.741797
vt 0.577624 0.752465
vt 0.586248 0.771617
vt 0.576252 0.754705
vt 0.584820 0.771925
vt 0.543302 0.757553
vt 0.559050 0.759145
vt 0.540192 0.773620
vt 0.555891 0.792283
vt 0.539188 0.790372
vt 0.557091 0.776216
vt 0.539971 0.810921
vt 0.555670 0.817435
vt 0.555744 0.810602
vt 0.568186 0.815182
vt 0.570610 0.810847
vt 0.573696 0.794095
vt 0.574162 0.778984
vt 0.571761 0.766689
vt 0.544208 0.816186
vt 0.815808 0.697122
vt 0.804984 0.694458
vt 0.814416 0.697602
vt 0.642608 0.717266
vt 0.642600 0.718866
vt 0.714648 0.715074
vt 0.714792 0.717666
vt 0.722448 0.719994
vt 0.722640 0.731298
vt 0.736056 0.721410
vt 0.722448 0.717426
vt 0.776808 0.717426
vt 0.762336 0.719298
vt 0.778800 0.724554
vt 0.793224 0.718122
vt 0.779328 0.726930
vt 0.788952 0.713778
vt 0.805608 0.696882
vt 0.763680 0.728010
vt 0.763824 0.730602
vt 0.575974 0.815354
vt 0.585281 0.795026
vt 0.573108 0.814203
vt 0.582978 0.795099
vt 0.575239 0.756745
vt 0.572374 0.758729
vt 0.584546 0.773032
vt 0.586481 0.795320
vt 0.577370 0.816456
vt 0.572472 0.818807
vt 0.570610 0.816480
vt 0.556993 0.821819
vt 0.557091 0.824709
vt 0.527995 0.767693
vt 0.533065 0.767522
vt 0.532305 0.747120
vt 0.528387 0.792846
vt 0.534093 0.792258
vt 0.531497 0.814913
vt 0.540682 0.824979
vt 0.557042 0.829534
vt 0.573476 0.823583
vt 0.558536 0.831934
vt 0.525227 0.742932
vt 0.520476 0.765660
vt 0.530101 0.745014
vt 0.525595 0.767081
vt 0.528778 0.817705
vt 0.526378 0.793091
vt 0.522852 0.819542
vt 0.530518 0.822383
vt 0.534044 0.819003
vt 0.536812 0.822603
vt 0.532648 0.827306
vt 0.533995 0.831420
vt 0.554005 0.834114
vt 0.525056 0.825640
vt 0.527701 0.830097
vt 0.529219 0.833722
vt 0.534779 0.843739
vt 0.532575 0.738915
vt 0.534608 0.742638
vt 0.539947 0.745675
vt 0.538036 0.748002
vt 0.585869 0.772812
vt 0.576586 0.754712
vt 0.567916 0.746434
vt 0.566398 0.749251
vt 0.555425 0.742418
vt 0.552535 0.753659
vt 0.545678 0.739626
vt 0.538012 0.739821
vt 0.536371 0.734776
vt 0.531571 0.731225
vt 0.557948 0.737103
vt 0.558462 0.727478
vt 0.555523 0.727821
vt 0.560128 0.731054
vt 0.567034 0.732939
vt 0.574896 0.741781
vt 0.787786 0.712513
vt 0.773761 0.717553
vt 0.793201 0.718388
vt 0.586248 0.771617
vt 0.584820 0.771925
vt 0.586220 0.794913
vt 0.543302 0.757553
vt 0.540192 0.773620
vt 0.559050 0.759145
vt 0.555891 0.792283
vt 0.557091 0.776216
vt 0.539188 0.790372
vt 0.539971 0.810921
vt 0.555670 0.817435
vt 0.568186 0.815182
vt 0.555744 0.810602
vt 0.570610 0.810847
vt 0.573696 0.794095
vt 0.574162 0.778984
vt 0.571761 0.766689
vt 0.544208 0.816186
vt 0.642608 0.717266
vt 0.722448 0.717426
vt 0.735672 0.718722
vt 0.761784 0.716802
vt 0.779328 0.726930
vt 0.776040 0.714834
vt 0.763824 0.730602
vt 0.722472 0.733722
vt 0.645172 0.736637
vt 0.573108 0.814203
vt 0.582978 0.795099
vt 0.557434 0.755864
vt 0.552535 0.753659
vt 0.572374 0.758729
vt 0.581852 0.773448
vt 0.542396 0.822554
vt 0.534093 0.792258
vt 0.539677 0.818636
vt 0.574896 0.825248
vt 0.520476 0.765660
vt 0.519496 0.793336
vt 0.522852 0.819542
vt 0.551899 0.844082
vt 0.555915 0.843984
vt 0.534779 0.843739
vt 0.530199 0.843103
vt 0.540510 0.745112
vt 0.545408 0.747144
vt 0.558462 0.727478
vt 0.572227 0.737201
vt 0.579868 0.753512
vt 0.587558 0.771538
vt 0.644316 0.736617
vt 0.641631 0.717569
vt 0.700954 0.716170
vt 0.793201 0.718388
vt 0.787786 0.712513
vt 0.815533 0.694545
vt 0.803725 0.693969
vt 0.540888 0.824425
vt 0.557408 0.826861
vt 0.534468 0.834973
vt 0.532208 0.827253
vt 0.569560 0.745605
vt 0.568216 0.748405
vt 0.586220 0.794913
vt 0.584848 0.794549
vt 0.577568 0.817005
vt 0.576084 0.815801
vt 0.572556 0.819553
vt 0.573648 0.824509
vt 0.557324 0.831901
vt 0.553712 0.836269
vt 0.534576 0.844757
vt 0.552476 0.844909
vt 0.555056 0.725361
vt 0.555504 0.730793
vt 0.538872 0.723793
vt 0.537808 0.729533
vt 0.557940 0.735133
vt 0.535932 0.733397
vt 0.530052 0.822493
vt 0.533720 0.819133
vt 0.528288 0.817845
vt 0.531088 0.815045
vt 0.525824 0.792841
vt 0.527896 0.792617
vt 0.527476 0.766997
vt 0.525040 0.766381
vt 0.529688 0.743897
vt 0.531956 0.746053
vt 0.534280 0.741461
vt 0.532180 0.737709
vt 0.537724 0.738549
vt 0.545508 0.738129
vt 0.644772 0.735637
vt 0.735672 0.718722
vt 0.761784 0.716802
vt 0.794400 0.720210
vt 0.776040 0.714834
vt 0.787776 0.711282
vt 0.722472 0.733722
vt 0.645172 0.736637
vt 0.557434 0.755864
vt 0.562308 0.757284
vt 0.581852 0.773448
vt 0.542396 0.822554
vt 0.536591 0.813811
vt 0.539677 0.818636
vt 0.574896 0.825248
vt 0.579599 0.817754
vt 0.588195 0.795417
vt 0.555744 0.835339
vt 0.528485 0.735952
vt 0.519496 0.793336
vt 0.551899 0.844082
vt 0.555915 0.843984
vt 0.530199 0.843103
vt 0.540510 0.745112
vt 0.545408 0.747144
vt 0.532477 0.728237
vt 0.572227 0.737201
vt 0.579868 0.753512
vt 0.587558 0.771538
vt 0.644316 0.736617
vt 0.709738 0.732903
vt 0.641631 0.717569
vt 0.700954 0.716170
vt 0.709911 0.719252
vt 0.725722 0.720951
vt 0.758151 0.729965
vt 0.756711 0.719396
vt 0.776151 0.726452
vt 0.815533 0.694545
vt 0.803725 0.693969
vt 0.540888 0.824425
vt 0.534468 0.834973
vt 0.557408 0.826861
vt 0.532208 0.827253
vt 0.563624 0.745437
vt 0.565304 0.741797
vt 0.555504 0.740677
vt 0.569560 0.745605
vt 0.568216 0.748405
vt 0.577624 0.752465
vt 0.576252 0.754705
vt 0.584848 0.794549
vt 0.577568 0.817005
vt 0.576084 0.815801
vt 0.572556 0.819553
vt 0.573648 0.824509
vt 0.557324 0.831901
vt 0.553712 0.836269
vt 0.534576 0.844757
vt 0.552476 0.844909
vt 0.555504 0.730793
vt 0.537808 0.729533
vt 0.557940 0.735133
vt 0.535932 0.733397
vt 0.530052 0.822493
vt 0.533720 0.819133
vt 0.528288 0.817845
vt 0.531088 0.815045
vt 0.525824 0.792841
vt 0.527896 0.792617
vt 0.527476 0.766997
vt 0.525040 0.766381
vt 0.529688 0.743897
vt 0.531956 0.746053
vt 0.534280 0.741461
vt 0.532180 0.737709
vt 0.537724 0.738549
vt 0.545508 0.738129
vt 0.933801 0.915300
vt 0.933535 0.893937
vt 0.928998 0.915359
vt 0.928554 0.894566
vt 0.924161 0.915419
vt 0.923486 0.896055
vt 0.918989 0.915482
vt 0.918136 0.897746
vt 0.913409 0.915551
vt 0.912543 0.898969
vt 0.954193 0.915051
vt 0.954647 0.898451
vt 0.948612 0.915120
vt 0.949026 0.897367
vt 0.943440 0.915183
vt 0.943636 0.895808
vt 0.938605 0.915242
vt 0.938532 0.894443
vt 0.933261 0.871704
vt 0.925607 0.873397
vt 0.919271 0.877255
vt 0.913977 0.881184
vt 0.908656 0.883585
vt 0.958152 0.882975
vt 0.952773 0.880706
vt 0.947384 0.876909
vt 0.940956 0.873208
vt 0.863547 0.862743
vt 0.863628 0.889604
vt 0.872114 0.864375
vt 0.869448 0.890016
vt 0.879435 0.868278
vt 0.875421 0.891067
vt 0.885816 0.872263
vt 0.881809 0.892239
vt 0.892297 0.874657
vt 0.888539 0.893112
vt 0.834868 0.874831
vt 0.838734 0.893262
vt 0.841335 0.872397
vt 0.845462 0.892349
vt 0.847693 0.868375
vt 0.851844 0.891140
vt 0.854991 0.864429
vt 0.857811 0.890054
vt 0.863704 0.915872
vt 0.869521 0.915423
vt 0.875488 0.914339
vt 0.881868 0.913128
vt 0.888595 0.912217
vt 0.838790 0.912365
vt 0.845524 0.913238
vt 0.851911 0.914410
vt 0.857884 0.915459
vt 0.863782 0.942733
vt 0.872338 0.941050
vt 0.879636 0.937102
vt 0.885992 0.933081
vt 0.892459 0.930650
vt 0.835033 0.930819
vt 0.841514 0.933213
vt 0.847895 0.937198
vt 0.855217 0.941100
vt 0.934334 0.958898
vt 0.934063 0.936663
vt 0.926639 0.957393
vt 0.929067 0.936157
vt 0.920211 0.953692
vt 0.923963 0.934793
vt 0.914824 0.949894
vt 0.918574 0.933234
vt 0.909446 0.947623
vt 0.912953 0.932149
vt 0.958938 0.947019
vt 0.955056 0.931635
vt 0.953618 0.949420
vt 0.949462 0.932856
vt 0.948324 0.953348
vt 0.944112 0.934546
vt 0.941988 0.957204
vt 0.939044 0.936035
vt 0.845437 0.378875
vt 0.789882 0.431253
vt 0.862870 0.391190
vt 0.827882 0.324519
vt 0.766000 0.351964
vt 0.766810 0.413303
vt 0.710867 0.352852
vt 0.709164 0.420610
vt 0.852013 0.246153
vt 0.814821 0.280591
vt 0.872607 0.291287
vt 0.889763 0.227626
vt 0.900033 0.273433
vt 0.798294 0.223179
vt 0.835139 0.202036
vt 0.866583 0.183004
vt 0.797068 0.136638
vt 0.809689 0.140646
vt 0.842213 0.127777
vt 0.844196 0.134960
vt 0.819698 0.034537
vt 0.771445 0.047242
vt 0.823944 0.049107
vt 0.774639 0.061322
vt 0.962821 0.785263
vt 0.918648 0.720009
vt 0.981156 0.737713
vt 0.925567 0.808600
vt 0.890669 0.742790
vt 0.047381 0.023699
vt 0.047530 0.040372
vt 0.091174 0.024076
vt 0.090873 0.041045
vt 0.142393 0.122614
vt 0.143095 0.110912
vt 0.089846 0.123678
vt 0.088528 0.108637
vt 0.792071 0.746931
vt 0.859687 0.727059
vt 0.830706 0.794323
vt 0.880949 0.814910
vt 0.054306 0.132645
vt 0.057053 0.176368
vt 0.089822 0.135219
vt 0.097564 0.176123
vt 0.051025 0.123839
vt 0.880393 0.118062
vt 0.875909 0.105585
vt 0.838704 0.117012
vt 0.878478 0.125941
vt 0.905739 0.163917
vt 0.727304 0.050016
vt 0.727927 0.065985
vt 0.741167 0.144234
vt 0.746870 0.154015
vt 0.747913 0.201694
vt 0.766450 0.252221
vt 0.715376 0.249694
vt 0.769179 0.297847
vt 0.719926 0.298465
vt 0.718828 0.210085
vt 0.697238 0.140613
vt 0.693507 0.138785
vt 0.737803 0.138160
vt 0.700311 0.156190
vt 0.986702 0.694502
vt 0.923519 0.688253
vt 0.988208 0.642922
vt 0.916436 0.657160
vt 0.926737 0.257795
vt 0.935727 0.300849
vt 0.916636 0.318830
vt 0.050347 0.307129
vt 0.078279 0.306774
vt 0.067202 0.265610
vt 0.094690 0.266485
vt 0.143127 0.328460
vt 0.158163 0.249262
vt 0.116133 0.355110
vt 0.138082 0.344815
vt 0.083357 0.337011
vt 0.080396 0.383722
vt 0.065030 0.372645
vt 0.094586 0.392914
vt 0.133036 0.361170
vt 0.072595 0.409925
vt 0.063993 0.404623
vt 0.049529 0.393458
vt 0.050281 0.318124
vt 0.072506 0.318301
vt 0.036951 0.357636
vt 0.029612 0.377781
vt 0.052161 0.363655
vt 0.041861 0.385732
vt 0.066733 0.329829
vt 0.050216 0.329120
vt 0.244865 0.352931
vt 0.192374 0.337768
vt 0.227914 0.367726
vt 0.210963 0.382520
vt 0.186270 0.350244
vt 0.180166 0.362719
vt 0.249466 0.430251
vt 0.252534 0.398821
vt 0.218757 0.419681
vt 0.276956 0.438597
vt 0.296971 0.415331
vt 0.259516 0.474636
vt 0.238741 0.466196
vt 0.214603 0.454867
vt 0.296833 0.392046
vt 0.248699 0.375876
vt 0.168832 0.394842
vt 0.155048 0.423944
vt 0.183230 0.407209
vt 0.168131 0.431922
vt 0.142741 0.390315
vt 0.137366 0.416996
vt 0.187330 0.415801
vt 0.175669 0.440570
vt 0.188830 0.437475
vt 0.185265 0.451880
vt 0.199619 0.410467
vt 0.191212 0.434167
vt 0.202638 0.423833
vt 0.191329 0.437560
vt 0.200617 0.449900
vt 0.187172 0.450149
vt 0.258218 0.279464
vt 0.208009 0.262181
vt 0.092293 0.220507
vt 0.053687 0.223446
vt 0.880303 0.403505
vt 0.903972 0.368776
vt 0.897882 0.353046
vt 0.891792 0.337317
vt 0.929298 0.339481
vt 0.922967 0.329155
vt 0.930627 0.383900
vt 0.950861 0.364773
vt 0.918347 0.377475
vt 0.940558 0.355558
vt 0.900254 0.405501
vt 0.917310 0.407178
vt 0.675332 0.742317
vt 0.672266 0.728033
vt 0.698197 0.739466
vt 0.699923 0.728278
vt 0.727932 0.729638
vt 0.723890 0.741239
vt 0.933601 0.415605
vt 0.947806 0.396375
vt 0.966993 0.381028
vt 0.676624 0.753525
vt 0.697938 0.750485
vt 0.679671 0.778147
vt 0.677916 0.764733
vt 0.697431 0.774204
vt 0.697679 0.761503
vt 0.721544 0.774981
vt 0.721691 0.762214
vt 0.722791 0.751727
vt 0.662804 0.770382
vt 0.664081 0.782704
vt 0.971419 0.355209
vt 0.985387 0.375618
vt 0.653225 0.732566
vt 0.659306 0.748466
vt 0.889549 0.412762
vt 0.907292 0.425906
vt 0.905742 0.428587
vt 0.958558 0.339851
vt 0.941630 0.307297
vt 0.947533 0.313745
vt 0.688215 0.322486
vt 0.679249 0.363750
vt 0.690838 0.276954
vt 0.638096 0.270263
vt 0.620392 0.288682
vt 0.665114 0.295112
vt 0.643971 0.315243
vt 0.651253 0.244716
vt 0.596702 0.244660
vt 0.605364 0.209027
vt 0.590353 0.264557
vt 0.628777 0.156537
vt 0.630679 0.145523
vt 0.666841 0.215311
vt 0.606889 0.185036
vt 0.563054 0.149300
vt 0.562501 0.147847
vt 0.557878 0.195096
vt 0.465062 0.229472
vt 0.503469 0.199308
vt 0.483197 0.149879
vt 0.521493 0.150248
vt 0.488788 0.143812
vt 0.536676 0.145451
vt 0.540081 0.136808
vt 0.487734 0.133283
vt 0.435603 0.047761
vt 0.435587 0.064588
vt 0.484289 0.050469
vt 0.484112 0.066710
vt 0.394138 0.301704
vt 0.464157 0.280467
vt 0.412436 0.230231
vt 0.430484 0.149280
vt 0.373394 0.222870
vt 0.384833 0.153553
vt 0.327672 0.215811
vt 0.337856 0.154762
vt 0.345417 0.142962
vt 0.390694 0.141150
vt 0.436261 0.140593
vt 0.345012 0.305441
vt 0.306101 0.302292
vt 0.500759 0.266878
vt 0.548198 0.255065
vt 0.495919 0.241436
vt 0.550701 0.233461
vt 0.502849 0.282584
vt 0.507612 0.300556
vt 0.546750 0.271274
vt 0.549162 0.288892
vt 0.484694 0.320814
vt 0.468494 0.304322
vt 0.586577 0.280248
vt 0.584003 0.296400
vt 0.631934 0.051488
vt 0.573904 0.051561
vt 0.632366 0.067440
vt 0.568541 0.069341
vt 0.677549 0.065752
vt 0.675408 0.049651
vt 0.975402 0.602379
vt 0.880920 0.619754
vt 0.940570 0.560029
vt 0.612736 0.299217
vt 0.606364 0.311624
vt 0.608763 0.731980
vt 0.605166 0.751765
vt 0.585893 0.729372
vt 0.584322 0.748526
vt 0.571495 0.326143
vt 0.586408 0.340793
vt 0.608575 0.794295
vt 0.592270 0.792138
vt 0.605890 0.769963
vt 0.586918 0.771486
vt 0.589830 0.826761
vt 0.585584 0.820489
vt 0.598120 0.812436
vt 0.589445 0.809757
vt 0.595684 0.834779
vt 0.606097 0.816874
vt 0.569742 0.836476
vt 0.555494 0.838566
vt 0.556463 0.825368
vt 0.577240 0.835376
vt 0.580323 0.847105
vt 0.571158 0.848758
vt 0.589659 0.839613
vt 0.584892 0.830140
vt 0.576395 0.823546
vt 0.546492 0.834258
vt 0.539213 0.822039
vt 0.535156 0.828833
vt 0.529912 0.839496
vt 0.543193 0.846410
vt 0.529251 0.792105
vt 0.554344 0.791065
vt 0.533413 0.809506
vt 0.555690 0.808344
vt 0.576216 0.808274
vt 0.576608 0.791450
vt 0.524171 0.657959
vt 0.514030 0.661293
vt 0.520347 0.640371
vt 0.503666 0.642135
vt 0.530754 0.674757
vt 0.523335 0.680016
vt 0.534904 0.670742
vt 0.532247 0.656172
vt 0.532857 0.642714
vt 0.543568 0.683089
vt 0.547575 0.674813
vt 0.551179 0.683035
vt 0.553474 0.674575
vt 0.535780 0.678025
vt 0.539874 0.672338
vt 0.529756 0.684986
vt 0.539706 0.692689
vt 0.549523 0.693341
vt 0.571092 0.747762
vt 0.570227 0.728420
vt 0.547628 0.749030
vt 0.545218 0.729139
vt 0.573356 0.770556
vt 0.550695 0.771476
vt 0.618944 0.328554
vt 0.593986 0.350929
vt 0.632122 0.356002
vt 0.603616 0.372924
vt 0.524480 0.749795
vt 0.521416 0.731926
vt 0.631388 0.324981
vt 0.649090 0.357668
vt 0.671463 0.380626
vt 0.647012 0.406573
vt 0.649828 0.392566
vt 0.632897 0.383473
vt 0.527430 0.771540
vt 0.508078 0.775856
vt 0.507715 0.798460
vt 0.503920 0.731569
vt 0.506631 0.752063
vt 0.482522 0.416835
vt 0.487441 0.398401
vt 0.458398 0.397250
vt 0.461613 0.364085
vt 0.541427 0.329814
vt 0.492373 0.596661
vt 0.491366 0.571753
vt 0.519217 0.593484
vt 0.520621 0.562245
vt 0.518318 0.341009
vt 0.548990 0.560193
vt 0.549136 0.591786
vt 0.573762 0.563798
vt 0.574588 0.591214
vt 0.505589 0.360056
vt 0.572424 0.611139
vt 0.566685 0.644020
vt 0.548892 0.612184
vt 0.548541 0.643966
vt 0.520639 0.614585
vt 0.493290 0.379021
vt 0.468255 0.341269
vt 0.598684 0.568111
vt 0.599289 0.593860
vt 0.496410 0.619770
vt 0.635638 0.436322
vt 0.663632 0.426892
vt 0.718229 0.467100
vt 0.713696 0.443855
vt 0.681020 0.463464
vt 0.648052 0.461956
vt 0.657531 0.443334
vt 0.772629 0.454144
vt 0.769719 0.433724
vt 0.812953 0.449203
vt 0.807773 0.463885
vt 0.772120 0.470199
vt 0.801551 0.484878
vt 0.773524 0.488320
vt 0.727455 0.481698
vt 0.737349 0.499470
vt 0.716368 0.477877
vt 0.816104 0.480161
vt 0.815687 0.494447
vt 0.740909 0.525914
vt 0.773263 0.514618
vt 0.801859 0.512450
vt 0.075753 0.782244
vt 0.043644 0.782496
vt 0.074140 0.767251
vt 0.040143 0.766223
vt 0.114206 0.768120
vt 0.111406 0.786219
vt 0.721535 0.535679
vt 0.717713 0.511319
vt 0.109712 0.856792
vt 0.081477 0.854963
vt 0.109845 0.806800
vt 0.077294 0.802025
vt 0.082521 0.875899
vt 0.110871 0.878746
vt 0.081959 0.887848
vt 0.111999 0.893357
vt 0.046184 0.802570
vt 0.050720 0.854121
vt 0.051108 0.887127
vt 0.051789 0.874812
vt 0.286244 0.449329
vt 0.294709 0.440005
vt 0.291904 0.464669
vt 0.293472 0.459142
vt 0.288665 0.489680
vt 0.271711 0.481311
vt 0.035942 0.554971
vt 0.019661 0.555928
vt 0.037659 0.533800
vt 0.019666 0.534371
vt 0.054436 0.534617
vt 0.052506 0.553595
vt 0.244416 0.503431
vt 0.257238 0.507184
vt 0.272853 0.513780
vt 0.714725 0.505938
vt 0.712999 0.504169
vt 0.821080 0.518448
vt 0.018646 0.770862
vt 0.023388 0.786851
vt 0.032331 0.879715
vt 0.033127 0.893211
vt 0.111162 0.701997
vt 0.098266 0.719745
vt 0.098016 0.700245
vt 0.093302 0.713313
vt 0.123376 0.704510
vt 0.105868 0.729105
vt 0.130580 0.668640
vt 0.115713 0.670245
vt 0.098738 0.673907
vt 0.100504 0.631750
vt 0.102190 0.572541
vt 0.119925 0.629795
vt 0.122620 0.575380
vt 0.099620 0.651227
vt 0.117752 0.654060
vt 0.132331 0.654318
vt 0.134228 0.632722
vt 0.138298 0.575554
vt 0.054938 0.918465
vt 0.039134 0.927596
vt 0.062896 0.936569
vt 0.053897 0.951391
vt 0.138645 0.536571
vt 0.138729 0.554478
vt 0.122052 0.535384
vt 0.122662 0.555330
vt 0.182217 0.481273
vt 0.193585 0.485019
vt 0.207766 0.488952
vt 0.103912 0.534398
vt 0.102713 0.554164
vt 0.821914 0.459246
vt 0.856009 0.437014
vt 0.851918 0.425475
vt 0.813970 0.459246
vt 0.861253 0.454591
vt 0.835763 0.470170
vt 0.865894 0.474671
vt 0.842792 0.486701
vt 0.236716 0.784879
vt 0.268747 0.786930
vt 0.238308 0.804562
vt 0.267669 0.803057
vt 0.238236 0.818232
vt 0.240489 0.845615
vt 0.212078 0.819357
vt 0.213175 0.847756
vt 0.214678 0.874211
vt 0.241017 0.870685
vt 0.270606 0.869800
vt 0.270632 0.843285
vt 0.268141 0.816743
vt 0.193271 0.848448
vt 0.197335 0.878802
vt 0.212197 0.805378
vt 0.189724 0.806584
vt 0.206914 0.781256
vt 0.184507 0.782766
vt 0.885007 0.444505
vt 0.890431 0.471848
vt 0.904892 0.447023
vt 0.911012 0.474702
vt 0.293730 0.842041
vt 0.293322 0.815760
vt 0.241814 0.891311
vt 0.271047 0.892695
vt 0.243418 0.918659
vt 0.272178 0.924293
vt 0.265629 0.944243
vt 0.246258 0.948195
vt 0.218309 0.920722
vt 0.216133 0.895129
vt 0.227482 0.944446
vt 0.882719 0.420789
vt 0.702352 0.484908
vt 0.671633 0.476188
vt 0.686435 0.502230
vt 0.658166 0.496452
vt 0.643931 0.471464
vt 0.633769 0.493225
vt 0.678971 0.515113
vt 0.651851 0.506903
vt 0.369127 0.779135
vt 0.371003 0.767229
vt 0.403144 0.778793
vt 0.403471 0.769362
vt 0.428285 0.781794
vt 0.429563 0.771091
vt 0.628769 0.505861
vt 0.403824 0.853109
vt 0.373182 0.854500
vt 0.402661 0.830331
vt 0.371245 0.830487
vt 0.426242 0.853099
vt 0.425944 0.829252
vt 0.427382 0.793583
vt 0.402777 0.791790
vt 0.369584 0.791980
vt 0.405716 0.924699
vt 0.406284 0.902321
vt 0.419493 0.921129
vt 0.425912 0.905102
vt 0.404730 0.871106
vt 0.426234 0.872062
vt 0.375432 0.873582
vt 0.380243 0.906816
vt 0.387342 0.923339
vt 0.404759 0.939709
vt 0.418948 0.934847
vt 0.427637 0.931869
vt 0.362304 0.914772
vt 0.376837 0.934916
vt 0.422480 0.669415
vt 0.436023 0.670437
vt 0.420925 0.703044
vt 0.432939 0.708081
vt 0.408715 0.669619
vt 0.410738 0.699289
vt 0.410763 0.715450
vt 0.414252 0.720858
vt 0.420298 0.729638
vt 0.421615 0.621884
vt 0.435070 0.624483
vt 0.422973 0.649976
vt 0.436574 0.650217
vt 0.422454 0.585481
vt 0.437194 0.586046
vt 0.407319 0.586069
vt 0.406793 0.620423
vt 0.408072 0.650603
vt 0.348526 0.828371
vt 0.351259 0.854797
vt 0.445793 0.826989
vt 0.448741 0.794463
vt 0.387543 0.506376
vt 0.404076 0.503628
vt 0.385083 0.476968
vt 0.405840 0.479377
vt 0.346810 0.577880
vt 0.331649 0.578220
vt 0.347017 0.560924
vt 0.330532 0.560343
vt 0.363004 0.577051
vt 0.364346 0.560957
vt 0.366761 0.474905
vt 0.370552 0.507229
vt 0.349829 0.625183
vt 0.347004 0.589915
vt 0.365182 0.622834
vt 0.363098 0.587819
vt 0.335350 0.628124
vt 0.331877 0.591410
vt 0.337878 0.654974
vt 0.351601 0.653465
vt 0.366736 0.653416
vt 0.605480 0.507026
vt 0.614646 0.485695
vt 0.450267 0.786438
vt 0.453561 0.775905
vt 0.343595 0.765546
vt 0.342176 0.778756
vt 0.314732 0.479103
vt 0.319816 0.504530
vt 0.325959 0.476786
vt 0.334526 0.504754
vt 0.407680 0.576148
vt 0.407980 0.561820
vt 0.422377 0.575115
vt 0.423378 0.563422
vt 0.437348 0.575071
vt 0.439169 0.563307
vt 0.299229 0.483866
vt 0.303807 0.503247
vt 0.344682 0.474194
vt 0.351844 0.506430
vt 0.383415 0.576259
vt 0.386380 0.561689
vt 0.340546 0.441688
vt 0.366840 0.447018
vt 0.311704 0.441284
vt 0.332135 0.412155
vt 0.364980 0.415081
vt 0.303690 0.447666
vt 0.295330 0.464474
vt 0.710413 0.505378
vt 0.706213 0.516695
vt 0.626333 0.455233
vt 0.631388 0.444804
vt 0.385835 0.451192
vt 0.407278 0.456325
vt 0.386042 0.416875
vt 0.410098 0.420391
vt 0.621330 0.466161
vt 0.416595 0.399713
vt 0.387351 0.389814
vt 0.413536 0.408771
vt 0.387486 0.402527
vt 0.387931 0.350792
vt 0.427479 0.374592
vt 0.364812 0.383167
vt 0.366434 0.343225
vt 0.332699 0.375819
vt 0.296694 0.368761
vt 0.332417 0.393987
vt 0.904238 0.433162
vt 0.722679 0.576331
vt 0.735035 0.577631
vt 0.722863 0.598986
vt 0.735211 0.598993
vt 0.020005 0.400885
vt 0.030098 0.407997
vt 0.038865 0.415095
vt 0.709123 0.576442
vt 0.709734 0.598764
vt 0.723056 0.625344
vt 0.710975 0.624046
vt 0.723373 0.609573
vt 0.710561 0.609177
vt 0.723148 0.640174
vt 0.711130 0.640320
vt 0.733256 0.639664
vt 0.734426 0.625136
vt 0.735349 0.609685
vt 0.727494 0.689820
vt 0.714114 0.705661
vt 0.719864 0.687204
vt 0.709008 0.699491
vt 0.731932 0.662979
vt 0.723052 0.661507
vt 0.711544 0.660064
vt 0.711674 0.684248
vt 0.705456 0.694575
vt 0.721334 0.839155
vt 0.702083 0.843528
vt 0.714524 0.828000
vt 0.701094 0.829084
vt 0.689945 0.828242
vt 0.685685 0.839271
vt 0.681429 0.684723
vt 0.682164 0.696026
vt 0.672311 0.687771
vt 0.678730 0.700185
vt 0.681383 0.657631
vt 0.669569 0.658746
vt 0.658772 0.660021
vt 0.663130 0.690138
vt 0.674125 0.706187
vt 0.695293 0.703410
vt 0.695937 0.695479
vt 0.695971 0.711813
vt 0.698561 0.682003
vt 0.698398 0.657867
vt 0.667605 0.610018
vt 0.680107 0.608600
vt 0.669000 0.622252
vt 0.681398 0.621960
vt 0.655323 0.612330
vt 0.656724 0.623027
vt 0.669456 0.637833
vt 0.657839 0.637342
vt 0.681637 0.638208
vt 0.678728 0.578790
vt 0.679175 0.598177
vt 0.666919 0.580520
vt 0.666823 0.599436
vt 0.057761 0.429962
vt 0.082123 0.417893
vt 0.065292 0.436106
vt 0.090743 0.429507
vt 0.072394 0.445169
vt 0.655486 0.584436
vt 0.654508 0.601727
vt 0.049057 0.422754
vt 0.695676 0.597871
vt 0.693127 0.577158
vt 0.698038 0.622825
vt 0.698293 0.638860
vt 0.696855 0.608178
vt 0.697946 0.793111
vt 0.720516 0.795023
vt 0.699306 0.813992
vt 0.718654 0.818084
vt 0.681678 0.797326
vt 0.683351 0.817801
vt 0.667476 0.801503
vt 0.672097 0.826269
vt 0.271298 0.623814
vt 0.286750 0.626630
vt 0.270602 0.658131
vt 0.284288 0.660411
vt 0.274136 0.593571
vt 0.290729 0.595557
vt 0.254536 0.592601
vt 0.251864 0.621828
vt 0.250692 0.657118
vt 0.231233 0.621519
vt 0.233498 0.592441
vt 0.211851 0.592226
vt 0.210877 0.619466
vt 0.227938 0.655011
vt 0.208104 0.654077
vt 0.195973 0.619667
vt 0.181607 0.620428
vt 0.196161 0.592556
vt 0.181014 0.592554
vt 0.180170 0.653579
vt 0.193921 0.653834
vt 0.208091 0.704063
vt 0.207968 0.673524
vt 0.228671 0.701195
vt 0.227267 0.672659
vt 0.226080 0.722478
vt 0.219216 0.722325
vt 0.229920 0.722073
vt 0.248400 0.702693
vt 0.249663 0.675837
vt 0.226130 0.736834
vt 0.231264 0.734645
vt 0.227217 0.746819
vt 0.233990 0.744554
vt 0.214827 0.733728
vt 0.205157 0.731072
vt 0.199172 0.738348
vt 0.212102 0.742254
vt 0.221025 0.954769
vt 0.241001 0.961074
vt 0.247718 0.963194
vt 0.274435 0.954379
vt 0.262117 0.958443
vt 0.271797 0.710813
vt 0.254133 0.737817
vt 0.260372 0.707228
vt 0.246531 0.728135
vt 0.279926 0.683316
vt 0.267500 0.679190
vt 0.241338 0.720866
vt 0.200413 0.898828
vt 0.205049 0.926744
vt 0.186232 0.712288
vt 0.181393 0.676321
vt 0.197732 0.708384
vt 0.194585 0.674714
vt 0.213345 0.722195
vt 0.170701 0.468711
vt 0.179193 0.472928
vt 0.181136 0.577370
vt 0.184771 0.558483
vt 0.195822 0.578309
vt 0.199259 0.555407
vt 0.211244 0.578550
vt 0.216200 0.552103
vt 0.157974 0.463583
vt 0.236156 0.551013
vt 0.232935 0.578683
vt 0.257161 0.550134
vt 0.254222 0.578433
vt 0.127743 0.453179
vt 0.143001 0.459617
vt 0.276649 0.549369
vt 0.274646 0.578182
vt 0.291970 0.551114
vt 0.291924 0.579065
vt 0.098979 0.441014
vt 0.113125 0.445617
vt 0.107360 0.414762
vt 0.127329 0.416047
vt 0.129293 0.393026
vt 0.115026 0.398263
vt 0.112811 0.397251
vt 0.118659 0.384853
vt 0.098367 0.401511
vt 0.103424 0.411333
vt 0.076780 0.534017
vt 0.075488 0.552630
vt 0.228617 0.496600
vt 0.410088 0.346500
vt 0.437173 0.357976
vt 0.445119 0.379568
vt 0.399820 0.323227
vt 0.432632 0.317695
vt 0.618081 0.574007
vt 0.618315 0.595575
vt 0.584134 0.637595
vt 0.597325 0.614116
vt 0.596115 0.637145
vt 0.615066 0.619044
vt 0.610027 0.640232
vt 0.267163 0.204253
vt 0.273089 0.133640
vt 0.271188 0.148512
vt 0.275319 0.132590
vt 0.275780 0.120508
vt 0.206252 0.128092
vt 0.207159 0.114231
vt 0.203295 0.129264
vt 0.203831 0.115839
vt 0.838848 0.683422
vt 0.774248 0.690302
vt 0.840575 0.634677
vt 0.775600 0.618915
vt 0.792371 0.580927
vt 0.819655 0.551046
vt 0.436905 0.129769
vt 0.393617 0.128210
vt 0.350406 0.126925
vt 0.344788 0.141502
vt 0.348541 0.125056
vt 0.862442 0.531039
vt 0.146163 0.140023
vt 0.159588 0.182131
vt 0.201877 0.145342
vt 0.211673 0.193488
vt 0.083370 0.917262
vt 0.111349 0.924062
vt 0.083844 0.941449
vt 0.103984 0.938540
vt 0.129172 0.934941
vt 0.132166 0.899243
vt 0.114380 0.954480
vt 0.071309 0.957208
vt 0.084966 0.961771
vt 0.038257 0.704906
vt 0.026619 0.708668
vt 0.034295 0.673238
vt 0.021003 0.672249
vt 0.048870 0.720023
vt 0.041562 0.729581
vt 0.054645 0.713469
vt 0.050634 0.697668
vt 0.049635 0.673318
vt 0.072513 0.697405
vt 0.072664 0.673551
vt 0.071978 0.714793
vt 0.063124 0.714116
vt 0.081352 0.714142
vt 0.021476 0.651354
vt 0.034773 0.650827
vt 0.050336 0.649220
vt 0.051215 0.573263
vt 0.051009 0.629795
vt 0.035022 0.575367
vt 0.035483 0.630467
vt 0.019866 0.577152
vt 0.022061 0.631026
vt 0.072723 0.649691
vt 0.074590 0.570778
vt 0.073283 0.630546
vt 0.083084 0.723198
vt 0.071176 0.725907
vt 0.059781 0.722901
vt 0.056573 0.734320
vt 0.072250 0.739269
vt 0.087027 0.734802
vt 0.383785 0.620870
vt 0.384968 0.653255
vt 0.383195 0.586590
vt 0.392623 0.732199
vt 0.392130 0.722208
vt 0.404383 0.726033
vt 0.402261 0.718534
vt 0.373401 0.728144
vt 0.378921 0.722537
vt 0.380702 0.729684
vt 0.383938 0.722412
vt 0.367773 0.735667
vt 0.377254 0.738014
vt 0.392736 0.741847
vt 0.407722 0.735209
vt 0.352103 0.716805
vt 0.341518 0.677184
vt 0.361759 0.711481
vt 0.354334 0.674674
vt 0.372031 0.705641
vt 0.368466 0.673435
vt 0.389543 0.702258
vt 0.386301 0.672495
vt 0.515892 0.821354
vt 0.578605 0.687790
vt 0.573697 0.677478
vt 0.591736 0.679240
vt 0.583838 0.670607
vt 0.565644 0.682934
vt 0.564684 0.674123
vt 0.571227 0.670155
vt 0.566404 0.657644
vt 0.579466 0.665159
vt 0.581201 0.655137
vt 0.589910 0.656352
vt 0.604837 0.661003
vt 0.547735 0.660119
vt 0.925644 0.211514
vt 0.661376 0.757078
vt 0.911868 0.425117
vt 0.929312 0.433922
vt 0.740538 0.745241
vt 0.748584 0.731462
vt 0.612161 0.396089
vt 0.817186 0.479459
vt 0.138480 0.769225
vt 0.133554 0.788901
vt 0.129184 0.859142
vt 0.131228 0.806818
vt 0.130178 0.879498
vt 0.026079 0.804385
vt 0.030598 0.859552
vt 0.818865 0.480607
vt 0.820654 0.484553
vt 0.826248 0.502628
vt 0.293055 0.801124
vt 0.293804 0.781583
vt 0.190833 0.820251
vt 0.292152 0.872819
vt 0.287836 0.929260
vt 0.290833 0.893773
vt 0.444389 0.872265
vt 0.441373 0.912403
vt 0.354264 0.876982
vt 0.344216 0.789865
vt 0.445112 0.851539
vt 0.697467 0.532403
vt 0.735411 0.797034
vt 0.730831 0.825369
vt 0.737526 0.763993
vt 0.738379 0.754590
vt 0.737489 0.776944
vt 0.924770 0.545198
vt 0.554172 0.659266
vt 0.825007 0.052835
vt 0.775760 0.065486
vt 0.837266 0.113127
vt 0.790566 0.122425
vt 0.045474 0.044351
vt 0.047118 0.104541
vt 0.089795 0.044830
vt 0.089040 0.105436
vt 0.146203 0.042931
vt 0.146317 0.025526
vt 0.864338 0.041574
vt 0.860810 0.025264
vt 0.729335 0.070206
vt 0.734886 0.133892
vt 0.546598 0.072622
vt 0.550865 0.053018
vt 0.434781 0.068509
vt 0.437173 0.128265
vt 0.482498 0.070532
vt 0.486273 0.131004
vt 0.635696 0.071904
vt 0.584109 0.080395
vt 0.628042 0.139598
vt 0.584051 0.133241
vt 0.679568 0.069877
vt 0.691115 0.135694
vt 0.273690 0.055815
vt 0.272773 0.038404
vt 0.210359 0.049653
vt 0.213570 0.034462
vt 0.207145 0.047448
vt 0.210232 0.031797
vt 0.392853 0.062714
vt 0.393558 0.045827
vt 0.351959 0.062664
vt 0.348721 0.044650
vt 0.346959 0.064673
vt 0.344357 0.047147
vt 0.144556 0.108536
vt 0.145500 0.046733
vt 0.877209 0.103507
vt 0.866425 0.045342
vt 0.532501 0.132531
vt 0.536701 0.082499
vt 0.394562 0.126235
vt 0.391619 0.066763
vt 0.793229 0.126602
vt 0.048512 0.108615
vt 0.628446 0.142757
vt 0.571131 0.139774
vt 0.273464 0.033991
vt 0.650469 0.512181
vt 0.676198 0.519603
vt 0.628556 0.510819
vt 0.403761 0.509500
vt 0.388307 0.511652
vt 0.371000 0.512478
vt 0.607221 0.512196
vt 0.693514 0.535084
vt 0.319417 0.509753
vt 0.334227 0.510135
vt 0.304974 0.508625
vt 0.352015 0.512009
vt 0.773910 0.519080
vt 0.801311 0.516557
vt 0.742676 0.529625
vt 0.270353 0.517953
vt 0.255983 0.511720
vt 0.242846 0.508059
vt 0.818884 0.522309
vt 0.181564 0.485241
vt 0.191879 0.488690
vt 0.205965 0.492834
vt 0.226399 0.500946
vt 0.724350 0.538974
vt 0.845057 0.490497
vt 0.867138 0.479124
vt 0.890611 0.475896
vt 0.909296 0.478488
vt 0.176944 0.476868
vt 0.169595 0.472799
vt 0.156844 0.467448
vt 0.141101 0.463498
vt 0.125296 0.456224
vt 0.111226 0.448389
vt 0.098500 0.444463
vt 0.829485 0.504592
vt 0.952166 0.399470
vt 0.969131 0.384950
vt 0.938746 0.417415
vt 0.985186 0.381134
vt 0.017504 0.405348
vt 0.026468 0.411649
vt 0.035057 0.418952
vt 0.061602 0.440801
vt 0.054199 0.434628
vt 0.067861 0.449327
vt 0.045254 0.427175
vt 0.934596 0.434089
vt 0.571550 0.331507
vt 0.581648 0.345021
vt 0.598104 0.374796
vt 0.606045 0.395775
vt 0.588694 0.354373
vt 0.489328 0.418726
vt 0.492607 0.401345
vt 0.543213 0.334577
vt 0.520694 0.344419
vt 0.510159 0.362928
vt 0.497657 0.382125
vt 0.423102 0.659667
vt 0.436658 0.660296
vt 0.408352 0.660102
vt 0.352520 0.664125
vt 0.339190 0.666093
vt 0.367447 0.663480
vt 0.385360 0.662874
vt 0.519863 0.604078
vt 0.494485 0.608448
vt 0.549164 0.602083
vt 0.573459 0.601249
vt 0.598658 0.604492
vt 0.118658 0.643790
vt 0.100275 0.641451
vt 0.133206 0.643405
vt 0.021963 0.640923
vt 0.035200 0.640496
vt 0.050857 0.639496
vt 0.073086 0.640045
vt 0.269652 0.668940
vt 0.282632 0.672171
vt 0.250462 0.666458
vt 0.227620 0.663586
vt 0.207806 0.663774
vt 0.193802 0.664399
vt 0.180349 0.665105
vt 0.711895 0.650351
vt 0.723842 0.650909
vt 0.732684 0.651204
vt 0.669611 0.648326
vt 0.682092 0.648047
vt 0.658416 0.648588
vt 0.699008 0.648503
vt 0.548583 0.757288
vt 0.572258 0.755740
vt 0.585132 0.756578
vt 0.506632 0.760672
vt 0.524999 0.756817
vt 0.617683 0.604749
vt 0.605558 0.760240
vt 0.404211 0.860702
vt 0.373828 0.862504
vt 0.426342 0.861049
vt 0.352630 0.865821
vt 0.444673 0.861756
vt 0.082067 0.865344
vt 0.109612 0.866368
vt 0.051348 0.864024
vt 0.129208 0.868940
vt 0.031303 0.869570
vt 0.241384 0.880663
vt 0.215282 0.885203
vt 0.270848 0.880704
vt 0.291438 0.882993
vt 0.198926 0.888609
vt 0.697266 0.782671
vt 0.680841 0.787089
vt 0.721446 0.783493
vt 0.736548 0.786988
vt 0.665473 0.792078
vt 0.099992 0.958047
vt 0.389578 0.937103
vt 0.553739 0.851900
vt 0.568179 0.694581
vt 0.933801 0.915300
vt 0.928998 0.915359
vt 0.933535 0.893937
vt 0.928554 0.894566
vt 0.924161 0.915419
vt 0.923486 0.896055
vt 0.918989 0.915482
vt 0.918136 0.897746
vt 0.913409 0.915551
vt 0.912543 0.898969
vt 0.954193 0.915051
vt 0.948612 0.915120
vt 0.954647 0.898451
vt 0.949026 0.897367
vt 0.943440 0.915183
vt 0.943636 0.895808
vt 0.938605 0.915242
vt 0.938532 0.894443
vt 0.933261 0.871704
vt 0.925607 0.873397
vt 0.919271 0.877255
vt 0.913977 0.881184
vt 0.908656 0.883585
vt 0.958152 0.882975
vt 0.952773 0.880706
vt 0.947384 0.876909
vt 0.940956 0.873208
vt 0.863547 0.862743
vt 0.872114 0.864375
vt 0.863628 0.889604
vt 0.869448 0.890016
vt 0.879435 0.868278
vt 0.875421 0.891067
vt 0.885816 0.872263
vt 0.881809 0.892239
vt 0.892297 0.874657
vt 0.888539 0.893112
vt 0.834868 0.874831
vt 0.841335 0.872397
vt 0.838734 0.893262
vt 0.845462 0.892349
vt 0.847693 0.868375
vt 0.851844 0.891140
vt 0.854991 0.864429
vt 0.857811 0.890054
vt 0.863704 0.915872
vt 0.869521 0.915423
vt 0.875488 0.914339
vt 0.881868 0.913128
vt 0.888595 0.912217
vt 0.838790 0.912365
vt 0.845524 0.913238
vt 0.851911 0.914410
vt 0.857884 0.915459
vt 0.863782 0.942733
vt 0.872338 0.941050
vt 0.879636 0.937102
vt 0.885992 0.933081
vt 0.892459 0.930650
vt 0.835033 0.930819
vt 0.841514 0.933213
vt 0.847895 0.937198
vt 0.855217 0.941100
vt 0.934334 0.958898
vt 0.926639 0.957393
vt 0.934063 0.936663
vt 0.929067 0.936157
vt 0.920211 0.953692
vt 0.923963 0.934793
vt 0.914824 0.949894
vt 0.918574 0.933234
vt 0.909446 0.947623
vt 0.912953 0.932149
vt 0.958938 0.947019
vt 0.953618 0.949420
vt 0.955056 0.931635
vt 0.949462 0.932856
vt 0.948324 0.953348
vt 0.944112 0.934546
vt 0.941988 0.957204
vt 0.939044 0.936035
vt 0.845437 0.378875
vt 0.862870 0.391190
vt 0.789882 0.431253
vt 0.827882 0.324519
vt 0.766000 0.351964
vt 0.766810 0.413303
vt 0.710867 0.352852
vt 0.709164 0.420610
vt 0.852013 0.246153
vt 0.872607 0.291287
vt 0.814821 0.280591
vt 0.889763 0.227626
vt 0.900033 0.273433
vt 0.798294 0.223179
vt 0.835139 0.202036
vt 0.866583 0.183004
vt 0.797068 0.136638
vt 0.842213 0.127777
vt 0.809689 0.140646
vt 0.844196 0.134960
vt 0.819698 0.034537
vt 0.823944 0.049107
vt 0.771445 0.047242
vt 0.774639 0.061322
vt 0.962821 0.785263
vt 0.981156 0.737713
vt 0.918648 0.720009
vt 0.925567 0.808600
vt 0.890669 0.742790
vt 0.047381 0.023699
vt 0.091174 0.024076
vt 0.047530 0.040372
vt 0.090873 0.041045
vt 0.142393 0.122614
vt 0.089846 0.123678
vt 0.143095 0.110912
vt 0.088528 0.108637
vt 0.792071 0.746931
vt 0.830706 0.794323
vt 0.859687 0.727059
vt 0.880949 0.814910
vt 0.054306 0.132645
vt 0.089822 0.135219
vt 0.057053 0.176368
vt 0.097564 0.176123
vt 0.051025 0.123839
vt 0.880393 0.118062
vt 0.875909 0.105585
vt 0.838704 0.117012
vt 0.878478 0.125941
vt 0.905739 0.163917
vt 0.727304 0.050016
vt 0.727927 0.065985
vt 0.741167 0.144234
vt 0.746870 0.154015
vt 0.747913 0.201694
vt 0.766450 0.252221
vt 0.769179 0.297847
vt 0.715376 0.249694
vt 0.719926 0.298465
vt 0.718828 0.210085
vt 0.697238 0.140613
vt 0.693507 0.138785
vt 0.737803 0.138160
vt 0.700311 0.156190
vt 0.986702 0.694502
vt 0.923519 0.688253
vt 0.988208 0.642922
vt 0.916436 0.657160
vt 0.926737 0.257795
vt 0.935727 0.300849
vt 0.916636 0.318830
vt 0.050347 0.307129
vt 0.067202 0.265610
vt 0.078279 0.306774
vt 0.094690 0.266485
vt 0.143127 0.328460
vt 0.158163 0.249262
vt 0.116133 0.355110
vt 0.083357 0.337011
vt 0.138082 0.344815
vt 0.080396 0.383722
vt 0.065030 0.372645
vt 0.094586 0.392914
vt 0.133036 0.361170
vt 0.072595 0.409925
vt 0.063993 0.404623
vt 0.049529 0.393458
vt 0.072506 0.318301
vt 0.050281 0.318124
vt 0.036951 0.357636
vt 0.052161 0.363655
vt 0.029612 0.377781
vt 0.041861 0.385732
vt 0.066733 0.329829
vt 0.050216 0.329120
vt 0.244865 0.352931
vt 0.227914 0.367726
vt 0.192374 0.337768
vt 0.180166 0.362719
vt 0.249466 0.430251
vt 0.218757 0.419681
vt 0.252534 0.398821
vt 0.210963 0.382520
vt 0.276956 0.438597
vt 0.296971 0.415331
vt 0.259516 0.474636
vt 0.238741 0.466196
vt 0.214603 0.454867
vt 0.248699 0.375876
vt 0.168832 0.394842
vt 0.183230 0.407209
vt 0.155048 0.423944
vt 0.168131 0.431922
vt 0.142741 0.390315
vt 0.137366 0.416996
vt 0.187330 0.415801
vt 0.188830 0.437475
vt 0.175669 0.440570
vt 0.185265 0.451880
vt 0.199619 0.410467
vt 0.191212 0.434167
vt 0.202638 0.423833
vt 0.191329 0.437560
vt 0.200617 0.449900
vt 0.187172 0.450149
vt 0.258218 0.279464
vt 0.208009 0.262181
vt 0.092293 0.220507
vt 0.053687 0.223446
vt 0.880303 0.403505
vt 0.903972 0.368776
vt 0.897882 0.353046
vt 0.929298 0.339481
vt 0.891792 0.337317
vt 0.930627 0.383900
vt 0.918347 0.377475
vt 0.950861 0.364773
vt 0.940558 0.355558
vt 0.900254 0.405501
vt 0.917310 0.407178
vt 0.675332 0.742317
vt 0.698197 0.739466
vt 0.672266 0.728033
vt 0.699923 0.728278
vt 0.727932 0.729638
vt 0.723890 0.741239
vt 0.933601 0.415605
vt 0.947806 0.396375
vt 0.966993 0.381028
vt 0.676624 0.753525
vt 0.697938 0.750485
vt 0.679671 0.778147
vt 0.697431 0.774204
vt 0.677916 0.764733
vt 0.697679 0.761503
vt 0.721544 0.774981
vt 0.721691 0.762214
vt 0.722791 0.751727
vt 0.662804 0.770382
vt 0.664081 0.782704
vt 0.971419 0.355209
vt 0.985387 0.375618
vt 0.653225 0.732566
vt 0.659306 0.748466
vt 0.907292 0.425906
vt 0.889549 0.412762
vt 0.905742 0.428587
vt 0.958558 0.339851
vt 0.941630 0.307297
vt 0.679249 0.363750
vt 0.688215 0.322486
vt 0.690838 0.276954
vt 0.638096 0.270263
vt 0.665114 0.295112
vt 0.620392 0.288682
vt 0.643971 0.315243
vt 0.651253 0.244716
vt 0.596702 0.244660
vt 0.605364 0.209027
vt 0.590353 0.264557
vt 0.628777 0.156537
vt 0.630679 0.145523
vt 0.666841 0.215311
vt 0.606889 0.185036
vt 0.563054 0.149300
vt 0.562501 0.147847
vt 0.557878 0.195096
vt 0.465062 0.229472
vt 0.483197 0.149879
vt 0.503469 0.199308
vt 0.521493 0.150248
vt 0.488788 0.143812
vt 0.536676 0.145451
vt 0.540081 0.136808
vt 0.487734 0.133283
vt 0.435603 0.047761
vt 0.484289 0.050469
vt 0.435587 0.064588
vt 0.484112 0.066710
vt 0.394138 0.301704
vt 0.412436 0.230231
vt 0.464157 0.280467
vt 0.373394 0.222870
vt 0.430484 0.149280
vt 0.384833 0.153553
vt 0.327672 0.215811
vt 0.337856 0.154762
vt 0.345417 0.142962
vt 0.390694 0.141150
vt 0.436261 0.140593
vt 0.345012 0.305441
vt 0.306101 0.302292
vt 0.500759 0.266878
vt 0.495919 0.241436
vt 0.548198 0.255065
vt 0.550701 0.233461
vt 0.502849 0.282584
vt 0.546750 0.271274
vt 0.507612 0.300556
vt 0.549162 0.288892
vt 0.484694 0.320814
vt 0.468494 0.304322
vt 0.586577 0.280248
vt 0.584003 0.296400
vt 0.631934 0.051488
vt 0.632366 0.067440
vt 0.573904 0.051561
vt 0.568541 0.069341
vt 0.677549 0.065752
vt 0.675408 0.049651
vt 0.975402 0.602379
vt 0.880920 0.619754
vt 0.940570 0.560029
vt 0.612736 0.299217
vt 0.606364 0.311624
vt 0.608763 0.731980
vt 0.585893 0.729372
vt 0.605166 0.751765
vt 0.584322 0.748526
vt 0.571495 0.326143
vt 0.586408 0.340793
vt 0.608575 0.794295
vt 0.605890 0.769963
vt 0.592270 0.792138
vt 0.586918 0.771486
vt 0.589830 0.826761
vt 0.598120 0.812436
vt 0.585584 0.820489
vt 0.589445 0.809757
vt 0.595684 0.834779
vt 0.606097 0.816874
vt 0.569742 0.836476
vt 0.556463 0.825368
vt 0.555494 0.838566
vt 0.577240 0.835376
vt 0.580323 0.847105
vt 0.571158 0.848758
vt 0.589659 0.839613
vt 0.584892 0.830140
vt 0.576395 0.823546
vt 0.539213 0.822039
vt 0.546492 0.834258
vt 0.535156 0.828833
vt 0.529912 0.839496
vt 0.543193 0.846410
vt 0.529251 0.792105
vt 0.533413 0.809506
vt 0.554344 0.791065
vt 0.555690 0.808344
vt 0.576216 0.808274
vt 0.576608 0.791450
vt 0.524171 0.657959
vt 0.520347 0.640371
vt 0.514030 0.661293
vt 0.503666 0.642135
vt 0.530754 0.674757
vt 0.523335 0.680016
vt 0.534904 0.670742
vt 0.532247 0.656172
vt 0.532857 0.642714
vt 0.543568 0.683089
vt 0.551179 0.683035
vt 0.547575 0.674813
vt 0.553474 0.674575
vt 0.535780 0.678025
vt 0.539874 0.672338
vt 0.529756 0.684986
vt 0.539706 0.692689
vt 0.549523 0.693341
vt 0.571092 0.747762
vt 0.570227 0.728420
vt 0.547628 0.749030
vt 0.545218 0.729139
vt 0.573356 0.770556
vt 0.550695 0.771476
vt 0.618944 0.328554
vt 0.632122 0.356002
vt 0.593986 0.350929
vt 0.603616 0.372924
vt 0.524480 0.749795
vt 0.521416 0.731926
vt 0.631388 0.324981
vt 0.649090 0.357668
vt 0.671463 0.380626
vt 0.647012 0.406573
vt 0.649828 0.392566
vt 0.632897 0.383473
vt 0.527430 0.771540
vt 0.508078 0.775856
vt 0.507715 0.798460
vt 0.503920 0.731569
vt 0.506631 0.752063
vt 0.482522 0.416835
vt 0.458398 0.397250
vt 0.487441 0.398401
vt 0.461613 0.364085
vt 0.541427 0.329814
vt 0.492373 0.596661
vt 0.519217 0.593484
vt 0.491366 0.571753
vt 0.520621 0.562245
vt 0.518318 0.341009
vt 0.548990 0.560193
vt 0.549136 0.591786
vt 0.573762 0.563798
vt 0.574588 0.591214
vt 0.505589 0.360056
vt 0.572424 0.611139
vt 0.548892 0.612184
vt 0.566685 0.644020
vt 0.548541 0.643966
vt 0.520639 0.614585
vt 0.493290 0.379021
vt 0.468255 0.341269
vt 0.598684 0.568111
vt 0.599289 0.593860
vt 0.496410 0.619770
vt 0.635638 0.436322
vt 0.663632 0.426892
vt 0.718229 0.467100
vt 0.681020 0.463464
vt 0.713696 0.443855
vt 0.648052 0.461956
vt 0.657531 0.443334
vt 0.772629 0.454144
vt 0.769719 0.433724
vt 0.812953 0.449203
vt 0.807773 0.463885
vt 0.772120 0.470199
vt 0.801551 0.484878
vt 0.773524 0.488320
vt 0.727455 0.481698
vt 0.737349 0.499470
vt 0.716368 0.477877
vt 0.816104 0.480161
vt 0.815687 0.494447
vt 0.740909 0.525914
vt 0.773263 0.514618
vt 0.801859 0.512450
vt 0.075753 0.782244
vt 0.074140 0.767251
vt 0.043644 0.782496
vt 0.040143 0.766223
vt 0.114206 0.768120
vt 0.111406 0.786219
vt 0.721535 0.535679
vt 0.717713 0.511319
vt 0.109712 0.856792
vt 0.109845 0.806800
vt 0.081477 0.854963
vt 0.077294 0.802025
vt 0.082521 0.875899
vt 0.081959 0.887848
vt 0.110871 0.878746
vt 0.111999 0.893357
vt 0.046184 0.802570
vt 0.050720 0.854121
vt 0.051108 0.887127
vt 0.051789 0.874812
vt 0.286244 0.449329
vt 0.294709 0.440005
vt 0.291904 0.464669
vt 0.293472 0.459142
vt 0.288665 0.489680
vt 0.271711 0.481311
vt 0.019666 0.534371
vt 0.019661 0.555928
vt 0.037659 0.533800
vt 0.035942 0.554971
vt 0.054436 0.534617
vt 0.052506 0.553595
vt 0.244416 0.503431
vt 0.257238 0.507184
vt 0.272853 0.513780
vt 0.714725 0.505938
vt 0.712999 0.504169
vt 0.821080 0.518448
vt 0.018646 0.770862
vt 0.023388 0.786851
vt 0.032331 0.879715
vt 0.033127 0.893211
vt 0.111162 0.701997
vt 0.098016 0.700245
vt 0.098266 0.719745
vt 0.093302 0.713313
vt 0.123376 0.704510
vt 0.105868 0.729105
vt 0.130580 0.668640
vt 0.115713 0.670245
vt 0.098738 0.673907
vt 0.100504 0.631750
vt 0.119925 0.629795
vt 0.102190 0.572541
vt 0.122620 0.575380
vt 0.099620 0.651227
vt 0.117752 0.654060
vt 0.132331 0.654318
vt 0.134228 0.632722
vt 0.138298 0.575554
vt 0.054938 0.918465
vt 0.039134 0.927596
vt 0.062896 0.936569
vt 0.053897 0.951391
vt 0.122662 0.555330
vt 0.138729 0.554478
vt 0.122052 0.535384
vt 0.138645 0.536571
vt 0.182217 0.481273
vt 0.193585 0.485019
vt 0.207766 0.488952
vt 0.102713 0.554164
vt 0.103912 0.534398
vt 0.821914 0.459246
vt 0.856009 0.437014
vt 0.851918 0.425475
vt 0.813970 0.459246
vt 0.861253 0.454591
vt 0.835763 0.470170
vt 0.865894 0.474671
vt 0.842792 0.486701
vt 0.236716 0.784879
vt 0.238308 0.804562
vt 0.268747 0.786930
vt 0.267669 0.803057
vt 0.238236 0.818232
vt 0.212078 0.819357
vt 0.240489 0.845615
vt 0.213175 0.847756
vt 0.214678 0.874211
vt 0.241017 0.870685
vt 0.270606 0.869800
vt 0.270632 0.843285
vt 0.268141 0.816743
vt 0.193271 0.848448
vt 0.197335 0.878802
vt 0.212197 0.805378
vt 0.206914 0.781256
vt 0.189724 0.806584
vt 0.184507 0.782766
vt 0.885007 0.444505
vt 0.904892 0.447023
vt 0.890431 0.471848
vt 0.911012 0.474702
vt 0.293730 0.842041
vt 0.293322 0.815760
vt 0.241814 0.891311
vt 0.243418 0.918659
vt 0.271047 0.892695
vt 0.272178 0.924293
vt 0.265629 0.944243
vt 0.246258 0.948195
vt 0.218309 0.920722
vt 0.216133 0.895129
vt 0.227482 0.944446
vt 0.882719 0.420789
vt 0.702352 0.484908
vt 0.671633 0.476188
vt 0.686435 0.502230
vt 0.658166 0.496452
vt 0.643931 0.471464
vt 0.633769 0.493225
vt 0.678971 0.515113
vt 0.651851 0.506903
vt 0.369127 0.779135
vt 0.403144 0.778793
vt 0.371003 0.767229
vt 0.403471 0.769362
vt 0.428285 0.781794
vt 0.429563 0.771091
vt 0.628769 0.505861
vt 0.403824 0.853109
vt 0.402661 0.830331
vt 0.373182 0.854500
vt 0.371245 0.830487
vt 0.426242 0.853099
vt 0.425944 0.829252
vt 0.427382 0.793583
vt 0.402777 0.791790
vt 0.369584 0.791980
vt 0.405716 0.924699
vt 0.419493 0.921129
vt 0.406284 0.902321
vt 0.425912 0.905102
vt 0.404730 0.871106
vt 0.426234 0.872062
vt 0.375432 0.873582
vt 0.380243 0.906816
vt 0.387342 0.923339
vt 0.404759 0.939709
vt 0.418948 0.934847
vt 0.427637 0.931869
vt 0.362304 0.914772
vt 0.376837 0.934916
vt 0.422480 0.669415
vt 0.420925 0.703044
vt 0.436023 0.670437
vt 0.432939 0.708081
vt 0.408715 0.669619
vt 0.410738 0.699289
vt 0.410763 0.715450
vt 0.414252 0.720858
vt 0.420298 0.729638
vt 0.421615 0.621884
vt 0.422973 0.649976
vt 0.435070 0.624483
vt 0.436574 0.650217
vt 0.422454 0.585481
vt 0.437194 0.586046
vt 0.407319 0.586069
vt 0.406793 0.620423
vt 0.408072 0.650603
vt 0.348526 0.828371
vt 0.351259 0.854797
vt 0.445793 0.826989
vt 0.448741 0.794463
vt 0.387543 0.506376
vt 0.385083 0.476968
vt 0.404076 0.503628
vt 0.405840 0.479377
vt 0.346810 0.577880
vt 0.347017 0.560924
vt 0.331649 0.578220
vt 0.330532 0.560343
vt 0.363004 0.577051
vt 0.364346 0.560957
vt 0.366761 0.474905
vt 0.370552 0.507229
vt 0.349829 0.625183
vt 0.365182 0.622834
vt 0.347004 0.589915
vt 0.363098 0.587819
vt 0.335350 0.628124
vt 0.331877 0.591410
vt 0.337878 0.654974
vt 0.351601 0.653465
vt 0.366736 0.653416
vt 0.605480 0.507026
vt 0.614646 0.485695
vt 0.450267 0.786438
vt 0.453561 0.775905
vt 0.343595 0.765546
vt 0.342176 0.778756
vt 0.314732 0.479103
vt 0.325959 0.476786
vt 0.319816 0.504530
vt 0.334526 0.504754
vt 0.407680 0.576148
vt 0.422377 0.575115
vt 0.407980 0.561820
vt 0.423378 0.563422
vt 0.437348 0.575071
vt 0.439169 0.563307
vt 0.299229 0.483866
vt 0.303807 0.503247
vt 0.344682 0.474194
vt 0.351844 0.506430
vt 0.383415 0.576259
vt 0.386380 0.561689
vt 0.340546 0.441688
vt 0.366840 0.447018
vt 0.311704 0.441284
vt 0.332135 0.412155
vt 0.364980 0.415081
vt 0.303690 0.447666
vt 0.295330 0.464474
vt 0.710413 0.505378
vt 0.706213 0.516695
vt 0.626333 0.455233
vt 0.631388 0.444804
vt 0.385835 0.451192
vt 0.407278 0.456325
vt 0.386042 0.416875
vt 0.410098 0.420391
vt 0.621330 0.466161
vt 0.416595 0.399713
vt 0.413536 0.408771
vt 0.387351 0.389814
vt 0.387486 0.402527
vt 0.387931 0.350792
vt 0.427479 0.374592
vt 0.364869 0.383137
vt 0.366434 0.343225
vt 0.332699 0.375819
vt 0.296694 0.368761
vt 0.332417 0.393987
vt 0.904238 0.433162
vt 0.722679 0.576331
vt 0.722863 0.598986
vt 0.735035 0.577631
vt 0.735211 0.598993
vt 0.020005 0.400885
vt 0.030098 0.407997
vt 0.038865 0.415095
vt 0.709123 0.576442
vt 0.709734 0.598764
vt 0.723056 0.625344
vt 0.723373 0.609573
vt 0.710975 0.624046
vt 0.710561 0.609177
vt 0.723148 0.640174
vt 0.711130 0.640320
vt 0.733256 0.639664
vt 0.734426 0.625136
vt 0.735349 0.609685
vt 0.727494 0.689820
vt 0.719864 0.687204
vt 0.714114 0.705661
vt 0.709008 0.699491
vt 0.731932 0.662979
vt 0.723052 0.661507
vt 0.711544 0.660064
vt 0.711674 0.684248
vt 0.705456 0.694575
vt 0.721334 0.839155
vt 0.714524 0.828000
vt 0.702083 0.843528
vt 0.701094 0.829084
vt 0.689945 0.828242
vt 0.685685 0.839271
vt 0.681429 0.684723
vt 0.672311 0.687771
vt 0.682164 0.696026
vt 0.678730 0.700185
vt 0.681383 0.657631
vt 0.669569 0.658746
vt 0.658772 0.660021
vt 0.663130 0.690138
vt 0.674125 0.706187
vt 0.695293 0.703410
vt 0.695937 0.695479
vt 0.695971 0.711813
vt 0.698561 0.682003
vt 0.698398 0.657867
vt 0.667605 0.610018
vt 0.669000 0.622252
vt 0.680107 0.608600
vt 0.681398 0.621960
vt 0.655323 0.612330
vt 0.656724 0.623027
vt 0.669456 0.637833
vt 0.657839 0.637342
vt 0.681637 0.638208
vt 0.678728 0.578790
vt 0.666919 0.580520
vt 0.679175 0.598177
vt 0.666823 0.599436
vt 0.082123 0.417893
vt 0.057761 0.429962
vt 0.065292 0.436106
vt 0.090743 0.429507
vt 0.072394 0.445169
vt 0.655486 0.584436
vt 0.654508 0.601727
vt 0.049057 0.422754
vt 0.695676 0.597871
vt 0.693127 0.577158
vt 0.698038 0.622825
vt 0.698293 0.638860
vt 0.696855 0.608178
vt 0.697946 0.793111
vt 0.699306 0.813992
vt 0.720516 0.795023
vt 0.718654 0.818084
vt 0.681678 0.797326
vt 0.683351 0.817801
vt 0.667476 0.801503
vt 0.672097 0.826269
vt 0.271298 0.623814
vt 0.270602 0.658131
vt 0.286750 0.626630
vt 0.284288 0.660411
vt 0.274136 0.593571
vt 0.290729 0.595557
vt 0.254536 0.592601
vt 0.251864 0.621828
vt 0.250692 0.657118
vt 0.231233 0.621519
vt 0.233498 0.592441
vt 0.211851 0.592226
vt 0.210877 0.619466
vt 0.227938 0.655011
vt 0.208104 0.654077
vt 0.195973 0.619667
vt 0.196161 0.592556
vt 0.181607 0.620428
vt 0.181014 0.592554
vt 0.180170 0.653579
vt 0.193921 0.653834
vt 0.208091 0.704063
vt 0.228671 0.701195
vt 0.207968 0.673524
vt 0.227267 0.672659
vt 0.226080 0.722478
vt 0.219216 0.722325
vt 0.229920 0.722073
vt 0.248400 0.702693
vt 0.249663 0.675837
vt 0.226130 0.736834
vt 0.227217 0.746819
vt 0.231264 0.734645
vt 0.233990 0.744554
vt 0.214827 0.733728
vt 0.205157 0.731072
vt 0.199172 0.738348
vt 0.212102 0.742254
vt 0.221025 0.954769
vt 0.241001 0.961074
vt 0.247718 0.963194
vt 0.274435 0.954379
vt 0.262117 0.958443
vt 0.271797 0.710813
vt 0.260372 0.707228
vt 0.254133 0.737817
vt 0.246531 0.728135
vt 0.279926 0.683316
vt 0.267500 0.679190
vt 0.241338 0.720866
vt 0.200413 0.898828
vt 0.205049 0.926744
vt 0.186232 0.712288
vt 0.197732 0.708384
vt 0.181393 0.676321
vt 0.194585 0.674714
vt 0.213345 0.722195
vt 0.170701 0.468711
vt 0.179193 0.472928
vt 0.181136 0.577370
vt 0.195822 0.578309
vt 0.184771 0.558483
vt 0.199259 0.555407
vt 0.211244 0.578550
vt 0.216200 0.552103
vt 0.157974 0.463583
vt 0.236156 0.551013
vt 0.232935 0.578683
vt 0.257161 0.550134
vt 0.254222 0.578433
vt 0.127743 0.453179
vt 0.143001 0.459617
vt 0.276649 0.549369
vt 0.274646 0.578182
vt 0.291970 0.551114
vt 0.291924 0.579065
vt 0.098979 0.441014
vt 0.107360 0.414762
vt 0.113125 0.445617
vt 0.127329 0.416047
vt 0.129293 0.393026
vt 0.115026 0.398263
vt 0.112811 0.397251
vt 0.118659 0.384853
vt 0.098367 0.401511
vt 0.103424 0.411333
vt 0.076780 0.534017
vt 0.075488 0.552630
vt 0.228617 0.496600
vt 0.410088 0.346500
vt 0.437173 0.357976
vt 0.445119 0.379568
vt 0.399820 0.323227
vt 0.432632 0.317695
vt 0.618081 0.574007
vt 0.618315 0.595575
vt 0.584134 0.637595
vt 0.596115 0.637145
vt 0.597325 0.614116
vt 0.615066 0.619044
vt 0.610027 0.640232
vt 0.267163 0.204253
vt 0.273089 0.133640
vt 0.271188 0.148512
vt 0.275319 0.132590
vt 0.206252 0.128092
vt 0.275780 0.120508
vt 0.207159 0.114231
vt 0.203295 0.129264
vt 0.203831 0.115839
vt 0.838848 0.683422
vt 0.840575 0.634677
vt 0.774248 0.690302
vt 0.775600 0.618915
vt 0.792371 0.580927
vt 0.819655 0.551046
vt 0.436905 0.129769
vt 0.393617 0.128210
vt 0.350406 0.126925
vt 0.344788 0.141502
vt 0.348541 0.125056
vt 0.862442 0.531039
vt 0.146163 0.140023
vt 0.201877 0.145342
vt 0.159588 0.182131
vt 0.211673 0.193488
vt 0.083370 0.917262
vt 0.111349 0.924062
vt 0.083844 0.941449
vt 0.103984 0.938540
vt 0.129172 0.934941
vt 0.132166 0.899243
vt 0.114380 0.954480
vt 0.071309 0.957208
vt 0.084966 0.961771
vt 0.038257 0.704906
vt 0.034295 0.673238
vt 0.026619 0.708668
vt 0.021003 0.672249
vt 0.048870 0.720023
vt 0.041562 0.729581
vt 0.054645 0.713469
vt 0.050634 0.697668
vt 0.049635 0.673318
vt 0.072513 0.697405
vt 0.072664 0.673551
vt 0.071978 0.714793
vt 0.063124 0.714116
vt 0.081352 0.714142
vt 0.021476 0.651354
vt 0.034773 0.650827
vt 0.050336 0.649220
vt 0.051215 0.573263
vt 0.035022 0.575367
vt 0.051009 0.629795
vt 0.035483 0.630467
vt 0.019866 0.577152
vt 0.022061 0.631026
vt 0.072723 0.649691
vt 0.074590 0.570778
vt 0.073283 0.630546
vt 0.083084 0.723198
vt 0.071176 0.725907
vt 0.059781 0.722901
vt 0.056573 0.734320
vt 0.072250 0.739269
vt 0.087027 0.734802
vt 0.383785 0.620870
vt 0.384968 0.653255
vt 0.383195 0.586590
vt 0.392623 0.732199
vt 0.404383 0.726033
vt 0.392130 0.722208
vt 0.402261 0.718534
vt 0.373401 0.728144
vt 0.380702 0.729684
vt 0.378921 0.722537
vt 0.383938 0.722412
vt 0.367773 0.735667
vt 0.377254 0.738014
vt 0.392736 0.741847
vt 0.407722 0.735209
vt 0.352103 0.716805
vt 0.361759 0.711481
vt 0.341518 0.677184
vt 0.354334 0.674674
vt 0.372031 0.705641
vt 0.368466 0.673435
vt 0.389543 0.702258
vt 0.386301 0.672495
vt 0.515892 0.821354
vt 0.578605 0.687790
vt 0.591736 0.679240
vt 0.573697 0.677478
vt 0.583838 0.670607
vt 0.565644 0.682934
vt 0.564684 0.674123
vt 0.571227 0.670155
vt 0.566404 0.657644
vt 0.579466 0.665159
vt 0.581201 0.655137
vt 0.589910 0.656352
vt 0.604837 0.661003
vt 0.547735 0.660119
vt 0.925644 0.211514
vt 0.661376 0.757078
vt 0.911868 0.425117
vt 0.929312 0.433922
vt 0.740538 0.745241
vt 0.748584 0.731462
vt 0.947533 0.313745
vt 0.612161 0.396089
vt 0.817186 0.479459
vt 0.133554 0.788901
vt 0.138480 0.769225
vt 0.129184 0.859142
vt 0.131228 0.806818
vt 0.130178 0.879498
vt 0.026079 0.804385
vt 0.030598 0.859552
vt 0.818865 0.480607
vt 0.820654 0.484553
vt 0.826248 0.502628
vt 0.293055 0.801124
vt 0.293804 0.781583
vt 0.190833 0.820251
vt 0.292152 0.872819
vt 0.287836 0.929260
vt 0.290833 0.893773
vt 0.444389 0.872265
vt 0.441373 0.912403
vt 0.354264 0.876982
vt 0.344216 0.789865
vt 0.445112 0.851539
vt 0.697467 0.532403
vt 0.735411 0.797034
vt 0.730831 0.825369
vt 0.737526 0.763993
vt 0.738379 0.754590
vt 0.737489 0.776944
vt 0.924770 0.545198
vt 0.554172 0.659266
vt 0.825007 0.052835
vt 0.837266 0.113127
vt 0.775760 0.065486
vt 0.790566 0.122425
vt 0.045474 0.044351
vt 0.089795 0.044830
vt 0.047118 0.104541
vt 0.089040 0.105436
vt 0.146203 0.042931
vt 0.146317 0.025526
vt 0.864338 0.041574
vt 0.860810 0.025264
vt 0.729335 0.070206
vt 0.734886 0.133892
vt 0.546598 0.072622
vt 0.550865 0.053018
vt 0.434781 0.068509
vt 0.482498 0.070532
vt 0.437173 0.128265
vt 0.486273 0.131004
vt 0.635696 0.071904
vt 0.628042 0.139598
vt 0.584109 0.080395
vt 0.584051 0.133241
vt 0.679568 0.069877
vt 0.691115 0.135694
vt 0.273690 0.055815
vt 0.210359 0.049653
vt 0.272773 0.038404
vt 0.213570 0.034462
vt 0.207145 0.047448
vt 0.210232 0.031797
vt 0.392853 0.062714
vt 0.393558 0.045827
vt 0.351959 0.062664
vt 0.348721 0.044650
vt 0.346959 0.064673
vt 0.344357 0.047147
vt 0.144556 0.108536
vt 0.145500 0.046733
vt 0.877209 0.103507
vt 0.866425 0.045342
vt 0.532501 0.132531
vt 0.536701 0.082499
vt 0.394562 0.126235
vt 0.391619 0.066763
vt 0.793229 0.126602
vt 0.048512 0.108615
vt 0.628446 0.142757
vt 0.571131 0.139774
vt 0.273464 0.033991
vt 0.650469 0.512181
vt 0.676198 0.519603
vt 0.628556 0.510819
vt 0.403761 0.509500
vt 0.388307 0.511652
vt 0.371000 0.512478
vt 0.607221 0.512196
vt 0.693514 0.535084
vt 0.319417 0.509753
vt 0.334227 0.510135
vt 0.304974 0.508625
vt 0.352015 0.512009
vt 0.773910 0.519080
vt 0.801311 0.516557
vt 0.742676 0.529625
vt 0.270353 0.517953
vt 0.255983 0.511720
vt 0.242846 0.508059
vt 0.818884 0.522309
vt 0.181564 0.485241
vt 0.191879 0.488690
vt 0.205965 0.492834
vt 0.226399 0.500946
vt 0.724350 0.538974
vt 0.845057 0.490497
vt 0.867138 0.479124
vt 0.890611 0.475896
vt 0.909296 0.478488
vt 0.176944 0.476868
vt 0.169595 0.472799
vt 0.156844 0.467448
vt 0.141101 0.463498
vt 0.125296 0.456224
vt 0.111226 0.448389
vt 0.098500 0.444463
vt 0.829485 0.504592
vt 0.952166 0.399470
vt 0.969131 0.384950
vt 0.938746 0.417415
vt 0.985186 0.381134
vt 0.017504 0.405348
vt 0.026468 0.411649
vt 0.035057 0.418952
vt 0.061602 0.440801
vt 0.054199 0.434628
vt 0.067861 0.449327
vt 0.045254 0.427175
vt 0.934596 0.434089
vt 0.571550 0.331507
vt 0.581648 0.345021
vt 0.598104 0.374796
vt 0.606045 0.395775
vt 0.588694 0.354373
vt 0.489328 0.418726
vt 0.492607 0.401345
vt 0.543213 0.334577
vt 0.520694 0.344419
vt 0.510159 0.362928
vt 0.497657 0.382125
vt 0.423102 0.659667
vt 0.436658 0.660296
vt 0.408352 0.660102
vt 0.352520 0.664125
vt 0.339190 0.666093
vt 0.367447 0.663480
vt 0.385360 0.662874
vt 0.519863 0.604078
vt 0.494485 0.608448
vt 0.549164 0.602083
vt 0.573459 0.601249
vt 0.598658 0.604492
vt 0.118658 0.643790
vt 0.100275 0.641451
vt 0.133206 0.643405
vt 0.021963 0.640923
vt 0.035200 0.640496
vt 0.050857 0.639496
vt 0.073086 0.640045
vt 0.269652 0.668940
vt 0.282632 0.672171
vt 0.250462 0.666458
vt 0.227620 0.663586
vt 0.207806 0.663774
vt 0.193802 0.664399
vt 0.180349 0.665105
vt 0.711895 0.650351
vt 0.723842 0.650909
vt 0.732684 0.651204
vt 0.669611 0.648326
vt 0.682092 0.648047
vt 0.658416 0.648588
vt 0.699008 0.648503
vt 0.548583 0.757288
vt 0.572258 0.755740
vt 0.585132 0.756578
vt 0.506632 0.760672
vt 0.524999 0.756817
vt 0.617683 0.604749
vt 0.605558 0.760240
vt 0.404211 0.860702
vt 0.373828 0.862504
vt 0.426342 0.861049
vt 0.352630 0.865821
vt 0.444673 0.861756
vt 0.082067 0.865344
vt 0.109612 0.866368
vt 0.051348 0.864024
vt 0.129208 0.868940
vt 0.031303 0.869570
vt 0.241384 0.880663
vt 0.215282 0.885203
vt 0.270848 0.880704
vt 0.291438 0.882993
vt 0.198926 0.888609
vt 0.697266 0.782671
vt 0.680841 0.787089
vt 0.721446 0.783493
vt 0.736548 0.786988
vt 0.665473 0.792078
vt 0.099992 0.958047
vt 0.389578 0.937103
vt 0.553739 0.851900
vt 0.568179 0.694581
vt 0.364924 0.399109
vt 0.186270 0.350244
vt 0.922967 0.329155
vt 0.364924 0.399109
vt 0.296833 0.392046
vt 0.458728 0.077056
vt 0.444024 0.077082
vt 0.448311 0.066669
vt 0.458719 0.062335
vt 0.469135 0.066619
vt 0.473436 0.077017
vt 0.469173 0.087432
vt 0.458761 0.091769
vt 0.448349 0.087477
vt 0.432847 0.059851
vt 0.428279 0.071032
vt 0.441421 0.051252
vt 0.452612 0.046602
vt 0.464769 0.046550
vt 0.475936 0.051155
vt 0.484561 0.059743
vt 0.489200 0.070896
vt 0.489191 0.083060
vt 0.484599 0.094251
vt 0.476011 0.102873
vt 0.464858 0.107522
vt 0.452711 0.107544
vt 0.441534 0.102935
vt 0.432918 0.094358
vt 0.428289 0.083191
vt 0.419265 0.050858
vt 0.412281 0.067953
vt 0.432303 0.037759
vt 0.449371 0.030657
vt 0.467860 0.030545
vt 0.484965 0.037598
vt 0.498069 0.050647
vt 0.505198 0.067728
vt 0.505170 0.086219
vt 0.498140 0.103306
vt 0.485105 0.116395
vt 0.468052 0.123497
vt 0.449559 0.123533
vt 0.432486 0.116475
vt 0.419415 0.103446
vt 0.412319 0.086401
vt 0.405054 0.041410
vt 0.395504 0.064655
vt 0.422773 0.023596
vt 0.445961 0.013924
vt 0.471105 0.013791
vt 0.494416 0.023375
vt 0.512262 0.041145
vt 0.521919 0.064391
vt 0.521919 0.089546
vt 0.512356 0.112773
vt 0.494603 0.130576
vt 0.471391 0.140239
vt 0.446247 0.140281
vt 0.423026 0.130692
vt 0.405227 0.112962
vt 0.395560 0.089776
vt 0.591948 0.065712
vt 0.599880 0.057742
vt 0.605522 0.071337
vt 0.591939 0.076980
vt 0.599884 0.084937
vt 0.611159 0.084933
vt 0.619114 0.076965
vt 0.619114 0.065704
vt 0.611131 0.057743
vt 0.588257 0.045494
vt 0.579744 0.054056
vt 0.575073 0.065298
vt 0.575073 0.077399
vt 0.579707 0.088640
vt 0.588243 0.097173
vt 0.599462 0.101820
vt 0.611563 0.101822
vt 0.622782 0.097160
vt 0.631346 0.088608
vt 0.636003 0.077374
vt 0.635994 0.065281
vt 0.631351 0.054052
vt 0.622791 0.045512
vt 0.611553 0.040855
vt 0.599467 0.040850
vt 0.579186 0.031955
vt 0.566162 0.045042
vt 0.559107 0.062094
vt 0.559107 0.080555
vt 0.566120 0.097651
vt 0.579191 0.110717
vt 0.596268 0.117789
vt 0.614762 0.117784
vt 0.631829 0.110707
vt 0.644905 0.097640
vt 0.651983 0.080560
vt 0.651978 0.062073
vt 0.644886 0.044994
vt 0.631805 0.031950
vt 0.614733 0.024882
vt 0.596254 0.024884
vt 0.569708 0.017765
vt 0.551965 0.035549
vt 0.542350 0.058751
vt 0.542340 0.083844
vt 0.551904 0.107099
vt 0.569698 0.124908
vt 0.592938 0.134536
vt 0.618068 0.134532
vt 0.641313 0.124915
vt 0.659112 0.107124
vt 0.668722 0.083885
vt 0.668722 0.058732
vt 0.659084 0.035491
vt 0.641266 0.017737
vt 0.618063 0.008130
vt 0.592938 0.008140
vt 0.874302 0.024475
vt 0.874974 0.037983
vt 0.870077 0.027311
vt 0.870381 0.037514
vt 0.880035 0.037171
vt 0.880030 0.027182
vt 0.865969 0.038463
vt 0.859778 0.037347
vt 0.863253 0.023915
vt 0.857843 0.026466
vt 0.872920 0.174947
vt 0.876017 0.173941
vt 0.873994 0.165000
vt 0.850855 0.023358
vt 0.854786 0.040665
vt 0.868607 0.174092
vt 0.866751 0.165652
vt 0.865121 0.176920
vt 0.838271 0.026954
vt 0.845420 0.028125
vt 0.842339 0.042059
vt 0.849007 0.038142
vt 0.852632 0.169199
vt 0.851539 0.175081
vt 0.859909 0.170162
vt 0.856008 0.178882
vt 0.835839 0.041159
vt 0.833984 0.030309
vt 0.851639 0.176213
vt 0.880770 0.163161
vt 0.879312 0.174181
vt 0.860802 0.175152
vt 0.842164 0.164654
vt 0.812840 0.160636
vt 0.839827 0.171991
vt 0.811039 0.165504
vt 0.847029 0.175185
vt 0.814868 0.044070
vt 0.778160 0.052059
vt 0.814131 0.032503
vt 0.829566 0.044618
vt 0.825632 0.029108
vt 0.783199 0.066028
vt 0.821354 0.056695
vt 0.829662 0.049818
vt 0.847106 0.179275
vt 0.871491 0.009724
vt 0.849321 0.009848
vt 0.861232 0.009568
vt 0.835563 0.010495
vt 0.822939 0.010799
vt 0.880019 0.009729
vt 0.775578 0.015443
vt 0.885759 0.024469
vt 0.889988 0.027305
vt 0.885099 0.037986
vt 0.889693 0.037508
vt 0.902243 0.026452
vt 0.900307 0.037322
vt 0.896810 0.023904
vt 0.894113 0.038449
vt 0.889060 0.171343
vt 0.892030 0.171316
vt 0.887870 0.162247
vt 0.905290 0.040613
vt 0.909249 0.023328
vt 0.895313 0.160646
vt 0.895588 0.169309
vt 0.899212 0.171316
vt 0.921916 0.026874
vt 0.917797 0.041949
vt 0.914725 0.028087
vt 0.911105 0.038081
vt 0.911132 0.163123
vt 0.903281 0.163852
vt 0.911377 0.169056
vt 0.907016 0.172706
vt 0.924285 0.041002
vt 0.926253 0.030185
vt 0.911131 0.170086
vt 0.886240 0.172810
vt 0.902690 0.168925
vt 0.923003 0.161282
vt 0.922744 0.168944
vt 0.952644 0.161408
vt 0.952275 0.166589
vt 0.915558 0.170124
vt 0.981655 0.052097
vt 0.945079 0.043926
vt 0.944329 0.032796
vt 0.930471 0.044401
vt 0.934513 0.028887
vt 0.938509 0.056513
vt 0.976593 0.066047
vt 0.930276 0.049579
vt 0.914729 0.174110
vt 0.888545 0.009721
vt 0.898788 0.009554
vt 0.910668 0.009798
vt 0.924341 0.010365
vt 0.936953 0.010464
vt 0.984416 0.015472
vt 0.876271 0.115961
vt 0.876898 0.095236
vt 0.870844 0.109940
vt 0.869582 0.095302
vt 0.863160 0.112661
vt 0.862809 0.094890
vt 0.855425 0.108067
vt 0.855988 0.097310
vt 0.863307 0.154585
vt 0.868146 0.153959
vt 0.868733 0.143758
vt 0.848128 0.110695
vt 0.849904 0.093582
vt 0.858723 0.145001
vt 0.854286 0.154692
vt 0.858811 0.152193
vt 0.842307 0.107436
vt 0.843243 0.096555
vt 0.834896 0.108909
vt 0.837758 0.093094
vt 0.845696 0.154887
vt 0.849518 0.145615
vt 0.841467 0.151986
vt 0.840988 0.144514
vt 0.829222 0.106084
vt 0.831161 0.095944
vt 0.883517 0.095198
vt 0.883519 0.111920
vt 0.877726 0.143686
vt 0.873371 0.154465
vt 0.878106 0.154038
vt 0.849665 0.152407
vt 0.832401 0.144381
vt 0.803372 0.139170
vt 0.819348 0.150155
vt 0.802624 0.145655
vt 0.830135 0.151785
vt 0.837758 0.154664
vt 0.803229 0.089408
vt 0.780125 0.085752
vt 0.814427 0.101945
vt 0.815735 0.091506
vt 0.826006 0.091673
vt 0.822707 0.106580
vt 0.805443 0.076986
vt 0.781886 0.074476
vt 0.820653 0.079975
vt 0.862202 0.124011
vt 0.876372 0.124469
vt 0.846909 0.124532
vt 0.832555 0.122727
vt 0.817646 0.119806
vt 0.883519 0.124713
vt 0.774488 0.106627
vt 0.890768 0.115960
vt 0.896195 0.109940
vt 0.890135 0.095233
vt 0.897451 0.095302
vt 0.897164 0.150822
vt 0.896810 0.143638
vt 0.892871 0.153514
vt 0.886709 0.143087
vt 0.903876 0.112661
vt 0.911611 0.108064
vt 0.904224 0.094882
vt 0.911048 0.097304
vt 0.888021 0.153225
vt 0.918910 0.110686
vt 0.917129 0.093571
vt 0.901788 0.153061
vt 0.929273 0.093080
vt 0.923790 0.096544
vt 0.932143 0.108892
vt 0.924729 0.107425
vt 0.910232 0.152882
vt 0.914308 0.149887
vt 0.906087 0.143752
vt 0.914657 0.142401
vt 0.935869 0.095929
vt 0.937814 0.106064
vt 0.882858 0.154107
vt 0.906233 0.150558
vt 0.953065 0.145739
vt 0.952831 0.139209
vt 0.936110 0.148772
vt 0.923405 0.142222
vt 0.925435 0.149721
vt 0.917965 0.152520
vt 0.952608 0.101925
vt 0.986902 0.085718
vt 0.963800 0.089382
vt 0.951295 0.091483
vt 0.941023 0.091656
vt 0.944330 0.106558
vt 0.985136 0.074443
vt 0.961582 0.076957
vt 0.946372 0.079953
vt 0.890668 0.124469
vt 0.904840 0.124005
vt 0.920134 0.124521
vt 0.934486 0.122710
vt 0.949394 0.119786
vt 0.992548 0.106591
vt 0.850975 0.245763
vt 0.860067 0.259259
vt 0.843883 0.251842
vt 0.854658 0.263537
vt 0.839787 0.237164
vt 0.849752 0.237013
vt 0.850750 0.228254
vt 0.843483 0.222402
vt 0.859494 0.214591
vt 0.853945 0.210484
vt 0.866077 0.253859
vt 0.857564 0.244862
vt 0.856866 0.236895
vt 0.865655 0.219757
vt 0.857364 0.228928
vt 0.918995 0.290843
vt 0.925672 0.323172
vt 0.879978 0.302716
vt 0.882643 0.327354
vt 0.884716 0.351986
vt 0.925038 0.355669
vt 0.924329 0.194444
vt 0.891843 0.200913
vt 0.916390 0.181063
vt 0.893354 0.208950
vt 0.925022 0.205401
vt 0.870924 0.198781
vt 0.873747 0.205977
vt 0.876453 0.212769
vt 0.893294 0.236297
vt 0.926573 0.235801
vt 0.893855 0.263765
vt 0.925308 0.266191
vt 0.875960 0.236617
vt 0.876995 0.260534
vt 0.892706 0.272138
vt 0.925012 0.277074
vt 0.874537 0.267647
vt 0.872056 0.275011
vt 0.868208 0.311332
vt 0.865563 0.320387
vt 0.871563 0.345919
vt 0.867118 0.337484
vt 0.865603 0.328957
vt 0.954290 0.287302
vt 0.956693 0.321744
vt 0.955621 0.356725
vt 0.955601 0.182971
vt 0.952919 0.195345
vt 0.952169 0.206032
vt 0.955372 0.235750
vt 0.951876 0.265071
vt 0.952621 0.275328
vt 0.979206 0.287349
vt 0.978384 0.354991
vt 0.981947 0.186557
vt 0.989916 0.204918
vt 0.994591 0.236771
vt 0.989030 0.268876
vt 0.882508 0.172095
vt 0.280456 0.133046
vt 0.321698 0.110444
vt 0.308915 0.162912
vt 0.125513 0.042658
vt 0.139391 0.096691
vt 0.070893 0.052023
vt 0.214489 0.145497
vt 0.244839 0.140686
vt 0.230821 0.162469
vt 0.181987 0.422694
vt 0.235876 0.365739
vt 0.223388 0.423634
vt 0.128698 0.479653
vt 0.120479 0.435430
vt 0.161066 0.473648
vt 0.294795 0.298698
vt 0.285019 0.356362
vt 0.335698 0.227286
vt 0.346910 0.298711
vt 0.379185 0.297864
vt 0.410382 0.284410
vt 0.399607 0.311723
vt 0.425127 0.203332
vt 0.468181 0.166445
vt 0.445248 0.214474
vt 0.348187 0.350115
vt 0.386502 0.348879
vt 0.341502 0.454439
vt 0.339866 0.399753
vt 0.372984 0.431167
vt 0.422050 0.434643
vt 0.378966 0.465843
vt 0.424968 0.453637
vt 0.493087 0.439878
vt 0.490201 0.420327
vt 0.513438 0.436463
vt 0.505073 0.514351
vt 0.493562 0.504964
vt 0.515618 0.508176
vt 0.494626 0.515681
vt 0.284285 0.590623
vt 0.295856 0.593331
vt 0.285095 0.597421
vt 0.473174 0.595930
vt 0.478526 0.608581
vt 0.469797 0.598454
vt 0.487873 0.582699
vt 0.483381 0.575557
vt 0.493717 0.576093
vt 0.506134 0.575356
vt 0.507801 0.564721
vt 0.517013 0.572353
vt 0.500057 0.569823
vt 0.508521 0.558143
vt 0.516589 0.551575
vt 0.516652 0.556902
vt 0.502455 0.583587
vt 0.508132 0.583599
vt 0.467939 0.528643
vt 0.461444 0.527599
vt 0.467654 0.527773
vt 0.132254 0.538773
vt 0.168927 0.528113
vt 0.481820 0.650009
vt 0.491728 0.641996
vt 0.491454 0.664513
vt 0.312336 0.660422
vt 0.314228 0.635242
vt 0.329219 0.650461
vt 0.302912 0.639198
vt 0.302037 0.622771
vt 0.485734 0.668244
vt 0.487302 0.676792
vt 0.483069 0.669547
vt 0.482854 0.676560
vt 0.480868 0.672137
vt 0.392565 0.672551
vt 0.378535 0.655842
vt 0.398903 0.662149
vt 0.361011 0.631606
vt 0.352891 0.656066
vt 0.378316 0.677724
vt 0.294635 0.633408
vt 0.292372 0.620317
vt 0.300002 0.646911
vt 0.289831 0.639449
vt 0.305649 0.660082
vt 0.289329 0.645431
vt 0.299984 0.673369
vt 0.312355 0.678774
vt 0.323460 0.676599
vt 0.307097 0.685389
vt 0.290187 0.680072
vt 0.278925 0.680545
vt 0.290751 0.676123
vt 0.269288 0.676079
vt 0.281574 0.651401
vt 0.263352 0.667000
vt 0.262243 0.654561
vt 0.257087 0.655793
vt 0.261310 0.637045
vt 0.272931 0.636495
vt 0.282450 0.628075
vt 0.266876 0.618373
vt 0.256712 0.636948
vt 0.263833 0.616778
vt 0.275746 0.686259
vt 0.262116 0.692509
vt 0.265480 0.680613
vt 0.296496 0.669985
vt 0.297908 0.658387
vt 0.394343 0.691271
vt 0.382709 0.709206
vt 0.388705 0.798674
vt 0.368489 0.844081
vt 0.367370 0.792010
vt 0.340714 0.809175
vt 0.335536 0.843963
vt 0.463608 0.897050
vt 0.432602 0.947961
vt 0.442071 0.877464
vt 0.404540 0.916590
vt 0.421195 0.873234
vt 0.396220 0.871992
vt 0.363343 0.874283
vt 0.351637 0.929011
vt 0.328924 0.880639
vt 0.302504 0.882719
vt 0.289698 0.946567
vt 0.268730 0.882878
vt 0.225283 0.624127
vt 0.258292 0.604068
vt 0.242977 0.636379
vt 0.231149 0.092046
vt 0.210505 0.107827
vt 0.181857 0.124709
vt 0.276439 0.602341
vt 0.270505 0.609136
vt 0.212714 0.884412
vt 0.197148 0.942365
vt 0.190696 0.890832
vt 0.158029 0.906057
vt 0.132382 0.930985
vt 0.158056 0.974481
vt 0.113745 0.947593
vt 0.279386 0.207732
vt 0.242092 0.179265
vt 0.035630 0.116597
vt 0.115139 0.155269
vt 0.097750 0.210427
vt 0.007621 0.194356
vt 0.158153 0.171115
vt 0.186514 0.076216
vt 0.176447 0.034806
vt 0.206722 0.004947
vt 0.220928 0.055376
vt 0.142301 0.335427
vt 0.165141 0.388552
vt 0.105585 0.374142
vt 0.186134 0.181589
vt 0.205509 0.193792
vt 0.108277 0.554414
vt 0.108762 0.579175
vt 0.063662 0.567805
vt 0.059238 0.591169
vt 0.142855 0.571893
vt 0.221245 0.470144
vt 0.205633 0.330671
vt 0.175024 0.281583
vt 0.208039 0.227831
vt 0.241727 0.265927
vt 0.316691 0.349976
vt 0.362250 0.178270
vt 0.402627 0.246612
vt 0.422034 0.261508
vt 0.397050 0.128784
vt 0.308153 0.403505
vt 0.310909 0.463179
vt 0.346533 0.479486
vt 0.314179 0.497546
vt 0.462934 0.429111
vt 0.465727 0.443983
vt 0.385743 0.483713
vt 0.430967 0.470621
vt 0.466616 0.460185
vt 0.466217 0.452906
vt 0.357726 0.500554
vt 0.344451 0.512542
vt 0.493944 0.449776
vt 0.494744 0.459022
vt 0.468022 0.478328
vt 0.497040 0.476373
vt 0.441164 0.491524
vt 0.412779 0.510975
vt 0.394277 0.531345
vt 0.319093 0.557640
vt 0.292876 0.545748
vt 0.331964 0.523817
vt 0.265853 0.510862
vt 0.264994 0.464605
vt 0.268172 0.549546
vt 0.268990 0.414420
vt 0.218822 0.519237
vt 0.220368 0.556318
vt 0.347904 0.567285
vt 0.355920 0.544686
vt 0.319562 0.593763
vt 0.340174 0.610626
vt 0.306890 0.600228
vt 0.492802 0.500375
vt 0.515311 0.500097
vt 0.470970 0.497122
vt 0.451654 0.506569
vt 0.438716 0.523968
vt 0.477062 0.506973
vt 0.460137 0.517660
vt 0.481606 0.515376
vt 0.504631 0.523752
vt 0.495795 0.523655
vt 0.484105 0.525010
vt 0.455103 0.526480
vt 0.466407 0.523458
vt 0.433958 0.544883
vt 0.458115 0.527475
vt 0.457767 0.529029
vt 0.454068 0.532120
vt 0.461649 0.529771
vt 0.436783 0.564403
vt 0.401410 0.568808
vt 0.376109 0.583451
vt 0.310276 0.614262
vt 0.296151 0.608278
vt 0.292289 0.603077
vt 0.383789 0.613546
vt 0.407993 0.600240
vt 0.450677 0.564353
vt 0.450370 0.545392
vt 0.459463 0.583026
vt 0.450289 0.592238
vt 0.439829 0.608301
vt 0.423840 0.588572
vt 0.462507 0.549507
vt 0.464541 0.566265
vt 0.464112 0.537151
vt 0.466576 0.578800
vt 0.463653 0.612441
vt 0.459520 0.626013
vt 0.482284 0.623593
vt 0.473304 0.638417
vt 0.486614 0.610660
vt 0.491138 0.624845
vt 0.484242 0.599329
vt 0.500367 0.640068
vt 0.485215 0.590389
vt 0.475688 0.583999
vt 0.494121 0.610947
vt 0.494017 0.602129
vt 0.493270 0.593017
vt 0.495533 0.619055
vt 0.475125 0.574030
vt 0.485417 0.568501
vt 0.494126 0.586143
vt 0.486703 0.563723
vt 0.476284 0.566001
vt 0.475709 0.554611
vt 0.489720 0.554498
vt 0.502071 0.604090
vt 0.504007 0.591758
vt 0.501194 0.614822
vt 0.502347 0.622177
vt 0.499816 0.578156
vt 0.500693 0.561096
vt 0.502901 0.553430
vt 0.504233 0.548129
vt 0.516439 0.544608
vt 0.492891 0.546633
vt 0.493713 0.540354
vt 0.504209 0.540894
vt 0.477407 0.541731
vt 0.479276 0.538185
vt 0.465293 0.534538
vt 0.484831 0.529177
vt 0.495153 0.528879
vt 0.516109 0.523795
vt 0.504425 0.528644
vt 0.516136 0.529055
vt 0.493544 0.536986
vt 0.503360 0.536498
vt 0.479821 0.535268
vt 0.466091 0.533019
vt 0.510917 0.591639
vt 0.510128 0.604467
vt 0.508046 0.618499
vt 0.509200 0.626438
vt 0.517707 0.626392
vt 0.517731 0.617665
vt 0.508330 0.644231
vt 0.517563 0.645645
vt 0.173177 0.565571
vt 0.152281 0.629177
vt 0.114448 0.638059
vt 0.186184 0.625362
vt 0.066164 0.646687
vt 0.508291 0.670846
vt 0.499246 0.667384
vt 0.497036 0.680450
vt 0.505352 0.687074
vt 0.478740 0.656841
vt 0.471571 0.648791
vt 0.457980 0.637111
vt 0.442639 0.624791
vt 0.419275 0.618494
vt 0.427044 0.630798
vt 0.394635 0.634012
vt 0.410331 0.647041
vt 0.477565 0.663020
vt 0.471167 0.657479
vt 0.476780 0.668541
vt 0.470576 0.665476
vt 0.494344 0.688502
vt 0.499096 0.696510
vt 0.486616 0.685528
vt 0.480987 0.681928
vt 0.477265 0.675903
vt 0.477651 0.687648
vt 0.484015 0.695112
vt 0.473088 0.685411
vt 0.490806 0.703941
vt 0.463775 0.691552
vt 0.468823 0.704495
vt 0.474169 0.712704
vt 0.461097 0.689492
vt 0.470188 0.681269
vt 0.459970 0.685404
vt 0.475061 0.673694
vt 0.476835 0.672127
vt 0.475474 0.669794
vt 0.468508 0.680668
vt 0.459550 0.684636
vt 0.469928 0.667525
vt 0.458227 0.662269
vt 0.457610 0.653159
vt 0.458285 0.664560
vt 0.444109 0.655365
vt 0.438144 0.642969
vt 0.446600 0.662457
vt 0.429104 0.662608
vt 0.420162 0.654675
vt 0.432437 0.668214
vt 0.420182 0.672983
vt 0.412154 0.670048
vt 0.425038 0.674190
vt 0.350660 0.680424
vt 0.400343 0.679649
vt 0.427949 0.682793
vt 0.425894 0.683528
vt 0.418363 0.696341
vt 0.430122 0.679475
vt 0.434272 0.670354
vt 0.427283 0.675088
vt 0.430695 0.678943
vt 0.446685 0.665939
vt 0.449319 0.686687
vt 0.448624 0.690816
vt 0.448960 0.686056
vt 0.449676 0.693957
vt 0.439133 0.688874
vt 0.439934 0.683856
vt 0.438980 0.691262
vt 0.440448 0.682993
vt 0.435726 0.704170
vt 0.450682 0.707172
vt 0.281123 0.604795
vt 0.283175 0.607382
vt 0.302353 0.680841
vt 0.288385 0.688312
vt 0.300831 0.684757
vt 0.287551 0.691221
vt 0.276564 0.684906
vt 0.266140 0.679305
vt 0.259936 0.670343
vt 0.257682 0.671919
vt 0.253107 0.656396
vt 0.271108 0.620504
vt 0.277715 0.613319
vt 0.273527 0.612034
vt 0.285442 0.696052
vt 0.451525 0.714644
vt 0.433512 0.712214
vt 0.415879 0.705012
vt 0.354626 0.710680
vt 0.329149 0.711395
vt 0.304063 0.717540
vt 0.406466 0.725245
vt 0.430182 0.731597
vt 0.449454 0.734070
vt 0.474220 0.732875
vt 0.491050 0.727068
vt 0.504791 0.719947
vt 0.515944 0.755330
vt 0.492262 0.758989
vt 0.474367 0.761786
vt 0.439578 0.762220
vt 0.410706 0.758116
vt 0.389682 0.746329
vt 0.369833 0.743905
vt 0.346391 0.745991
vt 0.413565 0.800486
vt 0.433798 0.800824
vt 0.463963 0.800156
vt 0.490966 0.794851
vt 0.514877 0.793967
vt 0.453761 0.848132
vt 0.480770 0.853142
vt 0.429939 0.845205
vt 0.403604 0.840646
vt 0.311996 0.752284
vt 0.310293 0.808727
vt 0.478109 0.906864
vt 0.510097 0.858347
vt 0.307216 0.846694
vt 0.274255 0.720635
vt 0.272601 0.757517
vt 0.271143 0.811044
vt 0.271474 0.844254
vt 0.233093 0.757080
vt 0.241179 0.705907
vt 0.234651 0.814755
vt 0.240769 0.665947
vt 0.229677 0.670631
vt 0.188057 0.678621
vt 0.195914 0.721621
vt 0.199049 0.765820
vt 0.114534 0.695702
vt 0.068078 0.709207
vt 0.149168 0.686565
vt 0.151884 0.733495
vt 0.116961 0.740571
vt 0.071783 0.757335
vt 0.160990 0.780500
vt 0.201611 0.821016
vt 0.169476 0.830646
vt 0.124076 0.788068
vt 0.134352 0.841650
vt 0.081256 0.805440
vt 0.040581 0.820395
vt 0.027389 0.763098
vt 0.097715 0.856516
vt 0.060304 0.878440
vt 0.178616 0.861645
vt 0.144189 0.877356
vt 0.116491 0.897272
vt 0.209944 0.851824
vt 0.239359 0.846695
vt 0.239826 0.883579
vt 0.242026 0.948178
vt 0.236988 0.989786
vt 0.167263 0.978329
vt 0.292596 0.992329
vt 0.377458 0.975299
vt 0.468333 0.165975
vt 0.164305 0.220742
vt 0.139858 0.216345
vt 0.183163 0.227336
vt 0.450315 0.676601
vt 0.464513 0.528505
vt 0.468624 0.530064
vt 0.463260 0.528787
vt 0.464125 0.529347
vt 0.484519 0.531388
vt 0.494802 0.531194
vt 0.516182 0.531522
vt 0.504657 0.530604
vt 0.502965 0.534050
vt 0.493561 0.534996
vt 0.481047 0.533270
vt 0.471630 0.532258
vt 0.464788 0.530639
vt 0.896939 0.053881
vt 0.894414 0.054989
vt 0.893946 0.052697
vt 0.891531 0.052643
vt 0.893593 0.052590
vt 0.891120 0.052448
vt 0.901543 0.056886
vt 0.898383 0.059876
vt 0.904007 0.059979
vt 0.905661 0.063223
vt 0.906399 0.067295
vt 0.901722 0.067545
vt 0.867463 0.061570
vt 0.864559 0.069341
vt 0.861016 0.061690
vt 0.865480 0.069276
vt 0.859659 0.065307
vt 0.863658 0.057972
vt 0.867237 0.054492
vt 0.870749 0.056813
vt 0.869603 0.052527
vt 0.873402 0.051310
vt 0.888328 0.055453
vt 0.884235 0.052584
vt 0.891384 0.060611
vt 0.892992 0.067965
vt 0.873894 0.062161
vt 0.875792 0.057924
vt 0.883879 0.068406
vt 0.470589 0.413214
vt 0.515973 0.513976
vt 0.516740 0.562108
vt 0.516371 0.718262
vt 0.016068 0.576794
vt 0.019172 0.595694
vt 0.387006 0.381161
vt 0.397470 0.410885
vt 0.429190 0.407190
vt 0.514061 0.457309
vt 0.513746 0.446766
vt 0.514606 0.478139
vt 0.517257 0.581484
vt 0.516352 0.537657
vt 0.516164 0.534205
vt 0.517667 0.604110
vt 0.517425 0.591577
vt 0.021080 0.650288
vt 0.517451 0.671078
vt 0.517298 0.687422
vt 0.516993 0.698676
vt 0.021759 0.713118
vt 0.085145 0.921845
vt 0.516167 0.532036
vt 0.859092 0.069645
vt 0.873262 0.068914
vt 0.762013 0.153120
vt 0.732610 0.178491
vt 0.725535 0.128200
vt 0.125513 0.042658
vt 0.070893 0.052023
vt 0.138964 0.096644
vt 0.214489 0.145497
vt 0.230821 0.162469
vt 0.244839 0.140686
vt 0.829302 0.431508
vt 0.790896 0.430466
vt 0.782677 0.374833
vt 0.880755 0.485440
vt 0.848729 0.479169
vt 0.891592 0.444187
vt 0.737783 0.362435
vt 0.733115 0.307220
vt 0.684645 0.302835
vt 0.701521 0.236580
vt 0.654628 0.299183
vt 0.634308 0.310549
vt 0.626624 0.283706
vt 0.620301 0.205975
vt 0.600481 0.214560
vt 0.583372 0.167439
vt 0.679248 0.351102
vt 0.643389 0.346836
vt 0.679160 0.449734
vt 0.650073 0.425481
vt 0.683303 0.398485
vt 0.644971 0.458396
vt 0.603609 0.427531
vt 0.600791 0.448632
vt 0.533778 0.439033
vt 0.535568 0.420105
vt 0.526765 0.513987
vt 0.537402 0.504128
vt 0.536947 0.515019
vt 0.735630 0.581163
vt 0.730156 0.586024
vt 0.721456 0.579513
vt 0.560408 0.595037
vt 0.563086 0.597503
vt 0.555037 0.607822
vt 0.546245 0.581810
vt 0.540346 0.575280
vt 0.550295 0.574618
vt 0.528034 0.575005
vt 0.525743 0.564427
vt 0.533545 0.569237
vt 0.524757 0.557916
vt 0.532046 0.583054
vt 0.526447 0.583292
vt 0.563913 0.527461
vt 0.563990 0.526577
vt 0.569897 0.526154
vt 0.875084 0.539907
vt 0.838305 0.529831
vt 0.552104 0.649162
vt 0.543229 0.663637
vt 0.542484 0.641273
vt 0.705525 0.653153
vt 0.690025 0.644467
vt 0.705266 0.623763
vt 0.716449 0.631059
vt 0.716666 0.614952
vt 0.549380 0.667271
vt 0.548133 0.675106
vt 0.552204 0.668668
vt 0.554766 0.671467
vt 0.552708 0.675330
vt 0.633371 0.669807
vt 0.627560 0.659650
vt 0.646779 0.652671
vt 0.663932 0.627857
vt 0.671352 0.652422
vt 0.646867 0.674670
vt 0.719984 0.626078
vt 0.723173 0.613060
vt 0.717149 0.640433
vt 0.724180 0.633274
vt 0.711634 0.653811
vt 0.724334 0.640261
vt 0.715436 0.668276
vt 0.704644 0.675154
vt 0.709098 0.684770
vt 0.695808 0.669899
vt 0.724793 0.676390
vt 0.724957 0.669160
vt 0.734371 0.675546
vt 0.740910 0.673553
vt 0.731230 0.647455
vt 0.745658 0.667824
vt 0.748083 0.654191
vt 0.752454 0.655775
vt 0.749911 0.633561
vt 0.739805 0.632368
vt 0.731678 0.622297
vt 0.746338 0.613654
vt 0.749310 0.612220
vt 0.753509 0.633826
vt 0.736325 0.684427
vt 0.745513 0.679145
vt 0.747812 0.690574
vt 0.718882 0.662362
vt 0.718547 0.652765
vt 0.632030 0.688646
vt 0.643421 0.706440
vt 0.640294 0.799733
vt 0.660071 0.792675
vt 0.660601 0.845540
vt 0.686023 0.808673
vt 0.692535 0.843584
vt 0.567167 0.898862
vt 0.588772 0.879259
vt 0.597947 0.950302
vt 0.609414 0.875198
vt 0.626032 0.918605
vt 0.633962 0.873770
vt 0.666502 0.875401
vt 0.700718 0.880252
vt 0.679147 0.929807
vt 0.726592 0.880869
vt 0.759768 0.879213
vt 0.741398 0.944719
vt 0.787133 0.617907
vt 0.770277 0.629992
vt 0.753964 0.594174
vt 0.231149 0.092046
vt 0.210505 0.107827
vt 0.181857 0.124709
vt 0.739393 0.594708
vt 0.743294 0.601597
vt 0.812676 0.876404
vt 0.834527 0.880283
vt 0.830783 0.930833
vt 0.867723 0.893262
vt 0.894722 0.916061
vt 0.914090 0.931944
vt 0.872330 0.959407
vt 0.755843 0.223112
vt 0.793343 0.199843
vt 0.115139 0.155269
vt 0.035630 0.116597
vt 0.158153 0.171115
vt 0.176447 0.034806
vt 0.186514 0.076216
vt 0.206722 0.004947
vt 0.220928 0.055376
vt 0.861384 0.348823
vt 0.902281 0.382563
vt 0.846339 0.401196
vt 0.205509 0.193792
vt 0.186134 0.181589
vt 0.898963 0.549312
vt 0.944374 0.558289
vt 0.900493 0.573248
vt 0.950352 0.581178
vt 0.866136 0.569079
vt 0.789349 0.475420
vt 0.813125 0.344174
vt 0.845242 0.300385
vt 0.820100 0.248033
vt 0.785334 0.280828
vt 0.708815 0.353705
vt 0.681348 0.188125
vt 0.637300 0.248770
vt 0.617781 0.260943
vt 0.653335 0.138579
vt 0.713139 0.404734
vt 0.707139 0.460667
vt 0.674291 0.473702
vt 0.702280 0.492362
vt 0.562800 0.426821
vt 0.560800 0.441943
vt 0.639628 0.480218
vt 0.595669 0.467164
vt 0.560805 0.450510
vt 0.571702 0.449828
vt 0.560810 0.458191
vt 0.663893 0.495834
vt 0.686935 0.517856
vt 0.682352 0.501851
vt 0.533511 0.449045
vt 0.560761 0.476297
vt 0.533262 0.458333
vt 0.532999 0.476077
vt 0.586520 0.489149
vt 0.612986 0.508121
vt 0.630768 0.528729
vt 0.699684 0.549600
vt 0.722181 0.539719
vt 0.744896 0.511333
vt 0.744051 0.545689
vt 0.749378 0.466509
vt 0.749132 0.418373
vt 0.785307 0.524641
vt 0.787075 0.556036
vt 0.679399 0.562675
vt 0.665686 0.539905
vt 0.702463 0.580458
vt 0.682352 0.602197
vt 0.713001 0.586964
vt 0.537648 0.499420
vt 0.558880 0.495448
vt 0.577962 0.504336
vt 0.591051 0.521400
vt 0.553582 0.505738
vt 0.570497 0.515948
vt 0.549660 0.514426
vt 0.527516 0.523439
vt 0.536175 0.523092
vt 0.547674 0.524242
vt 0.575616 0.524672
vt 0.564838 0.522113
vt 0.595461 0.542327
vt 0.573088 0.525864
vt 0.573416 0.527386
vt 0.576725 0.530207
vt 0.569906 0.528111
vt 0.592351 0.561727
vt 0.626269 0.565230
vt 0.650285 0.579712
vt 0.707378 0.602599
vt 0.720786 0.599024
vt 0.724393 0.592103
vt 0.642513 0.610067
vt 0.619793 0.596975
vt 0.579482 0.563112
vt 0.579969 0.542471
vt 0.572127 0.581439
vt 0.580379 0.590111
vt 0.589905 0.605545
vt 0.604987 0.585500
vt 0.568930 0.547628
vt 0.567161 0.564565
vt 0.567549 0.534891
vt 0.565941 0.577464
vt 0.569031 0.611499
vt 0.572528 0.624771
vt 0.551411 0.622884
vt 0.559866 0.637594
vt 0.547678 0.609823
vt 0.543338 0.624162
vt 0.549886 0.598441
vt 0.534330 0.639559
vt 0.548737 0.589519
vt 0.557766 0.583018
vt 0.540584 0.610207
vt 0.540557 0.601315
vt 0.541166 0.592208
vt 0.539239 0.618424
vt 0.558037 0.572891
vt 0.547835 0.567774
vt 0.540275 0.585375
vt 0.546313 0.562909
vt 0.556355 0.564824
vt 0.556317 0.553250
vt 0.542930 0.553688
vt 0.532906 0.603456
vt 0.530715 0.591208
vt 0.533976 0.614200
vt 0.532718 0.621678
vt 0.534708 0.577433
vt 0.532533 0.560629
vt 0.529919 0.553034
vt 0.528657 0.547868
vt 0.539766 0.546145
vt 0.538794 0.539912
vt 0.528292 0.540642
vt 0.554898 0.541431
vt 0.552949 0.536899
vt 0.566491 0.533392
vt 0.546817 0.528350
vt 0.537080 0.528504
vt 0.527937 0.528314
vt 0.539639 0.536155
vt 0.529131 0.535357
vt 0.552258 0.534671
vt 0.565643 0.532032
vt 0.523803 0.591487
vt 0.525101 0.604264
vt 0.527383 0.618145
vt 0.526123 0.626139
vt 0.526691 0.643957
vt 0.835408 0.563557
vt 0.859173 0.623800
vt 0.897406 0.630738
vt 0.825426 0.620421
vt 0.946019 0.636447
vt 0.526576 0.670529
vt 0.535541 0.666732
vt 0.537962 0.679343
vt 0.529401 0.686616
vt 0.554929 0.655973
vt 0.561556 0.647995
vt 0.573363 0.635643
vt 0.587269 0.622367
vt 0.608902 0.615557
vt 0.601861 0.628236
vt 0.632039 0.631109
vt 0.617018 0.644748
vt 0.556980 0.662296
vt 0.562424 0.656774
vt 0.558398 0.667798
vt 0.563824 0.664626
vt 0.540672 0.686334
vt 0.534911 0.695723
vt 0.550033 0.681522
vt 0.554745 0.681258
vt 0.558063 0.675171
vt 0.557233 0.686922
vt 0.549460 0.693451
vt 0.561671 0.684607
vt 0.541825 0.702592
vt 0.569736 0.690591
vt 0.563151 0.703464
vt 0.557049 0.711575
vt 0.572339 0.688483
vt 0.564299 0.680416
vt 0.573354 0.684373
vt 0.560136 0.672921
vt 0.558508 0.671383
vt 0.559680 0.669029
vt 0.565868 0.679787
vt 0.574211 0.682890
vt 0.564505 0.666666
vt 0.574692 0.661212
vt 0.574565 0.651961
vt 0.574741 0.663501
vt 0.586616 0.653752
vt 0.591639 0.640839
vt 0.584858 0.661199
vt 0.600303 0.661054
vt 0.607896 0.653183
vt 0.597442 0.666716
vt 0.608164 0.671274
vt 0.615426 0.667990
vt 0.604000 0.672563
vt 0.673611 0.676969
vt 0.626424 0.677183
vt 0.601532 0.681215
vt 0.603181 0.681919
vt 0.610175 0.694843
vt 0.599487 0.677687
vt 0.595917 0.668886
vt 0.602117 0.673497
vt 0.599189 0.677412
vt 0.584873 0.664683
vt 0.582805 0.685474
vt 0.583408 0.689593
vt 0.583171 0.683942
vt 0.582314 0.692754
vt 0.591760 0.687485
vt 0.591025 0.682484
vt 0.591749 0.689870
vt 0.590985 0.681302
vt 0.593982 0.703155
vt 0.580107 0.706232
vt 0.734941 0.597265
vt 0.732803 0.600637
vt 0.712523 0.676851
vt 0.726302 0.685302
vt 0.714095 0.681956
vt 0.727091 0.687721
vt 0.735986 0.683123
vt 0.744200 0.678425
vt 0.749358 0.669935
vt 0.751505 0.671742
vt 0.755962 0.657196
vt 0.742514 0.615623
vt 0.736758 0.606740
vt 0.728333 0.694651
vt 0.578654 0.713689
vt 0.595626 0.711104
vt 0.612051 0.703404
vt 0.670175 0.707650
vt 0.695145 0.708285
vt 0.716562 0.714956
vt 0.621099 0.723185
vt 0.598453 0.730224
vt 0.580075 0.732943
vt 0.556290 0.731801
vt 0.540524 0.726216
vt 0.527633 0.719498
vt 0.539024 0.758282
vt 0.555882 0.760733
vt 0.589157 0.760812
vt 0.615969 0.755836
vt 0.635380 0.743446
vt 0.653100 0.740655
vt 0.677231 0.742888
vt 0.617673 0.801491
vt 0.595241 0.801934
vt 0.566421 0.801642
vt 0.542801 0.797613
vt 0.578309 0.850384
vt 0.551580 0.855052
vt 0.601306 0.847308
vt 0.626592 0.842565
vt 0.711000 0.749397
vt 0.715105 0.806450
vt 0.552376 0.908415
vt 0.720126 0.844749
vt 0.744260 0.716939
vt 0.749360 0.752678
vt 0.753352 0.806780
vt 0.754964 0.840296
vt 0.782085 0.747438
vt 0.772961 0.699513
vt 0.788939 0.807814
vt 0.772100 0.660027
vt 0.786094 0.661669
vt 0.824138 0.671964
vt 0.816752 0.713906
vt 0.815324 0.756663
vt 0.899164 0.686744
vt 0.946417 0.697979
vt 0.863710 0.679124
vt 0.862296 0.724482
vt 0.898309 0.730107
vt 0.944632 0.744916
vt 0.855443 0.770271
vt 0.818587 0.811071
vt 0.850993 0.819799
vt 0.893516 0.776388
vt 0.886776 0.829250
vt 0.937582 0.791958
vt 0.989400 0.748646
vt 0.979092 0.805035
vt 0.924268 0.842453
vt 0.962764 0.862629
vt 0.844398 0.850810
vt 0.879501 0.864510
vt 0.908246 0.882901
vt 0.813164 0.843365
vt 0.786445 0.840813
vt 0.787987 0.878325
vt 0.788510 0.943887
vt 0.796854 0.985136
vt 0.864092 0.963854
vt 0.740274 0.991052
vt 0.654122 0.977016
vt 0.583236 0.166976
vt 0.740317 0.604997
vt 0.675645 0.507065
vt 0.583399 0.675272
vt 0.566841 0.528113
vt 0.558413 0.530056
vt 0.566745 0.528269
vt 0.568572 0.528091
vt 0.545818 0.531125
vt 0.537676 0.530879
vt 0.529024 0.530411
vt 0.529335 0.532101
vt 0.539379 0.533040
vt 0.550720 0.532576
vt 0.560870 0.530834
vt 0.566983 0.529498
vt 0.893023 0.083350
vt 0.895668 0.080736
vt 0.895423 0.083061
vt 0.898290 0.081593
vt 0.895082 0.083202
vt 0.892632 0.083583
vt 0.899150 0.075491
vt 0.902586 0.078155
vt 0.904743 0.074832
vt 0.906082 0.071431
vt 0.868219 0.076791
vt 0.861805 0.077324
vt 0.860113 0.073879
vt 0.864789 0.080757
vt 0.871944 0.081211
vt 0.868684 0.083869
vt 0.875120 0.086431
vt 0.871229 0.085592
vt 0.885762 0.084116
vt 0.889563 0.080866
vt 0.892106 0.075438
vt 0.874547 0.075575
vt 0.876843 0.079609
vt 0.554194 0.411908
vt 0.990505 0.583331
vt 0.992475 0.564269
vt 0.640152 0.377402
vt 0.627078 0.404805
vt 0.594624 0.400454
vt 0.991171 0.637735
vt 0.992929 0.699751
vt 0.940717 0.906012
# num_vertices: 8857


g Object_duke_body_d.jpg

usemtl mat_0-duke_body_d.jpg

f 1/1 2/2 3/3
f 2/2 4/4 3/3
f 5/5 6/6 7/7
f 7/7 6/6 8/8
f 9/9 10/10 11/11
f 11/11 12/12 3/3
f 13/13 5/5 14/14
f 5/5 13/13 6/6
f 15/15 9/9 16/16
f 16/16 9/9 11/11
f 17/17 18/18 14/14
f 14/14 18/18 13/13
f 19/19 15/15 20/20
f 20/20 15/15 16/16
f 17/17 21/21 18/18
f 18/18 21/21 22/22
f 23/23 4/4 2/2
f 4/4 23/23 24/24
f 7/7 8/8 25/25
f 25/25 8/8 26/26
f 27/27 28/28 29/29
f 28/28 27/27 30/30
f 29/29 8/8 27/27
f 27/27 8/8 6/6
f 27/27 31/31 30/30
f 30/30 31/31 32/32
f 13/13 31/31 6/6
f 6/6 31/31 27/27
f 31/31 33/33 32/32
f 32/32 33/33 34/34
f 31/31 13/13 33/33
f 33/33 13/13 18/18
f 35/35 36/36 33/33
f 33/33 36/36 34/34
f 22/22 35/35 18/18
f 18/18 35/35 33/33
f 37/37 29/29 38/38
f 29/29 28/28 38/38
f 8/8 29/29 26/26
f 26/26 29/29 37/37
f 39/39 40/40 41/41
f 41/41 40/40 42/42
f 43/43 44/44 45/45
f 45/45 44/44 46/46
f 47/47 44/44 48/48
f 48/48 44/44 49/49
f 50/50 51/51 52/52
f 52/52 51/51 53/53
f 54/54 55/55 56/56
f 56/56 55/55 57/57
f 45/45 58/58 59/59
f 59/59 58/58 60/60
f 57/57 55/55 61/61
f 61/61 55/55 62/62
f 63/63 60/60 64/64
f 64/64 60/60 58/58
f 50/50 52/52 65/65
f 65/65 52/52 66/66
f 44/44 43/43 49/49
f 49/49 43/43 67/67
f 68/68 69/69 70/70
f 69/69 71/71 70/70
f 69/69 68/68 72/72
f 47/47 66/66 46/46
f 65/65 66/66 48/48
f 48/48 66/66 47/47
f 63/63 64/64 56/56
f 56/56 64/64 54/54
f 45/45 46/46 58/58
f 58/58 46/46 64/64
f 61/61 62/62 51/51
f 51/51 62/62 53/53
f 67/67 43/43 59/59
f 59/59 43/43 45/45
f 55/55 54/54 46/46
f 44/44 47/47 46/46
f 46/46 54/54 64/64
f 52/52 53/53 66/66
f 66/66 53/53 46/46
f 53/53 62/62 46/46
f 46/46 62/62 55/55
f 73/73 74/74 41/41
f 74/74 75/75 41/41
f 42/42 73/73 41/41
f 72/72 40/40 69/69
f 69/69 40/40 39/39
f 76/76 77/77 78/78
f 77/77 79/79 78/78
f 79/79 80/80 78/78
f 80/80 81/81 78/78
f 82/82 83/83 84/84
f 83/83 85/85 84/84
f 86/86 87/87 88/88
f 87/87 89/89 88/88
f 90/90 82/82 91/91
f 82/82 92/92 91/91
f 93/93 94/94 95/95
f 94/94 96/96 95/95
f 95/95 97/97 93/93
f 97/97 98/98 93/93
f 82/82 99/99 83/83
f 99/99 100/100 83/83
f 101/101 102/102 87/87
f 102/102 89/89 87/87
f 90/90 93/93 82/82
f 93/93 98/98 82/82
f 103/103 104/104 105/105
f 104/104 106/106 105/105
f 107/107 108/108 109/109
f 108/108 110/110 109/109
f 90/90 91/91 111/111
f 91/91 112/112 111/111
f 113/113 114/114 76/76
f 114/114 77/77 76/76
f 113/113 81/81 114/114
f 81/81 80/80 114/114
f 87/87 86/86 115/115
f 86/86 116/116 115/115
f 117/117 115/115 118/118
f 115/115 116/116 118/118
f 89/89 102/102 119/119
f 102/102 120/120 119/119
f 82/82 98/98 99/99
f 98/98 103/103 99/99
f 110/110 108/108 94/94
f 108/108 105/105 94/94
f 118/118 88/88 117/117
f 88/88 89/89 117/117
f 121/121 122/122 123/123
f 122/122 124/124 123/123
f 94/94 93/93 110/110
f 93/93 90/90 110/110
f 103/103 105/105 99/99
f 105/105 108/108 99/99
f 125/125 126/126 111/111
f 126/126 90/90 111/111
f 127/127 84/84 112/112
f 84/84 111/111 112/112
f 109/109 110/110 126/126
f 110/110 90/90 126/126
f 94/94 105/105 96/96
f 105/105 106/106 96/96
f 119/119 120/120 122/122
f 120/120 124/124 122/122
f 100/100 99/99 107/107
f 99/99 108/108 107/107
f 98/98 97/97 103/103
f 97/97 104/104 103/103
f 123/123 101/101 121/121
f 101/101 87/87 121/121
f 128/128 129/129 84/84
f 129/129 111/111 84/84
f 127/127 92/92 84/84
f 92/92 82/82 84/84
f 130/130 131/131 132/132
f 132/132 131/131 133/133
f 134/134 132/132 135/135
f 135/135 132/132 133/133
f 131/131 130/130 136/136
f 136/136 130/130 137/137
f 130/130 132/132 138/138
f 138/138 132/132 139/139
f 140/140 133/133 141/141
f 141/141 133/133 131/131
f 135/135 133/133 142/142
f 142/142 133/133 140/140
f 141/141 131/131 143/143
f 143/143 131/131 136/136
f 144/144 145/145 146/146
f 146/146 145/145 147/147
f 145/145 144/144 148/148
f 148/148 144/144 149/149
f 139/139 132/132 150/150
f 150/150 132/132 134/134
f 138/138 151/151 130/130
f 130/130 151/151 137/137
f 147/147 152/152 146/146
f 146/146 152/152 153/153
f 154/154 155/155 139/139
f 139/139 155/155 138/138
f 154/154 139/139 156/156
f 156/156 139/139 150/150
f 155/155 157/157 138/138
f 138/138 157/157 151/151
f 152/152 158/158 153/153
f 153/153 158/158 159/159
f 160/160 161/161 162/162
f 162/162 161/161 163/163
f 160/160 162/162 164/164
f 164/164 162/162 165/165
f 166/166 163/163 167/167
f 167/167 163/163 161/161
f 168/168 162/162 169/169
f 169/169 162/162 163/163
f 161/161 160/160 170/170
f 170/170 160/160 171/171
f 171/171 160/160 172/172
f 172/172 160/160 164/164
f 167/167 161/161 173/173
f 173/173 161/161 170/170
f 174/174 175/175 176/176
f 176/176 175/175 177/177
f 178/178 177/177 179/179
f 179/179 177/177 175/175
f 165/165 162/162 180/180
f 180/180 162/162 168/168
f 166/166 181/181 163/163
f 163/163 181/181 169/169
f 176/176 182/182 174/174
f 174/174 182/182 183/183
f 169/169 184/184 168/168
f 168/168 184/184 185/185
f 180/180 168/168 186/186
f 186/186 168/168 185/185
f 181/181 187/187 169/169
f 169/169 187/187 184/184
f 188/188 189/189 182/182
f 182/182 189/189 183/183
f 190/190 191/191 192/192
f 191/191 193/193 192/192
f 191/191 190/190 194/194
f 190/190 195/195 194/194
f 191/191 194/194 196/196
f 194/194 197/197 196/196
f 198/198 197/197 199/199
f 197/197 194/194 199/199
f 200/200 196/196 201/201
f 196/196 197/197 201/201
f 202/202 196/196 203/203
f 196/196 200/200 203/203
f 193/193 191/191 202/202
f 191/191 196/196 202/202
f 204/204 205/205 200/200
f 205/205 203/203 200/200
f 200/200 201/201 204/204
f 201/201 206/206 204/204
f 207/207 208/208 209/209
f 208/208 210/210 209/209
f 211/211 202/202 212/212
f 202/202 203/203 212/212
f 205/205 213/213 203/203
f 213/213 212/212 203/203
f 202/202 211/211 193/193
f 211/211 214/214 193/193
f 214/214 215/215 216/216
f 215/215 217/217 216/216
f 214/214 211/211 215/215
f 211/211 218/218 215/215
f 219/219 220/220 221/221
f 220/220 222/222 221/221
f 212/212 223/223 211/211
f 223/223 218/218 211/211
f 224/224 225/225 208/208
f 225/225 226/226 208/208
f 227/227 210/210 226/226
f 210/210 208/208 226/226
f 207/207 228/228 208/208
f 228/228 224/224 208/208
f 229/229 201/201 198/198
f 201/201 197/197 198/198
f 230/230 231/231 232/232
f 231/231 233/233 232/232
f 234/234 235/235 231/231
f 235/235 220/220 231/231
f 236/236 237/237 238/238
f 237/237 239/239 238/238
f 240/240 241/241 242/242
f 241/241 243/243 242/242
f 223/223 212/212 244/244
f 212/212 213/213 244/244
f 210/210 245/245 209/209
f 245/245 246/246 209/209
f 247/247 248/248 249/249
f 248/248 250/250 249/249
f 251/251 252/252 238/238
f 252/252 236/236 238/238
f 236/236 253/253 237/237
f 253/253 254/254 237/237
f 253/253 255/255 254/254
f 255/255 256/256 254/254
f 255/255 257/257 256/256
f 257/257 258/258 256/256
f 255/255 259/259 257/257
f 259/259 260/260 257/257
f 261/261 259/259 253/253
f 259/259 255/255 253/253
f 262/262 263/263 264/264
f 263/263 265/265 264/264
f 266/266 262/262 267/267
f 262/262 264/264 267/267
f 253/253 236/236 261/261
f 236/236 252/252 261/261
f 241/241 240/240 263/263
f 240/240 265/265 263/263
f 232/232 233/233 268/268
f 268/268 233/233 248/248
f 248/248 233/233 250/250
f 233/233 219/219 250/250
f 219/219 233/233 220/220
f 233/233 231/231 220/220
f 269/269 270/270 263/263
f 270/270 241/241 263/263
f 243/243 241/241 271/271
f 241/241 270/270 271/271
f 272/272 273/273 274/274
f 273/273 275/275 274/274
f 252/252 272/272 261/261
f 272/272 274/274 261/261
f 251/251 276/276 252/252
f 276/276 272/272 252/252
f 272/272 276/276 273/273
f 276/276 277/277 273/273
f 266/266 278/278 262/262
f 278/278 279/279 262/262
f 262/262 279/279 263/263
f 279/279 269/269 263/263
f 280/280 281/281 275/275
f 281/281 274/274 275/275
f 282/282 283/283 280/280
f 283/283 281/281 280/280
f 261/261 274/274 259/259
f 274/274 281/281 259/259
f 284/284 285/285 286/286
f 285/285 287/287 286/286
f 219/219 221/221 250/250
f 221/221 288/288 250/250
f 289/289 245/245 227/227
f 245/245 210/210 227/227
f 266/266 285/285 278/278
f 285/285 290/290 278/278
f 290/290 285/285 291/291
f 285/285 284/284 291/291
f 292/292 293/293 294/294
f 293/293 295/295 294/294
f 294/294 295/295 282/282
f 295/295 283/283 282/282
f 293/293 292/292 296/296
f 292/292 297/297 296/296
f 298/298 299/299 284/284
f 299/299 291/291 284/284
f 299/299 298/298 300/300
f 298/298 301/301 300/300
f 302/302 303/303 297/297
f 303/303 296/296 297/297
f 304/304 305/305 301/301
f 305/305 300/300 301/301
f 305/305 304/304 306/306
f 304/304 307/307 306/306
f 308/308 309/309 310/310
f 311/311 312/312 308/308
f 313/313 314/314 315/315
f 314/314 316/316 315/315
f 317/317 318/318 316/316
f 318/318 315/315 316/316
f 306/306 307/307 310/310
f 307/307 308/308 310/310
f 319/319 318/318 320/320
f 318/318 317/317 320/320
f 302/302 319/319 303/303
f 319/319 320/320 303/303
f 321/321 303/303 322/322
f 303/303 320/320 322/322
f 301/301 298/298 323/323
f 298/298 324/324 323/323
f 325/325 326/326 327/327
f 326/326 328/328 327/327
f 328/328 329/329 327/327
f 330/330 331/331 327/327
f 331/331 325/325 327/327
f 332/332 333/333 330/330
f 333/333 331/331 330/330
f 304/304 301/301 334/334
f 301/301 323/323 334/334
f 334/334 335/335 304/304
f 335/335 307/307 304/304
f 284/284 286/286 298/298
f 286/286 324/324 298/298
f 326/326 336/336 328/328
f 336/336 337/337 328/328
f 338/338 339/339 340/340
f 339/339 293/293 340/340
f 260/260 283/283 341/341
f 283/283 295/295 341/341
f 295/295 293/293 341/341
f 293/293 339/339 341/341
f 341/341 342/342 260/260
f 342/342 257/257 260/260
f 342/342 341/341 337/337
f 341/341 339/339 337/337
f 329/329 328/328 343/343
f 328/328 337/337 343/343
f 336/336 344/344 337/337
f 344/344 342/342 337/337
f 257/257 342/342 258/258
f 342/342 344/344 258/258
f 267/267 287/287 266/266
f 287/287 285/285 266/266
f 259/259 281/281 260/260
f 281/281 283/283 260/260
f 345/345 346/346 347/347
f 335/335 311/311 307/307
f 311/311 308/308 307/307
f 332/332 348/348 333/333
f 348/348 349/349 333/333
f 322/322 316/316 314/314
f 214/214 216/216 193/193
f 216/216 192/192 193/193
f 346/346 348/348 350/350
f 338/338 343/343 339/339
f 343/343 337/337 339/339
f 321/321 340/340 296/296
f 340/340 293/293 296/296
f 345/345 349/349 346/346
f 349/349 348/348 346/346
f 351/351 314/314 313/313
f 352/352 353/353 354/354
f 355/355 356/356 357/357
f 358/358 352/352 359/359
f 358/358 359/359 360/360
f 354/354 359/359 352/352
f 357/357 361/361 355/355
f 353/353 362/362 363/363
f 362/362 364/364 363/363
f 355/355 363/363 356/356
f 365/365 329/329 343/343
f 352/352 366/366 353/353
f 366/366 367/367 353/353
f 321/321 368/368 340/340
f 357/357 356/356 369/369
f 356/356 370/370 369/369
f 343/343 338/338 365/365
f 338/338 371/371 365/365
f 366/366 352/352 372/372
f 352/352 358/358 372/372
f 373/373 374/374 358/358
f 374/374 372/372 358/358
f 375/375 373/373 360/360
f 373/373 358/358 360/360
f 375/375 376/376 373/373
f 376/376 374/374 373/373
f 375/375 360/360 376/376
f 360/360 377/377 376/376
f 378/378 377/377 379/379
f 377/377 360/360 379/379
f 361/361 379/379 359/359
f 379/379 360/360 359/359
f 378/378 379/379 380/380
f 379/379 381/381 380/380
f 382/382 361/361 357/357
f 381/381 379/379 383/383
f 379/379 382/382 383/383
f 383/383 382/382 384/384
f 382/382 385/385 384/384
f 383/383 384/384 381/381
f 384/384 380/380 381/381
f 382/382 357/357 385/385
f 357/357 369/369 385/385
f 361/361 359/359 355/355
f 359/359 354/354 355/355
f 364/364 386/386 363/363
f 386/386 356/356 363/363
f 371/371 338/338 368/368
f 338/338 340/340 368/368
f 354/354 353/353 363/363
f 355/355 354/354 363/363
f 387/387 388/388 389/389
f 388/388 390/390 389/389
f 391/391 392/392 393/393
f 392/392 394/394 393/393
f 382/382 379/379 361/361
f 309/309 308/308 312/312
f 370/370 356/356 386/386
f 362/362 353/353 367/367
f 332/332 330/330 350/350
f 322/322 320/320 317/317
f 322/322 317/317 316/316
f 348/348 332/332 350/350
f 329/329 350/350 327/327
f 350/350 330/330 327/327
f 321/321 296/296 303/303
f 395/395 396/396 397/397
f 397/397 396/396 398/398
f 399/399 400/400 401/401
f 401/401 400/400 402/402
f 401/401 403/403 399/399
f 399/399 403/403 404/404
f 398/398 405/405 397/397
f 397/397 405/405 406/406
f 407/407 397/397 408/408
f 408/408 397/397 406/406
f 397/397 407/407 395/395
f 395/395 407/407 409/409
f 407/407 410/410 409/409
f 409/409 410/410 411/411
f 408/408 412/412 407/407
f 407/407 412/412 410/410
f 413/413 414/414 408/408
f 408/408 414/414 412/412
f 415/415 414/414 416/416
f 416/416 414/414 413/413
f 417/417 415/415 418/418
f 418/418 415/415 416/416
f 419/419 417/417 420/420
f 420/420 417/417 418/418
f 420/420 418/418 421/421
f 421/421 418/418 422/422
f 418/418 416/416 422/422
f 422/422 416/416 423/423
f 413/413 424/424 416/416
f 416/416 424/424 423/423
f 425/425 426/426 422/422
f 422/422 426/426 421/421
f 425/425 422/422 427/427
f 427/427 422/422 423/423
f 428/428 429/429 421/421
f 421/421 429/429 420/420
f 420/420 429/429 419/419
f 419/419 429/429 430/430
f 431/431 432/432 433/433
f 433/433 432/432 434/434
f 433/433 435/435 431/431
f 431/431 435/435 436/436
f 434/434 432/432 437/437
f 437/437 432/432 438/438
f 439/439 440/440 438/438
f 438/438 440/440 437/437
f 441/441 440/440 442/442
f 442/442 440/440 439/439
f 443/443 430/430 444/444
f 444/444 430/430 429/429
f 429/429 428/428 444/444
f 444/444 428/428 445/445
f 408/408 406/406 413/413
f 413/413 406/406 424/424
f 424/424 446/446 423/423
f 423/423 446/446 427/427
f 403/403 441/441 404/404
f 404/404 441/441 442/442
f 405/405 446/446 406/406
f 406/406 446/446 424/424
f 447/447 428/428 426/426
f 426/426 428/428 421/421
f 448/448 445/445 447/447
f 447/447 445/445 428/428
f 449/449 389/389 450/450
f 389/389 392/392 450/450
f 451/451 452/452 453/453
f 452/452 454/454 453/453
f 452/452 455/455 454/454
f 455/455 456/456 454/454
f 452/452 457/457 455/455
f 457/457 458/458 455/455
f 455/455 458/458 459/459
f 458/458 460/460 459/459
f 458/458 457/457 461/461
f 457/457 462/462 461/461
f 463/463 464/464 457/457
f 464/464 462/462 457/457
f 451/451 463/463 452/452
f 463/463 457/457 452/452
f 465/465 462/462 466/466
f 462/462 464/464 466/466
f 462/462 465/465 461/461
f 465/465 467/467 461/461
f 468/468 469/469 470/470
f 469/469 471/471 470/470
f 472/472 473/473 463/463
f 473/473 464/464 463/463
f 473/473 474/474 464/464
f 474/474 466/466 464/464
f 463/463 451/451 472/472
f 451/451 475/475 472/472
f 475/475 476/476 477/477
f 476/476 478/478 477/477
f 475/475 477/477 472/472
f 477/477 479/479 472/472
f 480/480 481/481 482/482
f 481/481 483/483 482/482
f 479/479 484/484 472/472
f 484/484 473/473 472/472
f 485/485 469/469 486/486
f 469/469 487/487 486/486
f 469/469 468/468 487/487
f 468/468 488/488 487/487
f 471/471 469/469 489/489
f 469/469 485/485 489/489
f 490/490 460/460 461/461
f 460/460 458/458 461/461
f 491/491 492/492 493/493
f 492/492 494/494 493/493
f 482/482 495/495 493/493
f 495/495 496/496 493/493
f 497/497 498/498 499/499
f 498/498 500/500 499/499
f 501/501 502/502 503/503
f 502/502 504/504 503/503
f 484/484 505/505 473/473
f 505/505 474/474 473/473
f 506/506 507/507 470/470
f 507/507 468/468 470/470
f 508/508 509/509 510/510
f 509/509 511/511 510/510
f 512/512 498/498 513/513
f 498/498 497/497 513/513
f 514/514 515/515 499/499
f 515/515 497/497 499/499
f 515/515 514/514 516/516
f 514/514 517/517 516/516
f 516/516 517/517 518/518
f 517/517 519/519 518/518
f 520/520 521/521 518/518
f 521/521 516/516 518/518
f 522/522 515/515 521/521
f 515/515 516/516 521/521
f 523/523 524/524 525/525
f 524/524 526/526 525/525
f 527/527 528/528 523/523
f 528/528 524/524 523/523
f 515/515 522/522 497/497
f 522/522 513/513 497/497
f 526/526 501/501 525/525
f 501/501 503/503 525/525
f 492/492 529/529 494/494
f 494/494 529/529 510/510
f 480/480 494/494 511/511
f 494/494 510/510 511/511
f 493/493 494/494 482/482
f 494/494 480/480 482/482
f 503/503 530/530 525/525
f 530/530 531/531 525/525
f 530/530 503/503 532/532
f 503/503 504/504 532/532
f 533/533 534/534 535/535
f 534/534 536/536 535/535
f 535/535 536/536 522/522
f 536/536 513/513 522/522
f 512/512 513/513 537/537
f 513/513 536/536 537/537
f 536/536 534/534 537/537
f 534/534 538/538 537/537
f 539/539 540/540 523/523
f 540/540 527/527 523/523
f 531/531 539/539 525/525
f 539/539 523/523 525/525
f 535/535 541/541 533/533
f 541/541 542/542 533/533
f 541/541 543/543 542/542
f 543/543 544/544 542/542
f 522/522 521/521 535/535
f 521/521 541/541 535/535
f 545/545 546/546 547/547
f 546/546 548/548 547/547
f 549/549 481/481 511/511
f 481/481 480/480 511/511
f 468/468 507/507 488/488
f 507/507 550/550 488/488
f 527/527 540/540 546/546
f 540/540 551/551 546/546
f 548/548 546/546 552/552
f 546/546 551/551 552/552
f 553/553 554/554 555/555
f 554/554 556/556 555/555
f 554/554 544/544 556/556
f 544/544 543/543 556/556
f 557/557 553/553 558/558
f 553/553 555/555 558/558
f 552/552 559/559 548/548
f 559/559 560/560 548/548
f 559/559 561/561 560/560
f 561/561 562/562 560/560
f 563/563 557/557 564/564
f 557/557 558/558 564/564
f 565/565 562/562 566/566
f 562/562 561/561 566/566
f 567/567 565/565 568/568
f 565/565 566/566 568/568
f 569/569 570/570 571/571
f 572/572 569/569 573/573
f 574/574 575/575 576/576
f 575/575 577/577 576/576
f 575/575 578/578 577/577
f 578/578 579/579 577/577
f 569/569 567/567 570/570
f 567/567 568/568 570/570
f 579/579 578/578 580/580
f 578/578 581/581 580/580
f 580/580 581/581 564/564
f 581/581 563/563 564/564
f 582/582 583/583 564/564
f 583/583 580/580 564/564
f 562/562 584/584 560/560
f 584/584 585/585 560/560
f 586/586 587/587 588/588
f 587/587 589/589 588/588
f 589/589 587/587 590/590
f 591/591 587/587 592/592
f 587/587 586/586 592/592
f 593/593 591/591 594/594
f 591/591 592/592 594/594
f 584/584 562/562 595/595
f 562/562 565/565 595/595
f 595/595 565/565 596/596
f 565/565 567/567 596/596
f 585/585 547/547 560/560
f 547/547 548/548 560/560
f 597/597 598/598 589/589
f 598/598 588/588 589/589
f 599/599 600/600 601/601
f 600/600 555/555 601/601
f 520/520 602/602 543/543
f 602/602 556/556 543/543
f 556/556 602/602 555/555
f 602/602 601/601 555/555
f 602/602 520/520 603/603
f 520/520 518/518 603/603
f 601/601 602/602 597/597
f 602/602 603/603 597/597
f 590/590 604/604 589/589
f 604/604 597/597 589/589
f 598/598 597/597 605/605
f 597/597 603/603 605/605
f 605/605 603/603 519/519
f 603/603 518/518 519/519
f 528/528 527/527 545/545
f 527/527 546/546 545/545
f 521/521 520/520 541/541
f 520/520 543/543 541/541
f 606/606 607/607 608/608
f 596/596 567/567 572/572
f 567/567 569/569 572/572
f 593/593 594/594 609/609
f 594/594 610/610 609/609
f 583/583 576/576 577/577
f 453/453 476/476 451/451
f 476/476 475/475 451/451
f 608/608 611/611 609/609
f 599/599 601/601 604/604
f 601/601 597/597 604/604
f 582/582 558/558 600/600
f 558/558 555/555 600/600
f 606/606 608/608 610/610
f 608/608 609/609 610/610
f 612/612 574/574 576/576
f 613/613 614/614 615/615
f 616/616 617/617 618/618
f 619/619 620/620 613/613
f 619/619 621/621 620/620
f 614/614 613/613 620/620
f 617/617 616/616 622/622
f 615/615 623/623 624/624
f 623/623 625/625 624/624
f 616/616 618/618 623/623
f 626/626 604/604 590/590
f 627/627 628/628 615/615
f 628/628 613/613 615/615
f 582/582 600/600 629/629
f 630/630 618/618 631/631
f 618/618 617/617 631/631
f 604/604 626/626 599/599
f 626/626 632/632 599/599
f 619/619 613/613 633/633
f 613/613 628/628 633/633
f 633/633 634/634 619/619
f 634/634 635/635 619/619
f 619/619 635/635 621/621
f 635/635 636/636 621/621
f 636/636 635/635 637/637
f 635/635 634/634 637/637
f 638/638 621/621 637/637
f 621/621 636/636 637/637
f 621/621 638/638 639/639
f 638/638 640/640 639/639
f 622/622 620/620 639/639
f 620/620 621/621 639/639
f 640/640 641/641 639/639
f 641/641 642/642 639/639
f 643/643 617/617 622/622
f 643/643 639/639 644/644
f 639/639 642/642 644/644
f 644/644 645/645 643/643
f 645/645 646/646 643/643
f 641/641 645/645 642/642
f 645/645 644/644 642/642
f 631/631 617/617 646/646
f 617/617 643/643 646/646
f 614/614 620/620 616/616
f 620/620 622/622 616/616
f 625/625 623/623 647/647
f 623/623 618/618 647/647
f 632/632 629/629 599/599
f 629/629 600/600 599/599
f 614/614 623/623 615/615
f 616/616 623/623 614/614
f 648/648 649/649 650/650
f 649/649 651/651 650/650
f 652/652 653/653 654/654
f 653/653 655/655 654/654
f 643/643 622/622 639/639
f 571/571 573/573 569/569
f 630/630 647/647 618/618
f 624/624 627/627 615/615
f 593/593 611/611 591/591
f 583/583 579/579 580/580
f 583/583 577/577 579/579
f 609/609 611/611 593/593
f 590/590 587/587 611/611
f 587/587 591/591 611/611
f 582/582 564/564 558/558
f 656/656 657/657 658/658
f 658/658 657/657 659/659
f 660/660 661/661 662/662
f 662/662 661/661 663/663
f 664/664 665/665 660/660
f 660/660 665/665 661/661
f 666/666 667/667 658/658
f 658/658 667/667 656/656
f 668/668 669/669 658/658
f 658/658 669/669 666/666
f 658/658 659/659 668/668
f 668/668 659/659 670/670
f 668/668 670/670 671/671
f 671/671 670/670 672/672
f 671/671 673/673 668/668
f 668/668 673/673 669/669
f 674/674 669/669 675/675
f 675/675 669/669 673/673
f 674/674 675/675 676/676
f 676/676 675/675 677/677
f 678/678 679/679 677/677
f 677/677 679/679 676/676
f 679/679 678/678 680/680
f 680/680 678/678 681/681
f 680/680 682/682 679/679
f 679/679 682/682 683/683
f 679/679 683/683 676/676
f 676/676 683/683 684/684
f 674/674 676/676 685/685
f 685/685 676/676 684/684
f 686/686 683/683 687/687
f 687/687 683/683 682/682
f 686/686 688/688 683/683
f 683/683 688/688 684/684
f 689/689 682/682 690/690
f 690/690 682/682 680/680
f 680/680 681/681 690/690
f 690/690 681/681 691/691
f 692/692 693/693 694/694
f 694/694 693/693 695/695
f 696/696 697/697 695/695
f 695/695 697/697 694/694
f 692/692 698/698 693/693
f 693/693 698/698 699/699
f 698/698 700/700 699/699
f 699/699 700/700 701/701
f 701/701 700/700 702/702
f 702/702 700/700 703/703
f 704/704 705/705 691/691
f 691/691 705/705 690/690
f 690/690 705/705 689/689
f 689/689 705/705 706/706
f 669/669 674/674 666/666
f 666/666 674/674 685/685
f 685/685 684/684 707/707
f 707/707 684/684 688/688
f 665/665 664/664 703/703
f 703/703 664/664 702/702
f 685/685 707/707 666/666
f 666/666 707/707 667/667
f 708/708 687/687 689/689
f 689/689 687/687 682/682
f 689/689 706/706 708/708
f 708/708 706/706 709/709
f 654/654 649/649 710/710
f 649/649 711/711 710/710
f 712/712 713/713 714/714
f 714/714 713/713 715/715
f 716/716 717/717 718/718
f 718/718 717/717 719/719
f 720/720 721/721 722/722
f 722/722 721/721 723/723
f 724/724 725/725 726/726
f 726/726 725/725 727/727
f 728/728 729/729 730/730
f 730/730 729/729 731/731
f 732/732 733/733 734/734
f 734/734 733/733 735/735
f 736/736 724/724 737/737
f 737/737 724/724 726/726
f 738/738 728/728 739/739
f 739/739 728/728 730/730
f 740/740 732/732 741/741
f 741/741 732/732 734/734
f 742/742 736/736 743/743
f 743/743 736/736 737/737
f 738/738 739/739 744/744
f 744/744 739/739 745/745
f 746/746 740/740 747/747
f 747/747 740/740 741/741
f 748/748 742/742 749/749
f 749/749 742/742 743/743
f 744/744 745/745 750/750
f 750/750 745/745 751/751
f 752/752 746/746 753/753
f 753/753 746/746 747/747
f 754/754 748/748 755/755
f 755/755 748/748 749/749
f 750/750 751/751 756/756
f 756/756 751/751 757/757
f 758/758 752/752 759/759
f 759/759 752/752 753/753
f 715/715 713/713 760/760
f 760/760 713/713 761/761
f 716/716 762/762 717/717
f 717/717 762/762 763/763
f 764/764 765/765 721/721
f 721/721 765/765 723/723
f 754/754 755/755 766/766
f 766/766 755/755 767/767
f 768/768 769/769 757/757
f 757/757 769/769 756/756
f 759/759 770/770 758/758
f 758/758 770/770 771/771
f 772/772 773/773 774/774
f 774/774 773/773 775/775
f 772/772 776/776 773/773
f 773/773 776/776 777/777
f 776/776 778/778 777/777
f 777/777 778/778 779/779
f 778/778 780/780 779/779
f 779/779 780/780 781/781
f 782/782 783/783 784/784
f 784/784 783/783 785/785
f 783/783 786/786 785/785
f 785/785 786/786 787/787
f 788/788 789/789 786/786
f 786/786 789/789 787/787
f 790/790 791/791 788/788
f 788/788 791/791 789/789
f 774/774 775/775 790/790
f 790/790 775/775 791/791
f 792/792 793/793 794/794
f 794/794 793/793 795/795
f 792/792 794/794 796/796
f 796/796 794/794 797/797
f 796/796 797/797 798/798
f 798/798 797/797 718/718
f 799/799 798/798 800/800
f 800/800 798/798 718/718
f 799/799 800/800 801/801
f 801/801 800/800 802/802
f 801/801 802/802 803/803
f 803/803 802/802 804/804
f 805/805 803/803 806/806
f 806/806 803/803 807/807
f 808/808 805/805 809/809
f 809/809 805/805 806/806
f 793/793 808/808 795/795
f 795/795 808/808 809/809
f 810/810 811/811 812/812
f 812/812 811/811 813/813
f 814/814 812/812 815/815
f 815/815 812/812 813/813
f 714/714 814/814 712/712
f 712/712 814/814 815/815
f 816/816 817/817 818/818
f 818/818 817/817 819/819
f 816/816 818/818 810/810
f 810/810 818/818 811/811
f 820/820 821/821 822/822
f 822/822 821/821 823/823
f 824/824 820/820 825/825
f 825/825 820/820 822/822
f 722/722 824/824 826/826
f 826/826 824/824 825/825
f 827/827 828/828 829/829
f 829/829 828/828 830/830
f 831/831 832/832 833/833
f 831/831 833/833 834/834
f 834/834 833/833 835/835
f 834/834 835/835 836/836
f 836/836 835/835 837/837
f 821/821 836/836 823/823
f 823/823 836/836 837/837
f 838/838 839/839 840/840
f 840/840 839/839 841/841
f 840/840 841/841 842/842
f 842/842 841/841 843/843
f 842/842 843/843 844/844
f 844/844 843/843 845/845
f 844/844 845/845 846/846
f 846/846 845/845 847/847
f 848/848 849/849 850/850
f 850/850 849/849 851/851
f 852/852 848/848 853/853
f 853/853 848/848 850/850
f 854/854 852/852 855/855
f 855/855 852/852 853/853
f 856/856 854/854 857/857
f 857/857 854/854 855/855
f 856/856 857/857 838/838
f 838/838 857/857 839/839
f 841/841 839/839 858/858
f 858/858 839/839 859/859
f 841/841 858/858 843/843
f 843/843 858/858 860/860
f 843/843 860/860 845/845
f 845/845 860/860 861/861
f 845/845 861/861 847/847
f 847/847 861/861 862/862
f 851/851 863/863 850/850
f 850/850 863/863 864/864
f 850/850 864/864 853/853
f 853/853 864/864 865/865
f 855/855 853/853 866/866
f 866/866 853/853 865/865
f 857/857 855/855 867/867
f 867/867 855/855 866/866
f 839/839 857/857 859/859
f 859/859 857/857 867/867
f 858/858 859/859 868/868
f 868/868 859/859 869/869
f 858/858 868/868 860/860
f 860/860 868/868 870/870
f 860/860 870/870 861/861
f 861/861 870/870 871/871
f 861/861 871/871 862/862
f 862/862 871/871 872/872
f 863/863 873/873 864/864
f 864/864 873/873 874/874
f 864/864 874/874 865/865
f 865/865 874/874 875/875
f 866/866 865/865 876/876
f 876/876 865/865 875/875
f 867/867 866/866 877/877
f 877/877 866/866 876/876
f 859/859 867/867 869/869
f 869/869 867/867 877/877
f 868/868 869/869 878/878
f 870/870 868/868 878/878
f 871/871 870/870 878/878
f 872/872 871/871 878/878
f 874/874 873/873 879/879
f 875/875 874/874 879/879
f 876/876 875/875 879/879
f 877/877 876/876 879/879
f 869/869 877/877 879/879
f 880/880 881/881 882/882
f 881/881 883/883 882/882
f 883/883 884/884 882/882
f 884/884 885/885 882/882
f 885/885 886/886 882/882
f 886/886 887/887 882/882
f 887/887 888/888 882/882
f 888/888 889/889 882/882
f 889/889 880/880 882/882
f 890/890 891/891 892/892
f 892/892 891/891 893/893
f 890/890 894/894 891/891
f 891/891 894/894 895/895
f 894/894 896/896 895/895
f 895/895 896/896 897/897
f 896/896 898/898 897/897
f 897/897 898/898 899/899
f 900/900 901/901 902/902
f 902/902 901/901 903/903
f 901/901 904/904 903/903
f 903/903 904/904 905/905
f 906/906 907/907 904/904
f 904/904 907/907 905/905
f 908/908 909/909 906/906
f 906/906 909/909 907/907
f 892/892 893/893 908/908
f 908/908 893/893 909/909
f 910/910 911/911 912/912
f 912/912 911/911 913/913
f 914/914 910/910 806/806
f 806/806 910/910 912/912
f 915/915 914/914 807/807
f 807/807 914/914 806/806
f 916/916 915/915 917/917
f 917/917 915/915 804/804
f 916/916 917/917 918/918
f 918/918 917/917 919/919
f 920/920 918/918 921/921
f 921/921 918/918 919/919
f 922/922 920/920 923/923
f 923/923 920/920 924/924
f 925/925 922/922 926/926
f 926/926 922/922 923/923
f 911/911 925/925 913/913
f 913/913 925/925 926/926
f 927/927 928/928 929/929
f 929/929 928/928 930/930
f 817/817 929/929 819/819
f 819/819 929/929 930/930
f 931/931 932/932 933/933
f 933/933 932/932 934/934
f 931/931 933/933 927/927
f 927/927 933/933 928/928
f 935/935 936/936 937/937
f 937/937 936/936 938/938
f 935/935 937/937 834/834
f 834/834 937/937 939/939
f 834/834 939/939 831/831
f 831/831 939/939 940/940
f 832/832 940/940 941/941
f 941/941 940/940 942/942
f 943/943 941/941 944/944
f 944/944 941/941 942/942
f 945/945 946/946 947/947
f 945/945 948/948 949/949
f 949/949 948/948 950/950
f 949/949 950/950 951/951
f 951/951 950/950 952/952
f 936/936 951/951 938/938
f 938/938 951/951 952/952
f 953/953 954/954 955/955
f 955/955 954/954 956/956
f 955/955 956/956 957/957
f 957/957 956/956 958/958
f 957/957 958/958 959/959
f 959/959 958/958 960/960
f 959/959 960/960 961/961
f 961/961 960/960 962/962
f 963/963 964/964 965/965
f 965/965 964/964 966/966
f 967/967 963/963 968/968
f 968/968 963/963 965/965
f 969/969 967/967 970/970
f 970/970 967/967 968/968
f 971/971 969/969 972/972
f 972/972 969/969 970/970
f 971/971 972/972 953/953
f 953/953 972/972 954/954
f 956/956 954/954 973/973
f 973/973 954/954 974/974
f 956/956 973/973 958/958
f 958/958 973/973 975/975
f 958/958 975/975 960/960
f 960/960 975/975 976/976
f 960/960 976/976 962/962
f 962/962 976/976 977/977
f 966/966 978/978 965/965
f 965/965 978/978 979/979
f 965/965 979/979 968/968
f 968/968 979/979 980/980
f 970/970 968/968 981/981
f 981/981 968/968 980/980
f 972/972 970/970 982/982
f 982/982 970/970 981/981
f 954/954 972/972 974/974
f 974/974 972/972 982/982
f 973/973 974/974 983/983
f 983/983 974/974 984/984
f 973/973 983/983 975/975
f 975/975 983/983 985/985
f 975/975 985/985 976/976
f 976/976 985/985 986/986
f 976/976 986/986 977/977
f 977/977 986/986 987/987
f 978/978 988/988 979/979
f 979/979 988/988 989/989
f 979/979 989/989 980/980
f 980/980 989/989 990/990
f 981/981 980/980 991/991
f 991/991 980/980 990/990
f 982/982 981/981 992/992
f 992/992 981/981 991/991
f 974/974 982/982 984/984
f 984/984 982/982 992/992
f 983/983 984/984 993/993
f 985/985 983/983 993/993
f 986/986 985/985 993/993
f 987/987 986/986 993/993
f 989/989 988/988 994/994
f 990/990 989/989 994/994
f 991/991 990/990 994/994
f 992/992 991/991 994/994
f 984/984 992/992 994/994
f 995/995 996/996 997/997
f 996/996 998/998 997/997
f 998/998 999/999 997/997
f 999/999 1000/1000 997/997
f 1000/1000 1001/1001 997/997
f 1001/1001 1002/1002 997/997
f 1002/1002 1003/1003 997/997
f 1003/1003 1004/1004 997/997
f 1004/1004 995/995 997/997
f 1005/1005 1006/1006 1007/1007
f 1007/1007 1006/1006 1008/1008
f 1005/1005 1009/1009 1006/1006
f 1006/1006 1009/1009 1010/1010
f 1009/1009 1011/1011 1010/1010
f 1010/1010 1011/1011 1012/1012
f 1011/1011 1013/1013 1012/1012
f 1012/1012 1013/1013 1014/1014
f 1015/1015 1016/1016 1017/1017
f 1017/1017 1016/1016 1018/1018
f 1016/1016 1019/1019 1018/1018
f 1018/1018 1019/1019 1020/1020
f 1021/1021 1022/1022 1019/1019
f 1019/1019 1022/1022 1020/1020
f 1023/1023 1024/1024 1021/1021
f 1021/1021 1024/1024 1022/1022
f 1007/1007 1008/1008 1023/1023
f 1023/1023 1008/1008 1024/1024
f 1025/1025 1026/1026 1027/1027
f 1027/1027 1026/1026 1028/1028
f 1029/1029 1025/1025 923/923
f 923/923 1025/1025 1027/1027
f 1030/1030 1029/1029 924/924
f 924/924 1029/1029 923/923
f 1030/1030 921/921 1031/1031
f 1031/1031 921/921 1032/1032
f 1033/1033 1031/1031 1034/1034
f 1034/1034 1031/1031 1032/1032
f 1035/1035 1033/1033 1036/1036
f 1036/1036 1033/1033 729/729
f 1037/1037 1035/1035 1038/1038
f 1038/1038 1035/1035 1036/1036
f 1039/1039 1037/1037 1040/1040
f 1040/1040 1037/1037 1038/1038
f 1026/1026 1039/1039 1028/1028
f 1028/1028 1039/1039 1040/1040
f 1041/1041 1042/1042 1043/1043
f 1043/1043 1042/1042 1044/1044
f 932/932 1043/1043 934/934
f 934/934 1043/1043 1044/1044
f 1045/1045 1046/1046 1047/1047
f 1047/1047 1046/1046 1048/1048
f 1049/1049 1045/1045 1050/1050
f 1050/1050 1045/1045 1047/1047
f 1049/1049 1050/1050 1041/1041
f 1041/1041 1050/1050 1042/1042
f 1051/1051 1052/1052 1053/1053
f 1053/1053 1052/1052 1054/1054
f 1051/1051 1053/1053 949/949
f 949/949 1053/1053 1055/1055
f 949/949 1055/1055 945/945
f 945/945 1055/1055 946/946
f 1056/1056 1057/1057 1058/1058
f 1058/1058 1057/1057 1059/1059
f 735/735 1058/1058 1060/1060
f 1060/1060 1058/1058 1061/1061
f 1062/1062 1060/1060 1063/1063
f 1063/1063 1060/1060 1061/1061
f 1064/1064 1062/1062 1065/1065
f 1065/1065 1062/1062 1063/1063
f 1052/1052 1064/1064 1054/1054
f 1054/1054 1064/1064 1065/1065
f 1066/1066 1067/1067 1068/1068
f 1068/1068 1067/1067 1069/1069
f 1068/1068 1069/1069 1070/1070
f 1070/1070 1069/1069 1071/1071
f 1070/1070 1071/1071 1072/1072
f 1072/1072 1071/1071 1073/1073
f 1072/1072 1073/1073 1074/1074
f 1074/1074 1073/1073 1075/1075
f 1076/1076 1077/1077 1078/1078
f 1078/1078 1077/1077 1079/1079
f 1080/1080 1076/1076 1081/1081
f 1081/1081 1076/1076 1078/1078
f 1082/1082 1080/1080 1083/1083
f 1083/1083 1080/1080 1081/1081
f 1084/1084 1082/1082 1085/1085
f 1085/1085 1082/1082 1083/1083
f 1084/1084 1085/1085 1066/1066
f 1066/1066 1085/1085 1067/1067
f 1069/1069 1067/1067 1086/1086
f 1086/1086 1067/1067 1087/1087
f 1069/1069 1086/1086 1071/1071
f 1071/1071 1086/1086 1088/1088
f 1071/1071 1088/1088 1073/1073
f 1073/1073 1088/1088 1089/1089
f 1073/1073 1089/1089 1075/1075
f 1075/1075 1089/1089 1090/1090
f 1079/1079 1091/1091 1078/1078
f 1078/1078 1091/1091 1092/1092
f 1078/1078 1092/1092 1081/1081
f 1081/1081 1092/1092 1093/1093
f 1083/1083 1081/1081 1094/1094
f 1094/1094 1081/1081 1093/1093
f 1085/1085 1083/1083 1095/1095
f 1095/1095 1083/1083 1094/1094
f 1067/1067 1085/1085 1087/1087
f 1087/1087 1085/1085 1095/1095
f 1086/1086 1087/1087 1096/1096
f 1096/1096 1087/1087 1097/1097
f 1086/1086 1096/1096 1088/1088
f 1088/1088 1096/1096 1098/1098
f 1088/1088 1098/1098 1089/1089
f 1089/1089 1098/1098 1099/1099
f 1089/1089 1099/1099 1090/1090
f 1090/1090 1099/1099 1100/1100
f 1091/1091 1101/1101 1092/1092
f 1092/1092 1101/1101 1102/1102
f 1092/1092 1102/1102 1093/1093
f 1093/1093 1102/1102 1103/1103
f 1094/1094 1093/1093 1104/1104
f 1104/1104 1093/1093 1103/1103
f 1095/1095 1094/1094 1105/1105
f 1105/1105 1094/1094 1104/1104
f 1087/1087 1095/1095 1097/1097
f 1097/1097 1095/1095 1105/1105
f 1096/1096 1097/1097 1106/1106
f 1098/1098 1096/1096 1106/1106
f 1099/1099 1098/1098 1106/1106
f 1100/1100 1099/1099 1106/1106
f 1102/1102 1101/1101 1107/1107
f 1103/1103 1102/1102 1107/1107
f 1104/1104 1103/1103 1107/1107
f 1105/1105 1104/1104 1107/1107
f 1097/1097 1105/1105 1107/1107
f 1108/1108 1109/1109 1110/1110
f 1109/1109 1111/1111 1110/1110
f 1111/1111 1112/1112 1110/1110
f 1112/1112 1113/1113 1110/1110
f 1113/1113 1114/1114 1110/1110
f 1114/1114 1115/1115 1110/1110
f 1115/1115 1116/1116 1110/1110
f 1116/1116 1117/1117 1110/1110
f 1117/1117 1108/1108 1110/1110
f 800/800 718/718 719/719
f 828/828 720/720 722/722
f 733/733 1056/1056 735/735
f 1046/1046 727/727 1048/1048
f 1048/1048 727/727 725/725
f 830/830 828/828 826/826
f 828/828 722/722 826/826
f 1058/1058 735/735 1056/1056
f 945/945 947/947 948/948
f 1034/1034 731/731 729/729
f 947/947 946/946 1057/1057
f 1057/1057 946/946 1059/1059
f 948/948 947/947 944/944
f 944/944 947/947 943/943
f 829/829 833/833 827/827
f 833/833 832/832 827/827
f 940/940 832/832 831/831
f 803/803 804/804 807/807
f 804/804 915/915 807/807
f 920/920 921/921 924/924
f 921/921 1030/1030 924/924
f 729/729 1033/1033 1034/1034
f 1118/1118 1119/1119 1120/1120
f 1120/1120 1119/1119 1121/1121
f 1119/1119 1122/1122 1121/1121
f 1121/1121 1122/1122 1123/1123
f 1118/1118 1120/1120 1124/1124
f 1124/1124 1120/1120 1125/1125
f 1126/1126 1127/1127 1118/1118
f 1118/1118 1127/1127 1119/1119
f 1128/1128 1122/1122 1127/1127
f 1127/1127 1122/1122 1119/1119
f 1129/1129 1126/1126 1124/1124
f 1124/1124 1126/1126 1118/1118
f 1130/1130 1131/1131 1126/1126
f 1126/1126 1131/1131 1127/1127
f 1132/1132 1128/1128 1131/1131
f 1131/1131 1128/1128 1127/1127
f 1133/1133 1130/1130 1129/1129
f 1129/1129 1130/1130 1126/1126
f 1134/1134 1135/1135 1130/1130
f 1130/1130 1135/1135 1131/1131
f 1136/1136 1132/1132 1135/1135
f 1135/1135 1132/1132 1131/1131
f 1137/1137 1134/1134 1133/1133
f 1133/1133 1134/1134 1130/1130
f 1138/1138 1139/1139 1134/1134
f 1134/1134 1139/1139 1135/1135
f 1139/1139 1140/1140 1135/1135
f 1135/1135 1140/1140 1136/1136
f 1141/1141 1138/1138 1137/1137
f 1137/1137 1138/1138 1134/1134
f 1142/1142 1139/1139 1143/1143
f 1143/1143 1139/1139 1138/1138
f 1142/1142 1144/1144 1139/1139
f 1139/1139 1144/1144 1140/1140
f 1145/1145 1143/1143 1141/1141
f 1141/1141 1143/1143 1138/1138
f 1146/1146 1147/1147 1143/1143
f 1143/1143 1147/1147 1142/1142
f 1147/1147 1148/1148 1142/1142
f 1142/1142 1148/1148 1144/1144
f 1149/1149 1146/1146 1145/1145
f 1145/1145 1146/1146 1143/1143
f 1150/1150 1151/1151 1146/1146
f 1146/1146 1151/1151 1147/1147
f 1152/1152 1148/1148 1151/1151
f 1151/1151 1148/1148 1147/1147
f 1153/1153 1150/1150 1149/1149
f 1149/1149 1150/1150 1146/1146
f 1154/1154 1151/1151 1155/1155
f 1155/1155 1151/1151 1150/1150
f 1156/1156 1152/1152 1154/1154
f 1154/1154 1152/1152 1151/1151
f 1157/1157 1155/1155 1153/1153
f 1153/1153 1155/1155 1150/1150
f 1158/1158 1154/1154 1159/1159
f 1159/1159 1154/1154 1155/1155
f 1160/1160 1156/1156 1158/1158
f 1158/1158 1156/1156 1154/1154
f 1161/1161 1159/1159 1157/1157
f 1157/1157 1159/1159 1155/1155
f 1121/1121 1162/1162 1120/1120
f 1120/1120 1162/1162 1163/1163
f 1121/1121 1123/1123 1162/1162
f 1162/1162 1123/1123 1164/1164
f 1120/1120 1163/1163 1125/1125
f 1125/1125 1163/1163 1165/1165
f 1166/1166 1167/1167 1168/1168
f 1168/1168 1167/1167 1169/1169
f 1170/1170 1168/1168 1171/1171
f 1171/1171 1168/1168 1169/1169
f 1172/1172 1170/1170 1173/1173
f 1173/1173 1170/1170 1171/1171
f 1174/1174 1172/1172 1175/1175
f 1175/1175 1172/1172 1173/1173
f 1176/1176 1174/1174 1177/1177
f 1177/1177 1174/1174 1175/1175
f 1178/1178 1176/1176 1179/1179
f 1179/1179 1176/1176 1177/1177
f 1178/1178 1179/1179 1180/1180
f 1180/1180 1179/1179 1181/1181
f 1182/1182 1180/1180 1183/1183
f 1183/1183 1180/1180 1181/1181
f 1184/1184 1182/1182 1185/1185
f 1185/1185 1182/1182 1183/1183
f 1184/1184 1185/1185 1186/1186
f 1186/1186 1185/1185 1187/1187
f 1188/1188 1186/1186 1189/1189
f 1189/1189 1186/1186 1187/1187
f 1190/1190 1191/1191 1192/1192
f 1192/1192 1191/1191 1193/1193
f 1192/1192 1193/1193 1194/1194
f 1194/1194 1193/1193 1195/1195
f 1196/1196 1191/1191 1197/1197
f 1197/1197 1191/1191 1190/1190
f 1198/1198 1190/1190 1199/1199
f 1199/1199 1190/1190 1192/1192
f 1192/1192 1194/1194 1199/1199
f 1199/1199 1194/1194 1200/1200
f 1201/1201 1197/1197 1198/1198
f 1198/1198 1197/1197 1190/1190
f 1202/1202 1198/1198 1203/1203
f 1203/1203 1198/1198 1199/1199
f 1199/1199 1200/1200 1203/1203
f 1203/1203 1200/1200 1204/1204
f 1205/1205 1201/1201 1202/1202
f 1202/1202 1201/1201 1198/1198
f 1206/1206 1202/1202 1207/1207
f 1207/1207 1202/1202 1203/1203
f 1203/1203 1204/1204 1207/1207
f 1207/1207 1204/1204 1208/1208
f 1209/1209 1205/1205 1206/1206
f 1206/1206 1205/1205 1202/1202
f 1210/1210 1206/1206 1211/1211
f 1211/1211 1206/1206 1207/1207
f 1211/1211 1207/1207 1212/1212
f 1212/1212 1207/1207 1208/1208
f 1213/1213 1209/1209 1210/1210
f 1210/1210 1209/1209 1206/1206
f 1210/1210 1211/1211 1214/1214
f 1214/1214 1211/1211 1215/1215
f 1215/1215 1211/1211 1216/1216
f 1216/1216 1211/1211 1212/1212
f 1217/1217 1213/1213 1214/1214
f 1214/1214 1213/1213 1210/1210
f 1218/1218 1214/1214 1219/1219
f 1219/1219 1214/1214 1215/1215
f 1219/1219 1215/1215 1220/1220
f 1220/1220 1215/1215 1216/1216
f 1221/1221 1217/1217 1218/1218
f 1218/1218 1217/1217 1214/1214
f 1222/1222 1218/1218 1223/1223
f 1223/1223 1218/1218 1219/1219
f 1219/1219 1220/1220 1223/1223
f 1223/1223 1220/1220 1224/1224
f 1225/1225 1221/1221 1222/1222
f 1222/1222 1221/1221 1218/1218
f 1222/1222 1223/1223 1226/1226
f 1226/1226 1223/1223 1227/1227
f 1223/1223 1224/1224 1227/1227
f 1227/1227 1224/1224 1228/1228
f 1229/1229 1225/1225 1226/1226
f 1226/1226 1225/1225 1222/1222
f 1226/1226 1227/1227 1230/1230
f 1230/1230 1227/1227 1231/1231
f 1227/1227 1228/1228 1231/1231
f 1231/1231 1228/1228 1232/1232
f 1226/1226 1230/1230 1229/1229
f 1229/1229 1230/1230 1233/1233
f 1193/1193 1191/1191 1234/1234
f 1234/1234 1191/1191 1235/1235
f 1193/1193 1234/1234 1195/1195
f 1195/1195 1234/1234 1236/1236
f 1191/1191 1196/1196 1235/1235
f 1235/1235 1196/1196 1237/1237
f 1238/1238 1239/1239 1240/1240
f 1240/1240 1239/1239 1241/1241
f 1242/1242 1243/1243 1240/1240
f 1240/1240 1243/1243 1238/1238
f 1244/1244 1245/1245 1242/1242
f 1242/1242 1245/1245 1243/1243
f 1246/1246 1247/1247 1244/1244
f 1244/1244 1247/1247 1245/1245
f 1248/1248 1249/1249 1246/1246
f 1246/1246 1249/1249 1247/1247
f 1250/1250 1251/1251 1248/1248
f 1248/1248 1251/1251 1249/1249
f 1252/1252 1251/1251 1253/1253
f 1253/1253 1251/1251 1250/1250
f 1254/1254 1255/1255 1253/1253
f 1253/1253 1255/1255 1252/1252
f 1256/1256 1257/1257 1254/1254
f 1254/1254 1257/1257 1255/1255
f 1258/1258 1257/1257 1259/1259
f 1259/1259 1257/1257 1256/1256
f 1260/1260 1261/1261 1259/1259
f 1259/1259 1261/1261 1258/1258
f 1262/1262 1263/1263 1264/1264
f 1264/1264 1263/1263 1265/1265
f 1266/1266 1267/1267 1268/1268
f 1268/1268 1267/1267 1269/1269
f 1270/1270 1271/1271 1272/1272
f 1273/1273 1274/1274 1275/1275
f 1266/1266 1276/1276 1267/1267
f 1267/1267 1276/1276 1277/1277
f 1278/1278 1279/1279 1280/1280
f 1280/1280 1279/1279 1281/1281
f 1282/1282 1283/1283 1284/1284
f 1270/1270 1272/1272 1285/1285
f 1278/1278 1286/1286 1279/1279
f 1279/1279 1286/1286 1287/1287
f 1288/1288 1289/1289 1290/1290
f 1290/1290 1289/1289 1291/1291
f 1292/1292 1293/1293 1294/1294
f 1282/1282 1284/1284 1295/1295
f 1288/1288 1296/1296 1289/1289
f 1289/1289 1296/1296 1297/1297
f 1262/1262 1264/1264 1298/1298
f 1298/1298 1264/1264 1299/1299
f 1273/1273 1300/1300 1274/1274
f 1292/1292 1294/1294 1301/1301
f 1302/1302 1303/1303 1304/1304
f 1268/1268 1269/1269 1305/1305
f 1305/1305 1269/1269 1306/1306
f 1270/1270 1303/1303 1271/1271
f 1286/1286 1307/1307 1287/1287
f 1287/1287 1307/1307 1308/1308
f 1309/1309 1310/1310 1295/1295
f 1302/1302 1310/1310 1311/1311
f 1263/1263 1305/1305 1265/1265
f 1265/1265 1305/1305 1306/1306
f 1275/1275 1303/1303 1273/1273
f 1290/1290 1291/1291 1307/1307
f 1307/1307 1291/1291 1308/1308
f 1310/1310 1293/1293 1292/1292
f 1304/1304 1310/1310 1302/1302
f 1280/1280 1281/1281 1312/1312
f 1312/1312 1281/1281 1313/1313
f 1304/1304 1283/1283 1282/1282
f 1314/1314 1297/1297 1315/1315
f 1315/1315 1297/1297 1296/1296
f 1301/1301 1311/1311 1292/1292
f 1311/1311 1303/1303 1302/1302
f 1313/1313 1277/1277 1312/1312
f 1312/1312 1277/1277 1276/1276
f 1285/1285 1304/1304 1270/1270
f 1298/1298 1299/1299 1315/1315
f 1315/1315 1299/1299 1314/1314
f 1311/1311 1300/1300 1273/1273
f 1265/1265 1306/1306 1275/1275
f 1275/1275 1306/1306 1316/1316
f 1271/1271 1269/1269 1272/1272
f 1272/1272 1269/1269 1267/1267
f 1277/1277 1313/1313 1285/1285
f 1285/1285 1313/1313 1317/1317
f 1281/1281 1279/1279 1283/1283
f 1283/1283 1279/1279 1284/1284
f 1287/1287 1308/1308 1295/1295
f 1295/1295 1308/1308 1309/1309
f 1293/1293 1291/1291 1294/1294
f 1294/1294 1291/1291 1289/1289
f 1301/1301 1297/1297 1318/1318
f 1318/1318 1297/1297 1314/1314
f 1299/1299 1264/1264 1300/1300
f 1300/1300 1264/1264 1274/1274
f 1316/1316 1306/1306 1271/1271
f 1271/1271 1306/1306 1269/1269
f 1279/1279 1287/1287 1284/1284
f 1284/1284 1287/1287 1295/1295
f 1264/1264 1265/1265 1274/1274
f 1274/1274 1265/1265 1275/1275
f 1309/1309 1308/1308 1293/1293
f 1293/1293 1308/1308 1291/1291
f 1313/1313 1281/1281 1317/1317
f 1317/1317 1281/1281 1283/1283
f 1294/1294 1289/1289 1301/1301
f 1301/1301 1289/1289 1297/1297
f 1272/1272 1267/1267 1285/1285
f 1285/1285 1267/1267 1277/1277
f 1318/1318 1314/1314 1300/1300
f 1300/1300 1314/1314 1299/1299
f 1303/1303 1270/1270 1304/1304
f 1303/1303 1316/1316 1271/1271
f 1310/1310 1282/1282 1295/1295
f 1310/1310 1292/1292 1311/1311
f 1275/1275 1316/1316 1303/1303
f 1310/1310 1309/1309 1293/1293
f 1304/1304 1282/1282 1310/1310
f 1311/1311 1273/1273 1303/1303
f 1301/1301 1318/1318 1311/1311
f 1311/1311 1318/1318 1300/1300
f 1304/1304 1317/1317 1283/1283
f 1285/1285 1317/1317 1304/1304
f 1319/1319 1320/1320 1321/1321
f 1321/1321 1320/1320 1322/1322
f 1323/1323 1324/1324 1325/1325
f 1325/1325 1324/1324 1326/1326
f 1327/1327 1328/1328 1329/1329
f 1329/1329 1328/1328 1330/1330
f 1331/1331 1332/1332 1333/1333
f 1333/1333 1332/1332 1334/1334
f 1335/1335 1336/1336 1337/1337
f 1337/1337 1336/1336 1338/1338
f 1339/1339 1340/1340 1341/1341
f 1341/1341 1340/1340 1342/1342
f 1343/1343 1344/1344 1331/1331
f 1331/1331 1344/1344 1332/1332
f 1345/1345 1346/1346 1335/1335
f 1335/1335 1346/1346 1336/1336
f 1347/1347 1348/1348 1339/1339
f 1339/1339 1348/1348 1340/1340
f 1349/1349 1350/1350 1343/1343
f 1343/1343 1350/1350 1344/1344
f 1351/1351 1346/1346 1352/1352
f 1352/1352 1346/1346 1345/1345
f 1353/1353 1354/1354 1347/1347
f 1347/1347 1354/1354 1348/1348
f 1355/1355 1356/1356 1349/1349
f 1349/1349 1356/1356 1350/1350
f 1357/1357 1351/1351 1358/1358
f 1358/1358 1351/1351 1352/1352
f 1359/1359 1360/1360 1353/1353
f 1353/1353 1360/1360 1354/1354
f 1361/1361 1362/1362 1355/1355
f 1355/1355 1362/1362 1356/1356
f 1363/1363 1357/1357 1364/1364
f 1364/1364 1357/1357 1358/1358
f 1365/1365 1366/1366 1359/1359
f 1359/1359 1366/1366 1360/1360
f 1322/1322 1367/1367 1321/1321
f 1321/1321 1367/1367 1368/1368
f 1326/1326 1324/1324 1369/1369
f 1369/1369 1324/1324 1370/1370
f 1330/1330 1371/1371 1329/1329
f 1329/1329 1371/1371 1372/1372
f 1361/1361 1373/1373 1362/1362
f 1362/1362 1373/1373 1374/1374
f 1364/1364 1375/1375 1363/1363
f 1363/1363 1375/1375 1376/1376
f 1366/1366 1365/1365 1377/1377
f 1377/1377 1365/1365 1378/1378
f 1379/1379 1380/1380 1381/1381
f 1381/1381 1380/1380 1382/1382
f 1382/1382 1380/1380 1383/1383
f 1383/1383 1380/1380 1384/1384
f 1383/1383 1384/1384 1385/1385
f 1385/1385 1384/1384 1386/1386
f 1385/1385 1386/1386 1387/1387
f 1387/1387 1386/1386 1388/1388
f 1389/1389 1390/1390 1391/1391
f 1391/1391 1390/1390 1392/1392
f 1391/1391 1392/1392 1393/1393
f 1393/1393 1392/1392 1394/1394
f 1394/1394 1395/1395 1393/1393
f 1393/1393 1395/1395 1396/1396
f 1395/1395 1397/1397 1396/1396
f 1396/1396 1397/1397 1398/1398
f 1397/1397 1379/1379 1398/1398
f 1398/1398 1379/1379 1381/1381
f 1399/1399 1400/1400 1401/1401
f 1401/1401 1400/1400 1402/1402
f 1403/1403 1400/1400 1404/1404
f 1404/1404 1400/1400 1399/1399
f 1325/1325 1403/1403 1405/1405
f 1405/1405 1403/1403 1404/1404
f 1406/1406 1407/1407 1405/1405
f 1405/1405 1407/1407 1325/1325
f 1408/1408 1407/1407 1409/1409
f 1409/1409 1407/1407 1406/1406
f 1410/1410 1408/1408 1411/1411
f 1411/1411 1408/1408 1409/1409
f 1412/1412 1413/1413 1411/1411
f 1411/1411 1413/1413 1414/1414
f 1415/1415 1416/1416 1412/1412
f 1412/1412 1416/1416 1413/1413
f 1401/1401 1402/1402 1415/1415
f 1415/1415 1402/1402 1416/1416
f 1417/1417 1418/1418 1419/1419
f 1419/1419 1418/1418 1420/1420
f 1421/1421 1422/1422 1419/1419
f 1419/1419 1422/1422 1417/1417
f 1320/1320 1319/1319 1421/1421
f 1421/1421 1319/1319 1422/1422
f 1423/1423 1424/1424 1425/1425
f 1425/1425 1424/1424 1426/1426
f 1418/1418 1424/1424 1420/1420
f 1420/1420 1424/1424 1423/1423
f 1427/1427 1428/1428 1429/1429
f 1429/1429 1428/1428 1430/1430
f 1431/1431 1432/1432 1427/1427
f 1427/1427 1432/1432 1428/1428
f 1328/1328 1433/1433 1431/1431
f 1431/1431 1433/1433 1432/1432
f 1434/1434 1435/1435 1436/1436
f 1436/1436 1435/1435 1437/1437
f 1438/1438 1439/1439 1440/1440
f 1441/1441 1439/1439 1442/1442
f 1442/1442 1439/1439 1438/1438
f 1443/1443 1441/1441 1444/1444
f 1444/1444 1441/1441 1442/1442
f 1429/1429 1430/1430 1444/1444
f 1444/1444 1430/1430 1443/1443
f 1445/1445 1446/1446 1447/1447
f 1447/1447 1446/1446 1448/1448
f 1449/1449 1445/1445 1450/1450
f 1450/1450 1445/1445 1447/1447
f 1451/1451 1449/1449 1452/1452
f 1452/1452 1449/1449 1450/1450
f 1453/1453 1451/1451 1454/1454
f 1454/1454 1451/1451 1452/1452
f 1455/1455 1456/1456 1457/1457
f 1457/1457 1456/1456 1458/1458
f 1459/1459 1460/1460 1455/1455
f 1455/1455 1460/1460 1456/1456
f 1461/1461 1462/1462 1459/1459
f 1459/1459 1462/1462 1460/1460
f 1463/1463 1464/1464 1461/1461
f 1461/1461 1464/1464 1462/1462
f 1446/1446 1464/1464 1448/1448
f 1448/1448 1464/1464 1463/1463
f 1445/1445 1465/1465 1446/1446
f 1446/1446 1465/1465 1466/1466
f 1467/1467 1465/1465 1449/1449
f 1449/1449 1465/1465 1445/1445
f 1468/1468 1467/1467 1451/1451
f 1451/1451 1467/1467 1449/1449
f 1469/1469 1468/1468 1453/1453
f 1453/1453 1468/1468 1451/1451
f 1470/1470 1471/1471 1456/1456
f 1456/1456 1471/1471 1458/1458
f 1472/1472 1470/1470 1460/1460
f 1460/1460 1470/1470 1456/1456
f 1462/1462 1473/1473 1460/1460
f 1460/1460 1473/1473 1472/1472
f 1464/1464 1474/1474 1462/1462
f 1462/1462 1474/1474 1473/1473
f 1446/1446 1466/1466 1464/1464
f 1464/1464 1466/1466 1474/1474
f 1465/1465 1475/1475 1466/1466
f 1466/1466 1475/1475 1476/1476
f 1477/1477 1475/1475 1467/1467
f 1467/1467 1475/1475 1465/1465
f 1478/1478 1477/1477 1468/1468
f 1468/1468 1477/1477 1467/1467
f 1479/1479 1478/1478 1469/1469
f 1469/1469 1478/1478 1468/1468
f 1480/1480 1481/1481 1470/1470
f 1470/1470 1481/1481 1471/1471
f 1482/1482 1480/1480 1472/1472
f 1472/1472 1480/1480 1470/1470
f 1473/1473 1483/1483 1472/1472
f 1472/1472 1483/1483 1482/1482
f 1474/1474 1484/1484 1473/1473
f 1473/1473 1484/1484 1483/1483
f 1466/1466 1476/1476 1474/1474
f 1474/1474 1476/1476 1484/1484
f 1475/1475 1485/1485 1476/1476
f 1477/1477 1485/1485 1475/1475
f 1478/1478 1485/1485 1477/1477
f 1479/1479 1485/1485 1478/1478
f 1480/1480 1486/1486 1481/1481
f 1482/1482 1486/1486 1480/1480
f 1483/1483 1486/1486 1482/1482
f 1484/1484 1486/1486 1483/1483
f 1476/1476 1486/1486 1484/1484
f 1487/1487 1488/1488 1489/1489
f 1489/1489 1488/1488 1490/1490
f 1490/1490 1488/1488 1491/1491
f 1491/1491 1488/1488 1492/1492
f 1492/1492 1488/1488 1493/1493
f 1493/1493 1488/1488 1494/1494
f 1494/1494 1488/1488 1495/1495
f 1495/1495 1488/1488 1496/1496
f 1496/1496 1488/1488 1487/1487
f 1497/1497 1498/1498 1499/1499
f 1499/1499 1498/1498 1500/1500
f 1500/1500 1498/1498 1501/1501
f 1501/1501 1498/1498 1502/1502
f 1501/1501 1502/1502 1503/1503
f 1503/1503 1502/1502 1504/1504
f 1503/1503 1504/1504 1505/1505
f 1505/1505 1504/1504 1506/1506
f 1507/1507 1508/1508 1509/1509
f 1509/1509 1508/1508 1510/1510
f 1509/1509 1510/1510 1511/1511
f 1511/1511 1510/1510 1512/1512
f 1512/1512 1513/1513 1511/1511
f 1511/1511 1513/1513 1514/1514
f 1513/1513 1515/1515 1514/1514
f 1514/1514 1515/1515 1516/1516
f 1515/1515 1497/1497 1516/1516
f 1516/1516 1497/1497 1499/1499
f 1517/1517 1518/1518 1519/1519
f 1519/1519 1518/1518 1520/1520
f 1521/1521 1413/1413 1517/1517
f 1517/1517 1413/1413 1518/1518
f 1522/1522 1414/1414 1521/1521
f 1521/1521 1414/1414 1413/1413
f 1523/1523 1524/1524 1522/1522
f 1522/1522 1524/1524 1410/1410
f 1525/1525 1524/1524 1526/1526
f 1526/1526 1524/1524 1523/1523
f 1527/1527 1528/1528 1526/1526
f 1526/1526 1528/1528 1525/1525
f 1529/1529 1530/1530 1527/1527
f 1527/1527 1530/1530 1531/1531
f 1532/1532 1533/1533 1529/1529
f 1529/1529 1533/1533 1530/1530
f 1519/1519 1520/1520 1532/1532
f 1532/1532 1520/1520 1533/1533
f 1534/1534 1535/1535 1536/1536
f 1536/1536 1535/1535 1537/1537
f 1425/1425 1426/1426 1536/1536
f 1536/1536 1426/1426 1534/1534
f 1538/1538 1539/1539 1540/1540
f 1540/1540 1539/1539 1541/1541
f 1535/1535 1539/1539 1537/1537
f 1537/1537 1539/1539 1538/1538
f 1542/1542 1543/1543 1544/1544
f 1544/1544 1543/1543 1545/1545
f 1546/1546 1543/1543 1442/1442
f 1442/1442 1543/1543 1542/1542
f 1547/1547 1546/1546 1438/1438
f 1438/1438 1546/1546 1442/1442
f 1548/1548 1547/1547 1549/1549
f 1549/1549 1547/1547 1440/1440
f 1550/1550 1551/1551 1549/1549
f 1549/1549 1551/1551 1548/1548
f 1552/1552 1553/1553 1554/1554
f 1555/1555 1556/1556 1557/1557
f 1557/1557 1556/1556 1552/1552
f 1558/1558 1555/1555 1559/1559
f 1559/1559 1555/1555 1557/1557
f 1544/1544 1545/1545 1559/1559
f 1559/1559 1545/1545 1558/1558
f 1560/1560 1561/1561 1562/1562
f 1562/1562 1561/1561 1563/1563
f 1564/1564 1560/1560 1565/1565
f 1565/1565 1560/1560 1562/1562
f 1566/1566 1564/1564 1567/1567
f 1567/1567 1564/1564 1565/1565
f 1568/1568 1566/1566 1569/1569
f 1569/1569 1566/1566 1567/1567
f 1570/1570 1571/1571 1572/1572
f 1572/1572 1571/1571 1573/1573
f 1574/1574 1575/1575 1570/1570
f 1570/1570 1575/1575 1571/1571
f 1576/1576 1577/1577 1574/1574
f 1574/1574 1577/1577 1575/1575
f 1578/1578 1579/1579 1576/1576
f 1576/1576 1579/1579 1577/1577
f 1561/1561 1579/1579 1563/1563
f 1563/1563 1579/1579 1578/1578
f 1560/1560 1580/1580 1561/1561
f 1561/1561 1580/1580 1581/1581
f 1582/1582 1580/1580 1564/1564
f 1564/1564 1580/1580 1560/1560
f 1583/1583 1582/1582 1566/1566
f 1566/1566 1582/1582 1564/1564
f 1584/1584 1583/1583 1568/1568
f 1568/1568 1583/1583 1566/1566
f 1585/1585 1586/1586 1571/1571
f 1571/1571 1586/1586 1573/1573
f 1587/1587 1585/1585 1575/1575
f 1575/1575 1585/1585 1571/1571
f 1577/1577 1588/1588 1575/1575
f 1575/1575 1588/1588 1587/1587
f 1579/1579 1589/1589 1577/1577
f 1577/1577 1589/1589 1588/1588
f 1561/1561 1581/1581 1579/1579
f 1579/1579 1581/1581 1589/1589
f 1580/1580 1590/1590 1581/1581
f 1581/1581 1590/1590 1591/1591
f 1592/1592 1590/1590 1582/1582
f 1582/1582 1590/1590 1580/1580
f 1593/1593 1592/1592 1583/1583
f 1583/1583 1592/1592 1582/1582
f 1594/1594 1593/1593 1584/1584
f 1584/1584 1593/1593 1583/1583
f 1595/1595 1596/1596 1585/1585
f 1585/1585 1596/1596 1586/1586
f 1597/1597 1595/1595 1587/1587
f 1587/1587 1595/1595 1585/1585
f 1588/1588 1598/1598 1587/1587
f 1587/1587 1598/1598 1597/1597
f 1589/1589 1599/1599 1588/1588
f 1588/1588 1599/1599 1598/1598
f 1581/1581 1591/1591 1589/1589
f 1589/1589 1591/1591 1599/1599
f 1590/1590 1600/1600 1591/1591
f 1592/1592 1600/1600 1590/1590
f 1593/1593 1600/1600 1592/1592
f 1594/1594 1600/1600 1593/1593
f 1595/1595 1601/1601 1596/1596
f 1597/1597 1601/1601 1595/1595
f 1598/1598 1601/1601 1597/1597
f 1599/1599 1601/1601 1598/1598
f 1591/1591 1601/1601 1599/1599
f 1602/1602 1603/1603 1604/1604
f 1604/1604 1603/1603 1605/1605
f 1605/1605 1603/1603 1606/1606
f 1606/1606 1603/1603 1607/1607
f 1607/1607 1603/1603 1608/1608
f 1608/1608 1603/1603 1609/1609
f 1609/1609 1603/1603 1610/1610
f 1610/1610 1603/1603 1611/1611
f 1611/1611 1603/1603 1602/1602
f 1612/1612 1613/1613 1614/1614
f 1614/1614 1613/1613 1615/1615
f 1615/1615 1613/1613 1616/1616
f 1616/1616 1613/1613 1617/1617
f 1616/1616 1617/1617 1618/1618
f 1618/1618 1617/1617 1619/1619
f 1618/1618 1619/1619 1620/1620
f 1620/1620 1619/1619 1621/1621
f 1622/1622 1623/1623 1624/1624
f 1624/1624 1623/1623 1625/1625
f 1624/1624 1625/1625 1626/1626
f 1626/1626 1625/1625 1627/1627
f 1627/1627 1628/1628 1626/1626
f 1626/1626 1628/1628 1629/1629
f 1628/1628 1630/1630 1629/1629
f 1629/1629 1630/1630 1631/1631
f 1630/1630 1612/1612 1631/1631
f 1631/1631 1612/1612 1614/1614
f 1632/1632 1633/1633 1634/1634
f 1634/1634 1633/1633 1635/1635
f 1636/1636 1530/1530 1632/1632
f 1632/1632 1530/1530 1633/1633
f 1637/1637 1531/1531 1636/1636
f 1636/1636 1531/1531 1530/1530
f 1638/1638 1528/1528 1639/1639
f 1639/1639 1528/1528 1637/1637
f 1640/1640 1641/1641 1639/1639
f 1639/1639 1641/1641 1638/1638
f 1642/1642 1643/1643 1640/1640
f 1640/1640 1643/1643 1337/1337
f 1644/1644 1645/1645 1642/1642
f 1642/1642 1645/1645 1643/1643
f 1646/1646 1647/1647 1644/1644
f 1644/1644 1647/1647 1645/1645
f 1634/1634 1635/1635 1646/1646
f 1646/1646 1635/1635 1647/1647
f 1648/1648 1649/1649 1650/1650
f 1650/1650 1649/1649 1651/1651
f 1540/1540 1541/1541 1650/1650
f 1650/1650 1541/1541 1648/1648
f 1652/1652 1653/1653 1654/1654
f 1654/1654 1653/1653 1655/1655
f 1656/1656 1657/1657 1652/1652
f 1652/1652 1657/1657 1653/1653
f 1649/1649 1657/1657 1651/1651
f 1651/1651 1657/1657 1656/1656
f 1658/1658 1659/1659 1660/1660
f 1660/1660 1659/1659 1661/1661
f 1662/1662 1659/1659 1557/1557
f 1557/1557 1659/1659 1658/1658
f 1554/1554 1662/1662 1552/1552
f 1552/1552 1662/1662 1557/1557
f 1663/1663 1664/1664 1665/1665
f 1665/1665 1664/1664 1666/1666
f 1667/1667 1665/1665 1668/1668
f 1668/1668 1665/1665 1342/1342
f 1669/1669 1670/1670 1668/1668
f 1668/1668 1670/1670 1667/1667
f 1671/1671 1672/1672 1669/1669
f 1669/1669 1672/1672 1670/1670
f 1660/1660 1661/1661 1671/1671
f 1671/1671 1661/1661 1672/1672
f 1673/1673 1674/1674 1675/1675
f 1675/1675 1674/1674 1676/1676
f 1677/1677 1673/1673 1678/1678
f 1678/1678 1673/1673 1675/1675
f 1679/1679 1677/1677 1680/1680
f 1680/1680 1677/1677 1678/1678
f 1681/1681 1679/1679 1682/1682
f 1682/1682 1679/1679 1680/1680
f 1683/1683 1684/1684 1685/1685
f 1685/1685 1684/1684 1686/1686
f 1687/1687 1688/1688 1683/1683
f 1683/1683 1688/1688 1684/1684
f 1689/1689 1690/1690 1687/1687
f 1687/1687 1690/1690 1688/1688
f 1691/1691 1692/1692 1689/1689
f 1689/1689 1692/1692 1690/1690
f 1674/1674 1692/1692 1676/1676
f 1676/1676 1692/1692 1691/1691
f 1673/1673 1693/1693 1674/1674
f 1674/1674 1693/1693 1694/1694
f 1695/1695 1693/1693 1677/1677
f 1677/1677 1693/1693 1673/1673
f 1696/1696 1695/1695 1679/1679
f 1679/1679 1695/1695 1677/1677
f 1697/1697 1696/1696 1681/1681
f 1681/1681 1696/1696 1679/1679
f 1698/1698 1699/1699 1684/1684
f 1684/1684 1699/1699 1686/1686
f 1700/1700 1698/1698 1688/1688
f 1688/1688 1698/1698 1684/1684
f 1690/1690 1701/1701 1688/1688
f 1688/1688 1701/1701 1700/1700
f 1692/1692 1702/1702 1690/1690
f 1690/1690 1702/1702 1701/1701
f 1674/1674 1694/1694 1692/1692
f 1692/1692 1694/1694 1702/1702
f 1693/1693 1703/1703 1694/1694
f 1694/1694 1703/1703 1704/1704
f 1705/1705 1703/1703 1695/1695
f 1695/1695 1703/1703 1693/1693
f 1706/1706 1705/1705 1696/1696
f 1696/1696 1705/1705 1695/1695
f 1707/1707 1706/1706 1697/1697
f 1697/1697 1706/1706 1696/1696
f 1708/1708 1709/1709 1698/1698
f 1698/1698 1709/1709 1699/1699
f 1710/1710 1708/1708 1700/1700
f 1700/1700 1708/1708 1698/1698
f 1701/1701 1711/1711 1700/1700
f 1700/1700 1711/1711 1710/1710
f 1702/1702 1712/1712 1701/1701
f 1701/1701 1712/1712 1711/1711
f 1694/1694 1704/1704 1702/1702
f 1702/1702 1704/1704 1712/1712
f 1703/1703 1713/1713 1704/1704
f 1705/1705 1713/1713 1703/1703
f 1706/1706 1713/1713 1705/1705
f 1707/1707 1713/1713 1706/1706
f 1708/1708 1714/1714 1709/1709
f 1710/1710 1714/1714 1708/1708
f 1711/1711 1714/1714 1710/1710
f 1712/1712 1714/1714 1711/1711
f 1704/1704 1714/1714 1712/1712
f 1715/1715 1716/1716 1717/1717
f 1717/1717 1716/1716 1718/1718
f 1718/1718 1716/1716 1719/1719
f 1719/1719 1716/1716 1720/1720
f 1720/1720 1716/1716 1721/1721
f 1721/1721 1716/1716 1722/1722
f 1722/1722 1716/1716 1723/1723
f 1723/1723 1716/1716 1724/1724
f 1724/1724 1716/1716 1715/1715
f 1407/1407 1323/1323 1325/1325
f 1436/1436 1328/1328 1327/1327
f 1341/1341 1342/1342 1666/1666
f 1654/1654 1655/1655 1334/1334
f 1334/1334 1655/1655 1333/1333
f 1437/1437 1433/1433 1436/1436
f 1436/1436 1433/1433 1328/1328
f 1665/1665 1666/1666 1342/1342
f 1552/1552 1556/1556 1553/1553
f 1641/1641 1337/1337 1338/1338
f 1553/1553 1664/1664 1554/1554
f 1554/1554 1664/1664 1663/1663
f 1556/1556 1551/1551 1553/1553
f 1553/1553 1551/1551 1550/1550
f 1435/1435 1434/1434 1439/1439
f 1439/1439 1434/1434 1440/1440
f 1547/1547 1438/1438 1440/1440
f 1411/1411 1414/1414 1410/1410
f 1410/1410 1414/1414 1522/1522
f 1527/1527 1531/1531 1528/1528
f 1528/1528 1531/1531 1637/1637
f 1337/1337 1641/1641 1640/1640
f 1725/1725 1726/1726 1727/1727
f 1727/1727 1726/1726 1728/1728
f 1729/1729 1730/1730 1731/1731
f 1732/1732 1733/1733 1734/1734
f 1733/1733 1732/1732 1735/1735
f 1736/1736 1737/1737 1738/1738
f 1739/1739 1740/1740 1741/1741
f 1742/1742 1743/1743 1744/1744
f 1745/1745 1744/1744 1746/1746
f 1743/1743 1746/1746 1744/1744
f 1746/1746 1743/1743 1747/1747
f 1747/1747 1748/1748 1749/1749
f 1748/1748 1747/1747 1743/1743
f 1750/1750 1751/1751 1752/1752
f 1750/1750 1748/1748 1751/1751
f 1753/1753 1754/1754 1755/1755
f 1756/1756 1754/1754 1753/1753
f 1753/1753 1755/1755 1757/1757
f 1758/1758 1759/1759 1760/1760
f 1757/1757 1758/1758 1753/1753
f 1759/1759 1758/1758 1761/1761
f 1761/1761 1758/1758 1762/1762
f 1761/1761 1762/1762 1763/1763
f 1764/1764 1762/1762 1765/1765
f 1766/1766 1767/1767 1768/1768
f 1769/1769 1770/1770 1771/1771
f 1769/1769 1771/1771 1772/1772
f 1766/1766 1773/1773 1767/1767
f 1774/1774 1775/1775 1776/1776
f 1777/1777 1778/1778 1779/1779
f 1780/1780 1781/1781 1782/1782
f 1783/1783 1784/1784 1785/1785
f 1784/1784 1786/1786 1785/1785
f 1784/1784 1787/1787 1788/1788
f 1788/1788 1789/1789 1784/1784
f 1790/1790 1791/1791 1787/1787
f 1787/1787 1791/1791 1792/1792
f 1793/1793 1791/1791 1794/1794
f 1794/1794 1791/1791 1795/1795
f 1796/1796 1797/1797 1798/1798
f 1797/1797 1796/1796 1799/1799
f 1798/1798 1800/1800 1796/1796
f 1801/1801 1796/1796 1800/1800
f 1802/1802 1803/1803 1804/1804
f 1805/1805 1806/1806 1807/1807
f 1808/1808 1803/1803 1809/1809
f 1810/1810 1811/1811 1812/1812
f 1812/1812 1811/1811 1813/1813
f 1814/1814 1815/1815 1816/1816
f 1814/1814 1817/1817 1818/1818
f 1818/1818 1817/1817 1819/1819
f 1820/1820 1821/1821 1822/1822
f 1823/1823 1822/1822 1824/1824
f 1824/1824 1822/1822 1821/1821
f 1817/1817 1825/1825 1819/1819
f 1819/1819 1825/1825 1826/1826
f 1827/1827 1828/1828 1829/1829
f 1827/1827 1829/1829 1830/1830
f 1830/1830 1829/1829 1831/1831
f 1832/1832 1833/1833 1834/1834
f 1800/1800 1804/1804 1801/1801
f 1835/1835 1792/1792 1793/1793
f 1836/1836 1835/1835 1837/1837
f 1835/1835 1836/1836 1788/1788
f 1788/1788 1787/1787 1835/1835
f 1765/1765 1762/1762 1758/1758
f 1758/1758 1757/1757 1765/1765
f 1838/1838 1839/1839 1840/1840
f 1841/1841 1842/1842 1843/1843
f 1771/1771 1844/1844 1845/1845
f 1844/1844 1771/1771 1770/1770
f 1846/1846 1847/1847 1848/1848
f 1848/1848 1847/1847 1849/1849
f 1850/1850 1851/1851 1852/1852
f 1852/1852 1851/1851 1853/1853
f 1850/1850 1852/1852 1854/1854
f 1854/1854 1852/1852 1855/1855
f 1852/1852 1856/1856 1855/1855
f 1855/1855 1856/1856 1857/1857
f 1854/1854 1858/1858 1850/1850
f 1850/1850 1858/1858 1848/1848
f 1859/1859 1860/1860 1858/1858
f 1858/1858 1860/1860 1848/1848
f 1861/1861 1846/1846 1860/1860
f 1860/1860 1846/1846 1848/1848
f 1860/1860 1859/1859 1862/1862
f 1862/1862 1859/1859 1863/1863
f 1861/1861 1860/1860 1864/1864
f 1864/1864 1860/1860 1862/1862
f 1865/1865 1730/1730 1863/1863
f 1863/1863 1730/1730 1862/1862
f 1730/1730 1729/1729 1862/1862
f 1862/1862 1729/1729 1864/1864
f 1725/1725 1863/1863 1726/1726
f 1726/1726 1863/1863 1859/1859
f 1866/1866 1865/1865 1725/1725
f 1725/1725 1865/1865 1863/1863
f 1858/1858 1854/1854 1859/1859
f 1859/1859 1854/1854 1726/1726
f 1854/1854 1855/1855 1726/1726
f 1726/1726 1855/1855 1728/1728
f 1866/1866 1725/1725 1736/1736
f 1736/1736 1725/1725 1727/1727
f 1867/1867 1868/1868 1865/1865
f 1865/1865 1868/1868 1730/1730
f 1731/1731 1730/1730 1869/1869
f 1869/1869 1730/1730 1868/1868
f 1870/1870 1867/1867 1866/1866
f 1866/1866 1867/1867 1865/1865
f 1870/1870 1866/1866 1738/1738
f 1738/1738 1866/1866 1736/1736
f 1871/1871 1867/1867 1872/1872
f 1872/1872 1867/1867 1870/1870
f 1872/1872 1870/1870 1873/1873
f 1873/1873 1870/1870 1738/1738
f 1867/1867 1871/1871 1868/1868
f 1868/1868 1871/1871 1874/1874
f 1868/1868 1874/1874 1869/1869
f 1869/1869 1874/1874 1875/1875
f 1876/1876 1877/1877 1735/1735
f 1735/1735 1877/1877 1733/1733
f 1876/1876 1739/1739 1877/1877
f 1877/1877 1739/1739 1741/1741
f 1878/1878 1879/1879 1734/1734
f 1734/1734 1879/1879 1732/1732
f 1880/1880 1881/1881 1846/1846
f 1846/1846 1881/1881 1847/1847
f 1882/1882 1880/1880 1861/1861
f 1861/1861 1880/1880 1846/1846
f 1883/1883 1882/1882 1864/1864
f 1864/1864 1882/1882 1861/1861
f 1883/1883 1864/1864 1884/1884
f 1884/1884 1864/1864 1729/1729
f 1885/1885 1731/1731 1886/1886
f 1886/1886 1731/1731 1869/1869
f 1869/1869 1875/1875 1886/1886
f 1886/1886 1875/1875 1887/1887
f 1888/1888 1884/1884 1889/1889
f 1889/1889 1884/1884 1729/1729
f 1885/1885 1889/1889 1731/1731
f 1731/1731 1889/1889 1729/1729
f 1889/1889 1885/1885 1890/1890
f 1890/1890 1885/1885 1891/1891
f 1889/1889 1890/1890 1888/1888
f 1888/1888 1890/1890 1892/1892
f 1893/1893 1891/1891 1886/1886
f 1886/1886 1891/1891 1885/1885
f 1893/1893 1886/1886 1894/1894
f 1894/1894 1886/1886 1887/1887
f 1895/1895 1896/1896 1880/1880
f 1880/1880 1896/1896 1881/1881
f 1895/1895 1897/1897 1896/1896
f 1896/1896 1897/1897 1898/1898
f 1897/1897 1899/1899 1898/1898
f 1898/1898 1899/1899 1900/1900
f 1901/1901 1902/1902 1903/1903
f 1903/1903 1902/1902 1904/1904
f 1902/1902 1897/1897 1905/1905
f 1905/1905 1897/1897 1895/1895
f 1905/1905 1895/1895 1880/1880
f 1906/1906 1907/1907 1883/1883
f 1883/1883 1907/1907 1882/1882
f 1908/1908 1906/1906 1884/1884
f 1884/1884 1906/1906 1883/1883
f 1909/1909 1904/1904 1906/1906
f 1906/1906 1904/1904 1907/1907
f 1908/1908 1910/1910 1906/1906
f 1906/1906 1910/1910 1909/1909
f 1909/1909 1911/1911 1904/1904
f 1904/1904 1911/1911 1903/1903
f 1909/1909 1910/1910 1911/1911
f 1911/1911 1910/1910 1912/1912
f 1910/1910 1913/1913 1912/1912
f 1912/1912 1913/1913 1914/1914
f 1915/1915 1913/1913 1908/1908
f 1908/1908 1913/1913 1910/1910
f 1915/1915 1908/1908 1888/1888
f 1888/1888 1908/1908 1884/1884
f 1742/1742 1915/1915 1892/1892
f 1892/1892 1915/1915 1888/1888
f 1744/1744 1913/1913 1742/1742
f 1742/1742 1913/1913 1915/1915
f 1914/1914 1913/1913 1745/1745
f 1745/1745 1913/1913 1744/1744
f 1890/1890 1757/1757 1892/1892
f 1892/1892 1757/1757 1755/1755
f 1890/1890 1891/1891 1757/1757
f 1757/1757 1891/1891 1765/1765
f 1892/1892 1755/1755 1742/1742
f 1742/1742 1755/1755 1743/1743
f 1750/1750 1916/1916 1748/1748
f 1916/1916 1749/1749 1748/1748
f 1748/1748 1754/1754 1751/1751
f 1751/1751 1754/1754 1917/1917
f 1761/1761 1775/1775 1759/1759
f 1759/1759 1775/1775 1767/1767
f 1776/1776 1775/1775 1763/1763
f 1763/1763 1775/1775 1761/1761
f 1918/1918 1763/1763 1919/1919
f 1919/1919 1763/1763 1762/1762
f 1918/1918 1920/1920 1763/1763
f 1763/1763 1920/1920 1776/1776
f 1919/1919 1762/1762 1921/1921
f 1921/1921 1762/1762 1764/1764
f 1891/1891 1893/1893 1765/1765
f 1765/1765 1893/1893 1764/1764
f 1769/1769 1772/1772 1922/1922
f 1922/1922 1772/1772 1923/1923
f 1920/1920 1924/1924 1776/1776
f 1776/1776 1924/1924 1780/1780
f 1782/1782 1774/1774 1780/1780
f 1780/1780 1774/1774 1776/1776
f 1923/1923 1925/1925 1922/1922
f 1922/1922 1925/1925 1926/1926
f 1925/1925 1927/1927 1926/1926
f 1926/1926 1927/1927 1928/1928
f 1925/1925 1929/1929 1927/1927
f 1927/1927 1929/1929 1930/1930
f 1929/1929 1925/1925 1931/1931
f 1931/1931 1925/1925 1923/1923
f 1932/1932 1928/1928 1779/1779
f 1779/1779 1928/1928 1927/1927
f 1930/1930 1777/1777 1927/1927
f 1927/1927 1777/1777 1779/1779
f 1779/1779 1933/1933 1932/1932
f 1932/1932 1933/1933 1934/1934
f 1935/1935 1936/1936 1937/1937
f 1924/1924 1938/1938 1780/1780
f 1780/1780 1938/1938 1781/1781
f 1939/1939 1935/1935 1940/1940
f 1940/1940 1935/1935 1937/1937
f 1786/1786 1941/1941 1785/1785
f 1785/1785 1941/1941 1942/1942
f 1943/1943 1944/1944 1790/1790
f 1790/1790 1944/1944 1795/1795
f 1945/1945 1946/1946 1797/1797
f 1797/1797 1946/1946 1947/1947
f 1797/1797 1947/1947 1798/1798
f 1798/1798 1947/1947 1948/1948
f 1798/1798 1948/1948 1800/1800
f 1800/1800 1948/1948 1949/1949
f 1804/1804 1949/1949 1950/1950
f 1950/1950 1949/1949 1951/1951
f 1802/1802 1804/1804 1952/1952
f 1952/1952 1804/1804 1950/1950
f 1873/1873 1738/1738 1953/1953
f 1953/1953 1738/1738 1737/1737
f 1954/1954 1955/1955 1737/1737
f 1737/1737 1955/1955 1953/1953
f 1956/1956 1740/1740 1957/1957
f 1957/1957 1740/1740 1958/1958
f 1959/1959 1960/1960 1739/1739
f 1739/1739 1960/1960 1740/1740
f 1961/1961 1945/1945 1799/1799
f 1799/1799 1945/1945 1797/1797
f 1962/1962 1794/1794 1963/1963
f 1963/1963 1794/1794 1964/1964
f 1793/1793 1794/1794 1965/1965
f 1965/1965 1794/1794 1962/1962
f 1965/1965 1966/1966 1793/1793
f 1793/1793 1966/1966 1835/1835
f 1835/1835 1966/1966 1967/1967
f 1967/1967 1966/1966 1968/1968
f 1967/1967 1968/1968 1969/1969
f 1969/1969 1968/1968 1970/1970
f 1836/1836 1971/1971 1789/1789
f 1789/1789 1971/1971 1972/1972
f 1967/1967 1969/1969 1837/1837
f 1837/1837 1969/1969 1973/1973
f 1971/1971 1974/1974 1972/1972
f 1972/1972 1974/1974 1975/1975
f 1969/1969 1815/1815 1973/1973
f 1973/1973 1815/1815 1976/1976
f 1969/1969 1970/1970 1815/1815
f 1815/1815 1970/1970 1977/1977
f 1978/1978 1979/1979 1980/1980
f 1980/1980 1979/1979 1975/1975
f 1981/1981 1982/1982 1812/1812
f 1812/1812 1982/1982 1940/1940
f 1781/1781 1938/1938 1839/1839
f 1839/1839 1938/1938 1840/1840
f 1812/1812 1813/1813 1981/1981
f 1981/1981 1813/1813 1983/1983
f 1984/1984 1978/1978 1985/1985
f 1985/1985 1978/1978 1980/1980
f 1824/1824 1821/1821 1986/1986
f 1986/1986 1821/1821 1987/1987
f 1988/1988 1772/1772 1845/1845
f 1845/1845 1772/1772 1771/1771
f 1988/1988 1931/1931 1772/1772
f 1772/1772 1931/1931 1923/1923
f 1989/1989 1990/1990 1991/1991
f 1991/1991 1990/1990 1992/1992
f 1992/1992 1993/1993 1991/1991
f 1991/1991 1993/1993 1994/1994
f 1843/1843 1995/1995 1822/1822
f 1822/1822 1995/1995 1820/1820
f 1841/1841 1843/1843 1823/1823
f 1823/1823 1843/1843 1822/1822
f 1996/1996 1997/1997 1998/1998
f 1998/1998 1997/1997 1985/1985
f 1999/1999 2000/2000 1996/1996
f 1996/1996 2000/2000 1997/1997
f 1996/1996 1826/1826 1999/1999
f 1999/1999 1826/1826 2001/2001
f 2002/2002 2000/2000 2003/2003
f 2003/2003 2000/2000 2004/2004
f 1999/1999 2001/2001 2005/2005
f 2005/2005 2001/2001 2006/2006
f 2007/2007 2008/2008 2009/2009
f 2009/2009 2008/2008 2010/2010
f 2011/2011 2008/2008 1984/1984
f 1984/1984 2008/2008 1983/1983
f 2003/2003 2012/2012 2002/2002
f 2002/2002 2012/2012 2010/2010
f 2013/2013 2014/2014 2015/2015
f 2015/2015 2014/2014 2016/2016
f 2015/2015 2016/2016 2017/2017
f 2017/2017 2016/2016 2018/2018
f 2007/2007 2014/2014 1981/1981
f 1981/1981 2014/2014 1982/1982
f 2019/2019 2020/2020 2021/2021
f 2021/2021 2020/2020 2022/2022
f 2023/2023 2024/2024 2022/2022
f 2022/2022 2024/2024 2021/2021
f 2025/2025 2026/2026 2027/2027
f 2027/2027 2026/2026 2028/2028
f 2023/2023 1955/1955 2024/2024
f 2024/2024 1955/1955 1954/1954
f 2017/2017 2018/2018 2029/2029
f 2029/2029 2018/2018 1807/1807
f 1956/1956 1957/1957 2028/2028
f 2028/2028 1957/1957 2027/2027
f 1809/1809 2012/2012 1808/1808
f 1808/1808 2012/2012 2003/2003
f 2030/2030 2031/2031 2005/2005
f 2005/2005 2031/2031 2004/2004
f 1834/1834 2032/2032 2033/2033
f 2033/2033 2032/2032 2006/2006
f 2033/2033 2034/2034 1834/1834
f 1834/1834 2034/2034 1832/1832
f 2034/2034 2033/2033 2035/2035
f 2035/2035 2033/2033 2036/2036
f 2035/2035 2036/2036 2037/2037
f 2037/2037 2036/2036 1825/1825
f 1814/1814 1816/1816 1817/1817
f 1817/1817 1816/1816 2038/2038
f 1833/1833 1832/1832 1801/1801
f 2039/2039 1876/1876 2040/2040
f 2040/2040 1876/1876 1735/1735
f 2039/2039 1959/1959 1876/1876
f 1876/1876 1959/1959 1739/1739
f 2040/2040 1735/1735 2041/2041
f 2041/2041 1735/1735 1732/1732
f 1732/1732 2042/2042 2041/2041
f 2043/2043 2044/2044 2042/2042
f 2042/2042 2044/2044 1958/1958
f 2045/2045 2046/2046 2043/2043
f 2043/2043 2046/2046 2044/2044
f 2047/2047 2048/2048 1879/1879
f 1879/1879 2048/2048 2049/2049
f 2050/2050 2047/2047 1878/1878
f 1878/1878 2047/2047 1879/1879
f 1933/1933 2047/2047 1934/1934
f 1934/1934 2047/2047 2050/2050
f 2047/2047 1933/1933 2048/2048
f 2048/2048 1933/1933 2051/2051
f 2046/2046 2045/2045 2052/2052
f 2052/2052 2045/2045 2053/2053
f 2052/2052 2053/2053 2054/2054
f 2054/2054 2053/2053 2055/2055
f 2056/2056 2057/2057 2058/2058
f 2058/2058 2057/2057 2059/2059
f 1990/1990 1989/1989 2059/2059
f 2059/2059 1989/1989 2058/2058
f 2060/2060 1994/1994 2061/2061
f 2061/2061 1994/1994 1993/1993
f 2062/2062 1995/1995 1842/1842
f 1842/1842 1995/1995 1843/1843
f 1845/1845 1844/1844 1841/1841
f 1841/1841 1844/1844 1842/1842
f 1855/1855 1857/1857 1728/1728
f 1728/1728 1857/1857 2063/2063
f 1748/1748 1743/1743 1754/1754
f 1754/1754 1743/1743 1755/1755
f 1756/1756 1753/1753 1760/1760
f 1760/1760 1753/1753 1758/1758
f 1894/1894 1921/1921 1893/1893
f 1893/1893 1921/1921 1764/1764
f 1952/1952 1806/1806 1802/1802
f 1815/1815 1814/1814 1976/1976
f 1976/1976 1814/1814 1818/1818
f 2019/2019 1838/1838 2020/2020
f 2020/2020 1838/1838 1840/1840
f 2032/2032 2064/2064 2030/2030
f 2030/2030 2064/2064 2065/2065
f 2065/2065 2064/2064 1833/1833
f 1830/1830 1831/1831 1987/1987
f 1987/1987 1831/1831 1986/1986
f 1844/1844 1770/1770 1842/1842
f 1842/1842 1770/1770 2062/2062
f 2041/2041 1960/1960 2040/2040
f 2040/2040 1960/1960 1959/1959
f 2039/2039 2040/2040 1959/1959
f 1804/1804 2065/2065 1833/1833
f 1901/1901 1899/1899 1902/1902
f 1902/1902 1899/1899 1897/1897
f 1880/1880 1882/1882 1905/1905
f 1905/1905 1882/1882 1907/1907
f 1905/1905 1907/1907 1902/1902
f 1902/1902 1907/1907 1904/1904
f 2037/2037 1825/1825 2038/2038
f 2038/2038 1825/1825 1817/1817
f 2066/2066 2067/2067 1977/1977
f 2068/2068 2069/2069 2070/2070
f 2071/2071 2072/2072 2073/2073
f 2073/2073 2072/2072 2074/2074
f 2075/2075 2072/2072 2076/2076
f 2076/2076 2072/2072 2071/2071
f 2077/2077 2078/2078 2079/2079
f 2079/2079 2078/2078 2080/2080
f 2081/2081 2082/2082 2083/2083
f 2084/2084 2078/2078 2085/2085
f 2086/2086 2087/2087 2088/2088
f 2089/2089 2090/2090 2091/2091
f 2092/2092 2093/2093 2094/2094
f 2094/2094 2093/2093 2095/2095
f 2096/2096 2091/2091 2090/2090
f 2097/2097 2098/2098 2099/2099
f 2099/2099 2098/2098 2100/2100
f 2101/2101 2102/2102 2103/2103
f 2103/2103 2102/2102 2104/2104
f 2105/2105 2106/2106 1801/1801
f 1801/1801 2106/2106 1796/1796
f 2107/2107 1799/1799 2106/2106
f 2106/2106 1799/1799 1796/1796
f 1965/1965 2108/2108 1966/1966
f 1966/1966 2108/2108 2109/2109
f 1962/1962 2110/2110 1965/1965
f 1965/1965 2110/2110 2108/2108
f 1966/1966 2109/2109 1968/1968
f 1968/1968 2109/2109 2111/2111
f 2112/2112 1970/1970 2111/2111
f 2111/2111 1970/1970 1968/1968
f 2066/2066 1977/1977 2112/2112
f 2112/2112 1977/1977 1970/1970
f 2067/2067 1816/1816 1977/1977
f 1977/1977 1816/1816 1815/1815
f 1816/1816 2067/2067 2038/2038
f 2038/2038 2067/2067 2113/2113
f 2067/2067 2114/2114 2113/2113
f 2113/2113 2114/2114 2115/2115
f 2066/2066 2116/2116 2067/2067
f 2067/2067 2116/2116 2114/2114
f 2035/2035 2037/2037 2117/2117
f 2117/2117 2037/2037 2118/2118
f 2069/2069 2117/2117 2119/2119
f 2119/2119 2117/2117 2118/2118
f 2034/2034 2035/2035 2120/2120
f 2120/2120 2035/2035 2117/2117
f 2120/2120 2117/2117 2068/2068
f 2068/2068 2117/2117 2069/2069
f 1832/1832 2034/2034 2121/2121
f 2121/2121 2034/2034 2120/2120
f 2121/2121 2120/2120 2122/2122
f 2122/2122 2120/2120 2068/2068
f 2122/2122 2105/2105 2121/2121
f 2121/2121 2105/2105 1801/1801
f 2123/2123 2111/2111 2124/2124
f 2124/2124 2111/2111 2109/2109
f 2108/2108 2125/2125 2109/2109
f 2109/2109 2125/2125 2124/2124
f 2111/2111 2123/2123 2112/2112
f 2112/2112 2123/2123 2126/2126
f 2112/2112 2126/2126 2066/2066
f 2066/2066 2126/2126 2116/2116
f 2114/2114 2127/2127 2115/2115
f 2115/2115 2127/2127 2128/2128
f 2077/2077 2127/2127 2129/2129
f 2129/2129 2127/2127 2130/2130
f 2119/2119 2131/2131 2069/2069
f 2069/2069 2131/2131 2132/2132
f 2129/2129 2130/2130 2133/2133
f 2133/2133 2130/2130 2134/2134
f 2133/2133 2134/2134 2135/2135
f 2135/2135 2134/2134 2136/2136
f 2135/2135 2136/2136 2137/2137
f 2137/2137 2136/2136 2138/2138
f 2138/2138 2139/2139 2137/2137
f 2137/2137 2139/2139 2140/2140
f 2125/2125 2108/2108 2141/2141
f 2141/2141 2108/2108 2110/2110
f 2141/2141 2142/2142 2125/2125
f 2125/2125 2142/2142 2139/2139
f 2073/2073 2143/2143 2144/2144
f 2144/2144 2143/2143 2132/2132
f 2070/2070 2145/2145 2068/2068
f 2068/2068 2145/2145 2122/2122
f 2145/2145 2146/2146 2122/2122
f 2122/2122 2146/2146 2105/2105
f 2106/2106 2105/2105 2147/2147
f 2147/2147 2105/2105 2146/2146
f 2106/2106 2147/2147 2107/2107
f 2107/2107 2147/2147 2148/2148
f 1799/1799 2107/2107 1961/1961
f 1961/1961 2107/2107 2149/2149
f 2107/2107 2148/2148 2149/2149
f 2149/2149 2148/2148 2150/2150
f 1963/1963 2151/2151 1962/1962
f 1962/1962 2151/2151 2110/2110
f 2141/2141 2110/2110 2152/2152
f 2152/2152 2110/2110 2151/2151
f 2153/2153 2154/2154 2155/2155
f 2155/2155 2154/2154 2142/2142
f 2156/2156 2157/2157 2158/2158
f 2158/2158 2157/2157 2159/2159
f 2073/2073 2074/2074 2143/2143
f 2143/2143 2074/2074 2160/2160
f 2074/2074 2161/2161 2160/2160
f 2160/2160 2161/2161 2162/2162
f 2161/2161 2163/2163 2162/2162
f 2162/2162 2163/2163 2164/2164
f 2158/2158 2159/2159 2163/2163
f 2163/2163 2159/2159 2164/2164
f 2165/2165 2083/2083 2071/2071
f 2071/2071 2083/2083 2076/2076
f 2072/2072 2166/2166 2074/2074
f 2074/2074 2166/2166 2161/2161
f 2163/2163 2161/2161 2167/2167
f 2167/2167 2161/2161 2166/2166
f 2163/2163 2167/2167 2158/2158
f 2158/2158 2167/2167 2168/2168
f 2169/2169 2156/2156 2168/2168
f 2168/2168 2156/2156 2158/2158
f 2170/2170 2171/2171 2153/2153
f 2153/2153 2171/2171 2154/2154
f 2171/2171 2172/2172 2154/2154
f 2154/2154 2172/2172 2140/2140
f 2172/2172 2173/2173 2140/2140
f 2140/2140 2173/2173 2137/2137
f 2174/2174 2135/2135 2173/2173
f 2173/2173 2135/2135 2137/2137
f 2175/2175 2133/2133 2174/2174
f 2174/2174 2133/2133 2135/2135
f 2176/2176 2129/2129 2175/2175
f 2175/2175 2129/2129 2133/2133
f 2078/2078 2077/2077 2176/2176
f 2176/2176 2077/2077 2129/2129
f 2082/2082 2081/2081 2177/2177
f 2177/2177 2081/2081 2080/2080
f 2178/2178 2094/2094 2179/2179
f 2179/2179 2094/2094 2180/2180
f 2181/2181 2166/2166 2075/2075
f 2075/2075 2166/2166 2072/2072
f 2166/2166 2181/2181 2167/2167
f 2167/2167 2181/2181 2182/2182
f 2180/2180 2183/2183 2179/2179
f 2179/2179 2183/2183 2184/2184
f 2183/2183 2185/2185 2184/2184
f 2184/2184 2185/2185 2186/2186
f 2187/2187 2169/2169 2182/2182
f 2182/2182 2169/2169 2168/2168
f 2185/2185 2188/2188 2186/2186
f 2186/2186 2188/2188 2189/2189
f 2190/2190 2171/2171 2191/2191
f 2191/2191 2171/2171 2170/2170
f 2190/2190 2192/2192 2171/2171
f 2171/2171 2192/2192 2172/2172
f 2192/2192 2089/2089 2172/2172
f 2172/2172 2089/2089 2173/2173
f 2173/2173 2089/2089 2174/2174
f 2174/2174 2089/2089 2091/2091
f 2086/2086 2175/2175 2091/2091
f 2091/2091 2175/2175 2174/2174
f 2088/2088 2176/2176 2086/2086
f 2086/2086 2176/2176 2175/2175
f 2177/2177 2080/2080 2084/2084
f 2084/2084 2080/2080 2078/2078
f 2193/2193 2194/2194 2195/2195
f 2195/2195 2194/2194 2196/2196
f 2091/2091 2096/2096 2086/2086
f 2086/2086 2096/2096 2087/2087
f 2194/2194 2193/2193 2197/2197
f 2197/2197 2193/2193 2198/2198
f 2093/2093 2197/2197 2095/2095
f 2095/2095 2197/2197 2198/2198
f 2199/2199 2200/2200 2201/2201
f 2201/2201 2200/2200 2202/2202
f 2203/2203 2202/2202 2095/2095
f 2095/2095 2202/2202 2094/2094
f 2180/2180 2200/2200 2183/2183
f 2183/2183 2200/2200 2204/2204
f 2205/2205 2206/2206 2207/2207
f 2207/2207 2206/2206 2204/2204
f 2188/2188 2185/2185 2208/2208
f 2208/2208 2185/2185 2206/2206
f 2209/2209 2210/2210 2211/2211
f 2211/2211 2210/2210 2212/2212
f 2211/2211 2213/2213 2209/2209
f 2209/2209 2213/2213 2214/2214
f 2214/2214 2213/2213 2090/2090
f 2090/2090 2213/2213 2215/2215
f 2090/2090 2215/2215 2096/2096
f 2096/2096 2215/2215 2216/2216
f 2217/2217 2087/2087 2216/2216
f 2216/2216 2087/2087 2096/2096
f 2095/2095 2198/2198 2203/2203
f 2203/2203 2198/2198 2218/2218
f 2219/2219 2218/2218 2220/2220
f 2220/2220 2218/2218 2221/2221
f 2195/2195 2221/2221 2193/2193
f 2217/2217 2222/2222 2195/2195
f 2195/2195 2222/2222 2223/2223
f 2222/2222 2217/2217 2224/2224
f 2224/2224 2217/2217 2216/2216
f 2216/2216 2215/2215 2224/2224
f 2224/2224 2215/2215 2225/2225
f 2226/2226 2207/2207 2227/2227
f 2227/2227 2207/2207 2199/2199
f 2227/2227 2199/2199 2228/2228
f 2228/2228 2199/2199 2201/2201
f 2226/2226 2229/2229 2207/2207
f 2207/2207 2229/2229 2205/2205
f 2229/2229 2230/2230 2205/2205
f 2205/2205 2230/2230 2231/2231
f 2232/2232 2233/2233 2234/2234
f 2234/2234 2233/2233 2235/2235
f 2211/2211 2233/2233 2213/2213
f 2213/2213 2233/2233 2236/2236
f 2237/2237 2097/2097 2236/2236
f 2236/2236 2097/2097 2238/2238
f 2225/2225 2238/2238 2099/2099
f 2099/2099 2238/2238 2097/2097
f 2224/2224 2225/2225 2222/2222
f 2222/2222 2225/2225 2223/2223
f 2099/2099 2239/2239 2225/2225
f 2225/2225 2239/2239 2223/2223
f 2240/2240 2220/2220 2239/2239
f 2239/2239 2220/2220 2223/2223
f 2228/2228 2201/2201 2241/2241
f 2241/2241 2201/2201 2242/2242
f 2239/2239 2243/2243 2240/2240
f 2240/2240 2243/2243 2244/2244
f 2239/2239 2099/2099 2243/2243
f 2243/2243 2099/2099 2100/2100
f 2237/2237 2245/2245 2097/2097
f 2097/2097 2245/2245 2098/2098
f 2245/2245 2246/2246 2247/2247
f 2247/2247 2246/2246 2248/2248
f 2249/2249 2248/2248 2250/2250
f 2250/2250 2248/2248 2246/2246
f 2230/2230 2229/2229 2251/2251
f 2251/2251 2229/2229 2252/2252
f 2253/2253 2254/2254 2255/2255
f 2255/2255 2254/2254 2252/2252
f 2226/2226 2227/2227 2255/2255
f 2255/2255 2227/2227 2256/2256
f 2228/2228 2257/2257 2227/2227
f 2227/2227 2257/2257 2256/2256
f 2241/2241 2258/2258 2228/2228
f 2228/2228 2258/2258 2257/2257
f 2259/2259 2260/2260 2241/2241
f 2241/2241 2260/2260 2258/2258
f 2261/2261 2262/2262 2263/2263
f 2263/2263 2262/2262 2264/2264
f 2265/2265 2261/2261 2266/2266
f 2266/2266 2261/2261 2267/2267
f 2254/2254 2253/2253 2268/2268
f 2268/2268 2253/2253 2269/2269
f 2248/2248 2249/2249 2270/2270
f 2270/2270 2249/2249 2271/2271
f 2104/2104 2272/2272 2103/2103
f 2103/2103 2272/2272 2270/2270
f 2273/2273 2274/2274 2104/2104
f 2104/2104 2274/2274 2272/2272
f 2275/2275 2276/2276 2277/2277
f 2277/2277 2276/2276 2278/2278
f 2279/2279 2280/2280 2275/2275
f 2275/2275 2280/2280 2276/2276
f 2281/2281 2282/2282 2283/2283
f 2283/2283 2282/2282 2267/2267
f 2284/2284 2266/2266 2285/2285
f 2285/2285 2266/2266 2286/2286
f 2266/2266 2284/2284 2265/2265
f 2265/2265 2284/2284 2287/2287
f 2288/2288 2279/2279 2289/2289
f 2289/2289 2279/2279 2275/2275
f 2277/2277 2290/2290 2275/2275
f 2275/2275 2290/2290 2289/2289
f 2273/2273 2104/2104 2291/2291
f 2291/2291 2104/2104 2102/2102
f 2292/2292 2293/2293 2294/2294
f 2294/2294 2293/2293 2295/2295
f 2296/2296 2265/2265 2297/2297
f 2297/2297 2265/2265 2287/2287
f 2083/2083 2165/2165 2081/2081
f 2078/2078 2176/2176 2085/2085
f 2085/2085 2176/2176 2088/2088
f 1832/1832 2121/2121 1801/1801
f 2085/2085 2088/2088 2196/2196
f 2196/2196 2088/2088 2087/2087
f 2087/2087 2217/2217 2196/2196
f 2196/2196 2217/2217 2195/2195
f 2085/2085 2196/2196 2084/2084
f 2084/2084 2196/2196 2194/2194
f 2197/2197 2177/2177 2194/2194
f 2194/2194 2177/2177 2084/2084
f 2093/2093 2082/2082 2197/2197
f 2197/2197 2082/2082 2177/2177
f 2093/2093 2092/2092 2082/2082
f 2071/2071 2073/2073 2165/2165
f 2165/2165 2073/2073 2144/2144
f 2144/2144 2298/2298 2165/2165
f 2165/2165 2298/2298 2081/2081
f 2094/2094 2178/2178 2092/2092
f 2076/2076 2083/2083 2092/2092
f 2265/2265 2296/2296 2261/2261
f 2261/2261 2296/2296 2262/2262
f 2261/2261 2263/2263 2267/2267
f 2267/2267 2263/2263 2283/2283
f 2292/2292 2294/2294 2269/2269
f 2269/2269 2294/2294 2268/2268
f 2271/2271 2299/2299 2270/2270
f 2270/2270 2299/2299 2103/2103
f 2272/2272 2247/2247 2270/2270
f 2270/2270 2247/2247 2248/2248
f 2274/2274 2300/2300 2272/2272
f 2272/2272 2300/2300 2247/2247
f 2276/2276 2301/2301 2278/2278
f 2278/2278 2301/2301 2302/2302
f 2280/2280 2303/2303 2276/2276
f 2276/2276 2303/2303 2301/2301
f 2282/2282 2286/2286 2267/2267
f 2267/2267 2286/2286 2266/2266
f 2281/2281 2260/2260 2303/2303
f 2303/2303 2260/2260 2244/2244
f 2286/2286 2282/2282 2279/2279
f 2279/2279 2282/2282 2280/2280
f 2279/2279 2288/2288 2286/2286
f 2286/2286 2288/2288 2285/2285
f 2282/2282 2281/2281 2280/2280
f 2280/2280 2281/2281 2303/2303
f 2243/2243 2301/2301 2244/2244
f 2244/2244 2301/2301 2303/2303
f 2100/2100 2302/2302 2243/2243
f 2243/2243 2302/2302 2301/2301
f 2229/2229 2226/2226 2252/2252
f 2252/2252 2226/2226 2255/2255
f 2257/2257 2263/2263 2256/2256
f 2256/2256 2263/2263 2264/2264
f 2258/2258 2283/2283 2257/2257
f 2257/2257 2283/2283 2263/2263
f 2260/2260 2281/2281 2258/2258
f 2258/2258 2281/2281 2283/2283
f 2260/2260 2259/2259 2244/2244
f 2244/2244 2259/2259 2240/2240
f 2211/2211 2212/2212 2233/2233
f 2233/2233 2212/2212 2235/2235
f 2233/2233 2232/2232 2236/2236
f 2236/2236 2232/2232 2237/2237
f 2238/2238 2215/2215 2236/2236
f 2236/2236 2215/2215 2213/2213
f 2219/2219 2259/2259 2242/2242
f 2242/2242 2259/2259 2241/2241
f 2220/2220 2240/2240 2219/2219
f 2219/2219 2240/2240 2259/2259
f 2225/2225 2215/2215 2238/2238
f 2195/2195 2223/2223 2221/2221
f 2221/2221 2223/2223 2220/2220
f 2200/2200 2180/2180 2202/2202
f 2202/2202 2180/2180 2094/2094
f 2203/2203 2242/2242 2202/2202
f 2202/2202 2242/2242 2201/2201
f 2200/2200 2199/2199 2204/2204
f 2204/2204 2199/2199 2207/2207
f 2206/2206 2185/2185 2204/2204
f 2204/2204 2185/2185 2183/2183
f 2219/2219 2242/2242 2218/2218
f 2218/2218 2242/2242 2203/2203
f 2218/2218 2198/2198 2221/2221
f 2221/2221 2198/2198 2193/2193
f 2205/2205 2231/2231 2206/2206
f 2206/2206 2231/2231 2208/2208
f 2245/2245 2247/2247 2098/2098
f 2098/2098 2247/2247 2300/2300
f 2245/2245 2237/2237 2246/2246
f 2246/2246 2237/2237 2232/2232
f 2246/2246 2232/2232 2250/2250
f 2250/2250 2232/2232 2234/2234
f 2080/2080 2081/2081 2079/2079
f 2079/2079 2081/2081 2298/2298
f 2079/2079 2298/2298 2128/2128
f 2128/2128 2298/2298 2131/2131
f 2119/2119 2118/2118 2115/2115
f 2115/2115 2118/2118 2113/2113
f 2118/2118 2037/2037 2113/2113
f 2113/2113 2037/2037 2038/2038
f 2264/2264 2253/2253 2256/2256
f 2256/2256 2253/2253 2255/2255
f 2254/2254 2304/2304 2252/2252
f 2252/2252 2304/2304 2251/2251
f 2296/2296 2292/2292 2262/2262
f 2262/2262 2292/2292 2269/2269
f 2294/2294 2305/2305 2268/2268
f 2268/2268 2305/2305 2306/2306
f 2305/2305 2294/2294 2307/2307
f 2307/2307 2294/2294 2295/2295
f 2292/2292 2296/2296 2293/2293
f 2293/2293 2296/2296 2297/2297
f 2262/2262 2269/2269 2264/2264
f 2264/2264 2269/2269 2253/2253
f 2268/2268 2306/2306 2254/2254
f 2254/2254 2306/2306 2304/2304
f 2299/2299 2308/2308 2103/2103
f 2103/2103 2308/2308 2101/2101
f 2302/2302 2100/2100 2300/2300
f 2300/2300 2100/2100 2098/2098
f 2277/2277 2278/2278 2273/2273
f 2273/2273 2278/2278 2274/2274
f 2273/2273 2291/2291 2277/2277
f 2277/2277 2291/2291 2290/2290
f 2278/2278 2302/2302 2274/2274
f 2274/2274 2302/2302 2300/2300
f 2127/2127 2077/2077 2128/2128
f 2128/2128 2077/2077 2079/2079
f 2127/2127 2114/2114 2130/2130
f 2130/2130 2114/2114 2116/2116
f 2131/2131 2298/2298 2132/2132
f 2132/2132 2298/2298 2144/2144
f 2130/2130 2116/2116 2134/2134
f 2134/2134 2116/2116 2126/2126
f 2134/2134 2126/2126 2136/2136
f 2136/2136 2126/2126 2123/2123
f 2136/2136 2123/2123 2138/2138
f 2138/2138 2123/2123 2124/2124
f 2138/2138 2124/2124 2139/2139
f 2139/2139 2124/2124 2125/2125
f 2154/2154 2140/2140 2142/2142
f 2142/2142 2140/2140 2139/2139
f 2143/2143 2070/2070 2132/2132
f 2132/2132 2070/2070 2069/2069
f 2142/2142 2141/2141 2155/2155
f 2155/2155 2141/2141 2152/2152
f 2157/2157 2150/2150 2159/2159
f 2159/2159 2150/2150 2148/2148
f 2145/2145 2070/2070 2160/2160
f 2160/2160 2070/2070 2143/2143
f 2146/2146 2145/2145 2162/2162
f 2162/2162 2145/2145 2160/2160
f 2147/2147 2146/2146 2164/2164
f 2164/2164 2146/2146 2162/2162
f 2159/2159 2148/2148 2164/2164
f 2164/2164 2148/2148 2147/2147
f 2131/2131 2119/2119 2128/2128
f 2128/2128 2119/2119 2115/2115
f 1824/1824 1991/1991 1823/1823
f 1823/1823 1991/1991 1994/1994
f 1824/1824 1986/1986 1991/1991
f 1991/1991 1986/1986 1989/1989
f 1986/1986 1831/1831 1989/1989
f 1989/1989 1831/1831 2058/2058
f 1831/1831 1829/1829 2058/2058
f 2058/2058 1829/1829 2056/2056
f 1828/1828 2309/2309 1829/1829
f 1829/1829 2309/2309 2056/2056
f 2027/2027 2046/2046 2025/2025
f 2025/2025 2046/2046 2052/2052
f 1957/1957 2044/2044 2027/2027
f 2027/2027 2044/2044 2046/2046
f 1957/1957 1958/1958 2044/2044
f 2049/2049 2048/2048 2043/2043
f 2043/2043 2048/2048 2045/2045
f 2048/2048 2051/2051 2045/2045
f 2045/2045 2051/2051 2053/2053
f 2310/2310 2055/2055 2051/2051
f 2051/2051 2055/2055 2053/2053
f 1777/1777 1930/1930 2057/2057
f 2057/2057 1930/1930 2059/2059
f 1929/1929 1990/1990 1930/1930
f 1930/1930 1990/1990 2059/2059
f 1931/1931 1992/1992 1929/1929
f 1929/1929 1992/1992 1990/1990
f 1988/1988 1993/1993 1931/1931
f 1931/1931 1993/1993 1992/1992
f 1845/1845 2061/2061 1988/1988
f 1988/1988 2061/2061 1993/1993
f 1845/1845 1841/1841 2061/2061
f 2061/2061 1841/1841 2060/2060
f 1841/1841 1823/1823 2060/2060
f 2060/2060 1823/1823 1994/1994
f 1958/1958 1740/1740 1960/1960
f 1879/1879 2049/2049 1732/1732
f 1732/1732 2049/2049 2042/2042
f 2042/2042 2049/2049 2043/2043
f 1960/1960 2041/2041 1958/1958
f 1958/1958 2041/2041 2042/2042
f 2055/2055 2311/2311 2054/2054
f 2054/2054 2311/2311 2309/2309
f 2025/2025 2052/2052 2312/2312
f 2312/2312 2052/2052 2054/2054
f 2310/2310 1778/1778 2055/2055
f 2055/2055 1778/1778 2311/2311
f 2310/2310 2051/2051 1933/1933
f 2026/2026 2025/2025 2312/2312
f 1828/1828 2312/2312 2309/2309
f 2309/2309 2312/2312 2054/2054
f 2057/2057 2056/2056 2311/2311
f 2311/2311 2056/2056 2309/2309
f 1778/1778 1777/1777 2311/2311
f 2311/2311 1777/1777 2057/2057
f 1778/1778 2310/2310 1933/1933
f 2026/2026 2312/2312 1828/1828
f 1827/1827 2026/2026 1828/1828
f 1778/1778 1933/1933 1779/1779
f 1773/1773 1766/1766 2313/2313
f 2314/2314 1856/1856 1853/1853
f 1853/1853 1856/1856 1852/1852
f 1754/1754 1756/1756 1917/1917
f 1917/1917 1756/1756 2315/2315
f 2315/2315 1756/1756 2316/2316
f 2316/2316 1756/1756 1760/1760
f 2316/2316 1760/1760 2317/2317
f 2317/2317 1760/1760 1759/1759
f 2317/2317 1759/1759 1773/1773
f 1773/1773 1759/1759 1767/1767
f 1851/1851 1850/1850 1849/1849
f 1849/1849 1850/1850 1848/1848
f 2318/2318 2319/2319 2320/2320
f 2319/2319 2321/2321 2320/2320
f 2322/2322 2323/2323 2324/2324
f 2325/2325 2326/2326 2327/2327
f 2327/2327 2328/2328 2325/2325
f 2329/2329 2330/2330 2331/2331
f 2332/2332 2333/2333 2334/2334
f 2335/2335 2336/2336 2337/2337
f 2338/2338 2339/2339 2336/2336
f 2337/2337 2336/2336 2339/2339
f 2339/2339 2340/2340 2337/2337
f 2340/2340 2341/2341 2342/2342
f 2342/2342 2337/2337 2340/2340
f 2343/2343 1752/1752 1751/1751
f 2343/2343 1751/1751 2342/2342
f 2344/2344 2345/2345 2346/2346
f 2347/2347 2344/2344 2346/2346
f 2344/2344 2348/2348 2345/2345
f 2349/2349 2350/2350 2351/2351
f 2348/2348 2344/2344 2349/2349
f 2351/2351 2352/2352 2349/2349
f 2352/2352 2353/2353 2349/2349
f 2352/2352 2354/2354 2353/2353
f 2355/2355 2356/2356 2353/2353
f 2357/2357 2358/2358 2359/2359
f 2360/2360 2361/2361 2362/2362
f 2360/2360 2363/2363 2361/2361
f 2357/2357 2359/2359 1773/1773
f 2364/2364 2365/2365 2366/2366
f 2367/2367 2368/2368 2369/2369
f 2370/2370 2371/2371 2372/2372
f 2373/2373 2374/2374 2375/2375
f 2376/2376 2377/2377 2378/2378
f 2378/2378 2377/2377 2379/2379
f 2380/2380 2381/2381 2377/2377
f 2377/2377 2381/2381 2382/2382
f 2383/2383 2384/2384 2385/2385
f 2385/2385 2386/2386 2383/2383
f 2384/2384 2383/2383 2387/2387
f 2388/2388 2389/2389 2383/2383
f 2390/2390 2391/2391 2392/2392
f 2393/2393 2394/2394 2395/2395
f 2395/2395 2394/2394 2396/2396
f 2397/2397 2398/2398 2399/2399
f 2399/2399 2398/2398 2400/2400
f 2401/2401 2402/2402 2403/2403
f 2404/2404 2405/2405 2406/2406
f 2406/2406 2405/2405 2407/2407
f 2408/2408 2409/2409 2410/2410
f 2410/2410 2409/2409 2411/2411
f 2411/2411 2409/2409 2412/2412
f 2413/2413 2414/2414 2404/2404
f 2404/2404 2414/2414 2405/2405
f 2415/2415 2416/2416 2417/2417
f 2418/2418 2416/2416 2419/2419
f 2419/2419 2416/2416 2415/2415
f 2420/2420 2421/2421 2422/2422
f 2422/2422 2421/2421 2423/2423
f 2424/2424 2391/2391 2425/2425
f 2426/2426 2427/2427 2428/2428
f 2428/2428 2427/2427 2429/2429
f 2356/2356 2349/2349 2353/2353
f 2349/2349 2356/2356 2348/2348
f 2430/2430 2431/2431 2432/2432
f 2433/2433 2434/2434 2435/2435
f 2361/2361 2436/2436 2437/2437
f 2437/2437 2362/2362 2361/2361
f 2438/2438 2439/2439 1847/1847
f 1847/1847 2439/2439 1849/1849
f 2440/2440 2441/2441 1851/1851
f 1851/1851 2441/2441 1853/1853
f 2440/2440 2442/2442 2441/2441
f 2441/2441 2442/2442 2443/2443
f 2441/2441 2443/2443 2444/2444
f 2444/2444 2443/2443 2445/2445
f 2442/2442 2440/2440 2446/2446
f 2446/2446 2440/2440 2439/2439
f 2447/2447 2446/2446 2448/2448
f 2448/2448 2446/2446 2439/2439
f 2449/2449 2448/2448 2438/2438
f 2438/2438 2448/2448 2439/2439
f 2448/2448 2450/2450 2447/2447
f 2447/2447 2450/2450 2451/2451
f 2449/2449 2452/2452 2448/2448
f 2448/2448 2452/2452 2450/2450
f 2453/2453 2454/2454 2324/2324
f 2324/2324 2454/2454 2455/2455
f 2324/2324 2455/2455 2322/2322
f 2322/2322 2455/2455 2456/2456
f 2457/2457 2458/2458 2451/2451
f 2451/2451 2458/2458 2447/2447
f 2459/2459 2318/2318 2453/2453
f 2453/2453 2318/2318 2454/2454
f 2446/2446 2447/2447 2442/2442
f 2442/2442 2447/2447 2458/2458
f 2442/2442 2458/2458 2443/2443
f 2443/2443 2458/2458 2460/2460
f 2459/2459 2329/2329 2318/2318
f 2318/2318 2329/2329 2319/2319
f 2461/2461 2453/2453 2462/2462
f 2462/2462 2453/2453 2324/2324
f 2462/2462 2324/2324 2463/2463
f 2463/2463 2324/2324 2323/2323
f 2453/2453 2461/2461 2459/2459
f 2459/2459 2461/2461 2464/2464
f 2329/2329 2459/2459 2330/2330
f 2330/2330 2459/2459 2464/2464
f 2464/2464 2461/2461 2465/2465
f 2465/2465 2461/2461 2466/2466
f 2465/2465 2467/2467 2464/2464
f 2464/2464 2467/2467 2330/2330
f 2461/2461 2462/2462 2466/2466
f 2466/2466 2462/2462 2468/2468
f 2462/2462 2463/2463 2468/2468
f 2468/2468 2463/2463 2469/2469
f 2470/2470 2328/2328 2471/2471
f 2471/2471 2328/2328 2327/2327
f 2470/2470 2471/2471 2332/2332
f 2332/2332 2471/2471 2333/2333
f 2472/2472 2326/2326 2473/2473
f 2473/2473 2326/2326 2325/2325
f 2474/2474 2438/2438 1881/1881
f 1881/1881 2438/2438 1847/1847
f 2475/2475 2449/2449 2474/2474
f 2474/2474 2449/2449 2438/2438
f 2476/2476 2452/2452 2475/2475
f 2475/2475 2452/2452 2449/2449
f 2477/2477 2322/2322 2478/2478
f 2478/2478 2322/2322 2456/2456
f 2463/2463 2323/2323 2479/2479
f 2479/2479 2323/2323 2480/2480
f 2463/2463 2479/2479 2469/2469
f 2469/2469 2479/2479 2481/2481
f 2482/2482 2483/2483 2477/2477
f 2477/2477 2483/2483 2322/2322
f 2480/2480 2323/2323 2483/2483
f 2483/2483 2323/2323 2322/2322
f 2483/2483 2484/2484 2480/2480
f 2480/2480 2484/2484 2485/2485
f 2486/2486 2484/2484 2482/2482
f 2482/2482 2484/2484 2483/2483
f 2487/2487 2479/2479 2485/2485
f 2485/2485 2479/2479 2480/2480
f 2481/2481 2479/2479 2488/2488
f 2488/2488 2479/2479 2487/2487
f 2474/2474 1881/1881 2489/2489
f 2489/2489 1881/1881 1896/1896
f 2489/2489 1896/1896 2490/2490
f 2490/2490 1896/1896 1898/1898
f 2490/2490 1898/1898 2491/2491
f 2491/2491 1898/1898 1900/1900
f 2492/2492 2493/2493 2494/2494
f 2494/2494 2493/2493 2495/2495
f 2496/2496 2489/2489 2493/2493
f 2493/2493 2489/2489 2490/2490
f 2496/2496 2474/2474 2489/2489
f 2497/2497 2476/2476 2498/2498
f 2498/2498 2476/2476 2475/2475
f 2499/2499 2477/2477 2500/2500
f 2500/2500 2477/2477 2478/2478
f 2498/2498 2492/2492 2497/2497
f 2497/2497 2492/2492 2501/2501
f 2499/2499 2500/2500 2502/2502
f 2502/2502 2500/2500 2503/2503
f 2501/2501 2492/2492 2504/2504
f 2504/2504 2492/2492 2494/2494
f 2503/2503 2505/2505 2502/2502
f 2502/2502 2505/2505 2506/2506
f 2507/2507 2508/2508 2506/2506
f 2506/2506 2508/2508 2502/2502
f 2509/2509 2499/2499 2508/2508
f 2508/2508 2499/2499 2502/2502
f 2477/2477 2499/2499 2482/2482
f 2482/2482 2499/2499 2509/2509
f 2335/2335 2486/2486 2509/2509
f 2509/2509 2486/2486 2482/2482
f 2509/2509 2508/2508 2335/2335
f 2335/2335 2508/2508 2336/2336
f 2507/2507 2338/2338 2508/2508
f 2508/2508 2338/2338 2336/2336
f 2484/2484 2486/2486 2348/2348
f 2348/2348 2486/2486 2345/2345
f 2484/2484 2348/2348 2485/2485
f 2485/2485 2348/2348 2356/2356
f 2486/2486 2335/2335 2345/2345
f 2345/2345 2335/2335 2337/2337
f 2343/2343 2342/2342 2510/2510
f 2510/2510 2342/2342 2341/2341
f 2342/2342 1751/1751 2346/2346
f 2346/2346 1751/1751 1917/1917
f 2352/2352 2351/2351 2366/2366
f 2366/2366 2351/2351 2359/2359
f 2365/2365 2354/2354 2366/2366
f 2366/2366 2354/2354 2352/2352
f 2511/2511 2512/2512 2354/2354
f 2354/2354 2512/2512 2353/2353
f 2511/2511 2354/2354 2513/2513
f 2513/2513 2354/2354 2365/2365
f 2512/2512 2514/2514 2353/2353
f 2353/2353 2514/2514 2355/2355
f 2485/2485 2356/2356 2487/2487
f 2487/2487 2356/2356 2355/2355
f 2515/2515 2363/2363 2516/2516
f 2516/2516 2363/2363 2360/2360
f 2513/2513 2365/2365 2517/2517
f 2517/2517 2365/2365 2370/2370
f 2371/2371 2370/2370 2364/2364
f 2364/2364 2370/2370 2365/2365
f 2515/2515 2516/2516 2518/2518
f 2518/2518 2516/2516 2519/2519
f 2518/2518 2519/2519 2520/2520
f 2520/2520 2519/2519 2521/2521
f 2522/2522 2523/2523 2520/2520
f 2520/2520 2523/2523 2518/2518
f 2523/2523 2524/2524 2518/2518
f 2518/2518 2524/2524 2515/2515
f 2525/2525 2368/2368 2521/2521
f 2521/2521 2368/2368 2520/2520
f 2368/2368 2367/2367 2520/2520
f 2520/2520 2367/2367 2522/2522
f 2368/2368 2525/2525 2526/2526
f 2526/2526 2525/2525 2527/2527
f 2528/2528 2400/2400 2529/2529
f 2372/2372 2530/2530 2370/2370
f 2370/2370 2530/2530 2517/2517
f 2399/2399 2400/2400 2531/2531
f 2531/2531 2400/2400 2528/2528
f 2532/2532 2379/2379 2533/2533
f 2533/2533 2379/2379 2382/2382
f 2534/2534 2385/2385 2535/2535
f 2535/2535 2385/2385 2536/2536
f 2537/2537 2536/2536 2384/2384
f 2384/2384 2536/2536 2385/2385
f 2384/2384 2387/2387 2537/2537
f 2537/2537 2387/2387 2538/2538
f 2538/2538 2539/2539 2540/2540
f 2540/2540 2539/2539 2541/2541
f 2425/2425 2391/2391 2539/2539
f 2539/2539 2391/2391 2390/2390
f 2467/2467 2542/2542 2330/2330
f 2330/2330 2542/2542 2331/2331
f 2543/2543 2331/2331 2544/2544
f 2544/2544 2331/2331 2542/2542
f 2545/2545 2546/2546 2547/2547
f 2547/2547 2546/2546 2334/2334
f 2548/2548 2332/2332 2549/2549
f 2549/2549 2332/2332 2334/2334
f 2550/2550 2386/2386 2534/2534
f 2534/2534 2386/2386 2385/2385
f 2551/2551 2552/2552 2381/2381
f 2381/2381 2552/2552 2553/2553
f 2554/2554 2551/2551 2380/2380
f 2380/2380 2551/2551 2381/2381
f 2380/2380 2555/2555 2554/2554
f 2554/2554 2555/2555 2556/2556
f 2555/2555 2557/2557 2556/2556
f 2556/2556 2557/2557 2558/2558
f 2557/2557 2559/2559 2558/2558
f 2558/2558 2559/2559 2560/2560
f 2429/2429 2375/2375 2561/2561
f 2561/2561 2375/2375 2562/2562
f 2557/2557 2563/2563 2559/2559
f 2559/2559 2563/2563 2564/2564
f 2561/2561 2562/2562 2565/2565
f 2565/2565 2562/2562 2566/2566
f 2559/2559 2564/2564 2403/2403
f 2403/2403 2564/2564 2567/2567
f 2559/2559 2403/2403 2560/2560
f 2560/2560 2403/2403 2568/2568
f 2531/2531 2569/2569 2399/2399
f 2399/2399 2569/2569 2570/2570
f 2372/2372 2432/2432 2530/2530
f 2530/2530 2432/2432 2431/2431
f 2571/2571 2572/2572 2573/2573
f 2573/2573 2572/2572 2574/2574
f 2406/2406 2575/2575 2404/2404
f 2404/2404 2575/2575 2576/2576
f 2411/2411 2577/2577 2410/2410
f 2410/2410 2577/2577 2578/2578
f 2579/2579 2436/2436 2363/2363
f 2363/2363 2436/2436 2361/2361
f 2515/2515 2524/2524 2363/2363
f 2363/2363 2524/2524 2579/2579
f 2580/2580 2581/2581 2582/2582
f 2582/2582 2581/2581 2583/2583
f 2584/2584 2585/2585 2580/2580
f 2580/2580 2585/2585 2581/2581
f 2408/2408 2586/2586 2409/2409
f 2409/2409 2586/2586 2434/2434
f 2433/2433 2412/2412 2434/2434
f 2434/2434 2412/2412 2409/2409
f 2574/2574 2587/2587 2576/2576
f 2576/2576 2587/2587 2588/2588
f 2413/2413 2588/2588 2589/2589
f 2589/2589 2588/2588 2590/2590
f 2591/2591 2592/2592 2593/2593
f 2593/2593 2592/2592 2414/2414
f 2589/2589 2594/2594 2593/2593
f 2593/2593 2594/2594 2595/2595
f 2596/2596 2587/2587 2597/2597
f 2597/2597 2587/2587 2598/2598
f 2587/2587 2574/2574 2598/2598
f 2598/2598 2574/2574 2572/2572
f 2599/2599 2600/2600 2601/2601
f 2601/2601 2600/2600 2602/2602
f 2601/2601 2603/2603 2599/2599
f 2600/2600 2570/2570 2602/2602
f 2602/2602 2570/2570 2569/2569
f 2604/2604 2605/2605 2606/2606
f 2606/2606 2605/2605 2607/2607
f 2608/2608 2604/2604 2609/2609
f 2609/2609 2604/2604 2606/2606
f 2610/2610 2611/2611 2612/2612
f 2612/2612 2611/2611 2613/2613
f 2608/2608 2609/2609 2544/2544
f 2544/2544 2609/2609 2543/2543
f 2547/2547 2613/2613 2545/2545
f 2545/2545 2613/2613 2611/2611
f 2614/2614 2615/2615 2616/2616
f 2616/2616 2615/2615 2392/2392
f 2617/2617 2618/2618 2619/2619
f 2619/2619 2618/2618 2620/2620
f 2422/2422 2621/2621 2420/2420
f 2617/2617 2622/2622 2618/2618
f 2618/2618 2622/2622 2591/2591
f 2622/2622 2623/2623 2591/2591
f 2591/2591 2623/2623 2592/2592
f 2401/2401 2624/2624 2402/2402
f 2402/2402 2624/2624 2625/2625
f 2422/2422 2423/2423 2626/2626
f 2627/2627 2628/2628 2470/2470
f 2470/2470 2628/2628 2328/2328
f 2627/2627 2470/2470 2548/2548
f 2548/2548 2470/2470 2332/2332
f 2628/2628 2629/2629 2328/2328
f 2328/2328 2629/2629 2325/2325
f 2325/2325 2629/2629 2630/2630
f 2631/2631 2630/2630 2632/2632
f 2632/2632 2630/2630 2546/2546
f 2633/2633 2631/2631 2634/2634
f 2634/2634 2631/2631 2632/2632
f 2635/2635 2473/2473 2636/2636
f 2636/2636 2473/2473 2637/2637
f 2638/2638 2472/2472 2635/2635
f 2635/2635 2472/2472 2473/2473
f 2638/2638 2635/2635 2527/2527
f 2527/2527 2635/2635 2526/2526
f 2635/2635 2636/2636 2526/2526
f 2526/2526 2636/2636 2639/2639
f 2634/2634 2640/2640 2633/2633
f 2633/2633 2640/2640 2641/2641
f 2640/2640 2642/2642 2641/2641
f 2641/2641 2642/2642 2643/2643
f 2644/2644 2645/2645 2646/2646
f 2646/2646 2645/2645 2647/2647
f 2583/2583 2647/2647 2582/2582
f 2582/2582 2647/2647 2645/2645
f 2648/2648 2585/2585 2649/2649
f 2649/2649 2585/2585 2584/2584
f 2650/2650 2435/2435 2586/2586
f 2586/2586 2435/2435 2434/2434
f 2436/2436 2433/2433 2437/2437
f 2437/2437 2433/2433 2435/2435
f 2443/2443 2460/2460 2445/2445
f 2445/2445 2460/2460 2651/2651
f 2342/2342 2346/2346 2337/2337
f 2337/2337 2346/2346 2345/2345
f 2347/2347 2350/2350 2344/2344
f 2344/2344 2350/2350 2349/2349
f 2488/2488 2487/2487 2514/2514
f 2514/2514 2487/2487 2355/2355
f 2652/2652 2653/2653 2654/2654
f 2653/2653 2655/2655 2654/2654
f 2403/2403 2567/2567 2401/2401
f 2401/2401 2567/2567 2407/2407
f 2607/2607 2605/2605 2430/2430
f 2430/2430 2605/2605 2431/2431
f 2419/2419 2578/2578 2418/2418
f 2418/2418 2578/2578 2577/2577
f 2650/2650 2362/2362 2435/2435
f 2435/2435 2362/2362 2437/2437
f 2548/2548 2549/2549 2628/2628
f 2628/2628 2549/2549 2629/2629
f 2627/2627 2548/2548 2628/2628
f 2391/2391 2656/2656 2616/2616
f 2495/2495 2493/2493 2491/2491
f 2491/2491 2493/2493 2490/2490
f 2474/2474 2496/2496 2475/2475
f 2475/2475 2496/2496 2498/2498
f 2496/2496 2493/2493 2498/2498
f 2498/2498 2493/2493 2492/2492
f 2624/2624 2592/2592 2625/2625
f 2625/2625 2592/2592 2623/2623
f 2657/2657 2568/2568 2658/2658
f 2659/2659 2660/2660 2661/2661
f 2662/2662 2663/2663 2664/2664
f 2664/2664 2663/2663 2665/2665
f 2665/2665 2663/2663 2666/2666
f 2666/2666 2663/2663 2667/2667
f 2668/2668 2669/2669 2670/2670
f 2670/2670 2669/2669 2671/2671
f 2672/2672 2673/2673 2674/2674
f 2675/2675 2676/2676 2669/2669
f 2677/2677 2678/2678 2679/2679
f 2680/2680 2681/2681 2682/2682
f 2683/2683 2684/2684 2685/2685
f 2685/2685 2684/2684 2686/2686
f 2687/2687 2682/2682 2681/2681
f 2688/2688 2689/2689 2690/2690
f 2690/2690 2689/2689 2691/2691
f 2692/2692 2693/2693 2694/2694
f 2694/2694 2693/2693 2695/2695
f 2696/2696 2388/2388 2697/2697
f 2697/2697 2388/2388 2383/2383
f 2698/2698 2697/2697 2386/2386
f 2386/2386 2697/2697 2383/2383
f 2554/2554 2556/2556 2699/2699
f 2699/2699 2556/2556 2700/2700
f 2551/2551 2554/2554 2701/2701
f 2701/2701 2554/2554 2699/2699
f 2556/2556 2558/2558 2700/2700
f 2700/2700 2558/2558 2702/2702
f 2703/2703 2702/2702 2560/2560
f 2560/2560 2702/2702 2558/2558
f 2657/2657 2703/2703 2568/2568
f 2568/2568 2703/2703 2560/2560
f 2658/2658 2568/2568 2402/2402
f 2402/2402 2568/2568 2403/2403
f 2402/2402 2625/2625 2658/2658
f 2658/2658 2625/2625 2704/2704
f 2705/2705 2706/2706 2704/2704
f 2704/2704 2706/2706 2658/2658
f 2657/2657 2658/2658 2707/2707
f 2707/2707 2658/2658 2706/2706
f 2622/2622 2708/2708 2623/2623
f 2623/2623 2708/2708 2709/2709
f 2709/2709 2708/2708 2710/2710
f 2710/2710 2708/2708 2661/2661
f 2708/2708 2622/2622 2617/2617
f 2621/2621 2659/2659 2708/2708
f 2708/2708 2659/2659 2661/2661
f 2422/2422 2711/2711 2621/2621
f 2621/2621 2711/2711 2659/2659
f 2711/2711 2626/2626 2696/2696
f 2696/2696 2626/2626 2388/2388
f 2712/2712 2713/2713 2702/2702
f 2702/2702 2713/2713 2700/2700
f 2699/2699 2700/2700 2714/2714
f 2714/2714 2700/2700 2713/2713
f 2702/2702 2703/2703 2712/2712
f 2712/2712 2703/2703 2715/2715
f 2703/2703 2657/2657 2715/2715
f 2715/2715 2657/2657 2707/2707
f 2716/2716 2717/2717 2705/2705
f 2705/2705 2717/2717 2706/2706
f 2671/2671 2718/2718 2717/2717
f 2717/2717 2718/2718 2719/2719
f 2710/2710 2661/2661 2720/2720
f 2720/2720 2661/2661 2721/2721
f 2718/2718 2722/2722 2719/2719
f 2719/2719 2722/2722 2723/2723
f 2722/2722 2724/2724 2723/2723
f 2723/2723 2724/2724 2725/2725
f 2724/2724 2726/2726 2725/2725
f 2725/2725 2726/2726 2727/2727
f 2728/2728 2729/2729 2726/2726
f 2726/2726 2729/2729 2727/2727
f 2714/2714 2730/2730 2699/2699
f 2699/2699 2730/2730 2701/2701
f 2729/2729 2731/2731 2714/2714
f 2714/2714 2731/2731 2730/2730
f 2664/2664 2732/2732 2733/2733
f 2733/2733 2732/2732 2721/2721
f 2660/2660 2659/2659 2734/2734
f 2734/2734 2659/2659 2711/2711
f 2734/2734 2711/2711 2735/2735
f 2735/2735 2711/2711 2696/2696
f 2697/2697 2736/2736 2696/2696
f 2696/2696 2736/2736 2735/2735
f 2737/2737 2736/2736 2698/2698
f 2698/2698 2736/2736 2697/2697
f 2738/2738 2698/2698 2550/2550
f 2550/2550 2698/2698 2386/2386
f 2739/2739 2737/2737 2738/2738
f 2738/2738 2737/2737 2698/2698
f 2552/2552 2551/2551 2740/2740
f 2740/2740 2551/2551 2701/2701
f 2730/2730 2741/2741 2701/2701
f 2701/2701 2741/2741 2740/2740
f 2742/2742 2743/2743 2744/2744
f 2744/2744 2743/2743 2731/2731
f 2745/2745 2746/2746 2747/2747
f 2747/2747 2746/2746 2748/2748
f 2664/2664 2733/2733 2662/2662
f 2662/2662 2733/2733 2749/2749
f 2662/2662 2749/2749 2750/2750
f 2750/2750 2749/2749 2751/2751
f 2750/2750 2751/2751 2752/2752
f 2752/2752 2751/2751 2753/2753
f 2747/2747 2752/2752 2745/2745
f 2745/2745 2752/2752 2753/2753
f 2666/2666 2673/2673 2665/2665
f 2665/2665 2673/2673 2754/2754
f 2663/2663 2662/2662 2755/2755
f 2755/2755 2662/2662 2750/2750
f 2752/2752 2756/2756 2750/2750
f 2750/2750 2756/2756 2755/2755
f 2757/2757 2756/2756 2747/2747
f 2747/2747 2756/2756 2752/2752
f 2758/2758 2757/2757 2748/2748
f 2748/2748 2757/2757 2747/2747
f 2759/2759 2742/2742 2760/2760
f 2760/2760 2742/2742 2744/2744
f 2760/2760 2744/2744 2761/2761
f 2761/2761 2744/2744 2728/2728
f 2761/2761 2728/2728 2762/2762
f 2762/2762 2728/2728 2726/2726
f 2726/2726 2724/2724 2762/2762
f 2762/2762 2724/2724 2763/2763
f 2764/2764 2763/2763 2722/2722
f 2722/2722 2763/2763 2724/2724
f 2765/2765 2764/2764 2718/2718
f 2718/2718 2764/2764 2722/2722
f 2669/2669 2765/2765 2671/2671
f 2671/2671 2765/2765 2718/2718
f 2668/2668 2672/2672 2766/2766
f 2766/2766 2672/2672 2674/2674
f 2767/2767 2768/2768 2769/2769
f 2769/2769 2768/2768 2685/2685
f 2663/2663 2755/2755 2667/2667
f 2667/2667 2755/2755 2770/2770
f 2771/2771 2770/2770 2756/2756
f 2756/2756 2770/2770 2755/2755
f 2772/2772 2773/2773 2767/2767
f 2767/2767 2773/2773 2768/2768
f 2773/2773 2772/2772 2774/2774
f 2774/2774 2772/2772 2775/2775
f 2776/2776 2771/2771 2758/2758
f 2758/2758 2771/2771 2757/2757
f 2777/2777 2778/2778 2775/2775
f 2775/2775 2778/2778 2774/2774
f 2759/2759 2760/2760 2779/2779
f 2779/2779 2760/2760 2780/2780
f 2781/2781 2782/2782 2783/2783
f 2783/2783 2782/2782 2780/2780
f 2780/2780 2760/2760 2784/2784
f 2784/2784 2760/2760 2761/2761
f 2784/2784 2785/2785 2780/2780
f 2780/2780 2785/2785 2783/2783
f 2762/2762 2680/2680 2761/2761
f 2761/2761 2680/2680 2784/2784
f 2680/2680 2682/2682 2784/2784
f 2784/2784 2682/2682 2785/2785
f 2762/2762 2763/2763 2680/2680
f 2680/2680 2763/2763 2681/2681
f 2677/2677 2681/2681 2764/2764
f 2764/2764 2681/2681 2763/2763
f 2678/2678 2677/2677 2765/2765
f 2765/2765 2677/2677 2764/2764
f 2766/2766 2675/2675 2668/2668
f 2668/2668 2675/2675 2669/2669
f 2786/2786 2787/2787 2788/2788
f 2788/2788 2787/2787 2789/2789
f 2679/2679 2687/2687 2677/2677
f 2677/2677 2687/2687 2681/2681
f 2790/2790 2786/2786 2791/2791
f 2791/2791 2786/2786 2788/2788
f 2684/2684 2683/2683 2791/2791
f 2791/2791 2683/2683 2790/2790
f 2792/2792 2793/2793 2794/2794
f 2794/2794 2793/2793 2795/2795
f 2683/2683 2685/2685 2796/2796
f 2796/2796 2685/2685 2795/2795
f 2797/2797 2794/2794 2773/2773
f 2773/2773 2794/2794 2768/2768
f 2797/2797 2798/2798 2799/2799
f 2799/2799 2798/2798 2800/2800
f 2778/2778 2801/2801 2774/2774
f 2774/2774 2801/2801 2798/2798
f 2783/2783 2802/2802 2781/2781
f 2781/2781 2802/2802 2803/2803
f 2802/2802 2783/2783 2804/2804
f 2804/2804 2783/2783 2785/2785
f 2805/2805 2804/2804 2682/2682
f 2682/2682 2804/2804 2785/2785
f 2806/2806 2805/2805 2687/2687
f 2687/2687 2805/2805 2682/2682
f 2687/2687 2679/2679 2806/2806
f 2806/2806 2679/2679 2807/2807
f 2683/2683 2796/2796 2790/2790
f 2790/2790 2796/2796 2808/2808
f 2809/2809 2808/2808 2810/2810
f 2810/2810 2808/2808 2811/2811
f 2787/2787 2786/2786 2809/2809
f 2807/2807 2787/2787 2812/2812
f 2812/2812 2787/2787 2813/2813
f 2812/2812 2814/2814 2807/2807
f 2807/2807 2814/2814 2806/2806
f 2806/2806 2814/2814 2805/2805
f 2805/2805 2814/2814 2815/2815
f 2792/2792 2799/2799 2816/2816
f 2816/2816 2799/2799 2817/2817
f 2816/2816 2818/2818 2792/2792
f 2792/2792 2818/2818 2793/2793
f 2817/2817 2799/2799 2819/2819
f 2819/2819 2799/2799 2800/2800
f 2819/2819 2800/2800 2820/2820
f 2820/2820 2800/2800 2821/2821
f 2822/2822 2823/2823 2824/2824
f 2824/2824 2823/2823 2825/2825
f 2802/2802 2804/2804 2823/2823
f 2823/2823 2804/2804 2826/2826
f 2827/2827 2826/2826 2688/2688
f 2688/2688 2826/2826 2828/2828
f 2688/2688 2828/2828 2689/2689
f 2689/2689 2828/2828 2815/2815
f 2814/2814 2812/2812 2815/2815
f 2815/2815 2812/2812 2813/2813
f 2689/2689 2815/2815 2829/2829
f 2829/2829 2815/2815 2813/2813
f 2830/2830 2829/2829 2810/2810
f 2810/2810 2829/2829 2813/2813
f 2818/2818 2831/2831 2793/2793
f 2793/2793 2831/2831 2832/2832
f 2829/2829 2830/2830 2833/2833
f 2833/2833 2830/2830 2834/2834
f 2829/2829 2833/2833 2689/2689
f 2689/2689 2833/2833 2691/2691
f 2827/2827 2688/2688 2835/2835
f 2835/2835 2688/2688 2690/2690
f 2836/2836 2837/2837 2838/2838
f 2838/2838 2837/2837 2835/2835
f 2839/2839 2840/2840 2836/2836
f 2836/2836 2840/2840 2837/2837
f 2820/2820 2841/2841 2819/2819
f 2819/2819 2841/2841 2842/2842
f 2843/2843 2844/2844 2845/2845
f 2845/2845 2844/2844 2842/2842
f 2817/2817 2844/2844 2816/2816
f 2816/2816 2844/2844 2846/2846
f 2818/2818 2816/2816 2847/2847
f 2847/2847 2816/2816 2846/2846
f 2831/2831 2818/2818 2848/2848
f 2848/2848 2818/2818 2847/2847
f 2848/2848 2849/2849 2831/2831
f 2831/2831 2849/2849 2850/2850
f 2851/2851 2852/2852 2853/2853
f 2853/2853 2852/2852 2854/2854
f 2855/2855 2856/2856 2854/2854
f 2854/2854 2856/2856 2857/2857
f 2845/2845 2858/2858 2843/2843
f 2843/2843 2858/2858 2859/2859
f 2836/2836 2860/2860 2839/2839
f 2839/2839 2860/2860 2861/2861
f 2692/2692 2694/2694 2862/2862
f 2862/2862 2694/2694 2860/2860
f 2863/2863 2692/2692 2864/2864
f 2864/2864 2692/2692 2862/2862
f 2865/2865 2866/2866 2867/2867
f 2867/2867 2866/2866 2868/2868
f 2869/2869 2868/2868 2870/2870
f 2870/2870 2868/2868 2866/2866
f 2871/2871 2872/2872 2873/2873
f 2873/2873 2872/2872 2857/2857
f 2874/2874 2875/2875 2856/2856
f 2856/2856 2875/2875 2876/2876
f 2856/2856 2855/2855 2874/2874
f 2874/2874 2855/2855 2877/2877
f 2878/2878 2879/2879 2869/2869
f 2869/2869 2879/2879 2868/2868
f 2879/2879 2880/2880 2868/2868
f 2868/2868 2880/2880 2867/2867
f 2863/2863 2881/2881 2692/2692
f 2692/2692 2881/2881 2693/2693
f 2882/2882 2883/2883 2884/2884
f 2884/2884 2883/2883 2885/2885
f 2877/2877 2855/2855 2886/2886
f 2886/2886 2855/2855 2887/2887
f 2673/2673 2672/2672 2754/2754
f 2678/2678 2765/2765 2676/2676
f 2676/2676 2765/2765 2669/2669
f 2679/2679 2678/2678 2789/2789
f 2789/2789 2678/2678 2676/2676
f 2787/2787 2807/2807 2789/2789
f 2789/2789 2807/2807 2679/2679
f 2676/2676 2675/2675 2789/2789
f 2789/2789 2675/2675 2788/2788
f 2675/2675 2766/2766 2788/2788
f 2788/2788 2766/2766 2791/2791
f 2766/2766 2674/2674 2791/2791
f 2791/2791 2674/2674 2684/2684
f 2684/2684 2674/2674 2686/2686
f 2665/2665 2754/2754 2664/2664
f 2664/2664 2754/2754 2732/2732
f 2732/2732 2754/2754 2888/2888
f 2888/2888 2754/2754 2672/2672
f 2685/2685 2686/2686 2769/2769
f 2666/2666 2686/2686 2673/2673
f 2852/2852 2887/2887 2854/2854
f 2854/2854 2887/2887 2855/2855
f 2854/2854 2857/2857 2853/2853
f 2853/2853 2857/2857 2872/2872
f 2858/2858 2883/2883 2859/2859
f 2859/2859 2883/2883 2882/2882
f 2861/2861 2860/2860 2889/2889
f 2889/2889 2860/2860 2694/2694
f 2862/2862 2860/2860 2838/2838
f 2838/2838 2860/2860 2836/2836
f 2864/2864 2862/2862 2890/2890
f 2890/2890 2862/2862 2838/2838
f 2866/2866 2865/2865 2891/2891
f 2891/2891 2865/2865 2892/2892
f 2870/2870 2866/2866 2893/2893
f 2893/2893 2866/2866 2891/2891
f 2873/2873 2857/2857 2876/2876
f 2876/2876 2857/2857 2856/2856
f 2834/2834 2849/2849 2893/2893
f 2893/2893 2849/2849 2871/2871
f 2870/2870 2873/2873 2869/2869
f 2869/2869 2873/2873 2876/2876
f 2875/2875 2878/2878 2876/2876
f 2876/2876 2878/2878 2869/2869
f 2893/2893 2871/2871 2870/2870
f 2870/2870 2871/2871 2873/2873
f 2833/2833 2834/2834 2891/2891
f 2891/2891 2834/2834 2893/2893
f 2691/2691 2833/2833 2892/2892
f 2892/2892 2833/2833 2891/2891
f 2844/2844 2817/2817 2842/2842
f 2842/2842 2817/2817 2819/2819
f 2847/2847 2846/2846 2853/2853
f 2853/2853 2846/2846 2851/2851
f 2848/2848 2847/2847 2872/2872
f 2872/2872 2847/2847 2853/2853
f 2849/2849 2848/2848 2871/2871
f 2871/2871 2848/2848 2872/2872
f 2849/2849 2834/2834 2850/2850
f 2850/2850 2834/2834 2830/2830
f 2822/2822 2803/2803 2823/2823
f 2823/2823 2803/2803 2802/2802
f 2823/2823 2826/2826 2825/2825
f 2825/2825 2826/2826 2827/2827
f 2828/2828 2826/2826 2805/2805
f 2805/2805 2826/2826 2804/2804
f 2811/2811 2832/2832 2850/2850
f 2850/2850 2832/2832 2831/2831
f 2810/2810 2811/2811 2830/2830
f 2830/2830 2811/2811 2850/2850
f 2815/2815 2828/2828 2805/2805
f 2787/2787 2809/2809 2813/2813
f 2813/2813 2809/2809 2810/2810
f 2794/2794 2795/2795 2768/2768
f 2768/2768 2795/2795 2685/2685
f 2796/2796 2795/2795 2832/2832
f 2832/2832 2795/2795 2793/2793
f 2794/2794 2797/2797 2792/2792
f 2792/2792 2797/2797 2799/2799
f 2798/2798 2797/2797 2774/2774
f 2774/2774 2797/2797 2773/2773
f 2796/2796 2832/2832 2808/2808
f 2808/2808 2832/2832 2811/2811
f 2808/2808 2809/2809 2790/2790
f 2790/2790 2809/2809 2786/2786
f 2801/2801 2821/2821 2798/2798
f 2798/2798 2821/2821 2800/2800
f 2835/2835 2690/2690 2838/2838
f 2838/2838 2690/2690 2890/2890
f 2835/2835 2837/2837 2827/2827
f 2827/2827 2837/2837 2825/2825
f 2837/2837 2840/2840 2825/2825
f 2825/2825 2840/2840 2824/2824
f 2668/2668 2670/2670 2672/2672
f 2672/2672 2670/2670 2888/2888
f 2670/2670 2716/2716 2888/2888
f 2888/2888 2716/2716 2720/2720
f 2704/2704 2709/2709 2705/2705
f 2705/2705 2709/2709 2710/2710
f 2625/2625 2623/2623 2704/2704
f 2704/2704 2623/2623 2709/2709
f 2851/2851 2846/2846 2843/2843
f 2843/2843 2846/2846 2844/2844
f 2845/2845 2842/2842 2894/2894
f 2894/2894 2842/2842 2841/2841
f 2887/2887 2852/2852 2882/2882
f 2882/2882 2852/2852 2859/2859
f 2883/2883 2858/2858 2895/2895
f 2895/2895 2858/2858 2896/2896
f 2895/2895 2897/2897 2883/2883
f 2883/2883 2897/2897 2885/2885
f 2882/2882 2884/2884 2887/2887
f 2887/2887 2884/2884 2886/2886
f 2852/2852 2851/2851 2859/2859
f 2859/2859 2851/2851 2843/2843
f 2858/2858 2845/2845 2896/2896
f 2896/2896 2845/2845 2894/2894
f 2695/2695 2898/2898 2694/2694
f 2694/2694 2898/2898 2889/2889
f 2690/2690 2691/2691 2890/2890
f 2890/2890 2691/2691 2892/2892
f 2864/2864 2865/2865 2863/2863
f 2863/2863 2865/2865 2867/2867
f 2880/2880 2881/2881 2867/2867
f 2867/2867 2881/2881 2863/2863
f 2890/2890 2892/2892 2864/2864
f 2864/2864 2892/2892 2865/2865
f 2717/2717 2716/2716 2671/2671
f 2671/2671 2716/2716 2670/2670
f 2717/2717 2719/2719 2706/2706
f 2706/2706 2719/2719 2707/2707
f 2720/2720 2721/2721 2888/2888
f 2888/2888 2721/2721 2732/2732
f 2719/2719 2723/2723 2707/2707
f 2707/2707 2723/2723 2715/2715
f 2723/2723 2725/2725 2715/2715
f 2715/2715 2725/2725 2712/2712
f 2725/2725 2727/2727 2712/2712
f 2712/2712 2727/2727 2713/2713
f 2727/2727 2729/2729 2713/2713
f 2713/2713 2729/2729 2714/2714
f 2729/2729 2728/2728 2731/2731
f 2731/2731 2728/2728 2744/2744
f 2733/2733 2721/2721 2660/2660
f 2660/2660 2721/2721 2661/2661
f 2731/2731 2743/2743 2730/2730
f 2730/2730 2743/2743 2741/2741
f 2746/2746 2745/2745 2739/2739
f 2739/2739 2745/2745 2737/2737
f 2733/2733 2660/2660 2749/2749
f 2749/2749 2660/2660 2734/2734
f 2749/2749 2734/2734 2751/2751
f 2751/2751 2734/2734 2735/2735
f 2751/2751 2735/2735 2753/2753
f 2753/2753 2735/2735 2736/2736
f 2745/2745 2753/2753 2737/2737
f 2737/2737 2753/2753 2736/2736
f 2720/2720 2716/2716 2710/2710
f 2710/2710 2716/2716 2705/2705
f 2412/2412 2584/2584 2411/2411
f 2411/2411 2584/2584 2580/2580
f 2580/2580 2582/2582 2411/2411
f 2411/2411 2582/2582 2577/2577
f 2577/2577 2582/2582 2418/2418
f 2418/2418 2582/2582 2645/2645
f 2418/2418 2645/2645 2416/2416
f 2416/2416 2645/2645 2644/2644
f 2644/2644 2899/2899 2416/2416
f 2416/2416 2899/2899 2417/2417
f 2640/2640 2634/2634 2610/2610
f 2610/2610 2634/2634 2611/2611
f 2634/2634 2632/2632 2611/2611
f 2611/2611 2632/2632 2545/2545
f 2545/2545 2632/2632 2546/2546
f 2637/2637 2631/2631 2636/2636
f 2636/2636 2631/2631 2633/2633
f 2636/2636 2633/2633 2639/2639
f 2639/2639 2633/2633 2641/2641
f 2641/2641 2643/2643 2639/2639
f 2639/2639 2643/2643 2900/2900
f 2367/2367 2646/2646 2522/2522
f 2522/2522 2646/2646 2647/2647
f 2647/2647 2583/2583 2522/2522
f 2522/2522 2583/2583 2523/2523
f 2583/2583 2581/2581 2523/2523
f 2523/2523 2581/2581 2524/2524
f 2581/2581 2585/2585 2524/2524
f 2524/2524 2585/2585 2579/2579
f 2585/2585 2648/2648 2579/2579
f 2579/2579 2648/2648 2436/2436
f 2648/2648 2649/2649 2436/2436
f 2436/2436 2649/2649 2433/2433
f 2433/2433 2649/2649 2412/2412
f 2412/2412 2649/2649 2584/2584
f 2546/2546 2549/2549 2334/2334
f 2630/2630 2637/2637 2325/2325
f 2325/2325 2637/2637 2473/2473
f 2630/2630 2631/2631 2637/2637
f 2630/2630 2629/2629 2546/2546
f 2546/2546 2629/2629 2549/2549
f 2643/2643 2642/2642 2901/2901
f 2901/2901 2642/2642 2899/2899
f 2642/2642 2640/2640 2902/2902
f 2902/2902 2640/2640 2610/2610
f 2900/2900 2643/2643 2369/2369
f 2369/2369 2643/2643 2901/2901
f 2900/2900 2526/2526 2639/2639
f 2612/2612 2902/2902 2610/2610
f 2417/2417 2899/2899 2902/2902
f 2902/2902 2899/2899 2642/2642
f 2899/2899 2644/2644 2901/2901
f 2901/2901 2644/2644 2646/2646
f 2369/2369 2901/2901 2367/2367
f 2367/2367 2901/2901 2646/2646
f 2369/2369 2526/2526 2900/2900
f 2612/2612 2417/2417 2902/2902
f 2415/2415 2417/2417 2612/2612
f 2369/2369 2368/2368 2526/2526
f 1773/1773 2313/2313 2357/2357
f 2314/2314 1853/1853 2444/2444
f 2444/2444 1853/1853 2441/2441
f 2315/2315 2347/2347 1917/1917
f 1917/1917 2347/2347 2346/2346
f 2315/2315 2316/2316 2347/2347
f 2347/2347 2316/2316 2350/2350
f 2316/2316 2317/2317 2350/2350
f 2350/2350 2317/2317 2351/2351
f 2317/2317 1773/1773 2351/2351
f 2351/2351 1773/1773 2359/2359
f 1851/1851 1849/1849 2440/2440
f 2440/2440 1849/1849 2439/2439
f 2903/2903 2904/2904 2905/2905
f 2905/2905 2904/2904 2906/2906
f 2907/2907 2908/2908 2909/2909
f 2909/2909 2908/2908 2905/2905
f 2910/2910 2911/2911 2912/2912
f 2912/2912 2911/2911 2913/2913
f 2909/2909 2914/2914 2907/2907
f 2907/2907 2914/2914 2915/2915
f 2916/2916 2917/2917 2918/2918
f 2918/2918 2917/2917 2919/2919
f 2920/2920 2921/2921 2922/2922
f 2923/2923 2924/2924 2921/2921
f 2925/2925 2926/2926 2927/2927
f 2928/2928 2929/2929 2930/2930
f 2930/2930 2929/2929 2931/2931
f 2932/2932 2933/2933 2934/2934
f 2934/2934 2935/2935 2936/2936
f 2937/2937 2938/2938 2939/2939
f 2940/2940 2925/2925 2927/2927
f 2941/2941 2942/2942 2940/2940
f 2940/2940 2942/2942 2925/2925
f 2943/2943 2944/2944 2945/2945
f 2946/2946 2947/2947 2948/2948
f 2948/2948 2947/2947 2949/2949
f 2950/2950 2951/2951 2952/2952
f 2953/2953 2954/2954 2955/2955
f 2955/2955 2954/2954 2956/2956
f 2957/2957 2958/2958 2959/2959
f 2959/2959 2958/2958 2960/2960
f 2959/2959 2961/2961 2957/2957
f 2957/2957 2961/2961 2962/2962
f 2957/2957 2962/2962 2963/2963
f 2962/2962 2961/2961 2964/2964
f 2964/2964 2961/2961 2965/2965
f 2966/2966 2967/2967 2968/2968
f 2968/2968 2967/2967 2969/2969
f 2970/2970 2971/2971 2972/2972
f 2972/2972 2971/2971 2973/2973
f 2974/2974 2975/2975 2976/2976
f 2976/2976 2975/2975 2977/2977
f 2978/2978 2979/2979 2980/2980
f 2981/2981 2982/2982 2983/2983
f 2984/2984 2983/2983 2985/2985
f 2986/2986 2985/2985 2987/2987
f 2980/2980 2988/2988 2989/2989
f 2989/2989 2988/2988 2990/2990
f 2991/2991 2990/2990 2992/2992
f 2992/2992 2990/2990 2988/2988
f 2993/2993 2994/2994 2988/2988
f 2988/2988 2994/2994 2992/2992
f 2995/2995 2996/2996 2997/2997
f 2997/2997 2996/2996 2998/2998
f 2996/2996 2999/2999 2998/2998
f 2998/2998 2999/2999 3000/3000
f 2995/2995 3001/3001 2996/2996
f 2996/2996 3001/3001 3002/3002
f 3003/3003 3004/3004 3005/3005
f 3006/3006 3007/3007 3008/3008
f 3008/3008 3007/3007 3009/3009
f 3010/3010 3011/3011 2994/2994
f 2994/2994 3011/3011 3009/3009
f 3012/3012 3007/3007 3013/3013
f 3013/3013 3007/3007 3006/3006
f 3011/3011 3010/3010 3014/3014
f 3015/3015 3016/3016 3017/3017
f 3018/3018 3019/3019 3020/3020
f 3021/3021 3015/3015 3017/3017
f 3022/3022 3023/3023 3024/3024
f 3024/3024 3023/3023 3025/3025
f 3022/3022 3026/3026 3027/3027
f 3027/3027 3026/3026 3028/3028
f 2904/2904 2903/2903 3029/3029
f 3029/3029 2903/2903 3030/3030
f 3031/3031 3032/3032 3029/3029
f 3029/3029 3032/3032 2904/2904
f 3033/3033 2906/2906 3032/3032
f 3032/3032 2906/2906 2904/2904
f 3028/3028 3034/3034 3027/3027
f 3027/3027 3034/3034 3035/3035
f 3023/3023 3027/3027 3036/3036
f 3036/3036 3027/3027 3035/3035
f 3037/3037 2911/2911 3038/3038
f 3038/3038 2911/2911 3039/3039
f 3040/3040 3041/3041 3042/3042
f 3042/3042 3041/3041 3043/3043
f 3041/3041 3033/3033 2918/2918
f 2918/2918 3033/3033 3044/3044
f 2918/2918 2919/2919 3041/3041
f 3041/3041 2919/2919 3043/3043
f 3031/3031 3045/3045 3032/3032
f 3032/3032 3045/3045 3046/3046
f 3047/3047 3048/3048 3045/3045
f 3045/3045 3048/3048 3046/3046
f 3048/3048 3049/3049 3046/3046
f 3046/3046 3049/3049 3044/3044
f 2910/2910 2930/2930 3050/3050
f 3050/3050 2930/2930 3051/3051
f 2910/2910 2912/2912 2930/2930
f 2930/2930 2912/2912 2928/2928
f 2922/2922 2921/2921 3052/3052
f 3052/3052 2921/2921 3053/3053
f 2921/2921 2924/2924 3053/3053
f 3053/3053 2924/2924 3054/3054
f 3055/3055 2923/2923 2920/2920
f 2920/2920 2923/2923 2921/2921
f 3054/3054 2924/2924 2925/2925
f 2925/2925 2924/2924 2926/2926
f 2927/2927 2926/2926 2938/2938
f 2938/2938 2926/2926 3056/3056
f 3057/3057 3058/3058 3047/3047
f 3047/3047 3058/3058 3048/3048
f 3059/3059 3060/3060 3061/3061
f 3061/3061 3060/3060 3051/3051
f 3062/3062 3059/3059 3063/3063
f 3063/3063 3059/3059 3061/3061
f 3064/3064 3065/3065 3066/3066
f 3066/3066 3065/3065 3067/3067
f 3068/3068 3069/3069 3064/3064
f 3064/3064 3069/3069 3065/3065
f 3070/3070 3071/3071 3072/3072
f 3072/3072 3071/3071 3073/3073
f 3070/3070 3072/3072 3074/3074
f 3074/3074 3072/3072 3075/3075
f 3076/3076 3074/3074 2942/2942
f 2942/2942 3074/3074 3075/3075
f 3058/3058 3077/3077 3048/3048
f 3048/3048 3077/3077 3049/3049
f 2916/2916 3078/3078 2917/2917
f 2917/2917 3078/3078 3079/3079
f 2917/2917 3079/3079 3056/3056
f 3056/3056 3079/3079 3080/3080
f 3056/3056 3080/3080 2938/2938
f 2938/2938 3080/3080 2939/2939
f 3081/3081 3082/3082 3083/3083
f 3083/3083 3082/3082 3084/3084
f 3085/3085 3086/3086 3083/3083
f 3083/3083 3086/3086 3087/3087
f 3088/3088 3086/3086 3089/3089
f 3089/3089 3086/3086 3085/3085
f 3090/3090 3081/3081 3087/3087
f 3087/3087 3081/3081 3083/3083
f 3091/3091 2936/2936 3092/3092
f 3092/3092 2936/2936 2935/2935
f 3093/3093 3091/3091 3094/3094
f 3094/3094 3091/3091 3092/3092
f 3078/3078 3090/3090 3079/3079
f 3079/3079 3090/3090 3087/3087
f 3058/3058 3093/3093 3077/3077
f 3077/3077 3093/3093 3094/3094
f 3079/3079 3087/3087 3080/3080
f 3080/3080 3087/3087 3086/3086
f 3080/3080 3086/3086 2939/2939
f 2939/2939 3086/3086 3088/3088
f 2936/2936 3091/3091 3095/3095
f 3095/3095 3091/3091 3096/3096
f 3097/3097 3096/3096 3093/3093
f 3093/3093 3096/3096 3091/3091
f 3098/3098 3088/3088 3099/3099
f 3099/3099 3088/3088 3089/3089
f 2939/2939 3088/3088 2937/2937
f 2937/2937 3088/3088 3098/3098
f 2937/2937 3098/3098 3100/3100
f 3100/3100 3098/3098 3101/3101
f 3098/3098 3099/3099 3101/3101
f 3101/3101 3099/3099 2943/2943
f 3102/3102 3103/3103 3101/3101
f 3101/3101 3103/3103 3100/3100
f 3102/3102 3101/3101 2945/2945
f 2945/2945 3101/3101 2943/2943
f 2938/2938 2937/2937 2927/2927
f 2927/2927 2937/2937 3100/3100
f 3103/3103 2940/2940 3100/3100
f 3100/3100 2940/2940 2927/2927
f 3104/3104 2944/2944 3105/3105
f 3105/3105 2944/2944 2943/2943
f 3106/3106 3107/3107 3108/3108
f 3108/3108 3107/3107 3109/3109
f 2948/2948 3106/3106 2946/2946
f 2946/2946 3106/3106 3076/3076
f 2953/2953 3110/3110 2954/2954
f 2954/2954 3110/3110 3111/3111
f 3111/3111 3112/3112 2969/2969
f 2969/2969 3112/3112 2968/2968
f 2967/2967 3113/3113 2969/2969
f 2969/2969 3113/3113 3114/3114
f 3074/3074 3108/3108 3070/3070
f 3070/3070 3108/3108 3115/3115
f 3115/3115 3116/3116 3070/3070
f 3070/3070 3116/3116 3071/3071
f 3117/3117 3066/3066 3116/3116
f 3116/3116 3066/3066 3071/3071
f 3118/3118 3068/3068 3119/3119
f 3119/3119 3068/3068 3064/3064
f 3063/3063 3069/3069 3120/3120
f 3120/3120 3069/3069 3121/3121
f 3122/3122 3123/3123 3118/3118
f 3118/3118 3123/3123 3068/3068
f 3124/3124 3062/3062 3120/3120
f 3120/3120 3062/3062 3063/3063
f 2955/2955 2956/2956 3125/3125
f 3125/3125 2956/2956 3126/3126
f 3127/3127 3128/3128 3126/3126
f 3126/3126 3128/3128 3129/3129
f 2963/2963 3130/3130 2957/2957
f 2957/2957 3130/3130 2958/2958
f 3131/3131 3132/3132 3133/3133
f 3133/3133 3132/3132 3134/3134
f 3135/3135 3136/3136 3137/3137
f 3137/3137 3136/3136 3138/3138
f 3139/3139 3140/3140 2950/2950
f 2950/2950 3140/3140 2951/2951
f 3139/3139 2950/2950 2944/2944
f 2944/2944 2950/2950 2945/2945
f 3141/3141 3142/3142 3143/3143
f 3143/3143 3142/3142 3144/3144
f 3132/3132 3143/3143 2952/2952
f 2952/2952 3143/3143 3144/3144
f 3141/3141 2947/2947 3142/3142
f 3142/3142 2947/2947 3145/3145
f 3146/3146 3147/3147 2949/2949
f 2949/2949 3147/3147 3148/3148
f 3149/3149 3146/3146 3143/3143
f 3143/3143 3146/3146 3141/3141
f 3131/3131 3149/3149 3132/3132
f 3132/3132 3149/3149 3143/3143
f 3113/3113 3150/3150 3114/3114
f 3114/3114 3150/3150 3151/3151
f 3152/3152 3127/3127 3150/3150
f 3150/3150 3127/3127 3151/3151
f 3152/3152 3153/3153 3127/3127
f 3127/3127 3153/3153 3128/3128
f 3137/3137 3154/3154 3135/3135
f 3135/3135 3154/3154 3155/3155
f 3156/3156 3136/3136 3157/3157
f 3157/3157 3136/3136 3158/3158
f 3159/3159 3160/3160 3161/3161
f 3161/3161 3160/3160 3158/3158
f 3159/3159 3162/3162 3160/3160
f 3160/3160 3162/3162 3163/3163
f 3161/3161 3135/3135 3164/3164
f 3164/3164 3135/3135 3155/3155
f 3161/3161 3164/3164 3159/3159
f 3159/3159 3164/3164 3165/3165
f 3159/3159 3165/3165 3162/3162
f 3162/3162 3165/3165 3166/3166
f 3167/3167 3168/3168 3169/3169
f 3169/3169 3168/3168 3170/3170
f 3170/3170 3168/3168 3171/3171
f 3171/3171 3168/3168 3172/3172
f 3173/3173 3167/3167 3174/3174
f 3174/3174 3167/3167 3169/3169
f 2961/2961 3153/3153 2965/2965
f 2965/2965 3153/3153 3175/3175
f 3176/3176 3177/3177 3178/3178
f 3178/3178 3177/3177 3179/3179
f 3177/3177 3176/3176 3180/3180
f 3180/3180 3176/3176 3181/3181
f 3182/3182 3180/3180 3183/3183
f 3183/3183 3180/3180 3181/3181
f 3183/3183 3184/3184 3185/3185
f 3185/3185 3184/3184 3186/3186
f 3187/3187 3188/3188 3189/3189
f 3189/3189 3188/3188 3190/3190
f 3191/3191 3192/3192 3193/3193
f 3193/3193 3192/3192 3194/3194
f 3195/3195 3196/3196 3197/3197
f 3197/3197 3196/3196 3198/3198
f 3199/3199 3200/3200 3201/3201
f 3201/3201 3200/3200 3202/3202
f 3203/3203 3201/3201 3204/3204
f 3204/3204 3201/3201 3202/3202
f 3205/3205 3206/3206 3207/3207
f 3207/3207 3206/3206 3208/3208
f 3209/3209 3210/3210 3211/3211
f 3211/3211 3210/3210 3212/3212
f 2975/2975 3190/3190 3213/3213
f 3213/3213 3190/3190 3214/3214
f 2970/2970 3215/3215 3209/3209
f 3209/3209 3215/3215 3216/3216
f 3211/3211 2971/2971 3209/3209
f 3209/3209 2971/2971 2970/2970
f 3217/3217 3218/3218 2976/2976
f 2976/2976 3218/3218 2974/2974
f 3219/3219 3220/3220 3217/3217
f 3217/3217 3220/3220 3218/3218
f 3221/3221 3200/3200 3222/3222
f 3222/3222 3200/3200 3196/3196
f 3223/3223 3224/3224 3222/3222
f 3222/3222 3224/3224 3225/3225
f 3221/3221 3226/3226 3200/3200
f 3200/3200 3226/3226 3202/3202
f 3227/3227 3226/3226 3228/3228
f 3228/3228 3226/3226 3221/3221
f 3204/3204 3202/3202 3229/3229
f 3229/3229 3202/3202 3226/3226
f 3230/3230 3229/3229 3227/3227
f 3227/3227 3229/3229 3226/3226
f 3231/3231 3232/3232 3206/3206
f 3206/3206 3232/3232 3208/3208
f 3233/3233 3234/3234 3231/3231
f 3231/3231 3234/3234 3232/3232
f 3235/3235 3002/3002 3236/3236
f 3236/3236 3002/3002 3001/3001
f 3237/3237 2978/2978 2989/2989
f 2989/2989 2978/2978 2980/2980
f 3238/3238 3237/3237 2985/2985
f 2985/2985 3237/3237 2989/2989
f 3239/3239 3240/3240 3241/3241
f 3241/3241 3240/3240 3242/3242
f 3243/3243 3240/3240 3244/3244
f 3244/3244 3240/3240 3239/3239
f 3245/3245 3246/3246 3247/3247
f 3247/3247 3246/3246 3248/3248
f 3246/3246 3245/3245 3249/3249
f 3249/3249 3245/3245 3250/3250
f 3247/3247 3251/3251 3245/3245
f 3245/3245 3251/3251 3252/3252
f 3253/3253 3250/3250 3252/3252
f 3252/3252 3250/3250 3245/3245
f 3005/3005 2984/2984 2986/2986
f 2986/2986 2984/2984 2985/2985
f 2990/2990 2987/2987 2989/2989
f 2989/2989 2987/2987 2985/2985
f 2998/2998 3000/3000 2993/2993
f 2993/2993 3000/3000 3254/3254
f 2999/2999 3255/3255 3000/3000
f 3000/3000 3255/3255 3256/3256
f 3254/3254 3000/3000 3257/3257
f 3257/3257 3000/3000 3256/3256
f 3021/3021 3017/3017 2999/2999
f 2999/2999 3017/3017 3255/3255
f 2996/2996 3002/3002 2999/2999
f 2999/2999 3002/3002 3021/3021
f 3258/3258 2983/2983 3259/3259
f 3259/3259 2983/2983 2984/2984
f 3259/3259 2984/2984 3004/3004
f 3004/3004 2984/2984 3005/3005
f 2986/2986 2987/2987 3260/3260
f 3260/3260 2987/2987 2990/2990
f 2991/2991 3261/3261 2990/2990
f 2990/2990 3261/3261 3260/3260
f 3260/3260 3262/3262 2986/2986
f 2986/2986 3262/3262 3005/3005
f 3263/3263 3003/3003 3262/3262
f 3262/3262 3003/3003 3005/3005
f 3264/3264 3262/3262 3261/3261
f 3261/3261 3262/3262 3260/3260
f 3263/3263 3262/3262 3265/3265
f 3265/3265 3262/3262 3264/3264
f 3254/3254 3010/3010 2993/2993
f 2993/2993 3010/3010 2994/2994
f 3254/3254 3257/3257 3010/3010
f 3010/3010 3257/3257 3266/3266
f 3011/3011 3267/3267 3009/3009
f 3009/3009 3267/3267 3008/3008
f 3268/3268 3269/3269 3006/3006
f 3006/3006 3269/3269 3013/3013
f 2991/2991 3012/3012 3261/3261
f 3261/3261 3012/3012 3270/3270
f 3268/3268 3271/3271 3269/3269
f 3269/3269 3271/3271 3272/3272
f 3261/3261 3270/3270 3264/3264
f 3264/3264 3270/3270 3273/3273
f 3274/3274 3265/3265 3273/3273
f 3273/3273 3265/3265 3264/3264
f 3274/3274 3273/3273 3275/3275
f 3275/3275 3273/3273 3272/3272
f 3014/3014 3276/3276 3011/3011
f 3011/3011 3276/3276 3267/3267
f 3277/3277 3278/3278 3014/3014
f 3014/3014 3278/3278 3276/3276
f 3010/3010 3266/3266 3014/3014
f 3014/3014 3266/3266 3277/3277
f 3279/3279 3280/3280 3281/3281
f 3281/3281 3280/3280 3282/3282
f 3280/3280 3019/3019 3282/3282
f 3282/3282 3019/3019 3283/3283
f 3284/3284 3285/3285 3281/3281
f 3281/3281 3285/3285 3279/3279
f 3285/3285 3284/3284 3286/3286
f 3286/3286 3284/3284 3287/3287
f 3288/3288 3289/3289 3287/3287
f 3287/3287 3289/3289 3286/3286
f 3290/3290 3291/3291 3015/3015
f 3015/3015 3291/3291 3016/3016
f 3288/3288 3292/3292 3289/3289
f 3289/3289 3292/3292 3293/3293
f 3002/3002 3235/3235 3021/3021
f 3021/3021 3235/3235 3015/3015
f 3294/3294 3289/3289 3295/3295
f 3295/3295 3289/3289 3293/3293
f 3252/3252 3258/3258 3253/3253
f 3253/3253 3258/3258 3296/3296
f 3286/3286 3289/3289 3297/3297
f 3297/3297 3289/3289 3294/3294
f 3286/3286 3297/3297 3285/3285
f 3285/3285 3297/3297 3298/3298
f 3251/3251 2983/2983 3252/3252
f 3252/3252 2983/2983 3258/3258
f 3285/3285 3298/3298 3279/3279
f 3279/3279 3298/3298 3299/3299
f 3279/3279 3299/3299 3280/3280
f 3280/3280 3299/3299 3300/3300
f 3301/3301 3302/3302 3018/3018
f 3018/3018 3302/3302 3019/3019
f 3302/3302 3301/3301 3303/3303
f 3303/3303 3301/3301 3304/3304
f 3301/3301 3305/3305 3304/3304
f 3302/3302 3303/3303 3306/3306
f 3303/3303 3307/3307 3306/3306
f 3307/3307 3308/3308 3306/3306
f 3309/3309 3310/3310 3139/3139
f 3139/3139 3310/3310 3140/3140
f 2909/2909 3040/3040 2914/2914
f 2914/2914 3040/3040 3042/3042
f 3097/3097 3093/3093 3057/3057
f 3057/3057 3093/3093 3058/3058
f 3095/3095 2932/2932 2936/2936
f 2936/2936 2932/2932 2934/2934
f 2947/2947 2946/2946 3145/3145
f 3145/3145 2946/2946 2941/2941
f 2972/2972 3311/3311 2970/2970
f 2970/2970 3311/3311 3215/3215
f 3238/3238 2985/2985 2982/2982
f 2982/2982 2985/2985 2983/2983
f 3020/3020 3019/3019 3300/3300
f 3300/3300 3019/3019 3280/3280
f 3302/3302 3306/3306 3019/3019
f 3019/3019 3306/3306 3283/3283
f 3220/3220 3193/3193 3218/3218
f 3218/3218 3193/3193 3194/3194
f 3251/3251 2981/2981 2983/2983
f 3108/3108 3074/3074 3106/3106
f 3106/3106 3074/3074 3076/3076
f 2948/2948 3312/3312 3106/3106
f 3106/3106 3312/3312 3107/3107
f 3108/3108 3109/3109 3115/3115
f 3115/3115 3109/3109 3313/3313
f 3313/3313 3314/3314 3115/3115
f 3115/3115 3314/3314 3116/3116
f 3314/3314 3315/3315 3116/3116
f 3116/3116 3315/3315 3117/3117
f 3119/3119 3316/3316 3118/3118
f 3118/3118 3316/3316 3317/3317
f 3318/3318 3319/3319 3317/3317
f 3317/3317 3319/3319 3320/3320
f 3156/3156 3321/3321 3322/3322
f 3322/3322 3321/3321 3323/3323
f 3141/3141 3146/3146 2947/2947
f 2947/2947 3146/3146 2949/2949
f 3324/3324 3147/3147 3157/3157
f 3157/3157 3147/3147 3325/3325
f 3157/3157 3325/3325 3156/3156
f 3156/3156 3325/3325 3321/3321
f 3290/3290 3240/3240 3291/3291
f 3291/3291 3240/3240 3243/3243
f 3240/3240 3290/3290 3242/3242
f 3242/3242 3290/3290 3326/3326
f 3235/3235 3326/3326 3015/3015
f 3015/3015 3326/3326 3290/3290
f 3326/3326 3235/3235 3236/3236
f 3026/3026 3030/3030 3028/3028
f 3028/3028 3030/3030 2903/2903
f 2903/2903 2908/2908 3028/3028
f 3028/3028 2908/2908 3034/3034
f 3052/3052 3073/3073 2929/2929
f 2929/2929 3073/3073 3067/3067
f 3117/3117 3119/3119 3066/3066
f 3066/3066 3119/3119 3064/3064
f 3128/3128 2959/2959 3129/3129
f 3129/3129 2959/2959 2960/2960
f 3153/3153 2961/2961 3128/3128
f 3128/3128 2961/2961 2959/2959
f 3153/3153 3152/3152 3175/3175
f 3175/3175 3152/3152 3327/3327
f 2974/2974 3189/3189 2975/2975
f 2975/2975 3189/3189 3190/3190
f 3328/3328 3329/3329 3315/3315
f 3315/3315 3329/3329 3316/3316
f 2975/2975 3213/3213 2977/2977
f 2977/2977 3213/3213 3330/3330
f 3212/3212 3331/3331 3211/3211
f 3331/3331 3332/3332 3211/3211
f 3211/3211 3332/3332 2971/2971
f 2971/2971 3332/3332 2973/2973
f 2973/2973 3332/3332 3333/3333
f 3195/3195 3223/3223 3196/3196
f 3196/3196 3223/3223 3222/3222
f 3225/3225 3228/3228 3222/3222
f 3222/3222 3228/3228 3221/3221
f 3334/3334 3312/3312 3335/3335
f 3335/3335 3312/3312 3148/3148
f 3162/3162 3166/3166 2968/2968
f 2968/2968 3166/3166 2966/2966
f 3336/3336 3178/3178 3337/3337
f 3337/3337 3178/3178 3179/3179
f 3335/3335 3163/3163 3334/3334
f 3334/3334 3163/3163 3112/3112
f 3229/3229 3231/3231 3204/3204
f 3204/3204 3231/3231 3206/3206
f 3230/3230 3233/3233 3229/3229
f 3229/3229 3233/3233 3231/3231
f 3338/3338 2907/2907 2913/2913
f 2913/2913 2907/2907 2915/2915
f 2922/2922 3052/3052 2912/2912
f 2912/2912 3052/3052 2928/2928
f 2928/2928 3052/3052 2929/2929
f 3214/3214 3190/3190 3339/3339
f 3339/3339 3190/3190 3188/3188
f 3340/3340 3214/3214 3341/3341
f 3341/3341 3214/3214 3339/3339
f 3342/3342 3343/3343 3341/3341
f 3341/3341 3343/3343 3340/3340
f 3344/3344 3343/3343 3345/3345
f 3345/3345 3343/3343 3342/3342
f 3346/3346 3344/3344 3347/3347
f 3347/3347 3344/3344 3345/3345
f 3348/3348 3346/3346 3349/3349
f 3349/3349 3346/3346 3347/3347
f 3350/3350 3351/3351 3201/3201
f 3201/3201 3351/3351 3199/3199
f 3350/3350 3201/3201 3352/3352
f 3352/3352 3201/3201 3203/3203
f 3351/3351 3198/3198 3199/3199
f 3199/3199 3198/3198 3196/3196
f 3352/3352 3203/3203 3205/3205
f 3205/3205 3203/3203 3206/3206
f 2954/2954 3114/3114 2956/2956
f 2956/2956 3114/3114 3151/3151
f 3318/3318 3329/3329 2958/2958
f 2958/2958 3329/3329 2960/2960
f 2969/2969 3114/3114 3111/3111
f 3111/3111 3114/3114 2954/2954
f 3110/3110 3334/3334 3111/3111
f 3111/3111 3334/3334 3112/3112
f 2956/2956 3151/3151 3126/3126
f 3126/3126 3151/3151 3127/3127
f 3328/3328 3125/3125 3129/3129
f 3129/3129 3125/3125 3126/3126
f 3130/3130 3319/3319 2958/2958
f 2958/2958 3319/3319 3318/3318
f 3136/3136 3156/3156 3138/3138
f 3138/3138 3156/3156 3322/3322
f 3135/3135 3161/3161 3136/3136
f 3136/3136 3161/3161 3158/3158
f 3160/3160 3324/3324 3158/3158
f 3158/3158 3324/3324 3157/3157
f 3163/3163 3335/3335 3160/3160
f 3160/3160 3335/3335 3324/3324
f 3329/3329 3328/3328 2960/2960
f 2960/2960 3328/3328 3129/3129
f 3163/3163 3162/3162 3112/3112
f 3112/3112 3162/3162 2968/2968
f 3215/3215 3213/3213 3216/3216
f 3216/3216 3213/3213 3214/3214
f 3311/3311 3330/3330 3215/3215
f 3215/3215 3330/3330 3213/3213
f 3216/3216 3214/3214 3353/3353
f 3353/3353 3214/3214 3340/3340
f 3353/3353 3210/3210 3216/3216
f 3216/3216 3210/3210 3209/3209
f 3354/3354 3207/3207 3355/3355
f 3355/3355 3207/3207 3212/3212
f 3355/3355 3212/3212 3356/3356
f 3356/3356 3212/3212 3210/3210
f 3357/3357 3358/3358 3346/3346
f 3346/3346 3358/3358 3344/3344
f 3359/3359 3358/3358 3360/3360
f 3360/3360 3358/3358 3357/3357
f 3361/3361 3360/3360 3348/3348
f 3348/3348 3360/3360 3357/3357
f 3362/3362 3197/3197 3363/3363
f 3363/3363 3197/3197 3198/3198
f 3364/3364 3365/3365 3363/3363
f 3363/3363 3365/3365 3362/3362
f 3366/3366 3348/3348 3367/3367
f 3367/3367 3348/3348 3349/3349
f 3368/3368 3369/3369 3370/3370
f 3370/3370 3369/3369 3371/3371
f 3370/3370 3365/3365 3368/3368
f 3368/3368 3365/3365 3364/3364
f 3367/3367 3349/3349 3372/3372
f 3372/3372 3349/3349 3373/3373
f 3192/3192 3191/3191 3374/3374
f 3375/3375 3374/3374 3373/3373
f 3373/3373 3374/3374 3372/3372
f 3188/3188 3187/3187 3376/3376
f 3376/3376 3187/3187 3375/3375
f 3377/3377 3373/3373 3347/3347
f 3347/3347 3373/3373 3349/3349
f 3341/3341 3376/3376 3342/3342
f 3342/3342 3376/3376 3377/3377
f 3341/3341 3339/3339 3376/3376
f 3376/3376 3339/3339 3188/3188
f 3378/3378 3379/3379 3380/3380
f 3380/3380 3379/3379 3381/3381
f 3380/3380 3382/3382 3378/3378
f 3378/3378 3382/3382 3383/3383
f 3384/3384 3385/3385 3380/3380
f 3380/3380 3385/3385 3382/3382
f 3384/3384 3380/3380 3174/3174
f 3174/3174 3380/3380 3381/3381
f 3386/3386 3379/3379 3387/3387
f 3387/3387 3379/3379 3378/3378
f 3378/3378 3383/3383 3387/3387
f 3387/3387 3383/3383 3388/3388
f 3388/3388 3361/3361 3366/3366
f 3366/3366 3361/3361 3348/3348
f 3389/3389 3177/3177 3390/3390
f 3390/3390 3177/3177 3180/3180
f 3391/3391 3392/3392 3390/3390
f 3390/3390 3392/3392 3389/3389
f 3393/3393 3392/3392 3394/3394
f 3394/3394 3392/3392 3391/3391
f 3395/3395 3396/3396 3350/3350
f 3350/3350 3396/3396 3351/3351
f 3397/3397 3398/3398 3395/3395
f 3395/3395 3398/3398 3396/3396
f 3393/3393 3399/3399 3397/3397
f 3397/3397 3399/3399 3398/3398
f 3399/3399 3393/3393 3394/3394
f 3399/3399 3368/3368 3398/3398
f 3398/3398 3368/3368 3364/3364
f 3398/3398 3364/3364 3396/3396
f 3396/3396 3364/3364 3363/3363
f 3368/3368 3399/3399 3369/3369
f 3369/3369 3399/3399 3394/3394
f 3396/3396 3363/3363 3351/3351
f 3351/3351 3363/3363 3198/3198
f 3400/3400 3401/3401 3171/3171
f 3171/3171 3401/3401 3170/3170
f 3401/3401 3400/3400 3402/3402
f 3402/3402 3400/3400 3403/3403
f 3404/3404 3405/3405 3406/3406
f 3406/3406 3405/3405 3407/3407
f 3405/3405 3404/3404 3408/3408
f 3408/3408 3404/3404 3409/3409
f 3179/3179 3177/3177 3410/3410
f 3410/3410 3177/3177 3389/3389
f 3337/3337 3179/3179 3411/3411
f 3411/3411 3179/3179 3410/3410
f 3337/3337 3411/3411 3171/3171
f 3171/3171 3411/3411 3400/3400
f 3389/3389 3392/3392 3410/3410
f 3410/3410 3392/3392 3412/3412
f 3411/3411 3410/3410 3413/3413
f 3413/3413 3410/3410 3412/3412
f 3403/3403 3400/3400 3411/3411
f 3395/3395 3350/3350 3414/3414
f 3414/3414 3350/3350 3352/3352
f 3397/3397 3395/3395 3415/3415
f 3415/3415 3395/3395 3414/3414
f 3393/3393 3397/3397 3416/3416
f 3416/3416 3397/3397 3415/3415
f 3393/3393 3416/3416 3392/3392
f 3392/3392 3416/3416 3412/3412
f 3417/3417 3413/3413 3416/3416
f 3416/3416 3413/3413 3412/3412
f 3416/3416 3415/3415 3417/3417
f 3417/3417 3415/3415 3418/3418
f 3205/3205 3207/3207 3419/3419
f 3419/3419 3207/3207 3354/3354
f 3418/3418 3415/3415 3419/3419
f 3419/3419 3415/3415 3414/3414
f 3409/3409 3354/3354 3408/3408
f 3408/3408 3354/3354 3355/3355
f 3419/3419 3414/3414 3205/3205
f 3205/3205 3414/3414 3352/3352
f 3354/3354 3409/3409 3419/3419
f 3419/3419 3409/3409 3418/3418
f 3417/3417 3418/3418 3404/3404
f 3404/3404 3418/3418 3409/3409
f 3404/3404 3406/3406 3417/3417
f 3417/3417 3406/3406 3413/3413
f 3180/3180 3182/3182 3390/3390
f 3390/3390 3182/3182 3420/3420
f 3421/3421 3391/3391 3420/3420
f 3420/3420 3391/3391 3390/3390
f 3391/3391 3421/3421 3394/3394
f 3394/3394 3421/3421 3369/3369
f 3422/3422 3420/3420 3423/3423
f 3423/3423 3420/3420 3182/3182
f 3421/3421 3420/3420 3424/3424
f 3424/3424 3420/3420 3422/3422
f 3369/3369 3421/3421 3371/3371
f 3371/3371 3421/3421 3424/3424
f 3425/3425 3384/3384 3174/3174
f 3426/3426 3405/3405 3427/3427
f 3427/3427 3405/3405 3408/3408
f 3428/3428 3429/3429 3427/3427
f 3427/3427 3429/3429 3426/3426
f 3428/3428 3344/3344 3429/3429
f 3429/3429 3344/3344 3358/3358
f 3210/3210 3353/3353 3356/3356
f 3356/3356 3353/3353 3430/3430
f 3353/3353 3340/3340 3430/3430
f 3430/3430 3340/3340 3343/3343
f 3356/3356 3430/3430 3427/3427
f 3427/3427 3430/3430 3428/3428
f 3408/3408 3355/3355 3427/3427
f 3427/3427 3355/3355 3356/3356
f 3431/3431 3169/3169 3401/3401
f 3401/3401 3169/3169 3170/3170
f 3401/3401 3402/3402 3431/3431
f 3431/3431 3402/3402 3432/3432
f 3433/3433 3407/3407 3426/3426
f 3426/3426 3407/3407 3405/3405
f 3431/3431 3425/3425 3169/3169
f 3169/3169 3425/3425 3174/3174
f 3411/3411 3413/3413 3403/3403
f 3403/3403 3413/3413 3406/3406
f 3406/3406 3407/3407 3403/3403
f 3403/3403 3407/3407 3402/3402
f 3402/3402 3407/3407 3432/3432
f 3432/3432 3407/3407 3433/3433
f 3433/3433 3429/3429 3434/3434
f 3432/3432 3433/3433 3435/3435
f 3435/3435 3433/3433 3434/3434
f 3436/3436 3359/3359 3385/3385
f 3385/3385 3359/3359 3382/3382
f 3382/3382 3359/3359 3360/3360
f 3360/3360 3361/3361 3382/3382
f 3382/3382 3361/3361 3383/3383
f 3383/3383 3361/3361 3388/3388
f 3429/3429 3358/3358 3434/3434
f 3434/3434 3358/3358 3359/3359
f 3359/3359 3436/3436 3434/3434
f 3434/3434 3436/3436 3435/3435
f 3167/3167 3437/3437 3168/3168
f 3168/3168 3437/3437 3438/3438
f 3438/3438 3439/3439 3168/3168
f 3168/3168 3439/3439 3172/3172
f 3173/3173 3327/3327 3167/3167
f 3167/3167 3327/3327 3437/3437
f 3440/3440 3441/3441 3442/3442
f 3174/3174 3381/3381 3173/3173
f 3173/3173 3381/3381 3440/3440
f 3442/3442 3441/3441 3443/3443
f 3443/3443 3441/3441 3444/3444
f 3337/3337 3171/3171 3336/3336
f 3336/3336 3171/3171 3172/3172
f 3440/3440 3381/3381 3441/3441
f 3441/3441 3381/3381 3379/3379
f 3441/3441 3379/3379 3444/3444
f 3444/3444 3379/3379 3386/3386
f 3185/3185 3423/3423 3183/3183
f 3183/3183 3423/3423 3182/3182
f 3181/3181 3184/3184 3183/3183
f 3154/3154 3445/3445 3155/3155
f 3155/3155 3445/3445 3446/3446
f 3155/3155 3446/3446 3164/3164
f 3164/3164 3446/3446 3447/3447
f 3447/3447 3448/3448 3164/3164
f 3164/3164 3448/3448 3165/3165
f 3448/3448 3449/3449 3165/3165
f 3165/3165 3449/3449 3166/3166
f 3449/3449 3450/3450 3166/3166
f 3166/3166 3450/3450 2966/2966
f 3450/3450 3439/3439 2966/2966
f 2966/2966 3439/3439 2967/2967
f 3331/3331 3208/3208 3332/3332
f 3332/3332 3208/3208 3232/3232
f 3332/3332 3232/3232 3333/3333
f 3333/3333 3232/3232 3234/3234
f 3212/3212 3207/3207 3331/3331
f 3331/3331 3207/3207 3208/3208
f 3374/3374 3375/3375 3192/3192
f 3192/3192 3375/3375 3187/3187
f 3192/3192 3187/3187 3194/3194
f 3194/3194 3187/3187 3189/3189
f 3194/3194 3189/3189 3218/3218
f 3218/3218 3189/3189 2974/2974
f 3107/3107 3110/3110 3109/3109
f 3109/3109 3110/3110 2953/2953
f 3147/3147 3324/3324 3148/3148
f 3148/3148 3324/3324 3335/3335
f 3334/3334 3110/3110 3312/3312
f 3312/3312 3110/3110 3107/3107
f 3109/3109 2953/2953 3313/3313
f 3313/3313 2953/2953 2955/2955
f 3313/3313 2955/2955 3314/3314
f 3314/3314 2955/2955 3125/3125
f 3125/3125 3328/3328 3314/3314
f 3314/3314 3328/3328 3315/3315
f 3316/3316 3329/3329 3317/3317
f 3317/3317 3329/3329 3318/3318
f 3320/3320 3122/3122 3317/3317
f 3317/3317 3122/3122 3118/3118
f 3321/3321 3131/3131 3323/3323
f 3323/3323 3131/3131 3133/3133
f 3147/3147 3146/3146 3325/3325
f 3325/3325 3146/3146 3149/3149
f 3325/3325 3149/3149 3321/3321
f 3321/3321 3149/3149 3131/3131
f 3119/3119 3117/3117 3316/3316
f 3316/3316 3117/3117 3315/3315
f 3312/3312 2948/2948 3148/3148
f 3148/3148 2948/2948 2949/2949
f 2930/2930 2931/2931 3051/3051
f 3051/3051 2931/2931 3061/3061
f 3060/3060 3451/3451 3051/3051
f 3051/3051 3451/3451 3050/3050
f 3451/3451 3452/3452 3050/3050
f 3050/3050 3452/3452 3039/3039
f 3038/3038 3453/3453 3036/3036
f 3036/3036 3453/3453 3454/3454
f 3022/3022 3027/3027 3023/3023
f 2920/2920 2922/2922 2912/2912
f 3268/3268 3006/3006 3267/3267
f 3267/3267 3006/3006 3008/3008
f 3270/3270 3012/3012 3269/3269
f 3269/3269 3012/3012 3013/3013
f 3273/3273 3270/3270 3272/3272
f 3272/3272 3270/3270 3269/3269
f 3271/3271 3455/3455 3272/3272
f 3272/3272 3455/3455 3275/3275
f 3271/3271 3268/3268 3276/3276
f 3276/3276 3268/3268 3267/3267
f 3455/3455 3271/3271 3278/3278
f 3278/3278 3271/3271 3276/3276
f 2991/2991 2992/2992 3012/3012
f 3012/3012 2992/2992 3007/3007
f 3007/3007 2992/2992 3009/3009
f 3009/3009 2992/2992 2994/2994
f 2906/2906 3040/3040 2905/2905
f 2905/2905 3040/3040 2909/2909
f 2908/2908 2903/2903 2905/2905
f 3033/3033 3041/3041 2906/2906
f 2906/2906 3041/3041 3040/3040
f 3338/3338 3037/3037 3034/3034
f 3034/3034 3037/3037 3035/3035
f 3035/3035 3037/3037 3036/3036
f 3036/3036 3037/3037 3038/3038
f 3033/3033 3032/3032 3044/3044
f 3044/3044 3032/3032 3046/3046
f 3049/3049 2916/2916 3044/3044
f 3044/3044 2916/2916 2918/2918
f 3078/3078 2916/2916 3077/3077
f 3077/3077 2916/2916 3049/3049
f 3082/3082 3081/3081 2935/2935
f 2935/2935 3081/3081 3092/3092
f 3081/3081 3090/3090 3092/3092
f 3092/3092 3090/3090 3094/3094
f 3094/3094 3090/3090 3077/3077
f 3077/3077 3090/3090 3078/3078
f 2907/2907 3338/3338 2908/2908
f 2908/2908 3338/3338 3034/3034
f 3037/3037 3338/3338 2911/2911
f 2911/2911 3338/3338 2913/2913
f 2914/2914 3055/3055 2915/2915
f 2915/2915 3055/3055 2920/2920
f 2911/2911 2910/2910 3039/3039
f 3039/3039 2910/2910 3050/3050
f 3043/3043 2924/2924 3042/3042
f 3042/3042 2924/2924 2923/2923
f 2919/2919 2926/2926 3043/3043
f 3043/3043 2926/2926 2924/2924
f 2923/2923 3055/3055 3042/3042
f 3042/3042 3055/3055 2914/2914
f 2920/2920 2912/2912 2915/2915
f 2915/2915 2912/2912 2913/2913
f 3056/3056 2926/2926 2917/2917
f 2917/2917 2926/2926 2919/2919
f 3061/3061 2931/2931 3063/3063
f 3084/3084 3082/3082 3456/3456
f 3457/3457 2935/2935 3458/3458
f 3458/3458 2935/2935 2934/2934
f 3458/3458 2934/2934 2933/2933
f 3459/3459 3085/3085 3084/3084
f 3084/3084 3085/3085 3083/3083
f 3089/3089 3085/3085 3460/3460
f 3460/3460 3085/3085 3459/3459
f 3099/3099 3089/3089 3461/3461
f 3461/3461 3089/3089 3460/3460
f 3105/3105 2943/2943 3461/3461
f 3461/3461 2943/2943 3099/3099
f 3456/3456 3082/3082 3457/3457
f 3457/3457 3082/3082 2935/2935
f 3023/3023 3036/3036 3025/3025
f 3025/3025 3036/3036 3454/3454
f 3038/3038 3039/3039 3453/3453
f 3453/3453 3039/3039 3452/3452
f 2998/2998 2993/2993 2980/2980
f 2980/2980 2993/2993 2988/2988
f 3342/3342 3377/3377 3345/3345
f 3345/3345 3377/3377 3347/3347
f 3199/3199 3196/3196 3200/3200
f 3204/3204 3206/3206 3203/3203
f 3344/3344 3428/3428 3343/3343
f 3343/3343 3428/3428 3430/3430
f 3348/3348 3357/3357 3346/3346
f 3373/3373 3377/3377 3375/3375
f 3375/3375 3377/3377 3376/3376
f 3425/3425 3436/3436 3384/3384
f 3384/3384 3436/3436 3385/3385
f 3429/3429 3433/3433 3426/3426
f 3431/3431 3432/3432 3425/3425
f 3425/3425 3432/3432 3435/3435
f 3425/3425 3435/3435 3436/3436
f 3309/3309 3139/3139 3104/3104
f 3104/3104 3139/3139 2944/2944
f 3065/3065 2931/2931 3067/3067
f 3067/3067 2931/2931 2929/2929
f 3069/3069 3063/3063 3065/3065
f 3065/3065 3063/3063 2931/2931
f 3052/3052 3053/3053 3073/3073
f 3073/3073 3053/3053 3072/3072
f 3053/3053 3054/3054 3072/3072
f 3072/3072 3054/3054 3075/3075
f 3054/3054 2925/2925 3075/3075
f 3075/3075 2925/2925 2942/2942
f 3069/3069 3068/3068 3121/3121
f 3121/3121 3068/3068 3123/3123
f 3142/3142 3102/3102 3144/3144
f 3144/3144 3102/3102 2945/2945
f 2945/2945 2950/2950 3144/3144
f 3144/3144 2950/2950 2952/2952
f 3103/3103 3102/3102 3145/3145
f 3145/3145 3102/3102 3142/3142
f 2940/2940 3103/3103 2941/2941
f 2941/2941 3103/3103 3145/3145
f 3073/3073 3071/3071 3067/3067
f 3067/3067 3071/3071 3066/3066
f 2946/2946 3076/3076 2941/2941
f 2941/2941 3076/3076 2942/2942
f 2951/2951 3134/3134 2952/2952
f 2952/2952 3134/3134 3132/3132
f 3462/3462 3463/3463 3464/3464
f 3464/3464 3463/3463 3465/3465
f 3466/3466 3467/3467 3468/3468
f 3468/3468 3467/3467 3463/3463
f 3469/3469 3470/3470 3471/3471
f 3471/3471 3470/3470 3472/3472
f 3467/3467 3466/3466 3473/3473
f 3473/3473 3466/3466 3474/3474
f 3475/3475 3476/3476 3477/3477
f 3477/3477 3476/3476 3478/3478
f 3479/3479 3480/3480 3481/3481
f 3482/3482 3481/3481 3483/3483
f 3484/3484 3485/3485 3486/3486
f 3487/3487 3488/3488 3489/3489
f 3489/3489 3488/3488 3490/3490
f 3491/3491 3492/3492 2933/2933
f 3492/3492 3493/3493 3494/3494
f 3495/3495 3496/3496 3497/3497
f 3498/3498 3485/3485 3484/3484
f 3484/3484 3499/3499 3498/3498
f 3498/3498 3499/3499 3500/3500
f 3501/3501 3502/3502 3503/3503
f 3504/3504 3505/3505 3506/3506
f 3506/3506 3505/3505 3507/3507
f 3508/3508 3509/3509 3510/3510
f 3511/3511 3512/3512 3513/3513
f 3513/3513 3512/3512 3514/3514
f 3515/3515 3516/3516 3517/3517
f 3517/3517 3516/3516 3518/3518
f 3517/3517 3518/3518 3519/3519
f 3519/3519 3518/3518 3520/3520
f 3518/3518 3521/3521 3520/3520
f 3520/3520 3522/3522 3519/3519
f 3519/3519 3522/3522 3523/3523
f 3524/3524 3525/3525 3526/3526
f 3526/3526 3525/3525 3527/3527
f 3528/3528 3529/3529 3530/3530
f 3530/3530 3529/3529 3531/3531
f 3532/3532 3533/3533 3534/3534
f 3534/3534 3533/3533 3535/3535
f 3536/3536 3537/3537 3538/3538
f 3539/3539 3540/3540 3541/3541
f 3542/3542 3543/3543 3540/3540
f 3544/3544 3545/3545 3543/3543
f 3546/3546 3547/3547 3548/3548
f 3548/3548 3547/3547 3537/3537
f 3547/3547 3546/3546 3549/3549
f 3549/3549 3546/3546 3550/3550
f 3549/3549 3551/3551 3547/3547
f 3547/3547 3551/3551 3552/3552
f 3553/3553 3554/3554 3555/3555
f 3555/3555 3554/3554 3556/3556
f 3557/3557 3558/3558 3553/3553
f 3553/3553 3558/3558 3554/3554
f 3559/3559 3560/3560 3554/3554
f 3554/3554 3560/3560 3556/3556
f 3561/3561 3562/3562 3563/3563
f 3564/3564 3565/3565 3566/3566
f 3566/3566 3565/3565 3567/3567
f 3564/3564 3568/3568 3551/3551
f 3551/3551 3568/3568 3569/3569
f 3570/3570 3571/3571 3565/3565
f 3565/3565 3571/3571 3567/3567
f 3568/3568 3572/3572 3569/3569
f 3573/3573 3574/3574 3575/3575
f 3576/3576 3577/3577 3578/3578
f 3579/3579 3574/3574 3573/3573
f 3580/3580 3024/3024 3581/3581
f 3581/3581 3024/3024 3025/3025
f 3582/3582 3583/3583 3584/3584
f 3584/3584 3583/3583 3585/3585
f 3586/3586 3462/3462 3587/3587
f 3587/3587 3462/3462 3464/3464
f 3588/3588 3587/3587 3589/3589
f 3589/3589 3587/3587 3464/3464
f 3464/3464 3465/3465 3589/3589
f 3589/3589 3465/3465 3590/3590
f 3591/3591 3592/3592 3583/3583
f 3583/3583 3592/3592 3585/3585
f 3581/3581 3593/3593 3594/3594
f 3594/3594 3593/3593 3595/3595
f 3596/3596 3597/3597 3598/3598
f 3598/3598 3597/3597 3599/3599
f 3600/3600 3601/3601 3602/3602
f 3602/3602 3601/3601 3603/3603
f 3602/3602 3477/3477 3590/3590
f 3590/3590 3477/3477 3604/3604
f 3477/3477 3602/3602 3475/3475
f 3475/3475 3602/3602 3603/3603
f 3588/3588 3589/3589 3605/3605
f 3605/3605 3589/3589 3606/3606
f 3607/3607 3605/3605 3608/3608
f 3608/3608 3605/3605 3606/3606
f 3608/3608 3606/3606 3609/3609
f 3609/3609 3606/3606 3604/3604
f 3610/3610 3611/3611 3612/3612
f 3612/3612 3611/3611 3613/3613
f 3469/3469 3489/3489 3470/3470
f 3470/3470 3489/3489 3490/3490
f 3480/3480 3614/3614 3481/3481
f 3481/3481 3614/3614 3615/3615
f 3481/3481 3615/3615 3483/3483
f 3483/3483 3615/3615 3616/3616
f 3617/3617 3479/3479 3482/3482
f 3482/3482 3479/3479 3481/3481
f 3616/3616 3484/3484 3483/3483
f 3483/3483 3484/3484 3486/3486
f 3618/3618 3486/3486 3497/3497
f 3497/3497 3486/3486 3485/3485
f 3619/3619 3607/3607 3620/3620
f 3620/3620 3607/3607 3608/3608
f 3613/3613 3060/3060 3621/3621
f 3621/3621 3060/3060 3059/3059
f 3062/3062 3622/3622 3059/3059
f 3059/3059 3622/3622 3621/3621
f 3623/3623 3624/3624 3625/3625
f 3625/3625 3624/3624 3626/3626
f 3627/3627 3623/3623 3628/3628
f 3628/3628 3623/3623 3625/3625
f 3629/3629 3630/3630 3631/3631
f 3631/3631 3630/3630 3632/3632
f 3633/3633 3630/3630 3634/3634
f 3634/3634 3630/3630 3629/3629
f 3635/3635 3499/3499 3634/3634
f 3634/3634 3499/3499 3633/3633
f 3620/3620 3608/3608 3636/3636
f 3636/3636 3608/3608 3609/3609
f 3478/3478 3476/3476 3637/3637
f 3637/3637 3476/3476 3638/3638
f 3476/3476 3618/3618 3638/3638
f 3638/3638 3618/3618 3639/3639
f 3496/3496 3639/3639 3497/3497
f 3497/3497 3639/3639 3618/3618
f 3640/3640 3641/3641 3642/3642
f 3642/3642 3641/3641 3084/3084
f 3643/3643 3641/3641 3644/3644
f 3644/3644 3641/3641 3645/3645
f 3646/3646 3647/3647 3644/3644
f 3644/3644 3647/3647 3643/3643
f 3648/3648 3645/3645 3640/3640
f 3640/3640 3645/3645 3641/3641
f 3649/3649 3650/3650 3493/3493
f 3493/3493 3650/3650 3494/3494
f 3651/3651 3652/3652 3649/3649
f 3649/3649 3652/3652 3650/3650
f 3637/3637 3638/3638 3648/3648
f 3648/3648 3638/3638 3645/3645
f 3620/3620 3636/3636 3651/3651
f 3651/3651 3636/3636 3652/3652
f 3638/3638 3639/3639 3645/3645
f 3645/3645 3639/3639 3644/3644
f 3639/3639 3496/3496 3644/3644
f 3644/3644 3496/3496 3646/3646
f 3493/3493 3653/3653 3649/3649
f 3649/3649 3653/3653 3654/3654
f 3655/3655 3651/3651 3654/3654
f 3654/3654 3651/3651 3649/3649
f 3656/3656 3657/3657 3646/3646
f 3646/3646 3657/3657 3647/3647
f 3656/3656 3646/3646 3495/3495
f 3495/3495 3646/3646 3496/3496
f 3658/3658 3656/3656 3659/3659
f 3659/3659 3656/3656 3495/3495
f 3656/3656 3658/3658 3657/3657
f 3657/3657 3658/3658 3501/3501
f 3659/3659 3660/3660 3658/3658
f 3658/3658 3660/3660 3661/3661
f 3661/3661 3502/3502 3658/3658
f 3658/3658 3502/3502 3501/3501
f 3497/3497 3485/3485 3495/3495
f 3495/3495 3485/3485 3659/3659
f 3660/3660 3659/3659 3498/3498
f 3498/3498 3659/3659 3485/3485
f 3104/3104 3105/3105 3503/3503
f 3503/3503 3105/3105 3501/3501
f 3662/3662 3663/3663 3664/3664
f 3664/3664 3663/3663 3665/3665
f 3635/3635 3665/3665 3504/3504
f 3504/3504 3665/3665 3505/3505
f 3514/3514 3512/3512 3666/3666
f 3666/3666 3512/3512 3667/3667
f 3524/3524 3668/3668 3525/3525
f 3525/3525 3668/3668 3667/3667
f 3669/3669 3670/3670 3525/3525
f 3525/3525 3670/3670 3527/3527
f 3634/3634 3629/3629 3664/3664
f 3664/3664 3629/3629 3671/3671
f 3631/3631 3672/3672 3629/3629
f 3629/3629 3672/3672 3671/3671
f 3631/3631 3624/3624 3672/3672
f 3672/3672 3624/3624 3673/3673
f 3623/3623 3627/3627 3674/3674
f 3674/3674 3627/3627 3675/3675
f 3676/3676 3677/3677 3628/3628
f 3628/3628 3677/3677 3678/3678
f 3627/3627 3679/3679 3675/3675
f 3675/3675 3679/3679 3680/3680
f 3124/3124 3677/3677 3062/3062
f 3062/3062 3677/3677 3676/3676
f 3681/3681 3511/3511 3682/3682
f 3682/3682 3511/3511 3513/3513
f 3683/3683 3681/3681 3684/3684
f 3684/3684 3681/3681 3685/3685
f 3521/3521 3518/3518 3686/3686
f 3686/3686 3518/3518 3516/3516
f 3687/3687 3688/3688 3689/3689
f 3689/3689 3688/3688 3690/3690
f 3691/3691 3692/3692 3693/3693
f 3693/3693 3692/3692 3694/3694
f 3695/3695 3508/3508 3696/3696
f 3696/3696 3508/3508 3510/3510
f 3695/3695 3503/3503 3508/3508
f 3508/3508 3503/3503 3502/3502
f 3697/3697 3698/3698 3699/3699
f 3699/3699 3698/3698 3700/3700
f 3688/3688 3509/3509 3698/3698
f 3698/3698 3509/3509 3700/3700
f 3697/3697 3699/3699 3506/3506
f 3506/3506 3699/3699 3701/3701
f 3702/3702 3703/3703 3507/3507
f 3507/3507 3703/3703 3704/3704
f 3705/3705 3698/3698 3704/3704
f 3704/3704 3698/3698 3697/3697
f 3690/3690 3688/3688 3705/3705
f 3705/3705 3688/3688 3698/3698
f 3706/3706 3707/3707 3669/3669
f 3669/3669 3707/3707 3670/3670
f 3708/3708 3707/3707 3683/3683
f 3683/3683 3707/3707 3706/3706
f 3708/3708 3683/3683 3709/3709
f 3709/3709 3683/3683 3684/3684
f 3710/3710 3711/3711 3691/3691
f 3691/3691 3711/3711 3692/3692
f 3712/3712 3713/3713 3693/3693
f 3693/3693 3713/3713 3714/3714
f 3715/3715 3716/3716 3717/3717
f 3717/3717 3716/3716 3714/3714
f 3715/3715 3717/3717 3718/3718
f 3718/3718 3717/3717 3719/3719
f 3710/3710 3691/3691 3720/3720
f 3720/3720 3691/3691 3716/3716
f 3721/3721 3720/3720 3715/3715
f 3715/3715 3720/3720 3716/3716
f 3722/3722 3721/3721 3718/3718
f 3718/3718 3721/3721 3715/3715
f 3723/3723 3724/3724 3725/3725
f 3725/3725 3724/3724 3726/3726
f 3724/3724 3727/3727 3726/3726
f 3726/3726 3727/3727 3728/3728
f 3723/3723 3725/3725 3729/3729
f 3729/3729 3725/3725 3730/3730
f 3519/3519 3523/3523 3709/3709
f 3709/3709 3523/3523 3731/3731
f 3732/3732 3733/3733 3734/3734
f 3734/3734 3733/3733 3735/3735
f 3734/3734 3736/3736 3732/3732
f 3732/3732 3736/3736 3737/3737
f 3738/3738 3739/3739 3736/3736
f 3736/3736 3739/3739 3737/3737
f 3739/3739 3740/3740 3741/3741
f 3741/3741 3740/3740 3742/3742
f 3743/3743 3744/3744 3745/3745
f 3745/3745 3744/3744 3746/3746
f 3747/3747 3748/3748 3749/3749
f 3749/3749 3748/3748 3750/3750
f 3751/3751 3752/3752 3753/3753
f 3753/3753 3752/3752 3754/3754
f 3755/3755 3756/3756 3757/3757
f 3757/3757 3756/3756 3758/3758
f 3755/3755 3757/3757 3759/3759
f 3759/3759 3757/3757 3760/3760
f 3761/3761 3762/3762 3763/3763
f 3763/3763 3762/3762 3764/3764
f 3765/3765 3766/3766 3767/3767
f 3767/3767 3766/3766 3768/3768
f 3769/3769 3743/3743 3770/3770
f 3770/3770 3743/3743 3534/3534
f 3771/3771 3772/3772 3765/3765
f 3765/3765 3772/3772 3528/3528
f 3528/3528 3530/3530 3765/3765
f 3765/3765 3530/3530 3766/3766
f 3773/3773 3533/3533 3774/3774
f 3774/3774 3533/3533 3532/3532
f 3774/3774 3775/3775 3773/3773
f 3773/3773 3775/3775 3776/3776
f 3777/3777 3778/3778 3756/3756
f 3756/3756 3778/3778 3752/3752
f 3779/3779 3778/3778 3780/3780
f 3780/3780 3778/3778 3781/3781
f 3777/3777 3756/3756 3782/3782
f 3782/3782 3756/3756 3755/3755
f 3783/3783 3784/3784 3782/3782
f 3782/3782 3784/3784 3777/3777
f 3759/3759 3785/3785 3755/3755
f 3755/3755 3785/3785 3782/3782
f 3786/3786 3783/3783 3785/3785
f 3785/3785 3783/3783 3782/3782
f 3761/3761 3787/3787 3762/3762
f 3762/3762 3787/3787 3788/3788
f 3789/3789 3788/3788 3790/3790
f 3790/3790 3788/3788 3787/3787
f 3791/3791 3792/3792 3559/3559
f 3559/3559 3792/3792 3560/3560
f 3793/3793 3548/3548 3536/3536
f 3536/3536 3548/3548 3537/3537
f 3794/3794 3543/3543 3793/3793
f 3793/3793 3543/3543 3548/3548
f 3795/3795 3796/3796 3797/3797
f 3797/3797 3796/3796 3798/3798
f 3799/3799 3800/3800 3797/3797
f 3797/3797 3800/3800 3795/3795
f 3801/3801 3802/3802 3803/3803
f 3803/3803 3802/3802 3804/3804
f 3803/3803 3805/3805 3801/3801
f 3801/3801 3805/3805 3806/3806
f 3802/3802 3801/3801 3807/3807
f 3807/3807 3801/3801 3808/3808
f 3809/3809 3808/3808 3806/3806
f 3806/3806 3808/3808 3801/3801
f 3562/3562 3544/3544 3542/3542
f 3542/3542 3544/3544 3543/3543
f 3546/3546 3548/3548 3545/3545
f 3545/3545 3548/3548 3543/3543
f 3810/3810 3557/3557 3552/3552
f 3552/3552 3557/3557 3553/3553
f 3558/3558 3557/3557 3811/3811
f 3811/3811 3557/3557 3812/3812
f 3810/3810 3813/3813 3557/3557
f 3557/3557 3813/3813 3812/3812
f 3811/3811 3574/3574 3558/3558
f 3558/3558 3574/3574 3579/3579
f 3579/3579 3559/3559 3558/3558
f 3558/3558 3559/3559 3554/3554
f 3542/3542 3540/3540 3814/3814
f 3814/3814 3540/3540 3815/3815
f 3814/3814 3563/3563 3542/3542
f 3542/3542 3563/3563 3562/3562
f 3544/3544 3816/3816 3545/3545
f 3545/3545 3816/3816 3546/3546
f 3816/3816 3817/3817 3546/3546
f 3546/3546 3817/3817 3550/3550
f 3816/3816 3544/3544 3818/3818
f 3818/3818 3544/3544 3562/3562
f 3819/3819 3818/3818 3561/3561
f 3561/3561 3818/3818 3562/3562
f 3816/3816 3818/3818 3817/3817
f 3817/3817 3818/3818 3820/3820
f 3819/3819 3821/3821 3818/3818
f 3818/3818 3821/3821 3820/3820
f 3551/3551 3569/3569 3552/3552
f 3552/3552 3569/3569 3810/3810
f 3810/3810 3569/3569 3813/3813
f 3813/3813 3569/3569 3822/3822
f 3568/3568 3564/3564 3823/3823
f 3823/3823 3564/3564 3566/3566
f 3571/3571 3824/3824 3567/3567
f 3567/3567 3824/3824 3825/3825
f 3550/3550 3817/3817 3570/3570
f 3570/3570 3817/3817 3826/3826
f 3825/3825 3824/3824 3827/3827
f 3827/3827 3824/3824 3828/3828
f 3817/3817 3820/3820 3826/3826
f 3826/3826 3820/3820 3829/3829
f 3820/3820 3821/3821 3829/3829
f 3829/3829 3821/3821 3830/3830
f 3830/3830 3831/3831 3829/3829
f 3829/3829 3831/3831 3828/3828
f 3823/3823 3832/3832 3568/3568
f 3568/3568 3832/3832 3572/3572
f 3832/3832 3833/3833 3572/3572
f 3572/3572 3833/3833 3834/3834
f 3569/3569 3572/3572 3822/3822
f 3822/3822 3572/3572 3834/3834
f 3835/3835 3836/3836 3837/3837
f 3837/3837 3836/3836 3838/3838
f 3837/3837 3838/3838 3578/3578
f 3578/3578 3838/3838 3839/3839
f 3840/3840 3836/3836 3841/3841
f 3841/3841 3836/3836 3835/3835
f 3842/3842 3840/3840 3843/3843
f 3843/3843 3840/3840 3841/3841
f 3844/3844 3842/3842 3845/3845
f 3845/3845 3842/3842 3843/3843
f 3846/3846 3573/3573 3847/3847
f 3847/3847 3573/3573 3575/3575
f 3844/3844 3845/3845 3848/3848
f 3848/3848 3845/3845 3849/3849
f 3559/3559 3579/3579 3791/3791
f 3791/3791 3579/3579 3573/3573
f 3850/3850 3851/3851 3845/3845
f 3845/3845 3851/3851 3849/3849
f 3852/3852 3815/3815 3809/3809
f 3809/3809 3815/3815 3808/3808
f 3850/3850 3845/3845 3853/3853
f 3853/3853 3845/3845 3843/3843
f 3843/3843 3841/3841 3853/3853
f 3853/3853 3841/3841 3854/3854
f 3807/3807 3808/3808 3540/3540
f 3540/3540 3808/3808 3815/3815
f 3855/3855 3854/3854 3835/3835
f 3835/3835 3854/3854 3841/3841
f 3835/3835 3837/3837 3855/3855
f 3855/3855 3837/3837 3856/3856
f 3857/3857 3576/3576 3858/3858
f 3858/3858 3576/3576 3578/3578
f 3858/3858 3859/3859 3857/3857
f 3859/3859 3860/3860 3857/3857
f 3857/3857 3860/3860 3861/3861
f 3858/3858 3862/3862 3859/3859
f 3859/3859 3862/3862 3863/3863
f 3862/3862 3864/3864 3863/3863
f 3309/3309 3695/3695 3310/3310
f 3310/3310 3695/3695 3696/3696
f 3467/3467 3473/3473 3600/3600
f 3600/3600 3473/3473 3601/3601
f 3620/3620 3651/3651 3619/3619
f 3619/3619 3651/3651 3655/3655
f 3492/3492 3491/3491 3493/3493
f 3493/3493 3491/3491 3653/3653
f 3506/3506 3701/3701 3504/3504
f 3504/3504 3701/3701 3500/3500
f 3529/3529 3528/3528 3865/3865
f 3865/3865 3528/3528 3772/3772
f 3794/3794 3541/3541 3543/3543
f 3543/3543 3541/3541 3540/3540
f 3837/3837 3578/3578 3856/3856
f 3856/3856 3578/3578 3577/3577
f 3858/3858 3578/3578 3862/3862
f 3862/3862 3578/3578 3839/3839
f 3750/3750 3748/3748 3774/3774
f 3774/3774 3748/3748 3775/3775
f 3807/3807 3540/3540 3539/3539
f 3664/3664 3665/3665 3634/3634
f 3634/3634 3665/3665 3635/3635
f 3505/3505 3665/3665 3866/3866
f 3866/3866 3665/3665 3663/3663
f 3664/3664 3671/3671 3662/3662
f 3662/3662 3671/3671 3867/3867
f 3672/3672 3868/3868 3671/3671
f 3671/3671 3868/3868 3867/3867
f 3673/3673 3869/3869 3672/3672
f 3672/3672 3869/3869 3868/3868
f 3674/3674 3675/3675 3870/3870
f 3870/3870 3675/3675 3871/3871
f 3872/3872 3871/3871 3873/3873
f 3873/3873 3871/3871 3874/3874
f 3875/3875 3876/3876 3877/3877
f 3877/3877 3876/3876 3712/3712
f 3507/3507 3704/3704 3506/3506
f 3506/3506 3704/3704 3697/3697
f 3878/3878 3703/3703 3713/3713
f 3713/3713 3703/3703 3879/3879
f 3876/3876 3878/3878 3712/3712
f 3712/3712 3878/3878 3713/3713
f 3799/3799 3797/3797 3847/3847
f 3847/3847 3797/3797 3846/3846
f 3880/3880 3846/3846 3798/3798
f 3798/3798 3846/3846 3797/3797
f 3846/3846 3880/3880 3573/3573
f 3573/3573 3880/3880 3791/3791
f 3880/3880 3792/3792 3791/3791
f 3584/3584 3585/3585 3586/3586
f 3586/3586 3585/3585 3462/3462
f 3592/3592 3468/3468 3585/3585
f 3585/3585 3468/3468 3462/3462
f 3626/3626 3632/3632 3488/3488
f 3488/3488 3632/3632 3614/3614
f 3673/3673 3624/3624 3674/3674
f 3674/3674 3624/3624 3623/3623
f 3684/3684 3685/3685 3517/3517
f 3517/3517 3685/3685 3515/3515
f 3709/3709 3684/3684 3519/3519
f 3519/3519 3684/3684 3517/3517
f 3709/3709 3731/3731 3708/3708
f 3708/3708 3731/3731 3881/3881
f 3743/3743 3745/3745 3534/3534
f 3534/3534 3745/3745 3532/3532
f 3882/3882 3869/3869 3883/3883
f 3883/3883 3869/3869 3870/3870
f 3534/3534 3535/3535 3770/3770
f 3770/3770 3535/3535 3884/3884
f 3768/3768 3766/3766 3885/3885
f 3530/3530 3886/3886 3766/3766
f 3766/3766 3886/3886 3885/3885
f 3530/3530 3531/3531 3886/3886
f 3886/3886 3531/3531 3887/3887
f 3778/3778 3779/3779 3752/3752
f 3752/3752 3779/3779 3754/3754
f 3781/3781 3778/3778 3784/3784
f 3784/3784 3778/3778 3777/3777
f 3888/3888 3889/3889 3866/3866
f 3866/3866 3889/3889 3702/3702
f 3526/3526 3722/3722 3524/3524
f 3524/3524 3722/3722 3718/3718
f 3890/3890 3891/3891 3733/3733
f 3733/3733 3891/3891 3735/3735
f 3668/3668 3719/3719 3888/3888
f 3888/3888 3719/3719 3889/3889
f 3785/3785 3759/3759 3788/3788
f 3788/3788 3759/3759 3762/3762
f 3786/3786 3785/3785 3789/3789
f 3789/3789 3785/3785 3788/3788
f 3892/3892 3472/3472 3466/3466
f 3466/3466 3472/3472 3474/3474
f 3490/3490 3614/3614 3470/3470
f 3470/3470 3614/3614 3480/3480
f 3490/3490 3488/3488 3614/3614
f 3744/3744 3743/3743 3893/3893
f 3893/3893 3743/3743 3769/3769
f 3893/3893 3769/3769 3894/3894
f 3894/3894 3769/3769 3895/3895
f 3896/3896 3894/3894 3897/3897
f 3897/3897 3894/3894 3895/3895
f 3896/3896 3897/3897 3898/3898
f 3898/3898 3897/3897 3899/3899
f 3898/3898 3899/3899 3900/3900
f 3900/3900 3899/3899 3901/3901
f 3900/3900 3901/3901 3902/3902
f 3902/3902 3901/3901 3903/3903
f 3904/3904 3757/3757 3905/3905
f 3905/3905 3757/3757 3758/3758
f 3904/3904 3906/3906 3757/3757
f 3757/3757 3906/3906 3760/3760
f 3752/3752 3751/3751 3758/3758
f 3758/3758 3751/3751 3905/3905
f 3906/3906 3764/3764 3760/3760
f 3760/3760 3764/3764 3762/3762
f 3512/3512 3511/3511 3669/3669
f 3669/3669 3511/3511 3706/3706
f 3515/3515 3883/3883 3516/3516
f 3516/3516 3883/3883 3872/3872
f 3512/3512 3669/3669 3667/3667
f 3667/3667 3669/3669 3525/3525
f 3668/3668 3888/3888 3667/3667
f 3667/3667 3888/3888 3666/3666
f 3511/3511 3681/3681 3706/3706
f 3706/3706 3681/3681 3683/3683
f 3681/3681 3682/3682 3685/3685
f 3685/3685 3682/3682 3882/3882
f 3686/3686 3516/3516 3873/3873
f 3873/3873 3516/3516 3872/3872
f 3693/3693 3694/3694 3712/3712
f 3712/3712 3694/3694 3877/3877
f 3714/3714 3716/3716 3693/3693
f 3693/3693 3716/3716 3691/3691
f 3717/3717 3714/3714 3879/3879
f 3879/3879 3714/3714 3713/3713
f 3719/3719 3717/3717 3889/3889
f 3889/3889 3717/3717 3879/3879
f 3685/3685 3882/3882 3515/3515
f 3515/3515 3882/3882 3883/3883
f 3719/3719 3668/3668 3718/3718
f 3718/3718 3668/3668 3524/3524
f 3772/3772 3771/3771 3770/3770
f 3770/3770 3771/3771 3769/3769
f 3865/3865 3772/3772 3884/3884
f 3884/3884 3772/3772 3770/3770
f 3895/3895 3769/3769 3907/3907
f 3907/3907 3769/3769 3771/3771
f 3765/3765 3767/3767 3771/3771
f 3771/3771 3767/3767 3907/3907
f 3768/3768 3763/3763 3908/3908
f 3908/3908 3763/3763 3909/3909
f 3908/3908 3910/3910 3768/3768
f 3768/3768 3910/3910 3767/3767
f 3911/3911 3901/3901 3912/3912
f 3912/3912 3901/3901 3899/3899
f 3911/3911 3912/3912 3913/3913
f 3913/3913 3912/3912 3914/3914
f 3915/3915 3903/3903 3913/3913
f 3913/3913 3903/3903 3911/3911
f 3751/3751 3753/3753 3916/3916
f 3916/3916 3753/3753 3917/3917
f 3918/3918 3916/3916 3919/3919
f 3919/3919 3916/3916 3917/3917
f 3902/3902 3903/3903 3920/3920
f 3920/3920 3903/3903 3921/3921
f 3922/3922 3923/3923 3924/3924
f 3924/3924 3923/3923 3925/3925
f 3918/3918 3919/3919 3922/3922
f 3922/3922 3919/3919 3923/3923
f 3926/3926 3902/3902 3927/3927
f 3927/3927 3902/3902 3920/3920
f 3749/3749 3928/3928 3747/3747
f 3929/3929 3926/3926 3928/3928
f 3928/3928 3926/3926 3927/3927
f 3929/3929 3746/3746 3930/3930
f 3930/3930 3746/3746 3744/3744
f 3931/3931 3900/3900 3926/3926
f 3926/3926 3900/3900 3902/3902
f 3894/3894 3896/3896 3930/3930
f 3930/3930 3896/3896 3931/3931
f 3894/3894 3930/3930 3893/3893
f 3893/3893 3930/3930 3744/3744
f 3932/3932 3933/3933 3934/3934
f 3934/3934 3933/3933 3935/3935
f 3936/3936 3937/3937 3935/3935
f 3935/3935 3937/3937 3934/3934
f 3938/3938 3934/3934 3939/3939
f 3939/3939 3934/3934 3937/3937
f 3938/3938 3729/3729 3934/3934
f 3934/3934 3729/3729 3932/3932
f 3935/3935 3933/3933 3940/3940
f 3940/3940 3933/3933 3941/3941
f 3942/3942 3936/3936 3940/3940
f 3940/3940 3936/3936 3935/3935
f 3942/3942 3921/3921 3915/3915
f 3915/3915 3921/3921 3903/3903
f 3736/3736 3734/3734 3943/3943
f 3943/3943 3734/3734 3944/3944
f 3945/3945 3943/3943 3946/3946
f 3946/3946 3943/3943 3944/3944
f 3945/3945 3946/3946 3947/3947
f 3947/3947 3946/3946 3948/3948
f 3949/3949 3904/3904 3950/3950
f 3950/3950 3904/3904 3905/3905
f 3951/3951 3949/3949 3952/3952
f 3952/3952 3949/3949 3950/3950
f 3948/3948 3951/3951 3953/3953
f 3953/3953 3951/3951 3952/3952
f 3953/3953 3947/3947 3948/3948
f 3918/3918 3922/3922 3952/3952
f 3952/3952 3922/3922 3953/3953
f 3916/3916 3918/3918 3950/3950
f 3950/3950 3918/3918 3952/3952
f 3947/3947 3953/3953 3924/3924
f 3924/3924 3953/3953 3922/3922
f 3751/3751 3916/3916 3905/3905
f 3905/3905 3916/3916 3950/3950
f 3954/3954 3727/3727 3955/3955
f 3955/3955 3727/3727 3724/3724
f 3956/3956 3954/3954 3957/3957
f 3957/3957 3954/3954 3955/3955
f 3958/3958 3959/3959 3960/3960
f 3960/3960 3959/3959 3961/3961
f 3960/3960 3962/3962 3958/3958
f 3958/3958 3962/3962 3963/3963
f 3944/3944 3734/3734 3964/3964
f 3964/3964 3734/3734 3735/3735
f 3964/3964 3735/3735 3965/3965
f 3965/3965 3735/3735 3891/3891
f 3891/3891 3727/3727 3965/3965
f 3965/3965 3727/3727 3954/3954
f 3966/3966 3946/3946 3964/3964
f 3964/3964 3946/3946 3944/3944
f 3966/3966 3964/3964 3967/3967
f 3967/3967 3964/3964 3965/3965
f 3956/3956 3965/3965 3954/3954
f 3949/3949 3968/3968 3904/3904
f 3904/3904 3968/3968 3906/3906
f 3968/3968 3949/3949 3969/3969
f 3969/3969 3949/3949 3951/3951
f 3969/3969 3951/3951 3970/3970
f 3970/3970 3951/3951 3948/3948
f 3948/3948 3946/3946 3970/3970
f 3970/3970 3946/3946 3966/3966
f 3971/3971 3970/3970 3967/3967
f 3967/3967 3970/3970 3966/3966
f 3972/3972 3969/3969 3971/3971
f 3971/3971 3969/3969 3970/3970
f 3909/3909 3763/3763 3973/3973
f 3973/3973 3763/3763 3764/3764
f 3972/3972 3973/3973 3969/3969
f 3969/3969 3973/3973 3968/3968
f 3963/3963 3962/3962 3909/3909
f 3909/3909 3962/3962 3908/3908
f 3973/3973 3764/3764 3968/3968
f 3968/3968 3764/3764 3906/3906
f 3909/3909 3973/3973 3963/3963
f 3963/3963 3973/3973 3972/3972
f 3971/3971 3958/3958 3972/3972
f 3972/3972 3958/3958 3963/3963
f 3967/3967 3959/3959 3971/3971
f 3971/3971 3959/3959 3958/3958
f 3974/3974 3738/3738 3943/3943
f 3943/3943 3738/3738 3736/3736
f 3975/3975 3974/3974 3945/3945
f 3945/3945 3974/3974 3943/3943
f 3945/3945 3947/3947 3975/3975
f 3975/3975 3947/3947 3924/3924
f 3738/3738 3974/3974 3976/3976
f 3976/3976 3974/3974 3977/3977
f 3975/3975 3978/3978 3974/3974
f 3974/3974 3978/3978 3977/3977
f 3978/3978 3975/3975 3925/3925
f 3925/3925 3975/3975 3924/3924
f 3979/3979 3729/3729 3938/3938
f 3962/3962 3960/3960 3980/3980
f 3980/3980 3960/3960 3981/3981
f 3982/3982 3980/3980 3983/3983
f 3983/3983 3980/3980 3981/3981
f 3912/3912 3899/3899 3983/3983
f 3983/3983 3899/3899 3982/3982
f 3984/3984 3907/3907 3910/3910
f 3910/3910 3907/3907 3767/3767
f 3897/3897 3895/3895 3984/3984
f 3984/3984 3895/3895 3907/3907
f 3910/3910 3980/3980 3984/3984
f 3984/3984 3980/3980 3982/3982
f 3910/3910 3908/3908 3980/3980
f 3980/3980 3908/3908 3962/3962
f 3985/3985 3955/3955 3723/3723
f 3723/3723 3955/3955 3724/3724
f 3986/3986 3957/3957 3985/3985
f 3985/3985 3957/3957 3955/3955
f 3987/3987 3981/3981 3961/3961
f 3961/3961 3981/3981 3960/3960
f 3729/3729 3979/3979 3723/3723
f 3723/3723 3979/3979 3985/3985
f 3965/3965 3956/3956 3967/3967
f 3967/3967 3956/3956 3959/3959
f 3957/3957 3961/3961 3956/3956
f 3956/3956 3961/3961 3959/3959
f 3957/3957 3986/3986 3961/3961
f 3961/3961 3986/3986 3987/3987
f 3987/3987 3988/3988 3983/3983
f 3986/3986 3989/3989 3987/3987
f 3987/3987 3989/3989 3988/3988
f 3990/3990 3939/3939 3914/3914
f 3939/3939 3937/3937 3914/3914
f 3914/3914 3937/3937 3913/3913
f 3936/3936 3915/3915 3937/3937
f 3937/3937 3915/3915 3913/3913
f 3936/3936 3942/3942 3915/3915
f 3983/3983 3988/3988 3912/3912
f 3912/3912 3988/3988 3914/3914
f 3989/3989 3990/3990 3988/3988
f 3988/3988 3990/3990 3914/3914
f 3726/3726 3991/3991 3725/3725
f 3725/3725 3991/3991 3992/3992
f 3728/3728 3993/3993 3726/3726
f 3726/3726 3993/3993 3991/3991
f 3725/3725 3992/3992 3730/3730
f 3730/3730 3992/3992 3881/3881
f 3994/3994 3995/3995 3996/3996
f 3994/3994 3932/3932 3730/3730
f 3730/3730 3932/3932 3729/3729
f 3995/3995 3997/3997 3996/3996
f 3996/3996 3997/3997 3998/3998
f 3890/3890 3728/3728 3891/3891
f 3891/3891 3728/3728 3727/3727
f 3994/3994 3996/3996 3932/3932
f 3932/3932 3996/3996 3933/3933
f 3996/3996 3998/3998 3933/3933
f 3933/3933 3998/3998 3941/3941
f 3739/3739 3738/3738 3740/3740
f 3740/3740 3738/3738 3976/3976
f 3737/3737 3739/3739 3741/3741
f 3711/3711 3710/3710 3999/3999
f 3999/3999 3710/3710 4000/4000
f 3710/3710 3720/3720 4000/4000
f 4000/4000 3720/3720 4001/4001
f 3721/3721 4002/4002 3720/3720
f 3720/3720 4002/4002 4001/4001
f 3722/3722 4003/4003 3721/3721
f 3721/3721 4003/4003 4002/4002
f 3526/3526 4004/4004 3722/3722
f 3722/3722 4004/4004 4003/4003
f 3527/3527 3993/3993 3526/3526
f 3526/3526 3993/3993 4004/4004
f 3885/3885 3886/3886 3761/3761
f 3761/3761 3886/3886 3787/3787
f 3886/3886 3887/3887 3787/3787
f 3787/3787 3887/3887 3790/3790
f 3768/3768 3885/3885 3763/3763
f 3763/3763 3885/3885 3761/3761
f 3928/3928 3749/3749 3929/3929
f 3929/3929 3749/3749 3746/3746
f 3749/3749 3750/3750 3746/3746
f 3746/3746 3750/3750 3745/3745
f 3750/3750 3774/3774 3745/3745
f 3745/3745 3774/3774 3532/3532
f 3663/3663 3662/3662 3666/3666
f 3666/3666 3662/3662 3514/3514
f 3703/3703 3702/3702 3879/3879
f 3879/3879 3702/3702 3889/3889
f 3663/3663 3666/3666 3866/3866
f 3866/3866 3666/3666 3888/3888
f 3662/3662 3867/3867 3514/3514
f 3514/3514 3867/3867 3513/3513
f 3867/3867 3868/3868 3513/3513
f 3513/3513 3868/3868 3682/3682
f 3869/3869 3882/3882 3868/3868
f 3868/3868 3882/3882 3682/3682
f 3870/3870 3871/3871 3883/3883
f 3883/3883 3871/3871 3872/3872
f 3874/3874 3871/3871 3680/3680
f 3680/3680 3871/3871 3675/3675
f 3876/3876 3875/3875 3690/3690
f 3690/3690 3875/3875 3689/3689
f 3703/3703 3878/3878 3704/3704
f 3704/3704 3878/3878 3705/3705
f 3878/3878 3876/3876 3705/3705
f 3705/3705 3876/3876 3690/3690
f 3869/3869 3673/3673 3870/3870
f 3870/3870 3673/3673 3674/3674
f 3866/3866 3702/3702 3505/3505
f 3505/3505 3702/3702 3507/3507
f 3621/3621 4005/4005 3613/3613
f 3613/3613 4005/4005 3612/3612
f 3611/3611 3451/3451 3613/3613
f 3613/3613 3451/3451 3060/3060
f 3599/3599 3452/3452 3611/3611
f 3611/3611 3452/3452 3451/3451
f 3597/3597 3593/3593 3453/3453
f 3453/3453 3593/3593 3454/3454
f 3580/3580 3581/3581 3594/3594
f 3479/3479 3470/3470 3480/3480
f 3566/3566 3567/3567 3823/3823
f 3823/3823 3567/3567 3825/3825
f 3571/3571 3570/3570 3824/3824
f 3824/3824 3570/3570 3826/3826
f 3824/3824 3826/3826 3828/3828
f 3828/3828 3826/3826 3829/3829
f 3831/3831 4006/4006 3828/3828
f 3828/3828 4006/4006 3827/3827
f 3823/3823 3825/3825 3832/3832
f 3832/3832 3825/3825 3827/3827
f 3832/3832 3827/3827 3833/3833
f 3833/3833 3827/3827 4006/4006
f 3565/3565 3549/3549 3570/3570
f 3570/3570 3549/3549 3550/3550
f 3565/3565 3564/3564 3549/3549
f 3549/3549 3564/3564 3551/3551
f 3465/3465 3463/3463 3600/3600
f 3600/3600 3463/3463 3467/3467
f 3468/3468 3463/3463 3462/3462
f 3590/3590 3465/3465 3602/3602
f 3602/3602 3465/3465 3600/3600
f 3591/3591 4007/4007 3592/3592
f 3592/3592 4007/4007 3892/3892
f 3595/3595 3593/3593 3596/3596
f 3596/3596 3593/3593 3597/3597
f 3590/3590 3604/3604 3589/3589
f 3589/3589 3604/3604 3606/3606
f 3609/3609 3604/3604 3478/3478
f 3478/3478 3604/3604 3477/3477
f 3609/3609 3478/3478 3636/3636
f 3636/3636 3478/3478 3637/3637
f 3650/3650 3640/3640 3494/3494
f 3494/3494 3640/3640 3642/3642
f 3652/3652 3648/3648 3650/3650
f 3650/3650 3648/3648 3640/3640
f 3652/3652 3636/3636 3648/3648
f 3648/3648 3636/3636 3637/3637
f 3592/3592 3892/3892 3468/3468
f 3468/3468 3892/3892 3466/3466
f 3472/3472 3892/3892 3471/3471
f 3471/3471 3892/3892 4007/4007
f 3473/3473 3474/3474 3617/3617
f 3617/3617 3474/3474 3479/3479
f 3598/3598 3599/3599 3610/3610
f 3610/3610 3599/3599 3611/3611
f 3603/3603 3601/3601 3483/3483
f 3483/3483 3601/3601 3482/3482
f 3475/3475 3603/3603 3486/3486
f 3486/3486 3603/3603 3483/3483
f 3473/3473 3617/3617 3601/3601
f 3601/3601 3617/3617 3482/3482
f 3472/3472 3470/3470 3474/3474
f 3474/3474 3470/3470 3479/3479
f 3475/3475 3486/3486 3476/3476
f 3476/3476 3486/3486 3618/3618
f 3621/3621 3622/3622 4005/4005
f 3084/3084 3456/3456 3642/3642
f 3457/3457 3458/3458 3494/3494
f 3494/3494 3458/3458 3492/3492
f 3458/3458 2933/2933 3492/3492
f 3459/3459 3084/3084 3643/3643
f 3643/3643 3084/3084 3641/3641
f 3459/3459 3643/3643 3460/3460
f 3460/3460 3643/3643 3647/3647
f 3460/3460 3647/3647 3461/3461
f 3461/3461 3647/3647 3657/3657
f 3105/3105 3461/3461 3501/3501
f 3501/3501 3461/3461 3657/3657
f 3456/3456 3457/3457 3642/3642
f 3642/3642 3457/3457 3494/3494
f 3454/3454 3593/3593 3025/3025
f 3025/3025 3593/3593 3581/3581
f 3452/3452 3599/3599 3453/3453
f 3453/3453 3599/3599 3597/3597
f 3553/3553 3537/3537 3552/3552
f 3552/3552 3537/3537 3547/3547
f 3896/3896 3898/3898 3931/3931
f 3931/3931 3898/3898 3900/3900
f 3758/3758 3756/3756 3752/3752
f 3759/3759 3760/3760 3762/3762
f 3899/3899 3897/3897 3982/3982
f 3982/3982 3897/3897 3984/3984
f 3903/3903 3901/3901 3911/3911
f 3926/3926 3929/3929 3931/3931
f 3931/3931 3929/3929 3930/3930
f 3939/3939 3990/3990 3938/3938
f 3938/3938 3990/3990 3979/3979
f 3983/3983 3981/3981 3987/3987
f 3989/3989 3986/3986 3979/3979
f 3979/3979 3986/3986 3985/3985
f 3979/3979 3990/3990 3989/3989
f 3503/3503 3695/3695 3104/3104
f 3104/3104 3695/3695 3309/3309
f 3625/3625 3626/3626 3487/3487
f 3487/3487 3626/3626 3488/3488
f 3628/3628 3625/3625 3676/3676
f 3676/3676 3625/3625 3487/3487
f 3630/3630 3615/3615 3632/3632
f 3632/3632 3615/3615 3614/3614
f 3633/3633 3616/3616 3630/3630
f 3630/3630 3616/3616 3615/3615
f 3499/3499 3484/3484 3633/3633
f 3633/3633 3484/3484 3616/3616
f 3628/3628 3678/3678 3627/3627
f 3627/3627 3678/3678 3679/3679
f 3699/3699 3700/3700 3661/3661
f 3661/3661 3700/3700 3502/3502
f 3509/3509 3508/3508 3700/3700
f 3700/3700 3508/3508 3502/3502
f 3699/3699 3661/3661 3701/3701
f 3701/3701 3661/3661 3660/3660
f 3701/3701 3660/3660 3500/3500
f 3500/3500 3660/3660 3498/3498
f 3632/3632 3626/3626 3631/3631
f 3631/3631 3626/3626 3624/3624
f 3499/3499 3635/3635 3500/3500
f 3500/3500 3635/3635 3504/3504
f 3510/3510 3509/3509 3687/3687
f 3687/3687 3509/3509 3688/3688
f 4008/4008 4009/4009 4010/4010
f 4010/4010 4009/4009 4011/4011
f 4012/4012 4013/4013 4014/4014
f 4014/4014 4013/4013 4015/4015
f 4016/4016 4008/4008 4017/4017
f 4017/4017 4008/4008 4010/4010
f 4018/4018 4019/4019 4012/4012
f 4012/4012 4019/4019 4013/4013
f 4020/4020 4021/4021 4022/4022
f 4017/4017 4022/4022 4021/4021
f 4023/4023 4024/4024 4025/4025
f 4025/4025 4024/4024 4026/4026
f 4027/4027 4026/4026 4024/4024
f 4027/4027 4019/4019 4026/4026
f 4028/4028 4029/4029 4030/4030
f 4030/4030 4029/4029 4031/4031
f 4032/4032 4033/4033 4034/4034
f 4035/4035 4036/4036 4033/4033
f 4033/4033 4036/4036 4037/4037
f 4038/4038 4039/4039 4040/4040
f 4041/4041 4038/4038 4024/4024
f 4024/4024 4038/4038 4040/4040
f 4015/4015 4024/4024 4040/4040
f 4042/4042 4038/4038 4043/4043
f 4041/4041 4020/4020 4038/4038
f 4038/4038 4020/4020 4043/4043
f 4011/4011 4043/4043 4020/4020
f 4009/4009 4044/4044 4011/4011
f 4011/4011 4044/4044 4043/4043
f 4039/4039 4045/4045 4040/4040
f 4040/4040 4045/4045 4046/4046
f 4040/4040 4046/4046 4015/4015
f 4015/4015 4046/4046 4014/4014
f 4047/4047 4048/4048 4046/4046
f 4046/4046 4048/4048 4049/4049
f 4047/4047 4044/4044 4048/4048
f 4048/4048 4044/4044 4050/4050
f 4051/4051 4048/4048 4052/4052
f 4052/4052 4048/4048 4050/4050
f 4051/4051 4053/4053 4048/4048
f 4048/4048 4053/4053 4049/4049
f 4024/4024 4015/4015 4027/4027
f 4027/4027 4015/4015 4013/4013
f 4010/4010 4011/4011 4022/4022
f 4022/4022 4011/4011 4020/4020
f 4054/4054 4051/4051 4055/4055
f 4055/4055 4051/4051 4052/4052
f 4056/4056 4057/4057 4058/4058
f 4058/4058 4057/4057 4029/4029
f 4059/4059 4053/4053 4054/4054
f 4054/4054 4053/4053 4051/4051
f 4058/4058 4029/4029 4060/4060
f 4060/4060 4029/4029 4028/4028
f 4022/4022 4017/4017 4010/4010
f 4061/4061 4032/4032 4041/4041
f 4041/4041 4032/4032 4020/4020
f 4041/4041 4024/4024 4061/4061
f 4061/4061 4024/4024 4023/4023
f 4057/4057 4062/4062 4029/4029
f 4029/4029 4062/4062 4031/4031
f 4031/4031 4063/4063 4030/4030
f 4030/4030 4063/4063 4064/4064
f 4063/4063 4031/4031 4065/4065
f 4065/4065 4031/4031 4062/4062
f 4035/4035 4061/4061 4066/4066
f 4066/4066 4061/4061 4023/4023
f 4066/4066 4023/4023 4025/4025
f 4067/4067 4036/4036 4066/4066
f 4066/4066 4036/4036 4035/4035
f 4034/4034 4021/4021 4032/4032
f 4032/4032 4021/4021 4020/4020
f 4033/4033 4032/4032 4035/4035
f 4035/4035 4032/4032 4061/4061
f 4039/4039 4038/4038 4068/4068
f 4069/4069 4070/4070 4047/4047
f 4047/4047 4070/4070 4044/4044
f 4044/4044 4070/4070 4043/4043
f 4043/4043 4070/4070 4042/4042
f 4046/4046 4045/4045 4047/4047
f 4047/4047 4045/4045 4069/4069
f 4071/4071 4072/4072 4073/4073
f 4074/4074 4075/4075 4076/4076
f 4077/4077 4078/4078 4072/4072
f 4079/4079 4078/4078 4077/4077
f 4072/4072 4071/4071 4077/4077
f 4075/4075 4074/4074 4080/4080
f 4081/4081 4082/4082 4083/4083
f 4083/4083 4082/4082 4084/4084
f 4085/4085 4076/4076 4083/4083
f 4083/4083 4076/4076 4086/4086
f 4070/4070 4087/4087 4042/4042
f 4088/4088 4081/4081 4089/4089
f 4089/4089 4081/4081 4073/4073
f 4045/4045 4039/4039 4090/4090
f 4091/4091 4092/4092 4085/4085
f 4085/4085 4092/4092 4076/4076
f 4070/4070 4069/4069 4087/4087
f 4087/4087 4069/4069 4093/4093
f 4094/4094 4072/4072 4095/4095
f 4095/4095 4072/4072 4078/4078
f 4096/4096 4097/4097 4078/4078
f 4078/4078 4097/4097 4095/4095
f 4098/4098 4096/4096 4079/4079
f 4079/4079 4096/4096 4078/4078
f 4096/4096 4098/4098 4097/4097
f 4097/4097 4098/4098 4099/4099
f 4079/4079 4100/4100 4098/4098
f 4098/4098 4100/4100 4099/4099
f 4100/4100 4079/4079 4101/4101
f 4101/4101 4079/4079 4102/4102
f 4077/4077 4080/4080 4079/4079
f 4079/4079 4080/4080 4102/4102
f 4103/4103 4101/4101 4104/4104
f 4104/4104 4101/4101 4102/4102
f 4074/4074 4105/4105 4080/4080
f 4104/4104 4102/4102 4106/4106
f 4106/4106 4102/4102 4105/4105
f 4107/4107 4106/4106 4108/4108
f 4108/4108 4106/4106 4105/4105
f 4107/4107 4103/4103 4106/4106
f 4106/4106 4103/4103 4104/4104
f 4105/4105 4074/4074 4108/4108
f 4108/4108 4074/4074 4109/4109
f 4077/4077 4071/4071 4080/4080
f 4080/4080 4071/4071 4075/4075
f 4073/4073 4086/4086 4071/4071
f 4094/4094 4089/4089 4072/4072
f 4072/4072 4089/4089 4073/4073
f 4076/4076 4092/4092 4074/4074
f 4074/4074 4092/4092 4109/4109
f 4080/4080 4105/4105 4102/4102
f 4088/4088 4082/4082 4081/4081
f 4110/4110 4091/4091 4085/4085
f 4111/4111 4112/4112 4113/4113
f 4113/4113 4112/4112 4114/4114
f 4115/4115 4116/4116 4114/4114
f 4117/4117 4111/4111 4118/4118
f 4119/4119 4120/4120 4121/4121
f 4121/4121 4120/4120 4122/4122
f 4118/4118 4123/4123 4117/4117
f 4117/4117 4123/4123 4124/4124
f 4112/4112 4119/4119 4121/4121
f 4111/4111 4117/4117 4125/4125
f 4125/4125 4126/4126 4111/4111
f 4111/4111 4126/4126 4112/4112
f 4126/4126 4119/4119 4112/4112
f 4084/4084 4110/4110 4083/4083
f 4083/4083 4110/4110 4085/4085
f 4081/4081 4083/4083 4073/4073
f 4073/4073 4083/4083 4086/4086
f 4093/4093 4069/4069 4090/4090
f 4090/4090 4069/4069 4045/4045
f 4075/4075 4086/4086 4076/4076
f 4071/4071 4086/4086 4075/4075
f 4038/4038 4042/4042 4068/4068
f 4113/4113 4116/4116 4127/4127
f 4114/4114 4116/4116 4113/4113
f 4128/4128 4129/4129 4130/4130
f 4130/4130 4129/4129 4131/4131
f 4132/4132 4133/4133 4134/4134
f 4134/4134 4133/4133 4135/4135
f 4136/4136 4137/4137 4138/4138
f 4138/4138 4137/4137 4139/4139
f 4128/4128 4130/4130 4140/4140
f 4140/4140 4130/4130 4141/4141
f 4142/4142 4132/4132 4143/4143
f 4143/4143 4132/4132 4134/4134
f 4136/4136 4138/4138 4144/4144
f 4144/4144 4138/4138 4145/4145
f 4140/4140 4141/4141 4146/4146
f 4146/4146 4141/4141 4147/4147
f 4148/4148 4142/4142 4149/4149
f 4149/4149 4142/4142 4143/4143
f 4144/4144 4145/4145 4150/4150
f 4150/4150 4145/4145 4151/4151
f 4146/4146 4147/4147 4152/4152
f 4152/4152 4147/4147 4153/4153
f 4154/4154 4148/4148 4155/4155
f 4155/4155 4148/4148 4149/4149
f 4150/4150 4151/4151 4156/4156
f 4156/4156 4151/4151 4157/4157
f 4158/4158 4159/4159 4155/4155
f 4155/4155 4159/4159 4154/4154
f 4157/4157 4160/4160 4156/4156
f 4156/4156 4160/4160 4161/4161
f 4162/4162 4163/4163 4164/4164
f 4164/4164 4163/4163 4165/4165
f 4166/4166 4167/4167 4168/4168
f 4168/4168 4167/4167 4169/4169
f 4170/4170 4171/4171 4168/4168
f 4168/4168 4171/4171 4166/4166
f 4172/4172 4169/4169 4173/4173
f 4173/4173 4169/4169 4167/4167
f 4132/4132 4138/4138 4133/4133
f 4133/4133 4138/4138 4139/4139
f 4132/4132 4142/4142 4138/4138
f 4138/4138 4142/4142 4145/4145
f 4142/4142 4148/4148 4145/4145
f 4145/4145 4148/4148 4151/4151
f 4148/4148 4154/4154 4151/4151
f 4151/4151 4154/4154 4157/4157
f 4152/4152 4153/4153 4174/4174
f 4174/4174 4153/4153 4175/4175
f 4154/4154 4159/4159 4157/4157
f 4157/4157 4159/4159 4160/4160
f 4164/4164 4131/4131 4162/4162
f 4162/4162 4131/4131 4129/4129
f 4133/4133 4169/4169 4135/4135
f 4135/4135 4169/4169 4172/4172
f 4170/4170 4168/4168 4137/4137
f 4137/4137 4168/4168 4139/4139
f 4168/4168 4169/4169 4139/4139
f 4139/4139 4169/4169 4133/4133
f 4126/4126 4125/4125 4119/4119
f 4119/4119 4125/4125 4117/4117
f 4013/4013 4019/4019 4027/4027
f 4176/4176 4177/4177 4178/4178
f 4178/4178 4177/4177 4179/4179
f 4180/4180 4181/4181 4182/4182
f 4182/4182 4181/4181 4183/4183
f 4177/4177 4176/4176 4184/4184
f 4184/4184 4176/4176 4185/4185
f 4186/4186 4183/4183 4187/4187
f 4187/4187 4183/4183 4181/4181
f 4188/4188 4189/4189 4190/4190
f 4184/4184 4190/4190 4189/4189
f 4191/4191 4192/4192 4193/4193
f 4193/4193 4192/4192 4194/4194
f 4195/4195 4193/4193 4194/4194
f 4195/4195 4194/4194 4187/4187
f 4196/4196 4197/4197 4198/4198
f 4198/4198 4197/4197 4199/4199
f 4200/4200 4201/4201 4202/4202
f 4203/4203 4202/4202 4204/4204
f 4204/4204 4202/4202 4205/4205
f 4206/4206 4207/4207 4208/4208
f 4209/4209 4193/4193 4206/4206
f 4206/4206 4193/4193 4207/4207
f 4180/4180 4207/4207 4193/4193
f 4210/4210 4211/4211 4206/4206
f 4209/4209 4206/4206 4188/4188
f 4188/4188 4206/4206 4211/4211
f 4179/4179 4188/4188 4211/4211
f 4178/4178 4179/4179 4212/4212
f 4212/4212 4179/4179 4211/4211
f 4213/4213 4214/4214 4207/4207
f 4207/4207 4214/4214 4208/4208
f 4207/4207 4180/4180 4213/4213
f 4213/4213 4180/4180 4182/4182
f 4215/4215 4213/4213 4216/4216
f 4216/4216 4213/4213 4217/4217
f 4215/4215 4216/4216 4212/4212
f 4212/4212 4216/4216 4218/4218
f 4219/4219 4220/4220 4216/4216
f 4216/4216 4220/4220 4218/4218
f 4219/4219 4216/4216 4221/4221
f 4221/4221 4216/4216 4217/4217
f 4193/4193 4195/4195 4180/4180
f 4180/4180 4195/4195 4181/4181
f 4177/4177 4189/4189 4179/4179
f 4179/4179 4189/4189 4188/4188
f 4222/4222 4223/4223 4219/4219
f 4219/4219 4223/4223 4220/4220
f 4198/4198 4224/4224 4225/4225
f 4225/4225 4224/4224 4226/4226
f 4219/4219 4221/4221 4222/4222
f 4222/4222 4221/4221 4227/4227
f 4225/4225 4228/4228 4198/4198
f 4198/4198 4228/4228 4196/4196
f 4189/4189 4177/4177 4184/4184
f 4229/4229 4209/4209 4200/4200
f 4200/4200 4209/4209 4188/4188
f 4209/4209 4229/4229 4193/4193
f 4193/4193 4229/4229 4191/4191
f 4224/4224 4198/4198 4230/4230
f 4230/4230 4198/4198 4199/4199
f 4231/4231 4232/4232 4197/4197
f 4197/4197 4232/4232 4199/4199
f 4230/4230 4199/4199 4233/4233
f 4233/4233 4199/4199 4232/4232
f 4203/4203 4234/4234 4229/4229
f 4229/4229 4234/4234 4191/4191
f 4234/4234 4192/4192 4191/4191
f 4235/4235 4234/4234 4204/4204
f 4204/4204 4234/4234 4203/4203
f 4188/4188 4190/4190 4200/4200
f 4200/4200 4190/4190 4201/4201
f 4202/4202 4203/4203 4200/4200
f 4200/4200 4203/4203 4229/4229
f 4208/4208 4236/4236 4206/4206
f 4212/4212 4237/4237 4215/4215
f 4215/4215 4237/4237 4238/4238
f 4210/4210 4237/4237 4211/4211
f 4211/4211 4237/4237 4212/4212
f 4238/4238 4214/4214 4215/4215
f 4215/4215 4214/4214 4213/4213
f 4239/4239 4240/4240 4241/4241
f 4242/4242 4243/4243 4244/4244
f 4245/4245 4241/4241 4246/4246
f 4247/4247 4245/4245 4246/4246
f 4241/4241 4245/4245 4239/4239
f 4244/4244 4248/4248 4242/4242
f 4249/4249 4250/4250 4251/4251
f 4251/4251 4250/4250 4252/4252
f 4253/4253 4243/4243 4251/4251
f 4251/4251 4243/4243 4254/4254
f 4237/4237 4210/4210 4255/4255
f 4240/4240 4252/4252 4256/4256
f 4256/4256 4252/4252 4257/4257
f 4214/4214 4258/4258 4208/4208
f 4243/4243 4259/4259 4254/4254
f 4254/4254 4259/4259 4260/4260
f 4261/4261 4238/4238 4255/4255
f 4255/4255 4238/4238 4237/4237
f 4262/4262 4263/4263 4241/4241
f 4241/4241 4263/4263 4246/4246
f 4264/4264 4246/4246 4265/4265
f 4265/4265 4246/4246 4263/4263
f 4266/4266 4247/4247 4264/4264
f 4264/4264 4247/4247 4246/4246
f 4264/4264 4265/4265 4266/4266
f 4266/4266 4265/4265 4267/4267
f 4267/4267 4268/4268 4266/4266
f 4266/4266 4268/4268 4247/4247
f 4269/4269 4247/4247 4270/4270
f 4270/4270 4247/4247 4268/4268
f 4245/4245 4247/4247 4248/4248
f 4248/4248 4247/4247 4269/4269
f 4271/4271 4272/4272 4270/4270
f 4270/4270 4272/4272 4269/4269
f 4242/4242 4248/4248 4273/4273
f 4272/4272 4274/4274 4269/4269
f 4269/4269 4274/4274 4273/4273
f 4275/4275 4276/4276 4274/4274
f 4274/4274 4276/4276 4273/4273
f 4272/4272 4271/4271 4274/4274
f 4274/4274 4271/4271 4275/4275
f 4273/4273 4276/4276 4242/4242
f 4242/4242 4276/4276 4277/4277
f 4244/4244 4239/4239 4248/4248
f 4248/4248 4239/4239 4245/4245
f 4240/4240 4239/4239 4253/4253
f 4262/4262 4241/4241 4256/4256
f 4256/4256 4241/4241 4240/4240
f 4243/4243 4242/4242 4259/4259
f 4259/4259 4242/4242 4277/4277
f 4248/4248 4269/4269 4273/4273
f 4257/4257 4252/4252 4250/4250
f 4278/4278 4254/4254 4260/4260
f 4279/4279 4280/4280 4281/4281
f 4281/4281 4280/4280 4282/4282
f 4283/4283 4279/4279 4284/4284
f 4285/4285 4286/4286 4282/4282
f 4287/4287 4288/4288 4289/4289
f 4289/4289 4288/4288 4290/4290
f 4291/4291 4292/4292 4285/4285
f 4285/4285 4292/4292 4286/4286
f 4280/4280 4289/4289 4290/4290
f 4282/4282 4293/4293 4285/4285
f 4280/4280 4294/4294 4282/4282
f 4282/4282 4294/4294 4293/4293
f 4294/4294 4280/4280 4290/4290
f 4254/4254 4278/4278 4251/4251
f 4251/4251 4278/4278 4249/4249
f 4252/4252 4240/4240 4251/4251
f 4251/4251 4240/4240 4253/4253
f 4214/4214 4238/4238 4258/4258
f 4258/4258 4238/4238 4261/4261
f 4244/4244 4243/4243 4253/4253
f 4239/4239 4244/4244 4253/4253
f 4206/4206 4236/4236 4210/4210
f 4281/4281 4295/4295 4284/4284
f 4279/4279 4281/4281 4284/4284
f 4296/4296 4297/4297 4298/4298
f 4298/4298 4297/4297 4299/4299
f 4300/4300 4301/4301 4302/4302
f 4302/4302 4301/4301 4303/4303
f 4304/4304 4305/4305 4306/4306
f 4306/4306 4305/4305 4307/4307
f 4308/4308 4297/4297 4309/4309
f 4309/4309 4297/4297 4296/4296
f 4310/4310 4311/4311 4300/4300
f 4300/4300 4311/4311 4301/4301
f 4312/4312 4305/4305 4313/4313
f 4313/4313 4305/4305 4304/4304
f 4314/4314 4308/4308 4315/4315
f 4315/4315 4308/4308 4309/4309
f 4316/4316 4317/4317 4310/4310
f 4310/4310 4317/4317 4311/4311
f 4318/4318 4312/4312 4319/4319
f 4319/4319 4312/4312 4313/4313
f 4320/4320 4314/4314 4321/4321
f 4321/4321 4314/4314 4315/4315
f 4322/4322 4323/4323 4316/4316
f 4316/4316 4323/4323 4317/4317
f 4324/4324 4318/4318 4325/4325
f 4325/4325 4318/4318 4319/4319
f 4322/4322 4326/4326 4323/4323
f 4323/4323 4326/4326 4327/4327
f 4324/4324 4325/4325 4328/4328
f 4328/4328 4325/4325 4329/4329
f 4330/4330 4331/4331 4332/4332
f 4332/4332 4331/4331 4333/4333
f 4334/4334 4335/4335 4336/4336
f 4336/4336 4335/4335 4337/4337
f 4334/4334 4338/4338 4335/4335
f 4335/4335 4338/4338 4339/4339
f 4340/4340 4341/4341 4337/4337
f 4337/4337 4341/4341 4336/4336
f 4307/4307 4305/4305 4302/4302
f 4302/4302 4305/4305 4300/4300
f 4300/4300 4305/4305 4310/4310
f 4310/4310 4305/4305 4312/4312
f 4310/4310 4312/4312 4316/4316
f 4316/4316 4312/4312 4318/4318
f 4316/4316 4318/4318 4322/4322
f 4322/4322 4318/4318 4324/4324
f 4321/4321 4342/4342 4320/4320
f 4320/4320 4342/4342 4343/4343
f 4328/4328 4326/4326 4324/4324
f 4324/4324 4326/4326 4322/4322
f 4298/4298 4299/4299 4333/4333
f 4333/4333 4299/4299 4332/4332
f 4302/4302 4303/4303 4337/4337
f 4337/4337 4303/4303 4340/4340
f 4307/4307 4335/4335 4306/4306
f 4306/4306 4335/4335 4339/4339
f 4302/4302 4337/4337 4307/4307
f 4307/4307 4337/4337 4335/4335
f 4294/4294 4290/4290 4293/4293
f 4293/4293 4290/4290 4285/4285
f 4181/4181 4195/4195 4187/4187
f 4344/4344 4345/4345 4346/4346
f 4347/4347 4348/4348 4349/4349
f 4349/4349 4350/4350 4351/4351
f 4351/4351 4350/4350 4352/4352
f 4353/4353 4354/4354 4355/4355
f 4355/4355 4354/4354 4345/4345
f 4356/4356 4351/4351 4357/4357
f 4351/4351 4352/4352 4357/4357
f 4357/4357 4352/4352 4358/4358
f 4359/4359 4360/4360 4361/4361
f 4361/4361 4360/4360 4362/4362
f 4363/4363 4364/4364 4359/4359
f 4359/4359 4364/4364 4360/4360
f 4361/4361 4365/4365 4359/4359
f 4359/4359 4365/4365 4366/4366
f 4366/4366 4367/4367 4359/4359
f 4359/4359 4367/4367 4363/4363
f 4368/4368 4369/4369 4346/4346
f 4370/4370 4348/4348 4371/4371
f 4349/4349 4348/4348 4372/4372
f 4372/4372 4348/4348 4370/4370
f 4344/4344 4346/4346 4373/4373
f 4373/4373 4346/4346 4369/4369
f 4374/4374 4369/4369 4375/4375
f 4375/4375 4369/4369 4376/4376
f 4377/4377 4375/4375 4371/4371
f 4371/4371 4375/4375 4376/4376
f 4347/4347 4378/4378 4348/4348
f 4348/4348 4378/4378 4371/4371
f 4378/4378 4347/4347 4379/4379
f 4379/4379 4347/4347 4356/4356
f 4380/4380 4381/4381 4382/4382
f 4382/4382 4381/4381 4350/4350
f 4383/4383 4375/4375 4384/4384
f 4384/4384 4375/4375 4377/4377
f 4374/4374 4375/4375 4385/4385
f 4385/4385 4375/4375 4383/4383
f 4386/4386 4344/4344 4387/4387
f 4387/4387 4344/4344 4373/4373
f 4354/4354 4381/4381 4388/4388
f 4388/4388 4381/4381 4380/4380
f 4344/4344 4386/4386 4345/4345
f 4345/4345 4386/4386 4355/4355
f 4386/4386 4389/4389 4355/4355
f 4389/4389 4390/4390 4355/4355
f 4355/4355 4390/4390 4353/4353
f 4350/4350 4381/4381 4391/4391
f 4391/4391 4381/4381 4392/4392
f 4392/4392 4381/4381 4393/4393
f 4393/4393 4381/4381 4354/4354
f 4354/4354 4353/4353 4394/4394
f 4394/4394 4353/4353 4390/4390
f 4395/4395 4362/4362 4396/4396
f 4396/4396 4362/4362 4360/4360
f 4397/4397 4392/4392 4398/4398
f 4398/4398 4392/4392 4393/4393
f 4397/4397 4399/4399 4392/4392
f 4392/4392 4399/4399 4391/4391
f 4349/4349 4351/4351 4347/4347
f 4347/4347 4351/4351 4356/4356
f 4364/4364 4400/4400 4360/4360
f 4360/4360 4400/4400 4396/4396
f 4401/4401 4402/4402 4403/4403
f 4404/4404 4405/4405 4406/4406
f 4407/4407 4408/4408 4409/4409
f 4409/4409 4408/4408 4410/4410
f 4411/4411 4412/4412 4413/4413
f 4413/4413 4412/4412 4414/4414
f 4403/4403 4406/4406 4401/4401
f 4401/4401 4406/4406 4405/4405
f 4403/4403 4415/4415 4406/4406
f 4402/4402 4416/4416 4403/4403
f 4403/4403 4416/4416 4417/4417
f 4404/4404 4406/4406 4418/4418
f 4418/4418 4406/4406 4419/4419
f 4420/4420 4421/4421 4405/4405
f 4405/4405 4421/4421 4401/4401
f 4405/4405 4422/4422 4420/4420
f 4405/4405 4404/4404 4422/4422
f 4422/4422 4404/4404 4418/4418
f 4401/4401 4423/4423 4402/4402
f 4402/4402 4423/4423 4416/4416
f 4401/4401 4421/4421 4423/4423
f 4421/4421 4424/4424 4423/4423
f 4423/4423 4424/4424 4416/4416
f 4420/4420 4422/4422 4425/4425
f 4425/4425 4422/4422 4418/4418
f 4426/4426 4416/4416 4424/4424
f 4421/4421 4427/4427 4424/4424
f 4424/4424 4427/4427 4428/4428
f 4428/4428 4429/4429 4424/4424
f 4424/4424 4429/4429 4426/4426
f 4430/4430 4431/4431 4425/4425
f 4425/4425 4431/4431 4420/4420
f 4421/4421 4420/4420 4427/4427
f 4427/4427 4420/4420 4431/4431
f 4432/4432 4433/4433 4434/4434
f 4435/4435 4436/4436 4425/4425
f 4425/4425 4436/4436 4430/4430
f 4437/4437 4408/4408 4430/4430
f 4430/4430 4408/4408 4431/4431
f 4408/4408 4407/4407 4431/4431
f 4431/4431 4407/4407 4427/4427
f 4430/4430 4436/4436 4437/4437
f 4437/4437 4436/4436 4438/4438
f 4427/4427 4407/4407 4428/4428
f 4428/4428 4407/4407 4439/4439
f 4429/4429 4428/4428 4440/4440
f 4440/4440 4428/4428 4439/4439
f 4441/4441 4439/4439 4409/4409
f 4409/4409 4439/4439 4407/4407
f 4441/4441 4442/4442 4439/4439
f 4439/4439 4442/4442 4440/4440
f 4409/4409 4443/4443 4441/4441
f 4441/4441 4443/4443 4444/4444
f 4409/4409 4410/4410 4443/4443
f 4443/4443 4410/4410 4445/4445
f 4446/4446 4410/4410 4437/4437
f 4437/4437 4410/4410 4408/4408
f 4447/4447 4446/4446 4438/4438
f 4438/4438 4446/4446 4437/4437
f 4410/4410 4446/4446 4445/4445
f 4445/4445 4446/4446 4448/4448
f 4449/4449 4412/4412 4450/4450
f 4450/4450 4412/4412 4411/4411
f 4413/4413 4414/4414 4451/4451
f 4451/4451 4414/4414 4452/4452
f 4453/4453 4454/4454 4455/4455
f 4455/4455 4454/4454 4456/4456
f 4452/4452 4414/4414 4457/4457
f 4457/4457 4414/4414 4458/4458
f 4414/4414 4412/4412 4458/4458
f 4458/4458 4412/4412 4459/4459
f 4456/4456 4454/4454 4460/4460
f 4460/4460 4454/4454 4461/4461
f 4459/4459 4412/4412 4462/4462
f 4462/4462 4412/4412 4449/4449
f 4463/4463 4464/4464 4459/4459
f 4459/4459 4464/4464 4458/4458
f 4465/4465 4463/4463 4462/4462
f 4462/4462 4463/4463 4459/4459
f 4457/4457 4458/4458 4466/4466
f 4466/4466 4458/4458 4464/4464
f 4467/4467 4460/4460 4468/4468
f 4468/4468 4460/4460 4461/4461
f 4469/4469 4470/4470 4471/4471
f 4471/4471 4470/4470 4472/4472
f 4473/4473 4474/4474 4472/4472
f 4472/4472 4474/4474 4471/4471
f 4475/4475 4474/4474 4476/4476
f 4476/4476 4474/4474 4473/4473
f 4470/4470 4469/4469 4463/4463
f 4463/4463 4469/4469 4464/4464
f 4477/4477 4478/4478 4479/4479
f 4479/4479 4478/4478 4480/4480
f 4478/4478 4481/4481 4480/4480
f 4480/4480 4481/4481 4482/4482
f 4482/4482 4481/4481 4483/4483
f 4483/4483 4481/4481 4484/4484
f 4468/4468 4477/4477 4467/4467
f 4467/4467 4477/4477 4479/4479
f 4469/4469 4471/4471 4485/4485
f 4485/4485 4471/4471 4486/4486
f 4470/4470 4487/4487 4472/4472
f 4472/4472 4487/4487 4488/4488
f 4473/4473 4472/4472 4489/4489
f 4489/4489 4472/4472 4488/4488
f 4474/4474 4490/4490 4471/4471
f 4471/4471 4490/4490 4486/4486
f 4476/4476 4473/4473 4491/4491
f 4491/4491 4473/4473 4489/4489
f 4475/4475 4492/4492 4474/4474
f 4474/4474 4492/4492 4490/4490
f 4470/4470 4463/4463 4487/4487
f 4487/4487 4463/4463 4465/4465
f 4469/4469 4485/4485 4464/4464
f 4464/4464 4485/4485 4466/4466
f 4493/4493 4494/4494 4495/4495
f 4495/4495 4494/4494 4496/4496
f 4382/4382 4350/4350 4372/4372
f 4371/4371 4376/4376 4370/4370
f 4497/4497 4354/4354 4388/4388
f 4368/4368 4346/4346 4497/4497
f 4497/4497 4346/4346 4345/4345
f 4498/4498 4499/4499 4434/4434
f 4434/4434 4499/4499 4432/4432
f 4432/4432 4499/4499 4500/4500
f 4500/4500 4499/4499 4501/4501
f 4495/4495 4500/4500 4493/4493
f 4493/4493 4500/4500 4501/4501
f 4415/4415 4419/4419 4406/4406
f 4403/4403 4417/4417 4415/4415
f 4497/4497 4345/4345 4354/4354
f 4350/4350 4349/4349 4372/4372
f 4435/4435 4425/4425 4418/4418
f 4499/4499 4498/4498 4502/4502
f 4368/4368 4376/4376 4369/4369
f 4368/4368 4370/4370 4376/4376
f 4350/4350 4503/4503 4352/4352
f 4352/4352 4503/4503 4358/4358
f 4504/4504 4505/4505 4506/4506
f 4507/4507 4508/4508 4509/4509
f 4510/4510 4511/4511 4512/4512
f 4512/4512 4511/4511 4508/4508
f 4513/4513 4514/4514 4515/4515
f 4515/4515 4514/4514 4506/4506
f 4516/4516 4517/4517 4512/4512
f 4512/4512 4517/4517 4510/4510
f 4510/4510 4517/4517 4518/4518
f 4519/4519 4520/4520 4521/4521
f 4521/4521 4520/4520 4522/4522
f 4521/4521 4523/4523 4519/4519
f 4519/4519 4523/4523 4524/4524
f 4525/4525 4526/4526 4519/4519
f 4519/4519 4526/4526 4520/4520
f 4525/4525 4519/4519 4527/4527
f 4527/4527 4519/4519 4524/4524
f 4528/4528 4505/4505 4529/4529
f 4530/4530 4531/4531 4509/4509
f 4508/4508 4532/4532 4509/4509
f 4509/4509 4532/4532 4530/4530
f 4529/4529 4505/4505 4533/4533
f 4533/4533 4505/4505 4504/4504
f 4534/4534 4529/4529 4535/4535
f 4535/4535 4529/4529 4536/4536
f 4534/4534 4535/4535 4531/4531
f 4531/4531 4535/4535 4537/4537
f 4531/4531 4538/4538 4509/4509
f 4509/4509 4538/4538 4507/4507
f 4516/4516 4507/4507 4539/4539
f 4539/4539 4507/4507 4538/4538
f 4540/4540 4541/4541 4542/4542
f 4542/4542 4541/4541 4511/4511
f 4537/4537 4535/4535 4543/4543
f 4543/4543 4535/4535 4544/4544
f 4536/4536 4545/4545 4535/4535
f 4535/4535 4545/4545 4544/4544
f 4546/4546 4547/4547 4504/4504
f 4504/4504 4547/4547 4533/4533
f 4515/4515 4548/4548 4542/4542
f 4542/4542 4548/4548 4540/4540
f 4514/4514 4546/4546 4506/4506
f 4506/4506 4546/4546 4504/4504
f 4546/4546 4514/4514 4549/4549
f 4549/4549 4514/4514 4550/4550
f 4550/4550 4514/4514 4513/4513
f 4511/4511 4551/4551 4542/4542
f 4542/4542 4551/4551 4552/4552
f 4515/4515 4542/4542 4553/4553
f 4553/4553 4542/4542 4552/4552
f 4550/4550 4513/4513 4554/4554
f 4554/4554 4513/4513 4515/4515
f 4555/4555 4556/4556 4522/4522
f 4522/4522 4556/4556 4521/4521
f 4557/4557 4558/4558 4552/4552
f 4552/4552 4558/4558 4553/4553
f 4551/4551 4559/4559 4552/4552
f 4552/4552 4559/4559 4557/4557
f 4516/4516 4512/4512 4507/4507
f 4507/4507 4512/4512 4508/4508
f 4556/4556 4560/4560 4521/4521
f 4521/4521 4560/4560 4523/4523
f 4561/4561 4562/4562 4563/4563
f 4564/4564 4565/4565 4566/4566
f 4567/4567 4568/4568 4569/4569
f 4569/4569 4568/4568 4570/4570
f 4571/4571 4572/4572 4573/4573
f 4573/4573 4572/4572 4574/4574
f 4562/4562 4561/4561 4565/4565
f 4565/4565 4561/4561 4566/4566
f 4562/4562 4565/4565 4575/4575
f 4576/4576 4577/4577 4562/4562
f 4562/4562 4577/4577 4563/4563
f 4578/4578 4565/4565 4579/4579
f 4579/4579 4565/4565 4564/4564
f 4561/4561 4580/4580 4566/4566
f 4566/4566 4580/4580 4581/4581
f 4566/4566 4581/4581 4582/4582
f 4579/4579 4564/4564 4582/4582
f 4582/4582 4564/4564 4566/4566
f 4577/4577 4583/4583 4563/4563
f 4563/4563 4583/4583 4561/4561
f 4561/4561 4583/4583 4580/4580
f 4577/4577 4584/4584 4583/4583
f 4583/4583 4584/4584 4580/4580
f 4579/4579 4582/4582 4585/4585
f 4585/4585 4582/4582 4581/4581
f 4586/4586 4584/4584 4577/4577
f 4587/4587 4588/4588 4584/4584
f 4584/4584 4588/4588 4580/4580
f 4587/4587 4584/4584 4589/4589
f 4589/4589 4584/4584 4586/4586
f 4590/4590 4585/4585 4591/4591
f 4591/4591 4585/4585 4581/4581
f 4580/4580 4588/4588 4581/4581
f 4581/4581 4588/4588 4591/4591
f 4592/4592 4593/4593 4594/4594
f 4595/4595 4585/4585 4596/4596
f 4596/4596 4585/4585 4590/4590
f 4597/4597 4590/4590 4568/4568
f 4568/4568 4590/4590 4591/4591
f 4568/4568 4591/4591 4570/4570
f 4570/4570 4591/4591 4588/4588
f 4598/4598 4596/4596 4597/4597
f 4597/4597 4596/4596 4590/4590
f 4588/4588 4587/4587 4570/4570
f 4570/4570 4587/4587 4599/4599
f 4599/4599 4587/4587 4600/4600
f 4600/4600 4587/4587 4589/4589
f 4570/4570 4599/4599 4569/4569
f 4569/4569 4599/4599 4601/4601
f 4600/4600 4602/4602 4599/4599
f 4599/4599 4602/4602 4601/4601
f 4603/4603 4604/4604 4601/4601
f 4601/4601 4604/4604 4569/4569
f 4569/4569 4604/4604 4567/4567
f 4567/4567 4604/4604 4605/4605
f 4606/4606 4597/4597 4567/4567
f 4567/4567 4597/4597 4568/4568
f 4607/4607 4598/4598 4606/4606
f 4606/4606 4598/4598 4597/4597
f 4608/4608 4606/4606 4605/4605
f 4605/4605 4606/4606 4567/4567
f 4571/4571 4573/4573 4609/4609
f 4609/4609 4573/4573 4610/4610
f 4572/4572 4611/4611 4574/4574
f 4574/4574 4611/4611 4612/4612
f 4613/4613 4614/4614 4615/4615
f 4615/4615 4614/4614 4616/4616
f 4617/4617 4574/4574 4618/4618
f 4618/4618 4574/4574 4612/4612
f 4619/4619 4573/4573 4617/4617
f 4617/4617 4573/4573 4574/4574
f 4616/4616 4620/4620 4615/4615
f 4615/4615 4620/4620 4621/4621
f 4610/4610 4573/4573 4622/4622
f 4622/4622 4573/4573 4619/4619
f 4623/4623 4619/4619 4624/4624
f 4624/4624 4619/4619 4617/4617
f 4619/4619 4623/4623 4622/4622
f 4622/4622 4623/4623 4625/4625
f 4624/4624 4617/4617 4626/4626
f 4626/4626 4617/4617 4618/4618
f 4627/4627 4628/4628 4620/4620
f 4620/4620 4628/4628 4621/4621
f 4629/4629 4630/4630 4631/4631
f 4631/4631 4630/4630 4632/4632
f 4630/4630 4633/4633 4632/4632
f 4632/4632 4633/4633 4634/4634
f 4634/4634 4633/4633 4635/4635
f 4635/4635 4633/4633 4636/4636
f 4624/4624 4629/4629 4623/4623
f 4623/4623 4629/4629 4631/4631
f 4637/4637 4638/4638 4639/4639
f 4639/4639 4638/4638 4640/4640
f 4641/4641 4642/4642 4640/4640
f 4640/4640 4642/4642 4639/4639
f 4643/4643 4642/4642 4644/4644
f 4644/4644 4642/4642 4641/4641
f 4638/4638 4637/4637 4627/4627
f 4627/4627 4637/4637 4628/4628
f 4629/4629 4645/4645 4630/4630
f 4630/4630 4645/4645 4646/4646
f 4647/4647 4648/4648 4632/4632
f 4632/4632 4648/4648 4631/4631
f 4634/4634 4649/4649 4632/4632
f 4632/4632 4649/4649 4647/4647
f 4646/4646 4650/4650 4630/4630
f 4630/4630 4650/4650 4633/4633
f 4635/4635 4651/4651 4634/4634
f 4634/4634 4651/4651 4649/4649
f 4650/4650 4652/4652 4633/4633
f 4633/4633 4652/4652 4636/4636
f 4631/4631 4648/4648 4623/4623
f 4623/4623 4648/4648 4625/4625
f 4626/4626 4645/4645 4624/4624
f 4624/4624 4645/4645 4629/4629
f 4653/4653 4654/4654 4655/4655
f 4655/4655 4654/4654 4656/4656
f 4541/4541 4532/4532 4511/4511
f 4531/4531 4530/4530 4534/4534
f 4657/4657 4548/4548 4515/4515
f 4528/4528 4657/4657 4505/4505
f 4505/4505 4657/4657 4506/4506
f 4592/4592 4658/4658 4593/4593
f 4593/4593 4658/4658 4659/4659
f 4592/4592 4660/4660 4658/4658
f 4658/4658 4660/4660 4661/4661
f 4654/4654 4653/4653 4660/4660
f 4660/4660 4653/4653 4661/4661
f 4575/4575 4565/4565 4578/4578
f 4562/4562 4575/4575 4576/4576
f 4657/4657 4515/4515 4506/4506
f 4511/4511 4532/4532 4508/4508
f 4595/4595 4579/4579 4585/4585
f 4658/4658 4662/4662 4659/4659
f 4528/4528 4529/4529 4534/4534
f 4528/4528 4534/4534 4530/4530
f 4518/4518 4663/4663 4510/4510
f 4510/4510 4663/4663 4511/4511
f 1791/1791 1790/1790 1795/1795
f 1944/1944 1964/1964 1795/1795
f 1795/1795 1964/1964 1794/1794
f 1946/1946 4664/4664 1947/1947
f 1947/1947 4664/4664 4665/4665
f 4665/4665 4666/4666 1947/1947
f 1947/1947 4666/4666 1948/1948
f 1791/1791 1793/1793 1792/1792
f 1835/1835 1787/1787 1792/1792
f 2376/2376 2380/2380 2377/2377
f 2382/2382 2379/2379 2377/2377
f 2381/2381 2553/2553 2382/2382
f 2382/2382 2553/2553 2533/2533
f 4667/4667 4668/4668 2536/2536
f 2536/2536 4668/4668 2535/2535
f 2537/2537 4669/4669 2536/2536
f 2536/2536 4669/4669 4667/4667
f 2540/2540 4669/4669 2538/2538
f 2538/2538 4669/4669 2537/2537
f 2555/2555 2380/2380 2376/2376
f 1948/1948 4666/4666 1949/1949
f 1949/1949 4666/4666 1951/1951
f 2771/2771 2756/2756 2757/2757
f 2182/2182 2168/2168 2167/2167
f 2965/2965 3442/3442 2964/2964
f 2964/2964 3442/3442 3443/3443
f 3440/3440 3442/3442 3175/3175
f 3175/3175 3442/3442 2965/2965
f 3173/3173 3440/3440 3327/3327
f 3327/3327 3440/3440 3175/3175
f 3437/3437 3150/3150 3438/3438
f 3438/3438 3150/3150 3113/3113
f 3113/3113 2967/2967 3438/3438
f 3438/3438 2967/2967 3439/3439
f 3327/3327 3152/3152 3437/3437
f 3437/3437 3152/3152 3150/3150
f 3445/3445 3186/3186 3446/3446
f 3446/3446 3186/3186 3184/3184
f 3446/3446 3184/3184 3447/3447
f 3447/3447 3184/3184 3181/3181
f 3181/3181 3176/3176 3447/3447
f 3447/3447 3176/3176 3448/3448
f 3448/3448 3176/3176 3449/3449
f 3449/3449 3176/3176 3178/3178
f 3178/3178 3336/3336 3449/3449
f 3449/3449 3336/3336 3450/3450
f 3336/3336 3172/3172 3450/3450
f 3450/3450 3172/3172 3439/3439
f 3997/3997 3995/3995 3522/3522
f 3522/3522 3995/3995 3523/3523
f 3523/3523 3995/3995 3731/3731
f 3731/3731 3995/3995 3994/3994
f 3731/3731 3994/3994 3881/3881
f 3881/3881 3994/3994 3730/3730
f 3670/3670 3707/3707 3991/3991
f 3991/3991 3707/3707 3992/3992
f 3993/3993 3527/3527 3991/3991
f 3991/3991 3527/3527 3670/3670
f 3707/3707 3708/3708 3992/3992
f 3992/3992 3708/3708 3881/3881
f 3741/3741 3742/3742 4000/4000
f 4000/4000 3742/3742 3999/3999
f 3737/3737 3741/3741 4001/4001
f 4001/4001 3741/3741 4000/4000
f 4002/4002 3732/3732 4001/4001
f 4001/4001 3732/3732 3737/3737
f 4003/4003 3733/3733 4002/4002
f 4002/4002 3733/3733 3732/3732
f 4004/4004 3890/3890 4003/4003
f 4003/4003 3890/3890 3733/3733
f 3993/3993 3728/3728 4004/4004
f 4004/4004 3728/3728 3890/3890
f 1804/1804 1800/1800 1949/1949
f 2997/2997 2998/2998 2979/2979
f 2979/2979 2998/2998 2980/2980
f 3537/3537 3553/3553 3538/3538
f 3538/3538 3553/3553 3555/3555
f 2192/2192 2214/2214 2089/2089
f 2214/2214 2090/2090 2089/2089
f 2190/2190 4670/4670 2209/2209
f 2209/2209 4670/4670 2210/2210
f 2187/2187 2182/2182 2189/2189
f 2189/2189 2182/2182 2186/2186
f 2182/2182 2181/2181 2186/2186
f 2186/2186 2181/2181 2184/2184
f 2181/2181 2075/2075 2184/2184
f 2184/2184 2075/2075 2179/2179
f 2179/2179 2075/2075 2178/2178
f 2178/2178 2075/2075 2076/2076
f 2178/2178 2076/2076 2092/2092
f 2092/2092 2083/2083 2082/2082
f 2214/2214 2192/2192 2209/2209
f 2209/2209 2192/2192 2190/2190
f 2190/2190 2191/2191 4670/4670
f 2674/2674 2673/2673 2686/2686
f 2686/2686 2666/2666 2769/2769
f 2769/2769 2666/2666 2767/2767
f 2767/2767 2666/2666 2667/2667
f 2767/2767 2667/2667 2772/2772
f 2772/2772 2667/2667 2770/2770
f 2772/2772 2770/2770 2775/2775
f 2775/2775 2770/2770 2771/2771
f 2775/2775 2771/2771 2777/2777
f 2777/2777 2771/2771 2776/2776
f 2782/2782 2779/2779 2780/2780
f 1804/1804 1833/1833 1801/1801
f 2656/2656 2391/2391 2424/2424
f 2395/2395 4671/4671 4672/4672
f 4673/4673 4674/4674 4675/4675
f 4675/4675 4674/4674 4676/4676
f 4677/4677 4678/4678 4679/4679
f 4679/4679 4678/4678 4680/4680
f 4681/4681 4682/4682 4683/4683
f 4683/4683 4682/4682 4684/4684
f 4671/4671 4685/4685 4686/4686
f 4686/4686 4685/4685 4687/4687
f 4682/4682 4688/4688 2431/2431
f 2605/2605 2604/2604 4674/4674
f 4674/4674 2604/2604 4676/4676
f 2604/2604 2608/2608 4678/4678
f 4678/4678 2608/2608 4680/4680
f 2431/2431 2605/2605 4682/4682
f 4682/4682 2605/2605 4684/4684
f 4689/4689 4671/4671 2396/2396
f 2531/2531 4690/4690 2569/2569
f 2395/2395 2396/2396 4671/4671
f 2596/2596 2597/2597 4691/4691
f 4691/4691 2597/2597 4692/4692
f 2589/2589 2590/2590 2594/2594
f 2594/2594 2590/2590 4693/4693
f 2573/2573 2575/2575 2565/2565
f 2565/2565 2575/2575 4694/4694
f 4694/4694 4695/4695 2565/2565
f 2565/2565 4695/4695 2561/2561
f 2561/2561 4695/4695 2429/2429
f 2429/2429 4695/4695 2428/2428
f 2396/2396 2603/2603 4689/4689
f 4689/4689 2603/2603 4671/4671
f 2603/2603 4685/4685 4671/4671
f 2594/2594 4693/4693 2614/2614
f 2614/2614 4693/4693 2615/2615
f 4691/4691 4692/4692 4696/4696
f 4696/4696 4692/4692 4697/4697
f 4698/4698 4699/4699 2620/2620
f 2620/2620 4699/4699 2421/2421
f 2421/2421 4699/4699 2423/2423
f 2423/2423 4699/4699 2656/2656
f 2423/2423 2656/2656 2626/2626
f 2421/2421 2420/2420 2620/2620
f 2620/2620 2420/2420 2619/2619
f 2619/2619 2420/2420 2621/2621
f 2594/2594 2614/2614 2595/2595
f 2595/2595 2614/2614 4698/4698
f 2617/2617 2619/2619 2708/2708
f 2619/2619 2621/2621 2708/2708
f 2573/2573 2574/2574 2575/2575
f 2575/2575 2574/2574 2576/2576
f 2588/2588 2413/2413 2576/2576
f 2576/2576 2413/2413 2404/2404
f 2588/2588 2587/2587 2590/2590
f 2590/2590 2587/2587 2596/2596
f 2615/2615 4696/4696 2392/2392
f 2392/2392 4696/4696 4700/4700
f 2590/2590 2596/2596 4693/4693
f 4693/4693 2596/2596 4691/4691
f 2575/2575 2406/2406 4694/4694
f 4694/4694 2406/2406 4701/4701
f 4701/4701 4702/4702 4694/4694
f 4694/4694 4702/4702 4695/4695
f 4695/4695 4702/4702 2428/2428
f 2428/2428 4702/4702 4703/4703
f 4693/4693 4691/4691 2615/2615
f 2615/2615 4691/4691 4696/4696
f 4704/4704 4700/4700 4697/4697
f 4697/4697 4700/4700 4696/4696
f 2571/2571 2573/2573 2566/2566
f 2566/2566 2573/2573 2565/2565
f 2375/2375 4705/4705 2562/2562
f 2562/2562 4705/4705 2566/2566
f 2566/2566 4705/4705 2398/2398
f 2397/2397 4706/4706 2571/2571
f 2571/2571 4706/4706 2572/2572
f 2598/2598 4707/4707 2597/2597
f 2597/2597 4707/4707 4708/4708
f 4706/4706 4707/4707 2572/2572
f 2572/2572 4707/4707 2598/2598
f 4708/4708 4709/4709 2597/2597
f 2597/2597 4709/4709 4692/4692
f 4692/4692 4709/4709 4697/4697
f 4697/4697 4709/4709 2394/2394
f 2405/2405 2624/2624 2407/2407
f 2407/2407 2624/2624 2401/2401
f 2414/2414 2592/2592 2405/2405
f 2405/2405 2592/2592 2624/2624
f 2563/2563 4703/4703 2564/2564
f 2564/2564 4703/4703 4702/4702
f 2564/2564 4702/4702 2567/2567
f 2567/2567 4702/4702 4701/4701
f 2413/2413 2589/2589 2414/2414
f 2414/2414 2589/2589 2593/2593
f 2618/2618 2591/2591 2595/2595
f 2595/2595 2591/2591 2593/2593
f 2567/2567 4701/4701 2407/2407
f 2407/2407 4701/4701 2406/2406
f 2614/2614 2616/2616 4698/4698
f 4698/4698 2616/2616 4699/4699
f 2620/2620 2618/2618 4698/4698
f 4698/4698 2618/2618 2595/2595
f 2653/2653 4700/4700 2655/2655
f 2563/2563 2557/2557 2555/2555
f 2375/2375 2429/2429 2373/2373
f 2373/2373 2427/2427 2378/2378
f 4703/4703 2563/2563 4710/4710
f 2426/2426 4710/4710 2376/2376
f 4710/4710 2426/2426 4703/4703
f 4710/4710 2555/2555 2376/2376
f 2427/2427 2376/2376 2378/2378
f 2392/2392 4700/4700 2390/2390
f 4700/4700 2653/2653 2390/2390
f 2391/2391 2616/2616 2392/2392
f 4699/4699 2616/2616 2656/2656
f 2539/2539 2390/2390 2541/2541
f 2541/2541 2390/2390 2653/2653
f 2539/2539 2538/2538 2425/2425
f 2425/2425 2538/2538 2387/2387
f 2389/2389 2388/2388 2424/2424
f 2424/2424 2388/2388 2626/2626
f 2425/2425 2387/2387 2424/2424
f 2424/2424 2387/2387 2389/2389
f 2389/2389 2387/2387 2383/2383
f 2711/2711 2422/2422 2626/2626
f 2656/2656 2424/2424 2626/2626
f 2393/2393 4704/4704 2394/2394
f 2394/2394 4704/4704 4697/4697
f 2571/2571 2566/2566 2397/2397
f 2397/2397 2566/2566 2398/2398
f 4705/4705 2400/2400 2398/2398
f 2399/2399 2570/2570 2397/2397
f 2397/2397 2570/2570 4706/4706
f 2600/2600 2599/2599 4707/4707
f 4707/4707 2599/2599 4708/4708
f 2570/2570 2600/2600 4706/4706
f 4706/4706 2600/2600 4707/4707
f 2599/2599 2603/2603 4708/4708
f 4708/4708 2603/2603 4709/4709
f 2603/2603 2396/2396 4709/4709
f 4709/4709 2396/2396 2394/2394
f 2374/2374 2529/2529 4705/4705
f 2563/2563 2555/2555 4710/4710
f 2426/2426 2428/2428 4703/4703
f 2427/2427 2426/2426 2376/2376
f 4705/4705 2529/2529 2400/2400
f 2375/2375 2374/2374 4705/4705
f 1998/1998 4711/4711 1819/1819
f 1819/1819 4711/4711 1818/1818
f 1826/1826 1996/1996 1819/1819
f 1819/1819 1996/1996 1998/1998
f 1826/1826 1825/1825 2001/2001
f 2001/2001 1825/1825 2036/2036
f 4711/4711 1974/1974 1818/1818
f 1818/1818 1974/1974 1976/1976
f 1806/1806 4712/4712 1807/1807
f 1807/1807 4712/4712 2029/2029
f 1810/1810 1812/1812 1937/1937
f 1937/1937 1812/1812 1940/1940
f 1982/1982 4713/4713 1940/1940
f 1940/1940 4713/4713 1939/1939
f 2014/2014 2007/2007 2016/2016
f 2016/2016 2007/2007 2009/2009
f 2016/2016 2009/2009 2018/2018
f 2018/2018 2009/2009 4714/4714
f 2014/2014 2013/2013 1982/1982
f 1982/1982 2013/2013 4713/4713
f 2018/2018 4714/4714 1807/1807
f 1807/1807 4714/4714 1805/1805
f 1803/1803 1802/1802 1809/1809
f 1813/1813 1978/1978 1983/1983
f 1983/1983 1978/1978 1984/1984
f 2008/2008 2011/2011 2010/2010
f 2010/2010 2011/2011 2002/2002
f 2008/2008 2007/2007 1983/1983
f 1983/1983 2007/2007 1981/1981
f 2012/2012 4714/4714 2010/2010
f 2010/2010 4714/4714 2009/2009
f 1809/1809 1805/1805 2012/2012
f 2012/2012 1805/1805 4714/4714
f 1941/1941 1786/1786 1972/1972
f 1972/1972 1786/1786 1789/1789
f 1979/1979 1941/1941 1975/1975
f 1975/1975 1941/1941 1972/1972
f 1974/1974 4711/4711 1975/1975
f 1975/1975 4711/4711 1980/1980
f 4711/4711 1998/1998 1980/1980
f 1980/1980 1998/1998 1985/1985
f 1997/1997 2011/2011 1985/1985
f 1985/1985 2011/2011 1984/1984
f 2000/2000 2002/2002 1997/1997
f 1997/1997 2002/2002 2011/2011
f 2000/2000 1999/1999 2004/2004
f 2004/2004 1999/1999 2005/2005
f 2031/2031 1808/1808 2004/2004
f 2004/2004 1808/1808 2003/2003
f 1788/1788 1836/1836 1789/1789
f 4715/4715 1810/1810 1936/1936
f 1936/1936 1810/1810 1937/1937
f 4715/4715 1936/1936 1783/1783
f 1942/1942 1811/1811 4715/4715
f 4715/4715 1811/1811 1810/1810
f 4715/4715 1783/1783 1942/1942
f 1942/1942 1783/1783 1785/1785
f 1941/1941 1979/1979 1942/1942
f 1942/1942 1979/1979 1811/1811
f 1811/1811 1979/1979 1813/1813
f 1813/1813 1979/1979 1978/1978
f 1971/1971 1836/1836 1973/1973
f 1973/1973 1836/1836 1837/1837
f 1974/1974 1971/1971 1976/1976
f 1976/1976 1971/1971 1973/1973
f 1835/1835 1967/1967 1837/1837
f 2429/2429 2427/2427 2373/2373
f 1789/1789 1786/1786 1784/1784
f 1802/1802 1805/1805 1809/1809
f 1803/1803 2065/2065 1804/1804
f 1808/1808 2031/2031 1803/1803
f 1803/1803 2031/2031 2065/2065
f 2031/2031 2030/2030 2065/2065
f 2032/2032 2030/2030 2006/2006
f 2006/2006 2030/2030 2005/2005
f 2001/2001 2036/2036 2006/2006
f 2006/2006 2036/2036 2033/2033
f 2032/2032 1834/1834 2064/2064
f 2064/2064 1834/1834 1833/1833
f 1952/1952 4712/4712 1806/1806
f 1805/1805 1802/1802 1806/1806
f 4716/4716 4717/4717 4718/4718
f 4719/4719 4720/4720 4721/4721
f 4720/4720 4719/4719 4722/4722
f 4723/4723 4722/4722 4719/4719
f 4724/4724 4723/4723 4719/4719
f 4724/4724 4725/4725 4723/4723
f 4726/4726 4727/4727 4728/4728
f 4727/4727 4726/4726 4729/4729
f 4729/4729 4716/4716 4730/4730
f 4717/4717 4716/4716 4729/4729
f 4729/4729 4731/4731 4717/4717
f 4732/4732 4717/4717 4731/4731
f 4732/4732 4731/4731 4718/4718
f 4732/4732 4718/4718 4717/4717
f 4725/4725 4728/4728 4723/4723
f 4733/4733 4723/4723 4728/4728
f 4731/4731 4729/4729 4726/4726
f 4734/4734 4718/4718 4731/4731
f 4733/4733 4728/4728 4727/4727
f 4735/4735 4736/4736 4737/4737
f 4738/4738 4739/4739 4740/4740
f 4740/4740 4741/4741 4738/4738
f 4742/4742 4738/4738 4741/4741
f 4742/4742 4741/4741 4743/4743
f 4744/4744 4743/4743 4745/4745
f 4746/4746 4745/4745 4743/4743
f 4747/4747 4748/4748 4749/4749
f 4747/4747 4749/4749 4750/4750
f 4751/4751 4752/4752 4753/4753
f 4746/4746 4754/4754 4755/4755
f 4746/4746 4743/4743 4754/4754
f 4756/4756 4754/4754 4743/4743
f 4756/4756 4743/4743 4741/4741
f 4757/4757 4741/4741 4758/4758
f 4759/4759 4754/4754 4760/4760
f 4761/4761 4760/4760 4754/4754
f 4754/4754 4756/4756 4761/4761
f 4762/4762 4763/4763 4764/4764
f 4765/4765 4764/4764 4763/4763
f 4766/4766 4767/4767 4753/4753
f 4753/4753 4768/4768 4766/4766
f 4769/4769 4766/4766 4768/4768
f 4768/4768 4755/4755 4769/4769
f 4754/4754 4769/4769 4755/4755
f 4769/4769 4754/4754 4770/4770
f 4759/4759 4770/4770 4754/4754
f 4766/4766 4769/4769 4771/4771
f 4772/4772 4771/4771 4769/4769
f 4769/4769 4770/4770 4772/4772
f 4773/4773 4772/4772 4770/4770
f 4751/4751 4753/4753 4767/4767
f 4767/4767 4774/4774 4751/4751
f 4750/4750 4751/4751 4774/4774
f 4774/4774 4775/4775 4750/4750
f 4747/4747 4750/4750 4775/4775
f 4775/4775 4763/4763 4747/4747
f 4748/4748 4747/4747 4763/4763
f 4763/4763 4762/4762 4748/4748
f 4776/4776 4748/4748 4762/4762
f 4776/4776 4777/4777 4748/4748
f 4778/4778 4749/4749 4748/4748
f 4778/4778 4748/4748 4777/4777
f 4740/4740 4758/4758 4741/4741
f 4740/4740 4779/4779 4758/4758
f 4779/4779 4740/4740 4739/4739
f 4779/4779 4739/4739 4780/4780
f 4736/4736 4780/4780 4739/4739
f 4780/4780 4736/4736 4781/4781
f 4735/4735 4781/4781 4736/4736
f 4735/4735 4782/4782 4781/4781
f 4783/4783 4776/4776 4784/4784
f 4762/4762 4784/4784 4776/4776
f 4784/4784 4762/4762 4785/4785
f 4764/4764 4785/4785 4762/4762
f 4783/4783 4784/4784 4786/4786
f 4784/4784 4787/4787 4786/4786
f 4782/4782 4786/4786 4787/4787
f 4787/4787 4781/4781 4782/4782
f 4785/4785 4788/4788 4784/4784
f 4784/4784 4788/4788 4789/4789
f 4784/4784 4789/4789 4787/4787
f 4790/4790 4789/4789 4788/4788
f 4791/4791 4792/4792 4787/4787
f 4787/4787 4792/4792 4781/4781
f 4781/4781 4793/4793 4780/4780
f 4794/4794 4795/4795 4796/4796
f 4795/4795 4794/4794 4797/4797
f 4798/4798 4797/4797 4794/4794
f 4798/4798 4799/4799 4797/4797
f 4800/4800 4797/4797 4799/4799
f 4801/4801 4802/4802 4803/4803
f 4804/4804 4805/4805 4806/4806
f 4807/4807 4806/4806 4805/4805
f 4808/4808 4809/4809 4810/4810
f 4811/4811 4812/4812 4813/4813
f 4812/4812 4811/4811 4814/4814
f 4815/4815 4816/4816 4817/4817
f 4818/4818 4817/4817 4816/4816
f 4819/4819 4818/4818 4811/4811
f 4813/4813 4809/4809 4820/4820
f 4821/4821 4820/4820 4809/4809
f 4813/4813 4810/4810 4809/4809
f 4810/4810 4813/4813 4812/4812
f 4816/4816 4814/4814 4811/4811
f 4814/4814 4816/4816 4822/4822
f 4815/4815 4822/4822 4816/4816
f 4816/4816 4811/4811 4818/4818
f 4811/4811 4813/4813 4819/4819
f 4820/4820 4819/4819 4813/4813
f 4823/4823 4824/4824 4825/4825
f 4826/4826 4827/4827 4828/4828
f 4829/4829 4828/4828 4827/4827
f 4830/4830 4829/4829 4831/4831
f 4830/4830 4831/4831 4832/4832
f 4830/4830 4832/4832 4833/4833
f 4834/4834 4835/4835 4836/4836
f 4836/4836 4837/4837 4834/4834
f 4836/4836 4838/4838 4837/4837
f 4825/4825 4837/4837 4823/4823
f 4837/4837 4825/4825 4839/4839
f 4840/4840 4839/4839 4825/4825
f 4840/4840 4824/4824 4839/4839
f 4840/4840 4825/4825 4824/4824
f 4832/4832 4831/4831 4835/4835
f 4841/4841 4835/4835 4831/4831
f 4839/4839 4834/4834 4837/4837
f 4841/4841 4836/4836 4835/4835
f 4836/4836 4841/4841 4838/4838
f 4842/4842 4838/4838 4841/4841
f 4843/4843 4844/4844 4845/4845
f 4846/4846 4845/4845 4844/4844
f 4847/4847 4848/4848 4849/4849
f 4844/4844 4849/4849 4846/4846
f 4844/4844 4850/4850 4849/4849
f 4850/4850 4844/4844 4851/4851
f 4843/4843 4851/4851 4844/4844
f 4843/4843 4852/4852 4851/4851
f 4843/4843 4845/4845 4852/4852
f 4853/4853 4852/4852 4845/4845
f 4853/4853 4854/4854 4852/4852
f 4855/4855 4852/4852 4854/4854
f 4856/4856 4857/4857 4858/4858
f 4856/4856 4859/4859 4857/4857
f 4860/4860 4857/4857 4859/4859
f 4859/4859 4861/4861 4860/4860
f 4855/4855 4862/4862 4863/4863
f 4855/4855 4863/4863 4852/4852
f 4864/4864 4852/4852 4863/4863
f 4864/4864 4851/4851 4852/4852
f 4863/4863 4865/4865 4864/4864
f 4866/4866 4867/4867 4868/4868
f 4869/4869 4868/4868 4867/4867
f 4870/4870 4871/4871 4872/4872
f 4870/4870 4872/4872 4873/4873
f 4873/4873 4874/4874 4870/4870
f 4874/4874 4873/4873 4875/4875
f 4876/4876 4875/4875 4873/4873
f 4875/4875 4876/4876 4862/4862
f 4863/4863 4862/4862 4876/4876
f 4876/4876 4877/4877 4863/4863
f 4878/4878 4863/4863 4877/4877
f 4879/4879 4873/4873 4872/4872
f 4873/4873 4879/4879 4876/4876
f 4880/4880 4876/4876 4879/4879
f 4876/4876 4880/4880 4877/4877
f 4881/4881 4877/4877 4880/4880
f 4877/4877 4881/4881 4882/4882
f 4861/4861 4870/4870 4874/4874
f 4870/4870 4861/4861 4871/4871
f 4859/4859 4871/4871 4861/4861
f 4871/4871 4859/4859 4869/4869
f 4856/4856 4869/4869 4859/4859
f 4869/4869 4856/4856 4868/4868
f 4858/4858 4868/4868 4856/4856
f 4868/4868 4858/4858 4883/4883
f 4884/4884 4883/4883 4858/4858
f 4884/4884 4858/4858 4885/4885
f 4886/4886 4858/4858 4857/4857
f 4886/4886 4885/4885 4858/4858
f 4887/4887 4849/4849 4850/4850
f 4887/4887 4888/4888 4849/4849
f 4847/4847 4849/4849 4888/4888
f 4888/4888 4889/4889 4847/4847
f 4890/4890 4847/4847 4889/4889
f 4890/4890 4889/4889 4891/4891
f 4891/4891 4892/4892 4890/4890
f 4891/4891 4893/4893 4892/4892
f 4894/4894 4895/4895 4884/4884
f 4883/4883 4884/4884 4895/4895
f 4895/4895 4896/4896 4883/4883
f 4894/4894 4893/4893 4895/4895
f 4895/4895 4893/4893 4897/4897
f 4891/4891 4897/4897 4893/4893
f 4897/4897 4891/4891 4889/4889
f 4898/4898 4899/4899 4900/4900
f 4897/4897 4900/4900 4899/4899
f 4900/4900 4897/4897 4901/4901
f 4897/4897 4889/4889 4901/4901
f 4889/4889 4888/4888 4902/4902
f 4828/4828 4829/4829 4833/4833
f 4830/4830 4833/4833 4829/4829
f 4903/4903 4904/4904 4905/4905
f 4906/4906 4907/4907 4908/4908
f 4909/4909 4910/4910 4911/4911
f 4912/4912 4913/4913 4914/4914
f 4914/4914 4915/4915 4912/4912
f 4916/4916 4917/4917 4918/4918
f 4919/4919 4918/4918 4917/4917
f 4920/4920 4912/4912 4919/4919
f 4913/4913 4921/4921 4911/4911
f 4922/4922 4911/4911 4921/4921
f 4913/4913 4911/4911 4910/4910
f 4910/4910 4914/4914 4913/4913
f 4918/4918 4912/4912 4915/4915
f 4915/4915 4923/4923 4918/4918
f 4916/4916 4918/4918 4923/4923
f 4918/4918 4919/4919 4912/4912
f 4912/4912 4920/4920 4913/4913
f 4921/4921 4913/4913 4920/4920
f 4924/4924 4721/4721 4720/4720
f 4724/4724 4925/4925 4725/4725
f 4926/4926 4725/4725 4925/4925
f 4926/4926 4927/4927 4725/4725
f 4728/4728 4725/4725 4927/4927
f 4728/4728 4927/4927 4726/4726
f 4727/4727 4729/4729 4928/4928
f 4730/4730 4928/4928 4729/4729
f 4726/4726 4929/4929 4731/4731
f 4929/4929 4726/4726 4927/4927
f 4734/4734 4731/4731 4929/4929
f 4727/4727 4928/4928 4733/4733
f 4930/4930 4733/4733 4928/4928
f 4930/4930 4931/4931 4733/4733
f 4723/4723 4733/4733 4931/4931
f 4723/4723 4931/4931 4722/4722
f 4932/4932 4722/4722 4931/4931
f 4742/4742 4933/4933 4738/4738
f 4934/4934 4738/4738 4933/4933
f 4935/4935 4936/4936 4735/4735
f 4737/4737 4935/4935 4735/4735
f 4937/4937 4737/4737 4736/4736
f 4736/4736 4739/4739 4937/4937
f 4938/4938 4937/4937 4739/4739
f 4938/4938 4739/4739 4934/4934
f 4738/4738 4934/4934 4739/4739
f 4742/4742 4743/4743 4933/4933
f 4744/4744 4933/4933 4743/4743
f 4745/4745 4746/4746 4939/4939
f 4940/4940 4750/4750 4749/4749
f 4750/4750 4940/4940 4751/4751
f 4752/4752 4751/4751 4940/4940
f 4941/4941 4753/4753 4752/4752
f 4753/4753 4941/4941 4768/4768
f 4939/4939 4768/4768 4941/4941
f 4768/4768 4939/4939 4755/4755
f 4755/4755 4939/4939 4746/4746
f 4756/4756 4741/4741 4942/4942
f 4757/4757 4942/4942 4741/4741
f 4942/4942 4761/4761 4756/4756
f 4765/4765 4763/4763 4943/4943
f 4775/4775 4943/4943 4763/4763
f 4943/4943 4775/4775 4944/4944
f 4774/4774 4944/4944 4775/4775
f 4944/4944 4774/4774 4945/4945
f 4767/4767 4945/4945 4774/4774
f 4767/4767 4766/4766 4945/4945
f 4946/4946 4770/4770 4759/4759
f 4759/4759 4760/4760 4946/4946
f 4947/4947 4946/4946 4760/4760
f 4770/4770 4946/4946 4948/4948
f 4771/4771 4945/4945 4766/4766
f 4770/4770 4948/4948 4773/4773
f 4949/4949 4773/4773 4948/4948
f 4777/4777 4776/4776 4950/4950
f 4782/4782 4735/4735 4936/4936
f 4782/4782 4936/4936 4786/4786
f 4951/4951 4786/4786 4936/4936
f 4951/4951 4950/4950 4786/4786
f 4783/4783 4786/4786 4950/4950
f 4783/4783 4950/4950 4776/4776
f 4899/4899 4787/4787 4789/4789
f 4952/4952 4791/4791 4899/4899
f 4787/4787 4899/4899 4791/4791
f 4953/4953 4781/4781 4792/4792
f 4793/4793 4781/4781 4953/4953
f 4954/4954 4780/4780 4793/4793
f 4954/4954 4955/4955 4780/4780
f 4779/4779 4780/4780 4955/4955
f 4955/4955 4758/4758 4779/4779
f 4721/4721 4925/4925 4719/4719
f 4724/4724 4719/4719 4925/4925
f 4956/4956 4957/4957 4795/4795
f 4958/4958 4795/4795 4957/4957
f 4795/4795 4958/4958 4796/4796
f 4800/4800 4799/4799 4959/4959
f 4960/4960 4959/4959 4799/4799
f 4960/4960 4961/4961 4959/4959
f 4962/4962 4961/4961 4960/4960
f 4963/4963 4964/4964 4965/4965
f 4965/4965 4966/4966 4963/4963
f 4803/4803 4967/4967 4801/4801
f 4968/4968 4801/4801 4967/4967
f 4967/4967 4804/4804 4968/4968
f 4806/4806 4968/4968 4804/4804
f 4805/4805 4969/4969 4807/4807
f 4970/4970 4807/4807 4969/4969
f 4969/4969 4971/4971 4970/4970
f 4972/4972 4970/4970 4971/4971
f 4972/4972 4971/4971 4973/4973
f 4974/4974 4973/4973 4971/4971
f 4973/4973 4974/4974 4964/4964
f 4975/4975 4964/4964 4974/4974
f 4965/4965 4964/4964 4975/4975
f 4975/4975 4976/4976 4965/4965
f 4965/4965 4976/4976 4977/4977
f 4978/4978 4977/4977 4976/4976
f 4979/4979 4980/4980 4981/4981
f 4982/4982 4981/4981 4980/4980
f 4980/4980 4983/4983 4982/4982
f 4984/4984 4982/4982 4983/4983
f 4966/4966 4985/4985 4963/4963
f 4986/4986 4963/4963 4985/4985
f 4985/4985 4987/4987 4986/4986
f 4988/4988 4986/4986 4987/4987
f 4987/4987 4989/4989 4988/4988
f 4990/4990 4988/4988 4989/4989
f 4990/4990 4989/4989 4991/4991
f 4992/4992 4991/4991 4989/4989
f 4992/4992 4993/4993 4991/4991
f 4994/4994 4991/4991 4993/4993
f 4994/4994 4993/4993 4995/4995
f 4996/4996 4995/4995 4993/4993
f 4995/4995 4996/4996 4997/4997
f 4984/4984 4997/4997 4996/4996
f 4998/4998 4997/4997 4984/4984
f 4984/4984 4983/4983 4998/4998
f 4802/4802 4998/4998 4983/4983
f 4983/4983 4803/4803 4802/4802
f 4827/4827 4999/4999 4829/4829
f 4831/4831 4829/4829 4999/4999
f 5000/5000 4833/4833 4832/4832
f 5000/5000 4832/4832 5001/5001
f 4835/4835 5001/5001 4832/4832
f 4835/4835 4834/4834 5001/5001
f 5002/5002 4837/4837 4838/4838
f 4837/4837 5002/5002 4823/4823
f 4834/4834 4839/4839 5003/5003
f 5003/5003 5001/5001 4834/4834
f 5004/5004 4839/4839 4824/4824
f 5004/5004 5003/5003 4839/4839
f 4842/4842 4841/4841 5005/5005
f 4831/4831 5005/5005 4841/4841
f 4831/4831 4999/4999 5005/5005
f 5006/5006 5005/5005 4999/4999
f 5007/5007 4890/4890 4892/4892
f 5008/5008 4890/4890 5007/5007
f 4890/4890 5008/5008 4847/4847
f 4848/4848 4847/4847 5008/5008
f 5009/5009 4849/4849 4848/4848
f 5009/5009 4846/4846 4849/4849
f 4854/4854 5010/5010 4855/4855
f 5011/5011 4860/4860 4861/4861
f 4861/4861 4874/4874 5011/5011
f 5012/5012 5011/5011 4874/4874
f 4874/4874 4875/4875 5012/5012
f 5010/5010 5012/5012 4875/4875
f 4875/4875 4862/4862 5010/5010
f 4862/4862 4855/4855 5010/5010
f 4864/4864 5013/5013 4851/4851
f 5014/5014 4851/4851 5013/5013
f 5014/5014 5015/5015 4851/4851
f 4878/4878 5016/5016 4863/4863
f 4865/4865 4863/4863 5016/5016
f 5013/5013 4864/4864 4865/4865
f 4883/4883 5017/5017 4868/4868
f 4866/4866 4868/4868 5017/5017
f 4867/4867 5018/5018 4869/4869
f 4871/4871 4869/4869 5018/5018
f 5018/5018 4872/4872 4871/4871
f 5019/5019 4878/4878 4877/4877
f 4878/4878 5019/5019 5016/5016
f 5020/5020 5016/5016 5019/5019
f 4877/4877 4882/4882 5019/5019
f 5021/5021 4882/4882 4881/4881
f 4885/4885 5022/5022 4884/4884
f 4850/4850 4851/4851 5015/5015
f 4850/4850 5015/5015 4887/4887
f 5023/5023 4892/4892 4893/4893
f 5023/5023 4893/4893 5022/5022
f 4894/4894 5022/5022 4893/4893
f 4894/4894 4884/4884 5022/5022
f 5017/5017 4883/4883 4896/4896
f 4896/4896 4895/4895 5024/5024
f 4895/4895 4789/4789 5024/5024
f 4895/4895 4897/4897 4789/4789
f 4899/4899 4789/4789 4897/4897
f 4790/4790 5024/5024 4789/4789
f 5025/5025 4901/4901 4889/4889
f 4902/4902 5025/5025 4889/4889
f 5026/5026 4902/4902 4888/4888
f 5026/5026 4888/4888 5027/5027
f 4887/4887 5027/5027 4888/4888
f 5027/5027 4887/4887 5015/5015
f 5028/5028 5029/5029 5030/5030
f 5031/5031 5030/5030 5029/5029
f 5029/5029 5032/5032 5031/5031
f 5033/5033 5032/5032 5029/5029
f 5029/5029 5034/5034 5033/5033
f 5035/5035 5033/5033 5034/5034
f 5035/5035 5034/5034 4904/4904
f 5036/5036 4904/4904 5034/5034
f 5036/5036 4905/4905 4904/4904
f 4905/4905 5037/5037 4903/4903
f 4903/4903 5037/5037 5038/5038
f 5039/5039 5040/5040 5041/5041
f 5040/5040 5039/5039 5042/5042
f 5043/5043 5044/5044 5045/5045
f 5044/5044 5043/5043 5046/5046
f 5047/5047 5046/5046 5043/5043
f 5046/5046 5047/5047 5048/5048
f 5049/5049 5048/5048 5047/5047
f 5048/5048 5049/5049 4906/4906
f 4907/4907 4906/4906 5049/5049
f 5050/5050 4908/4908 4907/4907
f 4908/4908 5050/5050 5051/5051
f 5052/5052 5051/5051 5050/5050
f 5052/5052 5053/5053 5051/5051
f 5054/5054 5051/5051 5053/5053
f 5053/5053 5041/5041 5054/5054
f 5055/5055 5054/5054 5041/5041
f 5040/5040 5055/5055 5041/5041
f 5055/5055 5040/5040 5056/5056
f 5040/5040 5057/5057 5056/5056
f 5058/5058 5056/5056 5057/5057
f 4979/4979 4981/4981 5059/5059
f 5060/5060 5059/5059 4981/4981
f 5059/5059 5060/5060 5061/5061
f 5062/5062 5061/5061 5060/5060
f 5042/5042 5039/5039 5063/5063
f 5064/5064 5063/5063 5039/5039
f 5063/5063 5064/5064 5065/5065
f 5066/5066 5065/5065 5064/5064
f 5065/5065 5066/5066 5067/5067
f 5068/5068 5067/5067 5066/5066
f 5068/5068 5069/5069 5067/5067
f 5070/5070 5067/5067 5069/5069
f 5070/5070 5069/5069 5071/5071
f 5072/5072 5071/5071 5069/5069
f 5072/5072 5073/5073 5071/5071
f 5074/5074 5071/5071 5073/5073
f 5073/5073 5075/5075 5074/5074
f 5062/5062 5074/5074 5075/5075
f 5076/5076 5062/5062 5075/5075
f 5062/5062 5076/5076 5061/5061
f 5045/5045 5061/5061 5076/5076
f 5061/5061 5045/5045 5044/5044

g Object_duke_hand_d.jpg

usemtl mat_1-duke_hand_d.jpg

f 5077/5077 5078/5078 5079/5079
f 5078/5078 5080/5080 5079/5079
f 5079/5079 5080/5080 5081/5081
f 5080/5080 5082/5082 5081/5081
f 5081/5081 5082/5082 5083/5083
f 5082/5082 5084/5084 5083/5083
f 5083/5083 5084/5084 5085/5085
f 5084/5084 5086/5086 5085/5085
f 5087/5087 5088/5088 5089/5089
f 5088/5088 5090/5090 5089/5089
f 5089/5089 5090/5090 5091/5091
f 5090/5090 5092/5092 5091/5091
f 5091/5091 5092/5092 5093/5093
f 5092/5092 5094/5094 5093/5093
f 5094/5094 5077/5077 5093/5093
f 5078/5078 5077/5077 5094/5094
f 5078/5078 5095/5095 5080/5080
f 5095/5095 5096/5096 5080/5080
f 5080/5080 5096/5096 5082/5082
f 5096/5096 5097/5097 5082/5082
f 5082/5082 5097/5097 5084/5084
f 5097/5097 5098/5098 5084/5084
f 5084/5084 5098/5098 5086/5086
f 5098/5098 5099/5099 5086/5086
f 5088/5088 5100/5100 5090/5090
f 5100/5100 5101/5101 5090/5090
f 5090/5090 5101/5101 5092/5092
f 5101/5101 5102/5102 5092/5092
f 5092/5092 5102/5102 5094/5094
f 5102/5102 5103/5103 5094/5094
f 5094/5094 5103/5103 5078/5078
f 5103/5103 5095/5095 5078/5078
f 5104/5104 5105/5105 5106/5106
f 5105/5105 5107/5107 5106/5106
f 5106/5106 5107/5107 5108/5108
f 5107/5107 5109/5109 5108/5108
f 5108/5108 5109/5109 5110/5110
f 5109/5109 5111/5111 5110/5110
f 5110/5110 5111/5111 5112/5112
f 5111/5111 5113/5113 5112/5112
f 5114/5114 5115/5115 5116/5116
f 5115/5115 5117/5117 5116/5116
f 5116/5116 5117/5117 5118/5118
f 5117/5117 5119/5119 5118/5118
f 5118/5118 5119/5119 5120/5120
f 5119/5119 5121/5121 5120/5120
f 5120/5120 5121/5121 5104/5104
f 5121/5121 5105/5105 5104/5104
f 5105/5105 5122/5122 5107/5107
f 5122/5122 5123/5123 5107/5107
f 5107/5107 5123/5123 5109/5109
f 5123/5123 5124/5124 5109/5109
f 5109/5109 5124/5124 5111/5111
f 5124/5124 5125/5125 5111/5111
f 5111/5111 5125/5125 5113/5113
f 5125/5125 5126/5126 5113/5113
f 5115/5115 5127/5127 5117/5117
f 5127/5127 5128/5128 5117/5117
f 5117/5117 5128/5128 5119/5119
f 5128/5128 5129/5129 5119/5119
f 5119/5119 5129/5129 5121/5121
f 5129/5129 5130/5130 5121/5121
f 5121/5121 5130/5130 5105/5105
f 5130/5130 5122/5122 5105/5105
f 5122/5122 5131/5131 5123/5123
f 5131/5131 5132/5132 5123/5123
f 5123/5123 5132/5132 5124/5124
f 5132/5132 5133/5133 5124/5124
f 5124/5124 5133/5133 5125/5125
f 5133/5133 5134/5134 5125/5125
f 5125/5125 5134/5134 5126/5126
f 5134/5134 5135/5135 5126/5126
f 5127/5127 5136/5136 5128/5128
f 5136/5136 5137/5137 5128/5128
f 5128/5128 5137/5137 5129/5129
f 5137/5137 5138/5138 5129/5129
f 5129/5129 5138/5138 5130/5130
f 5138/5138 5139/5139 5130/5130
f 5130/5130 5139/5139 5122/5122
f 5139/5139 5131/5131 5122/5122
f 5140/5140 5141/5141 5142/5142
f 5141/5141 5143/5143 5142/5142
f 5142/5142 5143/5143 5144/5144
f 5143/5143 5145/5145 5144/5144
f 5144/5144 5145/5145 5146/5146
f 5145/5145 5147/5147 5146/5146
f 5146/5146 5147/5147 5148/5148
f 5147/5147 5149/5149 5148/5148
f 5150/5150 5151/5151 5152/5152
f 5151/5151 5153/5153 5152/5152
f 5152/5152 5153/5153 5154/5154
f 5153/5153 5155/5155 5154/5154
f 5154/5154 5155/5155 5156/5156
f 5155/5155 5157/5157 5156/5156
f 5156/5156 5157/5157 5140/5140
f 5157/5157 5141/5141 5140/5140
f 5141/5141 5077/5077 5143/5143
f 5077/5077 5079/5079 5143/5143
f 5143/5143 5079/5079 5145/5145
f 5079/5079 5081/5081 5145/5145
f 5145/5145 5081/5081 5147/5147
f 5081/5081 5083/5083 5147/5147
f 5147/5147 5083/5083 5149/5149
f 5083/5083 5085/5085 5149/5149
f 5151/5151 5087/5087 5153/5153
f 5087/5087 5089/5089 5153/5153
f 5153/5153 5089/5089 5155/5155
f 5089/5089 5091/5091 5155/5155
f 5155/5155 5091/5091 5157/5157
f 5091/5091 5093/5093 5157/5157
f 5157/5157 5093/5093 5141/5141
f 5093/5093 5077/5077 5141/5141
f 5158/5158 5159/5159 5160/5160
f 5161/5161 5162/5162 5158/5158
f 5158/5158 5162/5162 5163/5163
f 5162/5162 5164/5164 5163/5163
f 5163/5163 5164/5164 5165/5165
f 5166/5166 5167/5167 5168/5168
f 5168/5168 5167/5167 5161/5161
f 5166/5166 5168/5168 5169/5169
f 5169/5169 5168/5168 5170/5170
f 5167/5167 5166/5166 5171/5171
f 5171/5171 5166/5166 5172/5172
f 5172/5172 5166/5166 5173/5173
f 5173/5173 5166/5166 5169/5169
f 5174/5174 5175/5175 5176/5176
f 5176/5176 5175/5175 5177/5177
f 5178/5178 5179/5179 5180/5180
f 5180/5180 5179/5179 5181/5181
f 5182/5182 5183/5183 5184/5184
f 5185/5185 5186/5186 5182/5182
f 5182/5182 5186/5186 5183/5183
f 5187/5187 5188/5188 5189/5189
f 5189/5189 5188/5188 5190/5190
f 5191/5191 5192/5192 5193/5193
f 5193/5193 5192/5192 5194/5194
f 5195/5195 5196/5196 5197/5197
f 5198/5198 5197/5197 5186/5186
f 5186/5186 5197/5197 5196/5196
f 5186/5186 5185/5185 5198/5198
f 5199/5199 5200/5200 5201/5201
f 5201/5201 5200/5200 5202/5202
f 5203/5203 5199/5199 5193/5193
f 5193/5193 5199/5199 5201/5201
f 5204/5204 5205/5205 5176/5176
f 5176/5176 5205/5205 5206/5206
f 5177/5177 5173/5173 5207/5207
f 5207/5207 5173/5173 5208/5208
f 5209/5209 5210/5210 5179/5179
f 5179/5179 5210/5210 5181/5181
f 5211/5211 5212/5212 5174/5174
f 5174/5174 5212/5212 5175/5175
f 5213/5213 5171/5171 5175/5175
f 5214/5214 5215/5215 5216/5216
f 5216/5216 5215/5215 5217/5217
f 5213/5213 5218/5218 5214/5214
f 5214/5214 5218/5218 5215/5215
f 5214/5214 5171/5171 5213/5213
f 5216/5216 5167/5167 5214/5214
f 5214/5214 5167/5167 5171/5171
f 5219/5219 5211/5211 5220/5220
f 5220/5220 5211/5211 5221/5221
f 5222/5222 5212/5212 5219/5219
f 5219/5219 5212/5212 5211/5211
f 5184/5184 5183/5183 5223/5223
f 5223/5223 5183/5183 5224/5224
f 5223/5223 5224/5224 5225/5225
f 5225/5225 5224/5224 5226/5226
f 5227/5227 5170/5170 5228/5228
f 5228/5228 5170/5170 5229/5229
f 5230/5230 5231/5231 5232/5232
f 5232/5232 5231/5231 5233/5233
f 5231/5231 5234/5234 5233/5233
f 5233/5233 5234/5234 5235/5235
f 5236/5236 5237/5237 5238/5238
f 5239/5239 5236/5236 5240/5240
f 5240/5240 5236/5236 5238/5238
f 5241/5241 5242/5242 5239/5239
f 5239/5239 5242/5242 5236/5236
f 5243/5243 5241/5241 5244/5244
f 5244/5244 5241/5241 5239/5239
f 5244/5244 5239/5239 5245/5245
f 5245/5245 5239/5239 5240/5240
f 5230/5230 5246/5246 5247/5247
f 5248/5248 5249/5249 5250/5250
f 5250/5250 5249/5249 5251/5251
f 5252/5252 5253/5253 5250/5250
f 5250/5250 5253/5253 5248/5248
f 5252/5252 5250/5250 5238/5238
f 5238/5238 5250/5250 5240/5240
f 5250/5250 5251/5251 5240/5240
f 5240/5240 5251/5251 5245/5245
f 5254/5254 5255/5255 5256/5256
f 5257/5257 5258/5258 5259/5259
f 5242/5242 5259/5259 5237/5237
f 5234/5234 5258/5258 5255/5255
f 5260/5260 5261/5261 5262/5262
f 5262/5262 5261/5261 5257/5257
f 5263/5263 5264/5264 5260/5260
f 5260/5260 5264/5264 5261/5261
f 5265/5265 5263/5263 5266/5266
f 5266/5266 5263/5263 5260/5260
f 5266/5266 5260/5260 5267/5267
f 5267/5267 5260/5260 5262/5262
f 5264/5264 5268/5268 5261/5261
f 5261/5261 5269/5269 5257/5257
f 5257/5257 5269/5269 5256/5256
f 5270/5270 5271/5271 5272/5272
f 5272/5272 5271/5271 5273/5273
f 5274/5274 5275/5275 5270/5270
f 5270/5270 5275/5275 5271/5271
f 5242/5242 5274/5274 5259/5259
f 5259/5259 5274/5274 5270/5270
f 5259/5259 5270/5270 5257/5257
f 5257/5257 5270/5270 5272/5272
f 5276/5276 5277/5277 5278/5278
f 5278/5278 5277/5277 5279/5279
f 5272/5272 5273/5273 5276/5276
f 5276/5276 5273/5273 5277/5277
f 5257/5257 5272/5272 5280/5280
f 5280/5280 5272/5272 5276/5276
f 5280/5280 5276/5276 5281/5281
f 5281/5281 5276/5276 5278/5278
f 5280/5280 5281/5281 5282/5282
f 5282/5282 5281/5281 5283/5283
f 5257/5257 5280/5280 5262/5262
f 5262/5262 5280/5280 5282/5282
f 5262/5262 5282/5282 5267/5267
f 5267/5267 5282/5282 5284/5284
f 5282/5282 5283/5283 5284/5284
f 5284/5284 5283/5283 5285/5285
f 5254/5254 5286/5286 5255/5255
f 5255/5255 5286/5286 5287/5287
f 5255/5255 5287/5287 5234/5234
f 5234/5234 5287/5287 5235/5235
f 5235/5235 5288/5288 5233/5233
f 5288/5288 5289/5289 5233/5233
f 5233/5233 5289/5289 5232/5232
f 5202/5202 5200/5200 5288/5288
f 5288/5288 5200/5200 5289/5289
f 5290/5290 5291/5291 5160/5160
f 5158/5158 5292/5292 5293/5293
f 5291/5291 5294/5294 5292/5292
f 5293/5293 5295/5295 5229/5229
f 5158/5158 5293/5293 5161/5161
f 5161/5161 5293/5293 5168/5168
f 5296/5296 5297/5297 5298/5298
f 5298/5298 5297/5297 5299/5299
f 5298/5298 5300/5300 5296/5296
f 5296/5296 5300/5300 5301/5301
f 5300/5300 5298/5298 5290/5290
f 5290/5290 5298/5298 5291/5291
f 5298/5298 5299/5299 5291/5291
f 5291/5291 5299/5299 5294/5294
f 5302/5302 5303/5303 5304/5304
f 5304/5304 5303/5303 5305/5305
f 5306/5306 5307/5307 5305/5305
f 5305/5305 5307/5307 5304/5304
f 5308/5308 5309/5309 5301/5301
f 5301/5301 5309/5309 5296/5296
f 5309/5309 5310/5310 5296/5296
f 5296/5296 5310/5310 5297/5297
f 5311/5311 5302/5302 5312/5312
f 5312/5312 5302/5302 5304/5304
f 5313/5313 5314/5314 5315/5315
f 5315/5315 5314/5314 5316/5316
f 5317/5317 5315/5315 5318/5318
f 5318/5318 5315/5315 5316/5316
f 5312/5312 5304/5304 5319/5319
f 5319/5319 5304/5304 5307/5307
f 5314/5314 5313/5313 5320/5320
f 5320/5320 5313/5313 5321/5321
f 5297/5297 5310/5310 5322/5322
f 5322/5322 5310/5310 5323/5323
f 5303/5303 5302/5302 5324/5324
f 5324/5324 5302/5302 5325/5325
f 5300/5300 5326/5326 5327/5327
f 5327/5327 5326/5326 5328/5328
f 5329/5329 5299/5299 5322/5322
f 5322/5322 5299/5299 5297/5297
f 5228/5228 5229/5229 5330/5330
f 5331/5331 5295/5295 5294/5294
f 5164/5164 5162/5162 5217/5217
f 5217/5217 5162/5162 5216/5216
f 5162/5162 5161/5161 5216/5216
f 5216/5216 5161/5161 5167/5167
f 5164/5164 5332/5332 5333/5333
f 5334/5334 5332/5332 5217/5217
f 5217/5217 5332/5332 5164/5164
f 5335/5335 5336/5336 5337/5337
f 5337/5337 5336/5336 5338/5338
f 5339/5339 5335/5335 5215/5215
f 5334/5334 5335/5335 5337/5337
f 5337/5337 5332/5332 5334/5334
f 5337/5337 5338/5338 5332/5332
f 5332/5332 5338/5338 5333/5333
f 5335/5335 5339/5339 5340/5340
f 5340/5340 5339/5339 5341/5341
f 5336/5336 5335/5335 5342/5342
f 5342/5342 5335/5335 5340/5340
f 5343/5343 5222/5222 5344/5344
f 5344/5344 5222/5222 5219/5219
f 5339/5339 5345/5345 5341/5341
f 5341/5341 5345/5345 5346/5346
f 5347/5347 5343/5343 5348/5348
f 5348/5348 5343/5343 5344/5344
f 5341/5341 5346/5346 5349/5349
f 5349/5349 5346/5346 5347/5347
f 5350/5350 5351/5351 5352/5352
f 5352/5352 5351/5351 5353/5353
f 5352/5352 5353/5353 5354/5354
f 5354/5354 5353/5353 5355/5355
f 5347/5347 5353/5353 5349/5349
f 5349/5349 5353/5353 5351/5351
f 5356/5356 5357/5357 5355/5355
f 5355/5355 5357/5357 5354/5354
f 5358/5358 5359/5359 5360/5360
f 5360/5360 5359/5359 5361/5361
f 5362/5362 5363/5363 5364/5364
f 5364/5364 5363/5363 5350/5350
f 5364/5364 5365/5365 5366/5366
f 5366/5366 5365/5365 5367/5367
f 5366/5366 5367/5367 5368/5368
f 5368/5368 5367/5367 5369/5369
f 5369/5369 5367/5367 5370/5370
f 5370/5370 5367/5367 5371/5371
f 5367/5367 5365/5365 5371/5371
f 5371/5371 5365/5365 5372/5372
f 5362/5362 5364/5364 5373/5373
f 5373/5373 5364/5364 5366/5366
f 5373/5373 5366/5366 5374/5374
f 5374/5374 5366/5366 5368/5368
f 5375/5375 5376/5376 5377/5377
f 5377/5377 5376/5376 5378/5378
f 5377/5377 5378/5378 5351/5351
f 5351/5351 5378/5378 5349/5349
f 5340/5340 5341/5341 5378/5378
f 5378/5378 5341/5341 5349/5349
f 5342/5342 5340/5340 5376/5376
f 5376/5376 5340/5340 5378/5378
f 5379/5379 5380/5380 5381/5381
f 5381/5381 5380/5380 5382/5382
f 5380/5380 5379/5379 5383/5383
f 5383/5383 5379/5379 5384/5384
f 5384/5384 5379/5379 5363/5363
f 5363/5363 5379/5379 5375/5375
f 5379/5379 5381/5381 5375/5375
f 5375/5375 5381/5381 5376/5376
f 5381/5381 5382/5382 5385/5385
f 5385/5385 5382/5382 5386/5386
f 5376/5376 5381/5381 5342/5342
f 5342/5342 5381/5381 5385/5385
f 5387/5387 5388/5388 5389/5389
f 5389/5389 5388/5388 5390/5390
f 5389/5389 5391/5391 5387/5387
f 5387/5387 5391/5391 5392/5392
f 5225/5225 5226/5226 5393/5393
f 5226/5226 5394/5394 5393/5393
f 5393/5393 5394/5394 5395/5395
f 5345/5345 5339/5339 5215/5215
f 5215/5215 5218/5218 5345/5345
f 5215/5215 5334/5334 5217/5217
f 5396/5396 5336/5336 5385/5385
f 5385/5385 5336/5336 5342/5342
f 5397/5397 5396/5396 5386/5386
f 5386/5386 5396/5396 5385/5385
f 5398/5398 5399/5399 5400/5400
f 5400/5400 5399/5399 5401/5401
f 5386/5386 5402/5402 5397/5397
f 5397/5397 5402/5402 5403/5403
f 5404/5404 5405/5405 5406/5406
f 5406/5406 5405/5405 5407/5407
f 5408/5408 5409/5409 5410/5410
f 5410/5410 5409/5409 5411/5411
f 5412/5412 5408/5408 5413/5413
f 5413/5413 5408/5408 5410/5410
f 5410/5410 5404/5404 5413/5413
f 5404/5404 5410/5410 5405/5405
f 5405/5405 5410/5410 5411/5411
f 5414/5414 5415/5415 5416/5416
f 5417/5417 5418/5418 5414/5414
f 5414/5414 5418/5418 5419/5419
f 5418/5418 5417/5417 5420/5420
f 5420/5420 5417/5417 5421/5421
f 5417/5417 5422/5422 5421/5421
f 5416/5416 5423/5423 5424/5424
f 5424/5424 5423/5423 5425/5425
f 5425/5425 5423/5423 5426/5426
f 5426/5426 5423/5423 5427/5427
f 5428/5428 5429/5429 5430/5430
f 5430/5430 5429/5429 5431/5431
f 5430/5430 5431/5431 5424/5424
f 5424/5424 5431/5431 5416/5416
f 5432/5432 5433/5433 5411/5411
f 5411/5411 5433/5433 5405/5405
f 5422/5422 5432/5432 5409/5409
f 5409/5409 5432/5432 5411/5411
f 5434/5434 5435/5435 5436/5436
f 5436/5436 5435/5435 5437/5437
f 5438/5438 5439/5439 5434/5434
f 5434/5434 5439/5439 5435/5435
f 5438/5438 5434/5434 5440/5440
f 5440/5440 5434/5434 5441/5441
f 5441/5441 5434/5434 5442/5442
f 5442/5442 5434/5434 5436/5436
f 5443/5443 5444/5444 5445/5445
f 5445/5445 5444/5444 5446/5446
f 5438/5438 5440/5440 5447/5447
f 5447/5447 5440/5440 5448/5448
f 5439/5439 5438/5438 5449/5449
f 5449/5449 5438/5438 5447/5447
f 5450/5450 5443/5443 5451/5451
f 5451/5451 5443/5443 5445/5445
f 5452/5452 5453/5453 5401/5401
f 5401/5401 5453/5453 5400/5400
f 5452/5452 5454/5454 5453/5453
f 5453/5453 5454/5454 5455/5455
f 5433/5433 5429/5429 5456/5456
f 5456/5456 5429/5429 5457/5457
f 5456/5456 5407/5407 5433/5433
f 5433/5433 5407/5407 5405/5405
f 5458/5458 5459/5459 5460/5460
f 5460/5460 5459/5459 5461/5461
f 5454/5454 5462/5462 5455/5455
f 5455/5455 5462/5462 5463/5463
f 5458/5458 5460/5460 5464/5464
f 5464/5464 5460/5460 5465/5465
f 5396/5396 5397/5397 5464/5464
f 5464/5464 5397/5397 5458/5458
f 5336/5336 5396/5396 5338/5338
f 5338/5338 5396/5396 5464/5464
f 5338/5338 5465/5465 5333/5333
f 5333/5333 5465/5465 5466/5466
f 5464/5464 5465/5465 5338/5338
f 5397/5397 5403/5403 5458/5458
f 5458/5458 5403/5403 5459/5459
f 5467/5467 5466/5466 5468/5468
f 5468/5468 5466/5466 5465/5465
f 5465/5465 5460/5460 5468/5468
f 5468/5468 5460/5460 5469/5469
f 5470/5470 5428/5428 5471/5471
f 5471/5471 5428/5428 5472/5472
f 5473/5473 5463/5463 5474/5474
f 5474/5474 5463/5463 5462/5462
f 5475/5475 5476/5476 5477/5477
f 5477/5477 5476/5476 5478/5478
f 5382/5382 5479/5479 5386/5386
f 5386/5386 5479/5479 5402/5402
f 5480/5480 5481/5481 5482/5482
f 5482/5482 5481/5481 5483/5483
f 5484/5484 5479/5479 5380/5380
f 5380/5380 5479/5479 5382/5382
f 5485/5485 5486/5486 5483/5483
f 5483/5483 5486/5486 5482/5482
f 5485/5485 5487/5487 5486/5486
f 5486/5486 5487/5487 5488/5488
f 5380/5380 5383/5383 5484/5484
f 5484/5484 5383/5383 5489/5489
f 5490/5490 5491/5491 5492/5492
f 5492/5492 5491/5491 5493/5493
f 5494/5494 5492/5492 5442/5442
f 5442/5442 5492/5492 5493/5493
f 5495/5495 5489/5489 5496/5496
f 5496/5496 5489/5489 5383/5383
f 5487/5487 5497/5497 5488/5488
f 5488/5488 5497/5497 5498/5498
f 5437/5437 5499/5499 5436/5436
f 5436/5436 5499/5499 5494/5494
f 5436/5436 5494/5494 5442/5442
f 5500/5500 5501/5501 5467/5467
f 5467/5467 5501/5501 5466/5466
f 5502/5502 5503/5503 5504/5504
f 5505/5505 5504/5504 5506/5506
f 5502/5502 5507/5507 5503/5503
f 5165/5165 5508/5508 5163/5163
f 5509/5509 5159/5159 5507/5507
f 5507/5507 5159/5159 5508/5508
f 5163/5163 5159/5159 5158/5158
f 5509/5509 5507/5507 5510/5510
f 5510/5510 5507/5507 5511/5511
f 5510/5510 5511/5511 5512/5512
f 5512/5512 5511/5511 5513/5513
f 5511/5511 5514/5514 5513/5513
f 5513/5513 5514/5514 5515/5515
f 5507/5507 5502/5502 5511/5511
f 5511/5511 5502/5502 5514/5514
f 5514/5514 5502/5502 5516/5516
f 5517/5517 5510/5510 5518/5518
f 5518/5518 5510/5510 5512/5512
f 5519/5519 5520/5520 5515/5515
f 5515/5515 5520/5520 5513/5513
f 5520/5520 5521/5521 5513/5513
f 5513/5513 5521/5521 5512/5512
f 5522/5522 5523/5523 5524/5524
f 5524/5524 5523/5523 5525/5525
f 5524/5524 5526/5526 5522/5522
f 5522/5522 5526/5526 5527/5527
f 5528/5528 5519/5519 5529/5529
f 5529/5529 5519/5519 5515/5515
f 5530/5530 5531/5531 5532/5532
f 5532/5532 5531/5531 5533/5533
f 5534/5534 5535/5535 5536/5536
f 5536/5536 5535/5535 5537/5537
f 5538/5538 5533/5533 5539/5539
f 5539/5539 5533/5533 5531/5531
f 5536/5536 5540/5540 5534/5534
f 5534/5534 5540/5540 5541/5541
f 5542/5542 5543/5543 5263/5263
f 5263/5263 5543/5543 5264/5264
f 5544/5544 5545/5545 5542/5542
f 5542/5542 5545/5545 5543/5543
f 5546/5546 5544/5544 5547/5547
f 5547/5547 5544/5544 5542/5542
f 5547/5547 5542/5542 5265/5265
f 5265/5265 5542/5542 5263/5263
f 5548/5548 5549/5549 5550/5550
f 5550/5550 5549/5549 5551/5551
f 5552/5552 5553/5553 5550/5550
f 5550/5550 5553/5553 5548/5548
f 5554/5554 5555/5555 5265/5265
f 5265/5265 5555/5555 5547/5547
f 5555/5555 5556/5556 5547/5547
f 5547/5547 5556/5556 5546/5546
f 5514/5514 5516/5516 5557/5557
f 5557/5557 5516/5516 5558/5558
f 5512/5512 5521/5521 5518/5518
f 5518/5518 5521/5521 5559/5559
f 5525/5525 5523/5523 5560/5560
f 5560/5560 5523/5523 5561/5561
f 5541/5541 5540/5540 5562/5562
f 5562/5562 5540/5540 5563/5563
f 5564/5564 5565/5565 5566/5566
f 5566/5566 5565/5565 5567/5567
f 5568/5568 5569/5569 5564/5564
f 5564/5564 5569/5569 5565/5565
f 5570/5570 5568/5568 5571/5571
f 5571/5571 5568/5568 5564/5564
f 5571/5571 5564/5564 5572/5572
f 5572/5572 5564/5564 5566/5566
f 5573/5573 5574/5574 5575/5575
f 5575/5575 5574/5574 5576/5576
f 5572/5572 5577/5577 5571/5571
f 5571/5571 5577/5577 5578/5578
f 5571/5571 5578/5578 5570/5570
f 5570/5570 5578/5578 5579/5579
f 5580/5580 5575/5575 5581/5581
f 5581/5581 5575/5575 5576/5576
f 5540/5540 5582/5582 5563/5563
f 5563/5563 5582/5582 5583/5583
f 5582/5582 5584/5584 5583/5583
f 5583/5583 5584/5584 5585/5585
f 5586/5586 5587/5587 5588/5588
f 5588/5588 5587/5587 5589/5589
f 5285/5285 5590/5590 5284/5284
f 5284/5284 5590/5590 5591/5591
f 5284/5284 5591/5591 5267/5267
f 5267/5267 5591/5591 5592/5592
f 5588/5588 5589/5589 5593/5593
f 5593/5593 5589/5589 5594/5594
f 5595/5595 5596/5596 5509/5509
f 5509/5509 5596/5596 5597/5597
f 5509/5509 5598/5598 5595/5595
f 5596/5596 5595/5595 5599/5599
f 5599/5599 5595/5595 5600/5600
f 5599/5599 5600/5600 5601/5601
f 5601/5601 5600/5600 5602/5602
f 5603/5603 5604/5604 5605/5605
f 5605/5605 5604/5604 5606/5606
f 5607/5607 5608/5608 5609/5609
f 5609/5609 5608/5608 5610/5610
f 5611/5611 5610/5610 5612/5612
f 5612/5612 5610/5610 5608/5608
f 5612/5612 5608/5608 5613/5613
f 5613/5613 5608/5608 5614/5614
f 5614/5614 5608/5608 5615/5615
f 5615/5615 5608/5608 5607/5607
f 5616/5616 5610/5610 5617/5617
f 5617/5617 5610/5610 5611/5611
f 5618/5618 5619/5619 5620/5620
f 5620/5620 5619/5619 5621/5621
f 5622/5622 5623/5623 5624/5624
f 5624/5624 5623/5623 5625/5625
f 5626/5626 5614/5614 5627/5627
f 5627/5627 5614/5614 5615/5615
f 5628/5628 5629/5629 5630/5630
f 5630/5630 5629/5629 5631/5631
f 5631/5631 5632/5632 5630/5630
f 5630/5630 5632/5632 5633/5633
f 5630/5630 5634/5634 5628/5628
f 5628/5628 5634/5634 5635/5635
f 5634/5634 5630/5630 5636/5636
f 5636/5636 5630/5630 5633/5633
f 5290/5290 5597/5597 5637/5637
f 5637/5637 5597/5597 5596/5596
f 5637/5637 5596/5596 5622/5622
f 5622/5622 5596/5596 5599/5599
f 5502/5502 5504/5504 5638/5638
f 5638/5638 5504/5504 5639/5639
f 5638/5638 5639/5639 5640/5640
f 5640/5640 5639/5639 5641/5641
f 5639/5639 5642/5642 5641/5641
f 5641/5641 5642/5642 5643/5643
f 5504/5504 5505/5505 5639/5639
f 5639/5639 5505/5505 5642/5642
f 5640/5640 5641/5641 5644/5644
f 5644/5644 5641/5641 5645/5645
f 5646/5646 5647/5647 5648/5648
f 5648/5648 5647/5647 5649/5649
f 5650/5650 5648/5648 5651/5651
f 5651/5651 5648/5648 5649/5649
f 5641/5641 5643/5643 5645/5645
f 5645/5645 5643/5643 5652/5652
f 5653/5653 5654/5654 5655/5655
f 5655/5655 5654/5654 5656/5656
f 5653/5653 5655/5655 5657/5657
f 5657/5657 5655/5655 5658/5658
f 5659/5659 5658/5658 5660/5660
f 5660/5660 5658/5658 5655/5655
f 5655/5655 5656/5656 5660/5660
f 5660/5660 5656/5656 5661/5661
f 5662/5662 5663/5663 5664/5664
f 5664/5664 5663/5663 5665/5665
f 5666/5666 5667/5667 5663/5663
f 5663/5663 5667/5667 5665/5665
f 5666/5666 5663/5663 5668/5668
f 5668/5668 5663/5663 5669/5669
f 5669/5669 5663/5663 5670/5670
f 5670/5670 5663/5663 5662/5662
f 5671/5671 5662/5662 5672/5672
f 5672/5672 5662/5662 5673/5673
f 5669/5669 5670/5670 5674/5674
f 5674/5674 5670/5670 5675/5675
f 5676/5676 5677/5677 5678/5678
f 5678/5678 5677/5677 5679/5679
f 5680/5680 5676/5676 5681/5681
f 5681/5681 5676/5676 5678/5678
f 5681/5681 5678/5678 5682/5682
f 5682/5682 5678/5678 5683/5683
f 5678/5678 5679/5679 5683/5683
f 5683/5683 5679/5679 5684/5684
f 5685/5685 5686/5686 5687/5687
f 5687/5687 5686/5686 5688/5688
f 5689/5689 5690/5690 5685/5685
f 5685/5685 5690/5690 5686/5686
f 5691/5691 5689/5689 5692/5692
f 5692/5692 5689/5689 5685/5685
f 5692/5692 5685/5685 5693/5693
f 5693/5693 5685/5685 5687/5687
f 5694/5694 5656/5656 5695/5695
f 5695/5695 5656/5656 5654/5654
f 5658/5658 5659/5659 5696/5696
f 5696/5696 5659/5659 5697/5697
f 5698/5698 5699/5699 5700/5700
f 5700/5700 5699/5699 5701/5701
f 5702/5702 5703/5703 5704/5704
f 5704/5704 5703/5703 5705/5705
f 5702/5702 5704/5704 5706/5706
f 5706/5706 5704/5704 5707/5707
f 5708/5708 5709/5709 5700/5700
f 5700/5700 5709/5709 5698/5698
f 5710/5710 5711/5711 5712/5712
f 5712/5712 5711/5711 5713/5713
f 5714/5714 5715/5715 5710/5710
f 5710/5710 5715/5715 5711/5711
f 5716/5716 5714/5714 5717/5717
f 5717/5717 5714/5714 5710/5710
f 5717/5717 5710/5710 5718/5718
f 5718/5718 5710/5710 5712/5712
f 5719/5719 5652/5652 5720/5720
f 5720/5720 5652/5652 5643/5643
f 5721/5721 5650/5650 5722/5722
f 5722/5722 5650/5650 5651/5651
f 5647/5647 5646/5646 5723/5723
f 5723/5723 5646/5646 5724/5724
f 5725/5725 5726/5726 5727/5727
f 5727/5727 5726/5726 5728/5728
f 5729/5729 5730/5730 5731/5731
f 5731/5731 5730/5730 5732/5732
f 5731/5731 5732/5732 5733/5733
f 5733/5733 5732/5732 5734/5734
f 5735/5735 5736/5736 5725/5725
f 5725/5725 5736/5736 5726/5726
f 5727/5727 5728/5728 5737/5737
f 5737/5737 5728/5728 5738/5738
f 5737/5737 5738/5738 5708/5708
f 5708/5708 5738/5738 5709/5709
f 5706/5706 5707/5707 5739/5739
f 5739/5739 5707/5707 5740/5740
f 5739/5739 5740/5740 5729/5729
f 5729/5729 5740/5740 5730/5730
f 5741/5741 5737/5737 5742/5742
f 5742/5742 5737/5737 5708/5708
f 5743/5743 5727/5727 5741/5741
f 5741/5741 5727/5727 5737/5737
f 5264/5264 5743/5743 5744/5744
f 5744/5744 5743/5743 5741/5741
f 5744/5744 5741/5741 5745/5745
f 5745/5745 5741/5741 5742/5742
f 5543/5543 5545/5545 5746/5746
f 5746/5746 5545/5545 5747/5747
f 5264/5264 5543/5543 5743/5743
f 5743/5743 5543/5543 5746/5746
f 5743/5743 5746/5746 5727/5727
f 5727/5727 5746/5746 5725/5725
f 5746/5746 5747/5747 5725/5725
f 5725/5725 5747/5747 5735/5735
f 5748/5748 5638/5638 5749/5749
f 5749/5749 5638/5638 5640/5640
f 5638/5638 5748/5748 5516/5516
f 5516/5516 5748/5748 5558/5558
f 5750/5750 5505/5505 5751/5751
f 5500/5500 5506/5506 5501/5501
f 5752/5752 5700/5700 5753/5753
f 5753/5753 5700/5700 5701/5701
f 5742/5742 5708/5708 5752/5752
f 5752/5752 5708/5708 5700/5700
f 5745/5745 5742/5742 5754/5754
f 5754/5754 5742/5742 5752/5752
f 5754/5754 5752/5752 5755/5755
f 5755/5755 5752/5752 5753/5753
f 5750/5750 5756/5756 5505/5505
f 5505/5505 5756/5756 5642/5642
f 5643/5643 5642/5642 5720/5720
f 5720/5720 5642/5642 5756/5756
f 5757/5757 5758/5758 5759/5759
f 5755/5755 5760/5760 5754/5754
f 5754/5754 5760/5760 5745/5745
f 5761/5761 5758/5758 5762/5762
f 5762/5762 5758/5758 5757/5757
f 5758/5758 5761/5761 5763/5763
f 5763/5763 5761/5761 5764/5764
f 5765/5765 5373/5373 5766/5766
f 5766/5766 5373/5373 5374/5374
f 5373/5373 5765/5765 5764/5764
f 5764/5764 5765/5765 5763/5763
f 5766/5766 5374/5374 5254/5254
f 5254/5254 5374/5374 5286/5286
f 5373/5373 5764/5764 5362/5362
f 5765/5765 5767/5767 5763/5763
f 5744/5744 5767/5767 5264/5264
f 5768/5768 5637/5637 5624/5624
f 5624/5624 5637/5637 5622/5622
f 5326/5326 5637/5637 5328/5328
f 5328/5328 5637/5637 5768/5768
f 5769/5769 5770/5770 5771/5771
f 5771/5771 5770/5770 5772/5772
f 5249/5249 5773/5773 5251/5251
f 5251/5251 5773/5773 5774/5774
f 5251/5251 5774/5774 5245/5245
f 5245/5245 5774/5774 5775/5775
f 5776/5776 5769/5769 5777/5777
f 5777/5777 5769/5769 5771/5771
f 5778/5778 5779/5779 5780/5780
f 5780/5780 5779/5779 5781/5781
f 5782/5782 5783/5783 5778/5778
f 5778/5778 5783/5783 5779/5779
f 5782/5782 5778/5778 5784/5784
f 5784/5784 5778/5778 5785/5785
f 5778/5778 5780/5780 5785/5785
f 5785/5785 5780/5780 5786/5786
f 5787/5787 5788/5788 5789/5789
f 5789/5789 5788/5788 5790/5790
f 5791/5791 5787/5787 5792/5792
f 5792/5792 5787/5787 5789/5789
f 5793/5793 5792/5792 5794/5794
f 5794/5794 5792/5792 5789/5789
f 5789/5789 5790/5790 5794/5794
f 5794/5794 5790/5790 5795/5795
f 5796/5796 5797/5797 5798/5798
f 5798/5798 5797/5797 5799/5799
f 5800/5800 5799/5799 5801/5801
f 5801/5801 5799/5799 5797/5797
f 5802/5802 5803/5803 5804/5804
f 5804/5804 5803/5803 5805/5805
f 5806/5806 5802/5802 5807/5807
f 5807/5807 5802/5802 5804/5804
f 5808/5808 5807/5807 5809/5809
f 5809/5809 5807/5807 5804/5804
f 5809/5809 5804/5804 5810/5810
f 5810/5810 5804/5804 5805/5805
f 5805/5805 5803/5803 5811/5811
f 5811/5811 5803/5803 5812/5812
f 5813/5813 5810/5810 5811/5811
f 5811/5811 5810/5810 5805/5805
f 5788/5788 5813/5813 5790/5790
f 5790/5790 5813/5813 5811/5811
f 5790/5790 5811/5811 5795/5795
f 5795/5795 5811/5811 5812/5812
f 5802/5802 5806/5806 5814/5814
f 5814/5814 5806/5806 5815/5815
f 5803/5803 5802/5802 5812/5812
f 5812/5812 5802/5802 5814/5814
f 5812/5812 5814/5814 5795/5795
f 5795/5795 5814/5814 5794/5794
f 5794/5794 5814/5814 5793/5793
f 5793/5793 5814/5814 5815/5815
f 5816/5816 5817/5817 5818/5818
f 5818/5818 5817/5817 5819/5819
f 5820/5820 5816/5816 5821/5821
f 5821/5821 5816/5816 5818/5818
f 5822/5822 5823/5823 5818/5818
f 5818/5818 5823/5823 5821/5821
f 5824/5824 5822/5822 5819/5819
f 5819/5819 5822/5822 5818/5818
f 5825/5825 5826/5826 5827/5827
f 5827/5827 5826/5826 5828/5828
f 5243/5243 5829/5829 5830/5830
f 5830/5830 5829/5829 5831/5831
f 5830/5830 5831/5831 5832/5832
f 5832/5832 5831/5831 5833/5833
f 5827/5827 5828/5828 5834/5834
f 5834/5834 5828/5828 5835/5835
f 5244/5244 5836/5836 5243/5243
f 5243/5243 5836/5836 5829/5829
f 5826/5826 5825/5825 5837/5837
f 5837/5837 5825/5825 5838/5838
f 5777/5777 5837/5837 5776/5776
f 5776/5776 5837/5837 5838/5838
f 5245/5245 5775/5775 5244/5244
f 5244/5244 5775/5775 5836/5836
f 5839/5839 5779/5779 5840/5840
f 5840/5840 5779/5779 5783/5783
f 5841/5841 5781/5781 5839/5839
f 5839/5839 5781/5781 5779/5779
f 5817/5817 5841/5841 5819/5819
f 5819/5819 5841/5841 5839/5839
f 5819/5819 5839/5839 5824/5824
f 5824/5824 5839/5839 5840/5840
f 5842/5842 5843/5843 5844/5844
f 5844/5844 5843/5843 5845/5845
f 5844/5844 5845/5845 5799/5799
f 5799/5799 5845/5845 5798/5798
f 5842/5842 5844/5844 5846/5846
f 5846/5846 5844/5844 5847/5847
f 5846/5846 5847/5847 5848/5848
f 5848/5848 5847/5847 5849/5849
f 5847/5847 5800/5800 5849/5849
f 5849/5849 5800/5800 5801/5801
f 5850/5850 5851/5851 5852/5852
f 5852/5852 5851/5851 5853/5853
f 5854/5854 5855/5855 5850/5850
f 5850/5850 5855/5855 5851/5851
f 5854/5854 5850/5850 5856/5856
f 5856/5856 5850/5850 5857/5857
f 5857/5857 5850/5850 5858/5858
f 5858/5858 5850/5850 5852/5852
f 5859/5859 5860/5860 5857/5857
f 5857/5857 5860/5860 5856/5856
f 5861/5861 5860/5860 5862/5862
f 5862/5862 5860/5860 5859/5859
f 5863/5863 5864/5864 5859/5859
f 5859/5859 5864/5864 5862/5862
f 5863/5863 5859/5859 5858/5858
f 5858/5858 5859/5859 5857/5857
f 5865/5865 5866/5866 5867/5867
f 5867/5867 5866/5866 5868/5868
f 5869/5869 5866/5866 5870/5870
f 5870/5870 5866/5866 5865/5865
f 5870/5870 5865/5865 5864/5864
f 5864/5864 5865/5865 5862/5862
f 5862/5862 5865/5865 5861/5861
f 5861/5861 5865/5865 5867/5867
f 5871/5871 5872/5872 5873/5873
f 5873/5873 5872/5872 5874/5874
f 5875/5875 5876/5876 5873/5873
f 5875/5875 5873/5873 5877/5877
f 5878/5878 5873/5873 5879/5879
f 5879/5879 5873/5873 5874/5874
f 5880/5880 5881/5881 5882/5882
f 5882/5882 5881/5881 5883/5883
f 5875/5875 5877/5877 5880/5880
f 5880/5880 5877/5877 5881/5881
f 5875/5875 5880/5880 5876/5876
f 5876/5876 5880/5880 5884/5884
f 5885/5885 5884/5884 5886/5886
f 5886/5886 5884/5884 5887/5887
f 5636/5636 5633/5633 5888/5888
f 5888/5888 5633/5633 5889/5889
f 5889/5889 5633/5633 5890/5890
f 5891/5891 5892/5892 5633/5633
f 5633/5633 5892/5892 5890/5890
f 5893/5893 5894/5894 5895/5895
f 5895/5895 5894/5894 5896/5896
f 5897/5897 5893/5893 5898/5898
f 5898/5898 5893/5893 5895/5895
f 5879/5879 5898/5898 5878/5878
f 5878/5878 5898/5898 5895/5895
f 5878/5878 5895/5895 5899/5899
f 5899/5899 5895/5895 5896/5896
f 5635/5635 5634/5634 5900/5900
f 5900/5900 5634/5634 5901/5901
f 5634/5634 5636/5636 5901/5901
f 5901/5901 5636/5636 5888/5888
f 5902/5902 5903/5903 5904/5904
f 5904/5904 5903/5903 5905/5905
f 5886/5886 5902/5902 5885/5885
f 5885/5885 5902/5902 5904/5904
f 5885/5885 5904/5904 5906/5906
f 5906/5906 5904/5904 5871/5871
f 5904/5904 5905/5905 5871/5871
f 5871/5871 5905/5905 5872/5872
f 5277/5277 5907/5907 5279/5279
f 5279/5279 5907/5907 5908/5908
f 5909/5909 5910/5910 5911/5911
f 5911/5911 5910/5910 5912/5912
f 5911/5911 5912/5912 5913/5913
f 5913/5913 5912/5912 5914/5914
f 5273/5273 5915/5915 5277/5277
f 5277/5277 5915/5915 5907/5907
f 5916/5916 5917/5917 5914/5914
f 5914/5914 5917/5917 5913/5913
f 5918/5918 5919/5919 5916/5916
f 5916/5916 5919/5919 5917/5917
f 5275/5275 5920/5920 5271/5271
f 5271/5271 5920/5920 5921/5921
f 5271/5271 5921/5921 5273/5273
f 5273/5273 5921/5921 5915/5915
f 5922/5922 5923/5923 5918/5918
f 5918/5918 5923/5923 5919/5919
f 5922/5922 5924/5924 5923/5923
f 5923/5923 5924/5924 5925/5925
f 5926/5926 5927/5927 5928/5928
f 5928/5928 5927/5927 5929/5929
f 5929/5929 5927/5927 5275/5275
f 5275/5275 5927/5927 5920/5920
f 5930/5930 5931/5931 5929/5929
f 5929/5929 5931/5931 5928/5928
f 5932/5932 5931/5931 5933/5933
f 5933/5933 5931/5931 5930/5930
f 5242/5242 5933/5933 5274/5274
f 5274/5274 5933/5933 5930/5930
f 5274/5274 5930/5930 5275/5275
f 5275/5275 5930/5930 5929/5929
f 5934/5934 5830/5830 5935/5935
f 5935/5935 5830/5830 5832/5832
f 5241/5241 5243/5243 5934/5934
f 5934/5934 5243/5243 5830/5830
f 5242/5242 5241/5241 5933/5933
f 5933/5933 5241/5241 5934/5934
f 5933/5933 5934/5934 5932/5932
f 5932/5932 5934/5934 5935/5935
f 5936/5936 5937/5937 5552/5552
f 5552/5552 5937/5937 5553/5553
f 5593/5593 5594/5594 5936/5936
f 5936/5936 5594/5594 5937/5937
f 5267/5267 5592/5592 5266/5266
f 5266/5266 5592/5592 5938/5938
f 5266/5266 5938/5938 5265/5265
f 5265/5265 5938/5938 5554/5554
f 5939/5939 5762/5762 5940/5940
f 5940/5940 5762/5762 5941/5941
f 5940/5940 5941/5941 5478/5478
f 5478/5478 5941/5941 5477/5477
f 5762/5762 5939/5939 5761/5761
f 5362/5362 5764/5764 5942/5942
f 5942/5942 5764/5764 5761/5761
f 5939/5939 5942/5942 5761/5761
f 5362/5362 5942/5942 5943/5943
f 5478/5478 5496/5496 5940/5940
f 5940/5940 5496/5496 5943/5943
f 5940/5940 5943/5943 5939/5939
f 5939/5939 5943/5943 5942/5942
f 5384/5384 5363/5363 5943/5943
f 5943/5943 5363/5363 5362/5362
f 5476/5476 5495/5495 5478/5478
f 5478/5478 5495/5495 5496/5496
f 5497/5497 5944/5944 5498/5498
f 5498/5498 5944/5944 5945/5945
f 5946/5946 5947/5947 5948/5948
f 5947/5947 5949/5949 5948/5948
f 5948/5948 5949/5949 5950/5950
f 5374/5374 5368/5368 5286/5286
f 5286/5286 5368/5368 5951/5951
f 5952/5952 5953/5953 5370/5370
f 5370/5370 5953/5953 5369/5369
f 5954/5954 5955/5955 5956/5956
f 5956/5956 5955/5955 5957/5957
f 5958/5958 5959/5959 5191/5191
f 5191/5191 5959/5959 5192/5192
f 5960/5960 5961/5961 5962/5962
f 5962/5962 5961/5961 5963/5963
f 5961/5961 5960/5960 5195/5195
f 5195/5195 5960/5960 5196/5196
f 5963/5963 5964/5964 5962/5962
f 5962/5962 5964/5964 5965/5965
f 5372/5372 5966/5966 5371/5371
f 5371/5371 5966/5966 5967/5967
f 5967/5967 5968/5968 5371/5371
f 5371/5371 5968/5968 5370/5370
f 5969/5969 5970/5970 5954/5954
f 5954/5954 5970/5970 5955/5955
f 5965/5965 5971/5971 5394/5394
f 5972/5972 5973/5973 5974/5974
f 5974/5974 5973/5973 5975/5975
f 5191/5191 5972/5972 5958/5958
f 5958/5958 5972/5972 5974/5974
f 5958/5958 5974/5974 5952/5952
f 5952/5952 5974/5974 5953/5953
f 5974/5974 5975/5975 5953/5953
f 5953/5953 5975/5975 5951/5951
f 5287/5287 5975/5975 5235/5235
f 5235/5235 5975/5975 5973/5973
f 5975/5975 5287/5287 5951/5951
f 5951/5951 5287/5287 5286/5286
f 5972/5972 5191/5191 5201/5201
f 5201/5201 5191/5191 5193/5193
f 5201/5201 5202/5202 5972/5972
f 5972/5972 5202/5202 5973/5973
f 5235/5235 5973/5973 5288/5288
f 5288/5288 5973/5973 5202/5202
f 5536/5536 5537/5537 5976/5976
f 5976/5976 5537/5537 5977/5977
f 5978/5978 5976/5976 5979/5979
f 5979/5979 5976/5976 5977/5977
f 5980/5980 5977/5977 5981/5981
f 5981/5981 5977/5977 5537/5537
f 5977/5977 5980/5980 5979/5979
f 5979/5979 5980/5980 5982/5982
f 5982/5982 5978/5978 5979/5979
f 5584/5584 5978/5978 5585/5585
f 5585/5585 5978/5978 5983/5983
f 5983/5983 5978/5978 5984/5984
f 5985/5985 5986/5986 5987/5987
f 5987/5987 5986/5986 5988/5988
f 5989/5989 5990/5990 5985/5985
f 5985/5985 5990/5990 5986/5986
f 5989/5989 5985/5985 5991/5991
f 5991/5991 5985/5985 5992/5992
f 5985/5985 5987/5987 5992/5992
f 5992/5992 5987/5987 5993/5993
f 5994/5994 5992/5992 5995/5995
f 5995/5995 5992/5992 5993/5993
f 5996/5996 5997/5997 5994/5994
f 5996/5996 5994/5994 5998/5998
f 5566/5566 5994/5994 5572/5572
f 5572/5572 5994/5994 5995/5995
f 5999/5999 6000/6000 5988/5988
f 5988/5988 6000/6000 5987/5987
f 6000/6000 6001/6001 5987/5987
f 5987/5987 6001/6001 5993/5993
f 6002/6002 6003/6003 6004/6004
f 6004/6004 6003/6003 6005/6005
f 6004/6004 6005/6005 6006/6006
f 6006/6006 6005/6005 6007/6007
f 6008/6008 5577/5577 5995/5995
f 5995/5995 5577/5577 5572/5572
f 6009/6009 5574/5574 6010/6010
f 6010/6010 5574/5574 5573/5573
f 6009/6009 6010/6010 6002/6002
f 6002/6002 6010/6010 6003/6003
f 6001/6001 6008/6008 5993/5993
f 5993/5993 6008/6008 5995/5995
f 5998/5998 6011/6011 5996/5996
f 5996/5996 6011/6011 6012/6012
f 5989/5989 5991/5991 6013/6013
f 6013/6013 5991/5991 5997/5997
f 6013/6013 6014/6014 5989/5989
f 5989/5989 6014/6014 5990/5990
f 6012/6012 6011/6011 6015/6015
f 6015/6015 6011/6011 6016/6016
f 6017/6017 6018/6018 5712/5712
f 5712/5712 6018/6018 5718/5718
f 5692/5692 5693/5693 6017/6017
f 6017/6017 5693/5693 6018/6018
f 5691/5691 5692/5692 6019/6019
f 6019/6019 5692/5692 6017/6017
f 6019/6019 6017/6017 5713/5713
f 5713/5713 6017/6017 5712/5712
f 6020/6020 6021/6021 6022/6022
f 6022/6022 6021/6021 6023/6023
f 6024/6024 6025/6025 6026/6026
f 6026/6026 6025/6025 6027/6027
f 6028/6028 6024/6024 6029/6029
f 6029/6029 6024/6024 6026/6026
f 6030/6030 6020/6020 6031/6031
f 6031/6031 6020/6020 6022/6022
f 6032/6032 6033/6033 6034/6034
f 6034/6034 6033/6033 6035/6035
f 6024/6024 6028/6028 6034/6034
f 6034/6034 6028/6028 6032/6032
f 6024/6024 6034/6034 6025/6025
f 6025/6025 6034/6034 6036/6036
f 6034/6034 6035/6035 6036/6036
f 6036/6036 6035/6035 6037/6037
f 6038/6038 6036/6036 6039/6039
f 6039/6039 6036/6036 6037/6037
f 6021/6021 6027/6027 6038/6038
f 6021/6021 6038/6038 6023/6023
f 6038/6038 6039/6039 5681/5681
f 5681/5681 6039/6039 5680/5680
f 6040/6040 5425/5425 5426/5426
f 5424/5424 5425/5425 5430/5430
f 5430/5430 5425/5425 6040/6040
f 6040/6040 5472/5472 5430/5430
f 5430/5430 5472/5472 5428/5428
f 6041/6041 6042/6042 6043/6043
f 6043/6043 6042/6042 6044/6044
f 6045/6045 6046/6046 6042/6042
f 6042/6042 6046/6046 6047/6047
f 6046/6046 6048/6048 6047/6047
f 6049/6049 6048/6048 6050/6050
f 6048/6048 5491/5491 6050/6050
f 6050/6050 5491/5491 5946/5946
f 6044/6044 6049/6049 6051/6051
f 6051/6051 6049/6049 6050/6050
f 6052/6052 6043/6043 6051/6051
f 6051/6051 6043/6043 6044/6044
f 5950/5950 6052/6052 5948/5948
f 5948/5948 6052/6052 6051/6051
f 5948/5948 6051/6051 5946/5946
f 5946/5946 6051/6051 6050/6050
f 5444/5444 5448/5448 6053/6053
f 6053/6053 5440/5440 5441/5441
f 6053/6053 5441/5441 5493/5493
f 5493/5493 5441/5441 5442/5442
f 5177/5177 5207/5207 5176/5176
f 5176/5176 5207/5207 5204/5204
f 5170/5170 5227/5227 5169/5169
f 5169/5169 5227/5227 6054/6054
f 5293/5293 5229/5229 5168/5168
f 5168/5168 5229/5229 5170/5170
f 5311/5311 5314/5314 6055/6055
f 6055/6055 5314/5314 5320/5320
f 5301/5301 5300/5300 6056/6056
f 6056/6056 5300/5300 5327/5327
f 6056/6056 6057/6057 5301/5301
f 5301/5301 6057/6057 5308/5308
f 5307/5307 5306/5306 6058/6058
f 6058/6058 5306/5306 6059/6059
f 5299/5299 5329/5329 5294/5294
f 5294/5294 5329/5329 5331/5331
f 5354/5354 5372/5372 5352/5352
f 5352/5352 5372/5372 5365/5365
f 5364/5364 5350/5350 5365/5365
f 5365/5365 5350/5350 5352/5352
f 5350/5350 5377/5377 5351/5351
f 5350/5350 5363/5363 5377/5377
f 5431/5431 5432/5432 5416/5416
f 5416/5416 5432/5432 5422/5422
f 5429/5429 5433/5433 5431/5431
f 5431/5431 5433/5433 5432/5432
f 5460/5460 5461/5461 5469/5469
f 5469/5469 5461/5461 6060/6060
f 5429/5429 5428/5428 5457/5457
f 5457/5457 5428/5428 5470/5470
f 5491/5491 5490/5490 5946/5946
f 5946/5946 5490/5490 5947/5947
f 5501/5501 5165/5165 5466/5466
f 5466/5466 5165/5165 5333/5333
f 5510/5510 5517/5517 5598/5598
f 5598/5598 5517/5517 6061/6061
f 5526/5526 6062/6062 5527/5527
f 5527/5527 6062/6062 6063/6063
f 6064/6064 5530/5530 6065/6065
f 6065/6065 5530/5530 5532/5532
f 5981/5981 5537/5537 6066/6066
f 6066/6066 5537/5537 5535/5535
f 5515/5515 5514/5514 5529/5529
f 5529/5529 5514/5514 5557/5557
f 5538/5538 5539/5539 6067/6067
f 6067/6067 5539/5539 6068/6068
f 5582/5582 5976/5976 5584/5584
f 5584/5584 5976/5976 5978/5978
f 5976/5976 5582/5582 5536/5536
f 5536/5536 5582/5582 5540/5540
f 5595/5595 5598/5598 6069/6069
f 6069/6069 5598/5598 6061/6061
f 5600/5600 5595/5595 6070/6070
f 6070/6070 5595/5595 6069/6069
f 6071/6071 5602/5602 6070/6070
f 6070/6070 5602/5602 5600/5600
f 5606/5606 5604/5604 6072/6072
f 6072/6072 5604/5604 6073/6073
f 5609/5609 5610/5610 6074/6074
f 6074/6074 5610/5610 5616/5616
f 5620/5620 5603/5603 5618/5618
f 5618/5618 5603/5603 5605/5605
f 5601/5601 5623/5623 5599/5599
f 5599/5599 5623/5623 5622/5622
f 5613/5613 5614/5614 6075/6075
f 6075/6075 5614/5614 5626/5626
f 6076/6076 5631/5631 6077/6077
f 6077/6077 5631/5631 5629/5629
f 5891/5891 5632/5632 6076/6076
f 6076/6076 5632/5632 5631/5631
f 5667/5667 6078/6078 5665/5665
f 5665/5665 6078/6078 6079/6079
f 5673/5673 5664/5664 6079/6079
f 6079/6079 5664/5664 5665/5665
f 5662/5662 5675/5675 5670/5670
f 5668/5668 5669/5669 6080/6080
f 6080/6080 5669/5669 5674/5674
f 6081/6081 5661/5661 5694/5694
f 5694/5694 5661/5661 5656/5656
f 5657/5657 5658/5658 6082/6082
f 6082/6082 5658/5658 5696/5696
f 5644/5644 6083/6083 5640/5640
f 5640/5640 6083/6083 5749/5749
f 5799/5799 5800/5800 5844/5844
f 5844/5844 5800/5800 5847/5847
f 5843/5843 6084/6084 5845/5845
f 5845/5845 6084/6084 6085/6085
f 5796/5796 5798/5798 6085/6085
f 6085/6085 5798/5798 5845/5845
f 6086/6086 5318/5318 6087/6087
f 6087/6087 5318/5318 5319/5319
f 6088/6088 5317/5317 6086/6086
f 6086/6086 5317/5317 5318/5318
f 5383/5383 5384/5384 5496/5496
f 5496/5496 5384/5384 5943/5943
f 5394/5394 5971/5971 6089/6089
f 5491/5491 6090/6090 5493/5493
f 5493/5493 6090/6090 6053/6053
f 6048/6048 6046/6046 6090/6090
f 6090/6090 6046/6046 5446/5446
f 5333/5333 5165/5165 5164/5164
f 5172/5172 5173/5173 5175/5175
f 5175/5175 5173/5173 5177/5177
f 5208/5208 5173/5173 6054/6054
f 6054/6054 5173/5173 5169/5169
f 5953/5953 5951/5951 5369/5369
f 5369/5369 5951/5951 5368/5368
f 5230/5230 5247/5247 5231/5231
f 5175/5175 5171/5171 5172/5172
f 5965/5965 5394/5394 5962/5962
f 5377/5377 5363/5363 5375/5375
f 5175/5175 5212/5212 5213/5213
f 5212/5212 5222/5222 5213/5213
f 5213/5213 5222/5222 5218/5218
f 5222/5222 5345/5345 5218/5218
f 5222/5222 5343/5343 5345/5345
f 5345/5345 5343/5343 5346/5346
f 5343/5343 5347/5347 5346/5346
f 6091/6091 6092/6092 6093/6093
f 6093/6093 6092/6092 6094/6094
f 6095/6095 6096/6096 6097/6097
f 6097/6097 6096/6096 6098/6098
f 6099/6099 6100/6100 5190/5190
f 5190/5190 6100/6100 5189/5189
f 6101/6101 6102/6102 5180/5180
f 5180/5180 6102/6102 5178/5178
f 6092/6092 6103/6103 6094/6094
f 6094/6094 6103/6103 6104/6104
f 5210/5210 5209/5209 5391/5391
f 5391/5391 5209/5209 5392/5392
f 5361/5361 6105/6105 5360/5360
f 5360/5360 6105/6105 6106/6106
f 6107/6107 6108/6108 6109/6109
f 6109/6109 6108/6108 6110/6110
f 6111/6111 6112/6112 6113/6113
f 6113/6113 6112/6112 6114/6114
f 6115/6115 6111/6111 6116/6116
f 6116/6116 6111/6111 6113/6113
f 6117/6117 6118/6118 6119/6119
f 6119/6119 6118/6118 6120/6120
f 6121/6121 6122/6122 6099/6099
f 6099/6099 6122/6122 6100/6100
f 5359/5359 5358/5358 6123/6123
f 6123/6123 5358/5358 6124/6124
f 6123/6123 6124/6124 6125/6125
f 6125/6125 6124/6124 6126/6126
f 6127/6127 6128/6128 6117/6117
f 6117/6117 6128/6128 6118/6118
f 6129/6129 6130/6130 6098/6098
f 6098/6098 6130/6130 6097/6097
f 6131/6131 6132/6132 6093/6093
f 6093/6093 6132/6132 6091/6091
f 6104/6104 6103/6103 6116/6116
f 6116/6116 6103/6103 6115/6115
f 6133/6133 6134/6134 6110/6110
f 6110/6110 6134/6134 6109/6109
f 5955/5955 6117/6117 5957/5957
f 5957/5957 6117/6117 6119/6119
f 5957/5957 6119/6119 6129/6129
f 6129/6129 6119/6119 6130/6130
f 6108/6108 6107/6107 6135/6135
f 6135/6135 6107/6107 6136/6136
f 6135/6135 6136/6136 5970/5970
f 5970/5970 6136/6136 6127/6127
f 5970/5970 6127/6127 5955/5955
f 5955/5955 6127/6127 6117/6117
f 5206/5206 6137/6137 5176/5176
f 5176/5176 6137/6137 5174/5174
f 6138/6138 5203/5203 5194/5194
f 5194/5194 5203/5203 5193/5193
f 6137/6137 5221/5221 5174/5174
f 5174/5174 5221/5221 5211/5211
f 5966/5966 5372/5372 5357/5357
f 5357/5357 5372/5372 5354/5354
f 6139/6139 6140/6140 5344/5344
f 5344/5344 6140/6140 5348/5348
f 5220/5220 6139/6139 5219/5219
f 5219/5219 6139/6139 5344/5344
f 5181/5181 6092/6092 5180/5180
f 5180/5180 6092/6092 6091/6091
f 6091/6091 6132/6132 5180/5180
f 5180/5180 6132/6132 6101/6101
f 5188/5188 6095/6095 5190/5190
f 5190/5190 6095/6095 6097/6097
f 5190/5190 6097/6097 6099/6099
f 6099/6099 6097/6097 6130/6130
f 6130/6130 6119/6119 6099/6099
f 6099/6099 6119/6119 6121/6121
f 6127/6127 6136/6136 6125/6125
f 6125/6125 6136/6136 6123/6123
f 6136/6136 6107/6107 6123/6123
f 6123/6123 6107/6107 5359/5359
f 5359/5359 6107/6107 5361/5361
f 5361/5361 6107/6107 6109/6109
f 6109/6109 6134/6134 5361/5361
f 5361/5361 6134/6134 6105/6105
f 5390/5390 6112/6112 5389/5389
f 5389/5389 6112/6112 6111/6111
f 5389/5389 6111/6111 5391/5391
f 5391/5391 6111/6111 6115/6115
f 6115/6115 6103/6103 5391/5391
f 5391/5391 6103/6103 5210/5210
f 5210/5210 6103/6103 5181/5181
f 5181/5181 6103/6103 6092/6092
f 6129/6129 6098/6098 5192/5192
f 5192/5192 6098/6098 5194/5194
f 5194/5194 6098/6098 6138/6138
f 6138/6138 6098/6098 6096/6096
f 6131/6131 6093/6093 5205/5205
f 5205/5205 6093/6093 5206/5206
f 6093/6093 6094/6094 5206/5206
f 5206/5206 6094/6094 6137/6137
f 6094/6094 6104/6104 6137/6137
f 6137/6137 6104/6104 5221/5221
f 5221/5221 6104/6104 5220/5220
f 5220/5220 6104/6104 6116/6116
f 5220/5220 6116/6116 6139/6139
f 6139/6139 6116/6116 6113/6113
f 6113/6113 6114/6114 6139/6139
f 6139/6139 6114/6114 6140/6140
f 5356/5356 6133/6133 5357/5357
f 5357/5357 6133/6133 6110/6110
f 6110/6110 6108/6108 5357/5357
f 5357/5357 6108/6108 5966/5966
f 5966/5966 6108/6108 5967/5967
f 5967/5967 6108/6108 6135/6135
f 5967/5967 6135/6135 5968/5968
f 5968/5968 6135/6135 5970/5970
f 5959/5959 5957/5957 5192/5192
f 5192/5192 5957/5957 6129/6129
f 5370/5370 5969/5969 5952/5952
f 5952/5952 5969/5969 5954/5954
f 5954/5954 5956/5956 5952/5952
f 5952/5952 5956/5956 5958/5958
f 5958/5958 5956/5956 5959/5959
f 5959/5959 5956/5956 5957/5957
f 5968/5968 5970/5970 5370/5370
f 5370/5370 5970/5970 5969/5969
f 6122/6122 6120/6120 6141/6141
f 6141/6141 6120/6120 6118/6118
f 6118/6118 6128/6128 6141/6141
f 6141/6141 6128/6128 6126/6126
f 6126/6126 6128/6128 6125/6125
f 6125/6125 6128/6128 6127/6127
f 6121/6121 6119/6119 6122/6122
f 6122/6122 6119/6119 6120/6120
f 5348/5348 5355/5355 5347/5347
f 5347/5347 5355/5355 5353/5353
f 6140/6140 5356/5356 5348/5348
f 5348/5348 5356/5356 5355/5355
f 5388/5388 6106/6106 5390/5390
f 5390/5390 6106/6106 6105/6105
f 5390/5390 6105/6105 6140/6140
f 6140/6140 6105/6105 5356/5356
f 6133/6133 5356/5356 6134/6134
f 6134/6134 5356/5356 6105/6105
f 6114/6114 6112/6112 6140/6140
f 6140/6140 6112/6112 5390/5390
f 5395/5395 5394/5394 6089/6089
f 6142/6142 6143/6143 5645/5645
f 5645/5645 6143/6143 5644/5644
f 6142/6142 5645/5645 6144/6144
f 6144/6144 5645/5645 5652/5652
f 6145/6145 5699/5699 6146/6146
f 6146/6146 5699/5699 5698/5698
f 6146/6146 5698/5698 6147/6147
f 6147/6147 5698/5698 5709/5709
f 6144/6144 5652/5652 6148/6148
f 6148/6148 5652/5652 5719/5719
f 6149/6149 6083/6083 6143/6143
f 6143/6143 6083/6083 5644/5644
f 6150/6150 6151/6151 5726/5726
f 5726/5726 6151/6151 5728/5728
f 6150/6150 5726/5726 6152/6152
f 6152/6152 5726/5726 5736/5736
f 6153/6153 6147/6147 5738/5738
f 5738/5738 6147/6147 5709/5709
f 6153/6153 5738/5738 6151/6151
f 6151/6151 5738/5738 5728/5728
f 6154/6154 6155/6155 5520/5520
f 5520/5520 6155/6155 5521/5521
f 6154/6154 5520/5520 6156/6156
f 6156/6156 5520/5520 5519/5519
f 6157/6157 5556/5556 6158/6158
f 6158/6158 5556/5556 5555/5555
f 6158/6158 5555/5555 6159/6159
f 6159/6159 5555/5555 5554/5554
f 6160/6160 5559/5559 6155/6155
f 6155/6155 5559/5559 5521/5521
f 6161/6161 6162/6162 5590/5590
f 5590/5590 6162/6162 5591/5591
f 6162/6162 6163/6163 5591/5591
f 5591/5591 6163/6163 5592/5592
f 6164/6164 6159/6159 5938/5938
f 5938/5938 6159/6159 5554/5554
f 6163/6163 6164/6164 5592/5592
f 5592/5592 6164/6164 5938/5938
f 6165/6165 6156/6156 5528/5528
f 5528/5528 6156/6156 5519/5519
f 6166/6166 6167/6167 5602/5602
f 5602/5602 6167/6167 5601/5601
f 6168/6168 6169/6169 5623/5623
f 5623/5623 6169/6169 5625/5625
f 6170/6170 5908/5908 6171/6171
f 6171/6171 5908/5908 5907/5907
f 6171/6171 5907/5907 6172/6172
f 6172/6172 5907/5907 5915/5915
f 6173/6173 6172/6172 5921/5921
f 5921/5921 6172/6172 5915/5915
f 6174/6174 6173/6173 5920/5920
f 5920/5920 6173/6173 5921/5921
f 6175/6175 6174/6174 5927/5927
f 5927/5927 6174/6174 5920/5920
f 6176/6176 6175/6175 5926/5926
f 5926/5926 6175/6175 5927/5927
f 6166/6166 5602/5602 6177/6177
f 6177/6177 5602/5602 6071/6071
f 6167/6167 6168/6168 5601/5601
f 5601/5601 6168/6168 5623/5623
f 6178/6178 6179/6179 5309/5309
f 5309/5309 6179/6179 5310/5310
f 6178/6178 5309/5309 6180/6180
f 6180/6180 5309/5309 5308/5308
f 6179/6179 6181/6181 5310/5310
f 5310/5310 6181/6181 5323/5323
f 6182/6182 6183/6183 5773/5773
f 5773/5773 6183/6183 5774/5774
f 6183/6183 6184/6184 5774/5774
f 5774/5774 6184/6184 5775/5775
f 6185/6185 5831/5831 6186/6186
f 6186/6186 5831/5831 5829/5829
f 6187/6187 5833/5833 6185/6185
f 6185/6185 5833/5833 5831/5831
f 6186/6186 5829/5829 6188/6188
f 6188/6188 5829/5829 5836/5836
f 6184/6184 6188/6188 5775/5775
f 5775/5775 6188/6188 5836/5836
f 6189/6189 6180/6180 6057/6057
f 6057/6057 6180/6180 5308/5308
f 6190/6190 6191/6191 5402/5402
f 5402/5402 6191/6191 5403/5403
f 6192/6192 6193/6193 5461/5461
f 5461/5461 6193/6193 6060/6060
f 6194/6194 6192/6192 5459/5459
f 5459/5459 6192/6192 5461/5461
f 6191/6191 6194/6194 5403/5403
f 5403/5403 6194/6194 5459/5459
f 6195/6195 6196/6196 5475/5475
f 5475/5475 6196/6196 5476/5476
f 6190/6190 5402/5402 6197/6197
f 6197/6197 5402/5402 5479/5479
f 6198/6198 6197/6197 5484/5484
f 5484/5484 6197/6197 5479/5479
f 6199/6199 6198/6198 5489/5489
f 5489/5489 6198/6198 5484/5484
f 6200/6200 6199/6199 5495/5495
f 5495/5495 6199/6199 5489/5489
f 6196/6196 6200/6200 5476/5476
f 5476/5476 6200/6200 5495/5495
f 5676/5676 6201/6201 5677/5677
f 5677/5677 6201/6201 6202/6202
f 5680/5680 6203/6203 5676/5676
f 5676/5676 6203/6203 6201/6201
f 5687/5687 5688/5688 6201/6201
f 6201/6201 5688/5688 6202/6202
f 5687/5687 6201/6201 5693/5693
f 5693/5693 6201/6201 6203/6203
f 5717/5717 6204/6204 5716/5716
f 5716/5716 6204/6204 6205/6205
f 5717/5717 5718/5718 6204/6204
f 6204/6204 5718/5718 6206/6206
f 5718/5718 6018/6018 6206/6206
f 6206/6206 6018/6018 6207/6207
f 5693/5693 6203/6203 6018/6018
f 6018/6018 6203/6203 6207/6207
f 6035/6035 6033/6033 6204/6204
f 6204/6204 6033/6033 6205/6205
f 6037/6037 6035/6035 6206/6206
f 6206/6206 6035/6035 6204/6204
f 6039/6039 6037/6037 6207/6207
f 6207/6207 6037/6037 6206/6206
f 6039/6039 6207/6207 5680/5680
f 5680/5680 6207/6207 6203/6203
f 5690/5690 5689/5689 5733/5733
f 5733/5733 5689/5689 5731/5731
f 5689/5689 5691/5691 5731/5731
f 5731/5731 5691/5691 5729/5729
f 5711/5711 5702/5702 5713/5713
f 5713/5713 5702/5702 5706/5706
f 5715/5715 5703/5703 5711/5711
f 5711/5711 5703/5703 5702/5702
f 6019/6019 5739/5739 5691/5691
f 5691/5691 5739/5739 5729/5729
f 5713/5713 5706/5706 6019/6019
f 6019/6019 5706/5706 5739/5739
f 5482/5482 6208/6208 5480/5480
f 5480/5480 6208/6208 6209/6209
f 5482/5482 5486/5486 6208/6208
f 6208/6208 5486/5486 6210/6210
f 5488/5488 6211/6211 5486/5486
f 5486/5486 6211/6211 6210/6210
f 5492/5492 6210/6210 5490/5490
f 5490/5490 6210/6210 6211/6211
f 5494/5494 6208/6208 5492/5492
f 5492/5492 6208/6208 6210/6210
f 5488/5488 5498/5498 6211/6211
f 6211/6211 5498/5498 6212/6212
f 5499/5499 6209/6209 5494/5494
f 5494/5494 6209/6209 6208/6208
f 5947/5947 5490/5490 6212/6212
f 6212/6212 5490/5490 6211/6211
f 5548/5548 6004/6004 5549/5549
f 5549/5549 6004/6004 6006/6006
f 5553/5553 6002/6002 5548/5548
f 5548/5548 6002/6002 6004/6004
f 5576/5576 5574/5574 5589/5589
f 5589/5589 5574/5574 5594/5594
f 5575/5575 6213/6213 5573/5573
f 5573/5573 6213/6213 6214/6214
f 5578/5578 5577/5577 6213/6213
f 6213/6213 5577/5577 6214/6214
f 5578/5578 6213/6213 5579/5579
f 5579/5579 6213/6213 6215/6215
f 5576/5576 5589/5589 5581/5581
f 5581/5581 5589/5589 5587/5587
f 5580/5580 6215/6215 5575/5575
f 5575/5575 6215/6215 6213/6213
f 5937/5937 6009/6009 5553/5553
f 5553/5553 6009/6009 6002/6002
f 5937/5937 5594/5594 6009/6009
f 6009/6009 5594/5594 5574/5574
f 5999/5999 6216/6216 6000/6000
f 6000/6000 6216/6216 6217/6217
f 6000/6000 6217/6217 6001/6001
f 6001/6001 6217/6217 6218/6218
f 6003/6003 6218/6218 6005/6005
f 6005/6005 6218/6218 6217/6217
f 6005/6005 6217/6217 6007/6007
f 6007/6007 6217/6217 6216/6216
f 6008/6008 6219/6219 5577/5577
f 5577/5577 6219/6219 6214/6214
f 6010/6010 5573/5573 6219/6219
f 6219/6219 5573/5573 6214/6214
f 6003/6003 6010/6010 6218/6218
f 6218/6218 6010/6010 6219/6219
f 6001/6001 6218/6218 6008/6008
f 6008/6008 6218/6218 6219/6219
f 5852/5852 5853/5853 6220/6220
f 6220/6220 5853/5853 6221/6221
f 5855/5855 5854/5854 5925/5925
f 5925/5925 5854/5854 5923/5923
f 5856/5856 5919/5919 5854/5854
f 5854/5854 5919/5919 5923/5923
f 5858/5858 5852/5852 6222/6222
f 6222/6222 5852/5852 6220/6220
f 5860/5860 5917/5917 5856/5856
f 5856/5856 5917/5917 5919/5919
f 5860/5860 5861/5861 5917/5917
f 5917/5917 5861/5861 5913/5913
f 5863/5863 6223/6223 5864/5864
f 5864/5864 6223/6223 6224/6224
f 5863/5863 5858/5858 6223/6223
f 6223/6223 5858/5858 6222/6222
f 5868/5868 5909/5909 5867/5867
f 5867/5867 5909/5909 5911/5911
f 5870/5870 6225/6225 5869/5869
f 5869/5869 6225/6225 6226/6226
f 5864/5864 6224/6224 5870/5870
f 5870/5870 6224/6224 6225/6225
f 5861/5861 5867/5867 5913/5913
f 5913/5913 5867/5867 5911/5911
f 5872/5872 6224/6224 5874/5874
f 5874/5874 6224/6224 6223/6223
f 5879/5879 5874/5874 6222/6222
f 6222/6222 5874/5874 6223/6223
f 5897/5897 5898/5898 6221/6221
f 6221/6221 5898/5898 6220/6220
f 5898/5898 5879/5879 6220/6220
f 6220/6220 5879/5879 6222/6222
f 5905/5905 5903/5903 6225/6225
f 6225/6225 5903/5903 6226/6226
f 5905/5905 6225/6225 5872/5872
f 5872/5872 6225/6225 6224/6224
f 5780/5780 5781/5781 5771/5771
f 5771/5771 5781/5781 5777/5777
f 5783/5783 5782/5782 6227/6227
f 6227/6227 5782/5782 6228/6228
f 5784/5784 6229/6229 5782/5782
f 5782/5782 6229/6229 6228/6228
f 5786/5786 5780/5780 5772/5772
f 5772/5772 5780/5780 5771/5771
f 5791/5791 5792/5792 6229/6229
f 6229/6229 5792/5792 6228/6228
f 5793/5793 6227/6227 5792/5792
f 5792/5792 6227/6227 6228/6228
f 5807/5807 6230/6230 5806/5806
f 5806/5806 6230/6230 6231/6231
f 5808/5808 6232/6232 5807/5807
f 5807/5807 6232/6232 6230/6230
f 5806/5806 6231/6231 5815/5815
f 5815/5815 6231/6231 6233/6233
f 5793/5793 5815/5815 6227/6227
f 6227/6227 5815/5815 6233/6233
f 5816/5816 5828/5828 5817/5817
f 5817/5817 5828/5828 5826/5826
f 5820/5820 5835/5835 5816/5816
f 5816/5816 5835/5835 5828/5828
f 5823/5823 5822/5822 6232/6232
f 6232/6232 5822/5822 6230/6230
f 5822/5822 5824/5824 6230/6230
f 6230/6230 5824/5824 6231/6231
f 5840/5840 5783/5783 6233/6233
f 6233/6233 5783/5783 6227/6227
f 5781/5781 5841/5841 5777/5777
f 5777/5777 5841/5841 5837/5837
f 5841/5841 5817/5817 5837/5837
f 5837/5837 5817/5817 5826/5826
f 5824/5824 5840/5840 6231/6231
f 6231/6231 5840/5840 6233/6233
f 5300/5300 5290/5290 5326/5326
f 5509/5509 5510/5510 5598/5598
f 5290/5290 5637/5637 5326/5326
f 5502/5502 5638/5638 5516/5516
f 6234/6234 6235/6235 5457/5457
f 5457/5457 6235/6235 5456/5456
f 5456/5456 6235/6235 5407/5407
f 5407/5407 6235/6235 6236/6236
f 5471/5471 6237/6237 5470/5470
f 5470/5470 6237/6237 6238/6238
f 6238/6238 6234/6234 5470/5470
f 5470/5470 6234/6234 5457/5457
f 6236/6236 6235/6235 5401/5401
f 5401/5401 6235/6235 5452/5452
f 6235/6235 6234/6234 5452/5452
f 5452/5452 6234/6234 5454/5454
f 6234/6234 6238/6238 5454/5454
f 5454/5454 6238/6238 5462/5462
f 6238/6238 6237/6237 5462/5462
f 5462/5462 6237/6237 5474/5474
f 6239/6239 6212/6212 5945/5945
f 5945/5945 6212/6212 5498/5498
f 6212/6212 6239/6239 5947/5947
f 5947/5947 6239/6239 5949/5949
f 5407/5407 6236/6236 5406/5406
f 5406/5406 6236/6236 6240/6240
f 6240/6240 6236/6236 5399/5399
f 5399/5399 6236/6236 5401/5401
f 5660/5660 5648/5648 5659/5659
f 5659/5659 5648/5648 5650/5650
f 5646/5646 5648/5648 5661/5661
f 5661/5661 5648/5648 5660/5660
f 5724/5724 5646/5646 6081/6081
f 6081/6081 5646/5646 5661/5661
f 5659/5659 5650/5650 5697/5697
f 5697/5697 5650/5650 5721/5721
f 6241/6241 6242/6242 5653/5653
f 5653/5653 6242/6242 5654/5654
f 6243/6243 6241/6241 5657/5657
f 5657/5657 6241/6241 5653/5653
f 5666/5666 6241/6241 5667/5667
f 5667/5667 6241/6241 6243/6243
f 5668/5668 6242/6242 5666/5666
f 5666/5666 6242/6242 6241/6241
f 5654/5654 6242/6242 5695/5695
f 5695/5695 6242/6242 6244/6244
f 6244/6244 6242/6242 6080/6080
f 6080/6080 6242/6242 5668/5668
f 5667/5667 6243/6243 6078/6078
f 6078/6078 6243/6243 6245/6245
f 6245/6245 6243/6243 6082/6082
f 6082/6082 6243/6243 5657/5657
f 6246/6246 6247/6247 5534/5534
f 5534/5534 6247/6247 5535/5535
f 6248/6248 6246/6246 5541/5541
f 5541/5541 6246/6246 5534/5534
f 6247/6247 6249/6249 5535/5535
f 5535/5535 6249/6249 6066/6066
f 5562/5562 6250/6250 5541/5541
f 5541/5541 6250/6250 6248/6248
f 6247/6247 6246/6246 5530/5530
f 5530/5530 6246/6246 5531/5531
f 6246/6246 6248/6248 5531/5531
f 5531/5531 6248/6248 5539/5539
f 6249/6249 6247/6247 6064/6064
f 6064/6064 6247/6247 5530/5530
f 5539/5539 6248/6248 6068/6068
f 6068/6068 6248/6248 6250/6250
f 5522/5522 5527/5527 5533/5533
f 5533/5533 5527/5527 5532/5532
f 5523/5523 5522/5522 5538/5538
f 5538/5538 5522/5522 5533/5533
f 5538/5538 6067/6067 5523/5523
f 5523/5523 6067/6067 5561/5561
f 6063/6063 6065/6065 5527/5527
f 5527/5527 6065/6065 5532/5532
f 5612/5612 6251/6251 5611/5611
f 5611/5611 6251/6251 6252/6252
f 6253/6253 6251/6251 5613/5613
f 5613/5613 6251/6251 5612/5612
f 6254/6254 6253/6253 6075/6075
f 6075/6075 6253/6253 5613/5613
f 5611/5611 6252/6252 5617/5617
f 5617/5617 6252/6252 6255/6255
f 6251/6251 6253/6253 5628/5628
f 5628/5628 6253/6253 5629/5629
f 5635/5635 6252/6252 5628/5628
f 5628/5628 6252/6252 6251/6251
f 5900/5900 6255/6255 5635/5635
f 5635/5635 6255/6255 6252/6252
f 6253/6253 6254/6254 5629/5629
f 5629/5629 6254/6254 6077/6077
f 5618/5618 5605/5605 5609/5609
f 5609/5609 5605/5605 5607/5607
f 5605/5605 5606/5606 5607/5607
f 5607/5607 5606/5606 5615/5615
f 5615/5615 5606/5606 5627/5627
f 5627/5627 5606/5606 6072/6072
f 5619/5619 5618/5618 6074/6074
f 6074/6074 5618/5618 5609/5609
f 5315/5315 6256/6256 5313/5313
f 5313/5313 6256/6256 6257/6257
f 6258/6258 6256/6256 5317/5317
f 5317/5317 6256/6256 5315/5315
f 6259/6259 6258/6258 6088/6088
f 6088/6088 6258/6258 5317/5317
f 6256/6256 6258/6258 5842/5842
f 5842/5842 6258/6258 5843/5843
f 5846/5846 6257/6257 5842/5842
f 5842/5842 6257/6257 6256/6256
f 6258/6258 6259/6259 5843/5843
f 5843/5843 6259/6259 6084/6084
f 5848/5848 6260/6260 5846/5846
f 5846/5846 6260/6260 6257/6257
f 5313/5313 6257/6257 5321/5321
f 5321/5321 6257/6257 6260/6260
f 5312/5312 5316/5316 5311/5311
f 5311/5311 5316/5316 5314/5314
f 5319/5319 5318/5318 5312/5312
f 5312/5312 5318/5318 5316/5316
f 5307/5307 6058/6058 5319/5319
f 5319/5319 6058/6058 6087/6087
f 6055/6055 5325/5325 5311/5311
f 5311/5311 5325/5325 5302/5302
f 5633/5633 5632/5632 5891/5891
f 5982/5982 6261/6261 5978/5978
f 5978/5978 6261/6261 5984/5984
f 5662/5662 5664/5664 5673/5673
f 5671/5671 6262/6262 5662/5662
f 5662/5662 6262/6262 5675/5675
f 5881/5881 5896/5896 5883/5883
f 5883/5883 5896/5896 5894/5894
f 5877/5877 5899/5899 5881/5881
f 5881/5881 5899/5899 5896/5896
f 5885/5885 5906/5906 5884/5884
f 5884/5884 5906/5906 5876/5876
f 5884/5884 5880/5880 5887/5887
f 5887/5887 5880/5880 5882/5882
f 5998/5998 5567/5567 6011/6011
f 6011/6011 5567/5567 5565/5565
f 6011/6011 5565/5565 6016/6016
f 6016/6016 5565/5565 5569/5569
f 5996/5996 6012/6012 5997/5997
f 5997/5997 6012/6012 6013/6013
f 6013/6013 6012/6012 6014/6014
f 6014/6014 6012/6012 6015/6015
f 5682/5682 5683/5683 6023/6023
f 6023/6023 5683/5683 6022/6022
f 5683/5683 5684/5684 6022/6022
f 6022/6022 5684/5684 6031/6031
f 6021/6021 6020/6020 6027/6027
f 6027/6027 6020/6020 6026/6026
f 6020/6020 6030/6030 6026/6026
f 6026/6026 6030/6030 6029/6029
f 5906/5906 5871/5871 5876/5876
f 5876/5876 5871/5871 5873/5873
f 5878/5878 5899/5899 5873/5873
f 5873/5873 5899/5899 5877/5877
f 5991/5991 5992/5992 5997/5997
f 5997/5997 5992/5992 5994/5994
f 5994/5994 5566/5566 5998/5998
f 5998/5998 5566/5566 5567/5567
f 6025/6025 6036/6036 6027/6027
f 6027/6027 6036/6036 6038/6038
f 6038/6038 5681/5681 6023/6023
f 6023/6023 5681/5681 5682/5682
f 5423/5423 5415/5415 5427/5427
f 5427/5427 5415/5415 6263/6263
f 6264/6264 6045/6045 6041/6041
f 6041/6041 6045/6045 6042/6042
f 6049/6049 6044/6044 6047/6047
f 6047/6047 6044/6044 6042/6042
f 6263/6263 5415/5415 5419/5419
f 5419/5419 5415/5415 5414/5414
f 6046/6046 6045/6045 5446/5446
f 5446/5446 6045/6045 5445/5445
f 6045/6045 6264/6264 5445/5445
f 5445/5445 6264/6264 5451/5451
f 5446/5446 5444/5444 6090/6090
f 6090/6090 5444/5444 6053/6053
f 5408/5408 5412/5412 5421/5421
f 5421/5421 5412/5412 5420/5420
f 5444/5444 5443/5443 5448/5448
f 5448/5448 5443/5443 5447/5447
f 5443/5443 5450/5450 5447/5447
f 5447/5447 5450/5450 5449/5449
f 6048/6048 6049/6049 6047/6047
f 5448/5448 5440/5440 6053/6053
f 5491/5491 6048/6048 6090/6090
f 5416/5416 5422/5422 5414/5414
f 5422/5422 5417/5417 5414/5414
f 5422/5422 5409/5409 5421/5421
f 5421/5421 5409/5409 5408/5408
f 5416/5416 5415/5415 5423/5423
f 5335/5335 5334/5334 5215/5215
f 6265/6265 6266/6266 6267/6267
f 6267/6267 6266/6266 6268/6268
f 6266/6266 6269/6269 6268/6268
f 6268/6268 6269/6269 6270/6270
f 6269/6269 6271/6271 6270/6270
f 6270/6270 6271/6271 6272/6272
f 6271/6271 6273/6273 6272/6272
f 6272/6272 6273/6273 6274/6274
f 6275/6275 6276/6276 6277/6277
f 6277/6277 6276/6276 6278/6278
f 6276/6276 6279/6279 6278/6278
f 6278/6278 6279/6279 6280/6280
f 6279/6279 6281/6281 6280/6280
f 6280/6280 6281/6281 6282/6282
f 6281/6281 6265/6265 6282/6282
f 6282/6282 6265/6265 6267/6267
f 6267/6267 6268/6268 6283/6283
f 6283/6283 6268/6268 6284/6284
f 6268/6268 6270/6270 6284/6284
f 6284/6284 6270/6270 6285/6285
f 6270/6270 6272/6272 6285/6285
f 6285/6285 6272/6272 6286/6286
f 6272/6272 6274/6274 6286/6286
f 6286/6286 6274/6274 6287/6287
f 6277/6277 6278/6278 6288/6288
f 6288/6288 6278/6278 6289/6289
f 6278/6278 6280/6280 6289/6289
f 6289/6289 6280/6280 6290/6290
f 6280/6280 6282/6282 6290/6290
f 6290/6290 6282/6282 6291/6291
f 6282/6282 6267/6267 6291/6291
f 6291/6291 6267/6267 6283/6283
f 6292/6292 6293/6293 6294/6294
f 6294/6294 6293/6293 6295/6295
f 6293/6293 6296/6296 6295/6295
f 6295/6295 6296/6296 6297/6297
f 6296/6296 6298/6298 6297/6297
f 6297/6297 6298/6298 6299/6299
f 6298/6298 6300/6300 6299/6299
f 6299/6299 6300/6300 6301/6301
f 6302/6302 6303/6303 6304/6304
f 6304/6304 6303/6303 6305/6305
f 6303/6303 6306/6306 6305/6305
f 6305/6305 6306/6306 6307/6307
f 6306/6306 6308/6308 6307/6307
f 6307/6307 6308/6308 6309/6309
f 6308/6308 6292/6292 6309/6309
f 6309/6309 6292/6292 6294/6294
f 6294/6294 6295/6295 6310/6310
f 6310/6310 6295/6295 6311/6311
f 6295/6295 6297/6297 6311/6311
f 6311/6311 6297/6297 6312/6312
f 6297/6297 6299/6299 6312/6312
f 6312/6312 6299/6299 6313/6313
f 6299/6299 6301/6301 6313/6313
f 6313/6313 6301/6301 6314/6314
f 6304/6304 6305/6305 6315/6315
f 6315/6315 6305/6305 6316/6316
f 6305/6305 6307/6307 6316/6316
f 6316/6316 6307/6307 6317/6317
f 6307/6307 6309/6309 6317/6317
f 6317/6317 6309/6309 6318/6318
f 6309/6309 6294/6294 6318/6318
f 6318/6318 6294/6294 6310/6310
f 6310/6310 6311/6311 6319/6319
f 6319/6319 6311/6311 6320/6320
f 6311/6311 6312/6312 6320/6320
f 6320/6320 6312/6312 6321/6321
f 6312/6312 6313/6313 6321/6321
f 6321/6321 6313/6313 6322/6322
f 6313/6313 6314/6314 6322/6322
f 6322/6322 6314/6314 6323/6323
f 6315/6315 6316/6316 6324/6324
f 6324/6324 6316/6316 6325/6325
f 6316/6316 6317/6317 6325/6325
f 6325/6325 6317/6317 6326/6326
f 6317/6317 6318/6318 6326/6326
f 6326/6326 6318/6318 6327/6327
f 6318/6318 6310/6310 6327/6327
f 6327/6327 6310/6310 6319/6319
f 6328/6328 6329/6329 6330/6330
f 6330/6330 6329/6329 6331/6331
f 6329/6329 6332/6332 6331/6331
f 6331/6331 6332/6332 6333/6333
f 6332/6332 6334/6334 6333/6333
f 6333/6333 6334/6334 6335/6335
f 6334/6334 6336/6336 6335/6335
f 6335/6335 6336/6336 6337/6337
f 6338/6338 6339/6339 6340/6340
f 6340/6340 6339/6339 6341/6341
f 6339/6339 6342/6342 6341/6341
f 6341/6341 6342/6342 6343/6343
f 6342/6342 6344/6344 6343/6343
f 6343/6343 6344/6344 6345/6345
f 6344/6344 6328/6328 6345/6345
f 6345/6345 6328/6328 6330/6330
f 6330/6330 6331/6331 6265/6265
f 6265/6265 6331/6331 6266/6266
f 6331/6331 6333/6333 6266/6266
f 6266/6266 6333/6333 6269/6269
f 6333/6333 6335/6335 6269/6269
f 6269/6269 6335/6335 6271/6271
f 6335/6335 6337/6337 6271/6271
f 6271/6271 6337/6337 6273/6273
f 6340/6340 6341/6341 6275/6275
f 6275/6275 6341/6341 6276/6276
f 6341/6341 6343/6343 6276/6276
f 6276/6276 6343/6343 6279/6279
f 6343/6343 6345/6345 6279/6279
f 6279/6279 6345/6345 6281/6281
f 6345/6345 6330/6330 6281/6281
f 6281/6281 6330/6330 6265/6265
f 6346/6346 6347/6347 6348/6348
f 6349/6349 6346/6346 6350/6350
f 6346/6346 6351/6351 6350/6350
f 6350/6350 6351/6351 6352/6352
f 6351/6351 6353/6353 6352/6352
f 6354/6354 6355/6355 6356/6356
f 6355/6355 6349/6349 6356/6356
f 6354/6354 6357/6357 6355/6355
f 6357/6357 6358/6358 6355/6355
f 6356/6356 6359/6359 6354/6354
f 6359/6359 6360/6360 6354/6354
f 6360/6360 6361/6361 6354/6354
f 6361/6361 6357/6357 6354/6354
f 6362/6362 6363/6363 6364/6364
f 6363/6363 6365/6365 6364/6364
f 6366/6366 6367/6367 6368/6368
f 6367/6367 6369/6369 6368/6368
f 6370/6370 6371/6371 6372/6372
f 6373/6373 6370/6370 6374/6374
f 6370/6370 6372/6372 6374/6374
f 6375/6375 6376/6376 6377/6377
f 6376/6376 6378/6378 6377/6377
f 6379/6379 6380/6380 6381/6381
f 6380/6380 6382/6382 6381/6381
f 6383/6383 6384/6384 6385/6385
f 6386/6386 6374/6374 6384/6384
f 6374/6374 6385/6385 6384/6384
f 6374/6374 6386/6386 6373/6373
f 6387/6387 6388/6388 6389/6389
f 6388/6388 6390/6390 6389/6389
f 6391/6391 6380/6380 6387/6387
f 6380/6380 6388/6388 6387/6387
f 6392/6392 6363/6363 6393/6393
f 6363/6363 6394/6394 6393/6393
f 6365/6365 6395/6395 6361/6361
f 6395/6395 6396/6396 6361/6361
f 6397/6397 6368/6368 6398/6398
f 6368/6368 6369/6369 6398/6398
f 6399/6399 6362/6362 6400/6400
f 6362/6362 6364/6364 6400/6400
f 6401/6401 6364/6364 6359/6359
f 6402/6402 6403/6403 6404/6404
f 6403/6403 6405/6405 6404/6404
f 6401/6401 6402/6402 6406/6406
f 6402/6402 6404/6404 6406/6406
f 6402/6402 6401/6401 6359/6359
f 6403/6403 6402/6402 6356/6356
f 6402/6402 6359/6359 6356/6356
f 6407/6407 6408/6408 6399/6399
f 6408/6408 6409/6409 6399/6399
f 6410/6410 6407/6407 6400/6400
f 6407/6407 6399/6399 6400/6400
f 6371/6371 6411/6411 6372/6372
f 6411/6411 6412/6412 6372/6372
f 6411/6411 6413/6413 6412/6412
f 6413/6413 6414/6414 6412/6412
f 6415/6415 6416/6416 6358/6358
f 6416/6416 6417/6417 6358/6358
f 6418/6418 6419/6419 6420/6420
f 6419/6419 6421/6421 6420/6420
f 6420/6420 6421/6421 6422/6422
f 6421/6421 6423/6423 6422/6422
f 6424/6424 6425/6425 6426/6426
f 6427/6427 6428/6428 6424/6424
f 6428/6428 6425/6425 6424/6424
f 6429/6429 6427/6427 6430/6430
f 6427/6427 6424/6424 6430/6430
f 6431/6431 6432/6432 6429/6429
f 6432/6432 6427/6427 6429/6429
f 6432/6432 6433/6433 6427/6427
f 6433/6433 6428/6428 6427/6427
f 6418/6418 6434/6434 6435/6435
f 6436/6436 6437/6437 6438/6438
f 6437/6437 6439/6439 6438/6438
f 6440/6440 6437/6437 6441/6441
f 6437/6437 6436/6436 6441/6441
f 6440/6440 6425/6425 6437/6437
f 6425/6425 6428/6428 6437/6437
f 6437/6437 6428/6428 6439/6439
f 6428/6428 6433/6433 6439/6439
f 6442/6442 6443/6443 6444/6444
f 6430/6430 6426/6426 6445/6445
f 6446/6446 6447/6447 6448/6448
f 6447/6447 6449/6449 6448/6448
f 6450/6450 6446/6446 6451/6451
f 6446/6446 6448/6448 6451/6451
f 6452/6452 6453/6453 6450/6450
f 6453/6453 6446/6446 6450/6450
f 6453/6453 6454/6454 6446/6446
f 6454/6454 6447/6447 6446/6446
f 6448/6448 6449/6449 6455/6455
f 6455/6455 6449/6449 6443/6443
f 6456/6456 6457/6457 6458/6458
f 6457/6457 6459/6459 6458/6458
f 6460/6460 6456/6456 6461/6461
f 6456/6456 6458/6458 6461/6461
f 6430/6430 6445/6445 6460/6460
f 6445/6445 6456/6456 6460/6460
f 6445/6445 6449/6449 6456/6456
f 6449/6449 6457/6457 6456/6456
f 6462/6462 6463/6463 6464/6464
f 6463/6463 6465/6465 6464/6464
f 6457/6457 6462/6462 6459/6459
f 6462/6462 6464/6464 6459/6459
f 6449/6449 6466/6466 6457/6457
f 6466/6466 6462/6462 6457/6457
f 6466/6466 6467/6467 6462/6462
f 6467/6467 6463/6463 6462/6462
f 6466/6466 6468/6468 6467/6467
f 6468/6468 6469/6469 6467/6467
f 6449/6449 6447/6447 6466/6466
f 6447/6447 6468/6468 6466/6466
f 6447/6447 6454/6454 6468/6468
f 6454/6454 6470/6470 6468/6468
f 6468/6468 6470/6470 6469/6469
f 6470/6470 6471/6471 6469/6469
f 6442/6442 6444/6444 6472/6472
f 6444/6444 6473/6473 6472/6472
f 6444/6444 6422/6422 6473/6473
f 6422/6422 6423/6423 6473/6473
f 6423/6423 6421/6421 6474/6474
f 6474/6474 6421/6421 6475/6475
f 6421/6421 6419/6419 6475/6475
f 6390/6390 6474/6474 6389/6389
f 6474/6474 6475/6475 6389/6389
f 6476/6476 6347/6347 6477/6477
f 6477/6477 6478/6478 6479/6479
f 6346/6346 6349/6349 6480/6480
f 6349/6349 6355/6355 6480/6480
f 6481/6481 6482/6482 6483/6483
f 6482/6482 6484/6484 6483/6483
f 6482/6482 6481/6481 6485/6485
f 6481/6481 6486/6486 6485/6485
f 6485/6485 6476/6476 6482/6482
f 6476/6476 6477/6477 6482/6482
f 6482/6482 6477/6477 6484/6484
f 6477/6477 6479/6479 6484/6484
f 6487/6487 6488/6488 6489/6489
f 6488/6488 6490/6490 6489/6489
f 6491/6491 6490/6490 6492/6492
f 6490/6490 6488/6488 6492/6492
f 6493/6493 6486/6486 6494/6494
f 6486/6486 6481/6481 6494/6494
f 6494/6494 6481/6481 6495/6495
f 6481/6481 6483/6483 6495/6495
f 6496/6496 6497/6497 6487/6487
f 6497/6497 6488/6488 6487/6487
f 6498/6498 6499/6499 6500/6500
f 6499/6499 6501/6501 6500/6500
f 6502/6502 6503/6503 6499/6499
f 6503/6503 6501/6501 6499/6499
f 6497/6497 6504/6504 6488/6488
f 6504/6504 6492/6492 6488/6488
f 6500/6500 6505/6505 6498/6498
f 6505/6505 6506/6506 6498/6498
f 6483/6483 6507/6507 6495/6495
f 6507/6507 6508/6508 6495/6495
f 6489/6489 6509/6509 6487/6487
f 6509/6509 6510/6510 6487/6487
f 6485/6485 6511/6511 6512/6512
f 6511/6511 6513/6513 6512/6512
f 6514/6514 6507/6507 6484/6484
f 6507/6507 6483/6483 6484/6484
f 6416/6416 6515/6515 6417/6417
f 6352/6352 6405/6405 6350/6350
f 6405/6405 6403/6403 6350/6350
f 6350/6350 6403/6403 6349/6349
f 6403/6403 6356/6356 6349/6349
f 6352/6352 6516/6516 6517/6517
f 6518/6518 6405/6405 6517/6517
f 6405/6405 6352/6352 6517/6517
f 6519/6519 6520/6520 6521/6521
f 6520/6520 6522/6522 6521/6521
f 6523/6523 6404/6404 6519/6519
f 6518/6518 6520/6520 6519/6519
f 6520/6520 6518/6518 6517/6517
f 6520/6520 6517/6517 6522/6522
f 6517/6517 6516/6516 6522/6522
f 6519/6519 6524/6524 6523/6523
f 6524/6524 6525/6525 6523/6523
f 6521/6521 6526/6526 6519/6519
f 6526/6526 6524/6524 6519/6519
f 6527/6527 6528/6528 6410/6410
f 6528/6528 6407/6407 6410/6410
f 6523/6523 6525/6525 6529/6529
f 6525/6525 6530/6530 6529/6529
f 6531/6531 6532/6532 6527/6527
f 6532/6532 6528/6528 6527/6527
f 6525/6525 6533/6533 6530/6530
f 6533/6533 6531/6531 6530/6530
f 6534/6534 6535/6535 6536/6536
f 6535/6535 6537/6537 6536/6536
f 6535/6535 6538/6538 6537/6537
f 6538/6538 6539/6539 6537/6537
f 6531/6531 6533/6533 6537/6537
f 6533/6533 6536/6536 6537/6537
f 6540/6540 6539/6539 6541/6541
f 6539/6539 6538/6538 6541/6541
f 6542/6542 6543/6543 6544/6544
f 6543/6543 6545/6545 6544/6544
f 6546/6546 6547/6547 6548/6548
f 6547/6547 6534/6534 6548/6548
f 6547/6547 6549/6549 6550/6550
f 6549/6549 6551/6551 6550/6550
f 6549/6549 6552/6552 6551/6551
f 6552/6552 6553/6553 6551/6551
f 6553/6553 6554/6554 6551/6551
f 6554/6554 6555/6555 6551/6551
f 6551/6551 6555/6555 6550/6550
f 6555/6555 6556/6556 6550/6550
f 6546/6546 6557/6557 6547/6547
f 6557/6557 6549/6549 6547/6547
f 6557/6557 6558/6558 6549/6549
f 6558/6558 6552/6552 6549/6549
f 6559/6559 6560/6560 6561/6561
f 6560/6560 6562/6562 6561/6561
f 6560/6560 6536/6536 6562/6562
f 6536/6536 6533/6533 6562/6562
f 6524/6524 6562/6562 6525/6525
f 6562/6562 6533/6533 6525/6525
f 6526/6526 6561/6561 6524/6524
f 6561/6561 6562/6562 6524/6524
f 6563/6563 6564/6564 6565/6565
f 6564/6564 6566/6566 6565/6565
f 6565/6565 6567/6567 6563/6563
f 6567/6567 6568/6568 6563/6563
f 6568/6568 6548/6548 6563/6563
f 6548/6548 6559/6559 6563/6563
f 6563/6563 6559/6559 6564/6564
f 6559/6559 6561/6561 6564/6564
f 6564/6564 6569/6569 6566/6566
f 6569/6569 6570/6570 6566/6566
f 6561/6561 6526/6526 6564/6564
f 6526/6526 6569/6569 6564/6564
f 6571/6571 6572/6572 6573/6573
f 6572/6572 6574/6574 6573/6573
f 6572/6572 6571/6571 6575/6575
f 6571/6571 6576/6576 6575/6575
f 6413/6413 6577/6577 6414/6414
f 6414/6414 6577/6577 6578/6578
f 6577/6577 6579/6579 6578/6578
f 6529/6529 6404/6404 6523/6523
f 6404/6404 6529/6529 6406/6406
f 6404/6404 6405/6405 6518/6518
f 6580/6580 6569/6569 6521/6521
f 6569/6569 6526/6526 6521/6521
f 6581/6581 6570/6570 6580/6580
f 6570/6570 6569/6569 6580/6580
f 6582/6582 6583/6583 6584/6584
f 6583/6583 6585/6585 6584/6584
f 6570/6570 6581/6581 6586/6586
f 6581/6581 6587/6587 6586/6586
f 6588/6588 6589/6589 6590/6590
f 6589/6589 6591/6591 6590/6590
f 6592/6592 6593/6593 6594/6594
f 6593/6593 6595/6595 6594/6594
f 6596/6596 6597/6597 6592/6592
f 6597/6597 6593/6593 6592/6592
f 6593/6593 6597/6597 6588/6588
f 6588/6588 6590/6590 6593/6593
f 6590/6590 6595/6595 6593/6593
f 6598/6598 6599/6599 6600/6600
f 6601/6601 6598/6598 6602/6602
f 6598/6598 6603/6603 6602/6602
f 6602/6602 6604/6604 6601/6601
f 6604/6604 6605/6605 6601/6601
f 6601/6601 6605/6605 6606/6606
f 6599/6599 6607/6607 6608/6608
f 6607/6607 6609/6609 6608/6608
f 6609/6609 6610/6610 6608/6608
f 6610/6610 6611/6611 6608/6608
f 6612/6612 6613/6613 6614/6614
f 6613/6613 6615/6615 6614/6614
f 6613/6613 6607/6607 6615/6615
f 6607/6607 6599/6599 6615/6615
f 6616/6616 6595/6595 6617/6617
f 6595/6595 6590/6590 6617/6617
f 6606/6606 6594/6594 6616/6616
f 6594/6594 6595/6595 6616/6616
f 6618/6618 6619/6619 6620/6620
f 6619/6619 6621/6621 6620/6620
f 6622/6622 6618/6618 6623/6623
f 6618/6618 6620/6620 6623/6623
f 6622/6622 6624/6624 6618/6618
f 6624/6624 6625/6625 6618/6618
f 6625/6625 6626/6626 6618/6618
f 6626/6626 6619/6619 6618/6618
f 6627/6627 6628/6628 6629/6629
f 6628/6628 6630/6630 6629/6629
f 6622/6622 6631/6631 6624/6624
f 6631/6631 6632/6632 6624/6624
f 6623/6623 6633/6633 6622/6622
f 6633/6633 6631/6631 6622/6622
f 6634/6634 6635/6635 6627/6627
f 6635/6635 6628/6628 6627/6627
f 6636/6636 6585/6585 6637/6637
f 6585/6585 6583/6583 6637/6637
f 6636/6636 6637/6637 6638/6638
f 6637/6637 6639/6639 6638/6638
f 6617/6617 6640/6640 6614/6614
f 6640/6640 6641/6641 6614/6614
f 6640/6640 6617/6617 6591/6591
f 6617/6617 6590/6590 6591/6591
f 6642/6642 6643/6643 6644/6644
f 6643/6643 6645/6645 6644/6644
f 6638/6638 6639/6639 6646/6646
f 6639/6639 6647/6647 6646/6646
f 6642/6642 6648/6648 6643/6643
f 6648/6648 6649/6649 6643/6643
f 6580/6580 6648/6648 6581/6581
f 6648/6648 6642/6642 6581/6581
f 6521/6521 6522/6522 6580/6580
f 6522/6522 6648/6648 6580/6580
f 6522/6522 6516/6516 6649/6649
f 6516/6516 6650/6650 6649/6649
f 6648/6648 6522/6522 6649/6649
f 6581/6581 6642/6642 6587/6587
f 6642/6642 6644/6644 6587/6587
f 6651/6651 6652/6652 6650/6650
f 6652/6652 6649/6649 6650/6650
f 6649/6649 6652/6652 6643/6643
f 6652/6652 6653/6653 6643/6643
f 6654/6654 6655/6655 6612/6612
f 6655/6655 6656/6656 6612/6612
f 6657/6657 6658/6658 6647/6647
f 6658/6658 6646/6646 6647/6647
f 6659/6659 6660/6660 6661/6661
f 6660/6660 6662/6662 6661/6661
f 6566/6566 6570/6570 6663/6663
f 6570/6570 6586/6586 6663/6663
f 6664/6664 6665/6665 6666/6666
f 6665/6665 6667/6667 6666/6666
f 6668/6668 6565/6565 6663/6663
f 6565/6565 6566/6566 6663/6663
f 6669/6669 6667/6667 6670/6670
f 6667/6667 6665/6665 6670/6670
f 6669/6669 6670/6670 6671/6671
f 6670/6670 6672/6672 6671/6671
f 6565/6565 6668/6668 6567/6567
f 6668/6668 6673/6673 6567/6567
f 6674/6674 6675/6675 6676/6676
f 6675/6675 6677/6677 6676/6676
f 6678/6678 6626/6626 6675/6675
f 6626/6626 6677/6677 6675/6675
f 6679/6679 6680/6680 6673/6673
f 6680/6680 6567/6567 6673/6673
f 6671/6671 6672/6672 6681/6681
f 6672/6672 6682/6682 6681/6681
f 6621/6621 6619/6619 6683/6683
f 6619/6619 6678/6678 6683/6683
f 6619/6619 6626/6626 6678/6678
f 6684/6684 6651/6651 6685/6685
f 6651/6651 6650/6650 6685/6685
f 6686/6686 6687/6687 6688/6688
f 6689/6689 6690/6690 6687/6687
f 6686/6686 6688/6688 6691/6691
f 6692/6692 6348/6348 6691/6691
f 6691/6691 6348/6348 6693/6693
f 6351/6351 6346/6346 6348/6348
f 6693/6693 6694/6694 6691/6691
f 6694/6694 6695/6695 6691/6691
f 6694/6694 6696/6696 6695/6695
f 6696/6696 6697/6697 6695/6695
f 6695/6695 6697/6697 6698/6698
f 6697/6697 6699/6699 6698/6698
f 6691/6691 6695/6695 6686/6686
f 6695/6695 6698/6698 6686/6686
f 6698/6698 6700/6700 6686/6686
f 6701/6701 6702/6702 6694/6694
f 6702/6702 6696/6696 6694/6694
f 6703/6703 6699/6699 6704/6704
f 6699/6699 6697/6697 6704/6704
f 6704/6704 6697/6697 6705/6705
f 6697/6697 6696/6696 6705/6705
f 6706/6706 6707/6707 6708/6708
f 6708/6708 6707/6707 6709/6709
f 6707/6707 6706/6706 6710/6710
f 6710/6710 6706/6706 6711/6711
f 6712/6712 6713/6713 6703/6703
f 6713/6713 6699/6699 6703/6703
f 6714/6714 6715/6715 6716/6716
f 6715/6715 6717/6717 6716/6716
f 6718/6718 6719/6719 6720/6720
f 6719/6719 6721/6721 6720/6720
f 6722/6722 6723/6723 6717/6717
f 6723/6723 6716/6716 6717/6717
f 6719/6719 6718/6718 6724/6724
f 6718/6718 6725/6725 6724/6724
f 6726/6726 6450/6450 6727/6727
f 6450/6450 6451/6451 6727/6727
f 6728/6728 6726/6726 6729/6729
f 6726/6726 6727/6727 6729/6729
f 6730/6730 6731/6731 6728/6728
f 6731/6731 6726/6726 6728/6728
f 6731/6731 6452/6452 6726/6726
f 6452/6452 6450/6450 6726/6726
f 6732/6732 6733/6733 6734/6734
f 6734/6734 6733/6733 6735/6735
f 6736/6736 6734/6734 6737/6737
f 6737/6737 6734/6734 6735/6735
f 6738/6738 6452/6452 6739/6739
f 6452/6452 6731/6731 6739/6739
f 6739/6739 6731/6731 6740/6740
f 6731/6731 6730/6730 6740/6740
f 6698/6698 6741/6741 6700/6700
f 6741/6741 6742/6742 6700/6700
f 6696/6696 6702/6702 6705/6705
f 6702/6702 6743/6743 6705/6705
f 6709/6709 6744/6744 6708/6708
f 6708/6708 6744/6744 6745/6745
f 6725/6725 6746/6746 6724/6724
f 6746/6746 6747/6747 6724/6724
f 6748/6748 6749/6749 6750/6750
f 6749/6749 6751/6751 6750/6750
f 6752/6752 6748/6748 6753/6753
f 6748/6748 6750/6750 6753/6753
f 6754/6754 6755/6755 6752/6752
f 6755/6755 6748/6748 6752/6752
f 6755/6755 6756/6756 6748/6748
f 6756/6756 6749/6749 6748/6748
f 6757/6757 6758/6758 6759/6759
f 6758/6758 6760/6760 6759/6759
f 6756/6756 6755/6755 6761/6761
f 6755/6755 6762/6762 6761/6761
f 6755/6755 6754/6754 6762/6762
f 6754/6754 6763/6763 6762/6762
f 6764/6764 6765/6765 6758/6758
f 6765/6765 6760/6760 6758/6758
f 6724/6724 6747/6747 6766/6766
f 6747/6747 6767/6767 6766/6766
f 6766/6766 6767/6767 6768/6768
f 6767/6767 6769/6769 6768/6768
f 6770/6770 6771/6771 6772/6772
f 6772/6772 6771/6771 6773/6773
f 6471/6471 6470/6470 6774/6774
f 6470/6470 6775/6775 6774/6774
f 6470/6470 6454/6454 6775/6775
f 6454/6454 6776/6776 6775/6775
f 6777/6777 6770/6770 6778/6778
f 6778/6778 6770/6770 6772/6772
f 6779/6779 6693/6693 6780/6780
f 6693/6693 6781/6781 6780/6780
f 6693/6693 6779/6779 6782/6782
f 6780/6780 6783/6783 6779/6779
f 6783/6783 6784/6784 6779/6779
f 6783/6783 6785/6785 6784/6784
f 6785/6785 6786/6786 6784/6784
f 6787/6787 6788/6788 6789/6789
f 6788/6788 6790/6790 6789/6789
f 6791/6791 6792/6792 6793/6793
f 6792/6792 6794/6794 6793/6793
f 6795/6795 6796/6796 6794/6794
f 6796/6796 6793/6793 6794/6794
f 6796/6796 6797/6797 6793/6793
f 6797/6797 6798/6798 6793/6793
f 6798/6798 6799/6799 6793/6793
f 6799/6799 6791/6791 6793/6793
f 6800/6800 6801/6801 6794/6794
f 6801/6801 6795/6795 6794/6794
f 6802/6802 6803/6803 6804/6804
f 6803/6803 6805/6805 6804/6804
f 6806/6806 6807/6807 6808/6808
f 6807/6807 6809/6809 6808/6808
f 6810/6810 6811/6811 6798/6798
f 6811/6811 6799/6799 6798/6798
f 6812/6812 6813/6813 6814/6814
f 6813/6813 6815/6815 6814/6814
f 6815/6815 6813/6813 6816/6816
f 6813/6813 6817/6817 6816/6816
f 6813/6813 6812/6812 6818/6818
f 6812/6812 6819/6819 6818/6818
f 6818/6818 6820/6820 6813/6813
f 6820/6820 6817/6817 6813/6813
f 6476/6476 6821/6821 6781/6781
f 6821/6821 6780/6780 6781/6781
f 6821/6821 6806/6806 6780/6780
f 6806/6806 6783/6783 6780/6780
f 6686/6686 6822/6822 6687/6687
f 6822/6822 6823/6823 6687/6687
f 6822/6822 6824/6824 6823/6823
f 6824/6824 6825/6825 6823/6823
f 6823/6823 6825/6825 6826/6826
f 6825/6825 6827/6827 6826/6826
f 6687/6687 6823/6823 6689/6689
f 6823/6823 6826/6826 6689/6689
f 6824/6824 6828/6828 6825/6825
f 6828/6828 6829/6829 6825/6825
f 6830/6830 6831/6831 6832/6832
f 6831/6831 6833/6833 6832/6832
f 6834/6834 6835/6835 6831/6831
f 6835/6835 6833/6833 6831/6831
f 6825/6825 6829/6829 6827/6827
f 6829/6829 6836/6836 6827/6827
f 6837/6837 6838/6838 6839/6839
f 6838/6838 6840/6840 6839/6839
f 6837/6837 6841/6841 6838/6838
f 6841/6841 6842/6842 6838/6838
f 6843/6843 6844/6844 6842/6842
f 6844/6844 6838/6838 6842/6842
f 6838/6838 6844/6844 6840/6840
f 6844/6844 6845/6845 6840/6840
f 6846/6846 6847/6847 6848/6848
f 6847/6847 6849/6849 6848/6848
f 6850/6850 6848/6848 6851/6851
f 6848/6848 6849/6849 6851/6851
f 6850/6850 6852/6852 6848/6848
f 6852/6852 6853/6853 6848/6848
f 6853/6853 6854/6854 6848/6848
f 6854/6854 6846/6846 6848/6848
f 6855/6855 6856/6856 6846/6846
f 6856/6856 6857/6857 6846/6846
f 6853/6853 6858/6858 6854/6854
f 6858/6858 6859/6859 6854/6854
f 6860/6860 6861/6861 6862/6862
f 6861/6861 6863/6863 6862/6862
f 6864/6864 6865/6865 6860/6860
f 6865/6865 6861/6861 6860/6860
f 6865/6865 6866/6866 6861/6861
f 6866/6866 6867/6867 6861/6861
f 6861/6861 6867/6867 6863/6863
f 6867/6867 6868/6868 6863/6863
f 6869/6869 6870/6870 6871/6871
f 6870/6870 6872/6872 6871/6871
f 6873/6873 6869/6869 6874/6874
f 6869/6869 6871/6871 6874/6874
f 6875/6875 6876/6876 6873/6873
f 6876/6876 6869/6869 6873/6873
f 6876/6876 6877/6877 6869/6869
f 6877/6877 6870/6870 6869/6869
f 6878/6878 6879/6879 6840/6840
f 6879/6879 6839/6839 6840/6840
f 6842/6842 6880/6880 6843/6843
f 6880/6880 6881/6881 6843/6843
f 6882/6882 6883/6883 6884/6884
f 6883/6883 6885/6885 6884/6884
f 6886/6886 6887/6887 6888/6888
f 6887/6887 6889/6889 6888/6888
f 6886/6886 6890/6890 6887/6887
f 6890/6890 6891/6891 6887/6887
f 6892/6892 6883/6883 6893/6893
f 6883/6883 6882/6882 6893/6893
f 6894/6894 6895/6895 6896/6896
f 6895/6895 6897/6897 6896/6896
f 6898/6898 6894/6894 6899/6899
f 6894/6894 6896/6896 6899/6899
f 6900/6900 6901/6901 6898/6898
f 6901/6901 6894/6894 6898/6898
f 6901/6901 6902/6902 6894/6894
f 6902/6902 6895/6895 6894/6894
f 6903/6903 6904/6904 6836/6836
f 6904/6904 6827/6827 6836/6836
f 6905/6905 6906/6906 6834/6834
f 6906/6906 6835/6835 6834/6834
f 6832/6832 6907/6907 6830/6830
f 6907/6907 6908/6908 6830/6830
f 6909/6909 6910/6910 6911/6911
f 6910/6910 6912/6912 6911/6911
f 6913/6913 6914/6914 6915/6915
f 6914/6914 6916/6916 6915/6915
f 6914/6914 6917/6917 6916/6916
f 6917/6917 6918/6918 6916/6916
f 6919/6919 6909/6909 6920/6920
f 6909/6909 6911/6911 6920/6920
f 6910/6910 6921/6921 6912/6912
f 6921/6921 6922/6922 6912/6912
f 6921/6921 6892/6892 6922/6922
f 6892/6892 6893/6893 6922/6922
f 6890/6890 6923/6923 6891/6891
f 6923/6923 6924/6924 6891/6891
f 6923/6923 6913/6913 6924/6924
f 6913/6913 6915/6915 6924/6924
f 6925/6925 6926/6926 6921/6921
f 6926/6926 6892/6892 6921/6921
f 6927/6927 6925/6925 6910/6910
f 6925/6925 6921/6921 6910/6910
f 6451/6451 6928/6928 6927/6927
f 6928/6928 6925/6925 6927/6927
f 6928/6928 6929/6929 6925/6925
f 6929/6929 6926/6926 6925/6925
f 6727/6727 6930/6930 6729/6729
f 6930/6930 6931/6931 6729/6729
f 6451/6451 6927/6927 6727/6727
f 6927/6927 6930/6930 6727/6727
f 6927/6927 6910/6910 6930/6930
f 6910/6910 6909/6909 6930/6930
f 6930/6930 6909/6909 6931/6931
f 6909/6909 6919/6919 6931/6931
f 6932/6932 6933/6933 6822/6822
f 6933/6933 6824/6824 6822/6822
f 6822/6822 6700/6700 6932/6932
f 6700/6700 6742/6742 6932/6932
f 6934/6934 6935/6935 6689/6689
f 6936/6936 6937/6937 6883/6883
f 6937/6937 6885/6885 6883/6883
f 6926/6926 6936/6936 6892/6892
f 6936/6936 6883/6883 6892/6892
f 6929/6929 6938/6938 6926/6926
f 6938/6938 6936/6936 6926/6926
f 6938/6938 6939/6939 6936/6936
f 6939/6939 6937/6937 6936/6936
f 6934/6934 6689/6689 6940/6940
f 6689/6689 6826/6826 6940/6940
f 6827/6827 6904/6904 6826/6826
f 6904/6904 6940/6940 6826/6826
f 6941/6941 6942/6942 6943/6943
f 6938/6938 6929/6929 6944/6944
f 6945/6945 6946/6946 6943/6943
f 6946/6946 6941/6941 6943/6943
f 6943/6943 6947/6947 6945/6945
f 6947/6947 6948/6948 6945/6945
f 6949/6949 6950/6950 6557/6557
f 6950/6950 6558/6558 6557/6557
f 6557/6557 6948/6948 6949/6949
f 6948/6948 6947/6947 6949/6949
f 6950/6950 6442/6442 6558/6558
f 6442/6442 6472/6472 6558/6558
f 6557/6557 6546/6546 6948/6948
f 6949/6949 6947/6947 6951/6951
f 6928/6928 6451/6451 6951/6951
f 6952/6952 6807/6807 6821/6821
f 6807/6807 6806/6806 6821/6821
f 6512/6512 6513/6513 6821/6821
f 6513/6513 6952/6952 6821/6821
f 6953/6953 6954/6954 6955/6955
f 6954/6954 6956/6956 6955/6955
f 6438/6438 6439/6439 6957/6957
f 6439/6439 6958/6958 6957/6957
f 6439/6439 6433/6433 6958/6958
f 6433/6433 6959/6959 6958/6958
f 6960/6960 6961/6961 6953/6953
f 6961/6961 6954/6954 6953/6953
f 6962/6962 6963/6963 6964/6964
f 6963/6963 6965/6965 6964/6964
f 6966/6966 6962/6962 6967/6967
f 6962/6962 6964/6964 6967/6967
f 6966/6966 6968/6968 6962/6962
f 6968/6968 6969/6969 6962/6962
f 6962/6962 6969/6969 6963/6963
f 6969/6969 6970/6970 6963/6963
f 6971/6971 6972/6972 6973/6973
f 6972/6972 6974/6974 6973/6973
f 6975/6975 6976/6976 6971/6971
f 6976/6976 6972/6972 6971/6971
f 6977/6977 6978/6978 6976/6976
f 6978/6978 6972/6972 6976/6976
f 6972/6972 6978/6978 6974/6974
f 6978/6978 6979/6979 6974/6974
f 6980/6980 6981/6981 6982/6982
f 6981/6981 6983/6983 6982/6982
f 6984/6984 6985/6985 6983/6983
f 6985/6985 6982/6982 6983/6983
f 6986/6986 6987/6987 6988/6988
f 6987/6987 6989/6989 6988/6988
f 6990/6990 6991/6991 6986/6986
f 6991/6991 6987/6987 6986/6986
f 6992/6992 6993/6993 6991/6991
f 6993/6993 6987/6987 6991/6991
f 6993/6993 6994/6994 6987/6987
f 6994/6994 6989/6989 6987/6987
f 6989/6989 6995/6995 6988/6988
f 6995/6995 6996/6996 6988/6988
f 6997/6997 6995/6995 6994/6994
f 6995/6995 6989/6989 6994/6994
f 6973/6973 6974/6974 6997/6997
f 6974/6974 6995/6995 6997/6997
f 6974/6974 6979/6979 6995/6995
f 6979/6979 6996/6996 6995/6995
f 6986/6986 6998/6998 6990/6990
f 6998/6998 6999/6999 6990/6990
f 6988/6988 6996/6996 6986/6986
f 6996/6996 6998/6998 6986/6986
f 6996/6996 6979/6979 6998/6998
f 6979/6979 6978/6978 6998/6998
f 6978/6978 6977/6977 6998/6998
f 6977/6977 6999/6999 6998/6998
f 7000/7000 7001/7001 7002/7002
f 7001/7001 7003/7003 7002/7002
f 7004/7004 7005/7005 7000/7000
f 7005/7005 7001/7001 7000/7000
f 7006/7006 7001/7001 7007/7007
f 7001/7001 7005/7005 7007/7007
f 7008/7008 7003/7003 7006/7006
f 7003/7003 7001/7001 7006/7006
f 7009/7009 7010/7010 7011/7011
f 7010/7010 7012/7012 7011/7011
f 6431/6431 7013/7013 7014/7014
f 7013/7013 7015/7015 7014/7014
f 7013/7013 7016/7016 7015/7015
f 7016/7016 7017/7017 7015/7015
f 7010/7010 7018/7018 7012/7012
f 7018/7018 7019/7019 7012/7012
f 6432/6432 6431/6431 7020/7020
f 6431/6431 7014/7014 7020/7020
f 7011/7011 7021/7021 7009/7009
f 7021/7021 7022/7022 7009/7009
f 6961/6961 6960/6960 7021/7021
f 6960/6960 7022/7022 7021/7021
f 6433/6433 6432/6432 6959/6959
f 6432/6432 7020/7020 6959/6959
f 7023/7023 7024/7024 6964/6964
f 7024/7024 6967/6967 6964/6964
f 7025/7025 7023/7023 6965/6965
f 7023/7023 6964/6964 6965/6965
f 7002/7002 7003/7003 7025/7025
f 7003/7003 7023/7023 7025/7025
f 7003/7003 7008/7008 7023/7023
f 7008/7008 7024/7024 7023/7023
f 7026/7026 7027/7027 7028/7028
f 7027/7027 7029/7029 7028/7028
f 7027/7027 6983/6983 7029/7029
f 6983/6983 6981/6981 7029/7029
f 7026/7026 7030/7030 7027/7027
f 7030/7030 7031/7031 7027/7027
f 7030/7030 7032/7032 7031/7031
f 7032/7032 7033/7033 7031/7031
f 7031/7031 7033/7033 6984/6984
f 7033/7033 6985/6985 6984/6984
f 7034/7034 7035/7035 7036/7036
f 7035/7035 7037/7037 7036/7036
f 7038/7038 7034/7034 7039/7039
f 7034/7034 7036/7036 7039/7039
f 7038/7038 7040/7040 7034/7034
f 7040/7040 7041/7041 7034/7034
f 7041/7041 7042/7042 7034/7034
f 7042/7042 7035/7035 7034/7034
f 7043/7043 7041/7041 7044/7044
f 7041/7041 7040/7040 7044/7044
f 7045/7045 7046/7046 7044/7044
f 7046/7046 7043/7043 7044/7044
f 7047/7047 7043/7043 7048/7048
f 7043/7043 7046/7046 7048/7048
f 7047/7047 7042/7042 7043/7043
f 7042/7042 7041/7041 7043/7043
f 7049/7049 7050/7050 7051/7051
f 7050/7050 7052/7052 7051/7051
f 7053/7053 7054/7054 7051/7051
f 7054/7054 7049/7049 7051/7051
f 7054/7054 7048/7048 7049/7049
f 7048/7048 7046/7046 7049/7049
f 7046/7046 7045/7045 7049/7049
f 7045/7045 7050/7050 7049/7049
f 7055/7055 7056/7056 7057/7057
f 7056/7056 7058/7058 7057/7057
f 7059/7059 7056/7056 7060/7060
f 7059/7059 7061/7061 7056/7056
f 7062/7062 7063/7063 7056/7056
f 7063/7063 7058/7058 7056/7056
f 7064/7064 7065/7065 7066/7066
f 7065/7065 7067/7067 7066/7066
f 7059/7059 7064/7064 7061/7061
f 7064/7064 7066/7066 7061/7061
f 7059/7059 7060/7060 7064/7064
f 7060/7060 7068/7068 7064/7064
f 7069/7069 7070/7070 7068/7068
f 7070/7070 7071/7071 7068/7068
f 6820/6820 7072/7072 6817/6817
f 7072/7072 7073/7073 6817/6817
f 7073/7073 7074/7074 6817/6817
f 7075/7075 6817/6817 7076/7076
f 6817/6817 7074/7074 7076/7076
f 7077/7077 7078/7078 7079/7079
f 7078/7078 7080/7080 7079/7079
f 7081/7081 7082/7082 7077/7077
f 7082/7082 7078/7078 7077/7077
f 7063/7063 7062/7062 7082/7082
f 7062/7062 7078/7078 7082/7082
f 7062/7062 7083/7083 7078/7078
f 7083/7083 7080/7080 7078/7078
f 6819/6819 7084/7084 6818/6818
f 7084/7084 7085/7085 6818/6818
f 6818/6818 7085/7085 6820/6820
f 7085/7085 7072/7072 6820/6820
f 7086/7086 7087/7087 7088/7088
f 7087/7087 7089/7089 7088/7088
f 7070/7070 7069/7069 7086/7086
f 7069/7069 7087/7087 7086/7086
f 7069/7069 7090/7090 7087/7087
f 7090/7090 7055/7055 7087/7087
f 7087/7087 7055/7055 7089/7089
f 7055/7055 7057/7057 7089/7089
f 6464/6464 6465/6465 7091/7091
f 6465/6465 7092/7092 7091/7091
f 7093/7093 7094/7094 7095/7095
f 7094/7094 7096/7096 7095/7095
f 7094/7094 7097/7097 7096/7096
f 7097/7097 7098/7098 7096/7096
f 6459/6459 6464/6464 7099/7099
f 6464/6464 7091/7091 7099/7099
f 7100/7100 7098/7098 7101/7101
f 7098/7098 7097/7097 7101/7101
f 7102/7102 7100/7100 7103/7103
f 7100/7100 7101/7101 7103/7103
f 6461/6461 6458/6458 7104/7104
f 6458/6458 7105/7105 7104/7104
f 6458/6458 6459/6459 7105/7105
f 6459/6459 7099/7099 7105/7105
f 7106/7106 7102/7102 7107/7107
f 7102/7102 7103/7103 7107/7107
f 7106/7106 7107/7107 7108/7108
f 7107/7107 7109/7109 7108/7108
f 7110/7110 7111/7111 7112/7112
f 7111/7111 7113/7113 7112/7112
f 7113/7113 6461/6461 7112/7112
f 6461/6461 7104/7104 7112/7112
f 7114/7114 7113/7113 7115/7115
f 7113/7113 7111/7111 7115/7115
f 7116/7116 7117/7117 7115/7115
f 7117/7117 7114/7114 7115/7115
f 6430/6430 6460/6460 7117/7117
f 6460/6460 7114/7114 7117/7117
f 6460/6460 6461/6461 7114/7114
f 6461/6461 7113/7113 7114/7114
f 7118/7118 7119/7119 7013/7013
f 7119/7119 7016/7016 7013/7013
f 6429/6429 7118/7118 6431/6431
f 7118/7118 7013/7013 6431/6431
f 6430/6430 7117/7117 6429/6429
f 7117/7117 7118/7118 6429/6429
f 7117/7117 7116/7116 7118/7118
f 7116/7116 7119/7119 7118/7118
f 7120/7120 6736/6736 7121/7121
f 7121/7121 6736/6736 6737/6737
f 6778/6778 7120/7120 6777/6777
f 6777/6777 7120/7120 7121/7121
f 6454/6454 6453/6453 6776/6776
f 6453/6453 7122/7122 6776/6776
f 6453/6453 6452/6452 7122/7122
f 6452/6452 6738/6738 7122/7122
f 7123/7123 7124/7124 6946/6946
f 7124/7124 7125/7125 6946/6946
f 7124/7124 6662/6662 7125/7125
f 6662/6662 6660/6660 7125/7125
f 6946/6946 6945/6945 7123/7123
f 6546/6546 7126/7126 6948/6948
f 7126/7126 6945/6945 6948/6948
f 7123/7123 6945/6945 7126/7126
f 6546/6546 7127/7127 7126/7126
f 6662/6662 7124/7124 6680/6680
f 7124/7124 7127/7127 6680/6680
f 7124/7124 7123/7123 7127/7127
f 7123/7123 7126/7126 7127/7127
f 6568/6568 7127/7127 6548/6548
f 7127/7127 6546/6546 6548/6548
f 6661/6661 6662/6662 6679/6679
f 6662/6662 6680/6680 6679/6679
f 6681/6681 6682/6682 7128/7128
f 6682/6682 7129/7129 7128/7128
f 7130/7130 7131/7131 7132/7132
f 7132/7132 7131/7131 7133/7133
f 7131/7131 7134/7134 7133/7133
f 6558/6558 6472/6472 6552/6552
f 6472/6472 7135/7135 6552/6552
f 7136/7136 6554/6554 7137/7137
f 6554/6554 6553/6553 7137/7137
f 7138/7138 7139/7139 7140/7140
f 7139/7139 7141/7141 7140/7140
f 7142/7142 6379/6379 7143/7143
f 6379/6379 6381/6381 7143/7143
f 7144/7144 7145/7145 7146/7146
f 7145/7145 7147/7147 7146/7146
f 7146/7146 6383/6383 7144/7144
f 6383/6383 6385/6385 7144/7144
f 7147/7147 7145/7145 7148/7148
f 7145/7145 7149/7149 7148/7148
f 6556/6556 6555/6555 7150/7150
f 6555/6555 7151/7151 7150/7150
f 7151/7151 6555/6555 7152/7152
f 6555/6555 6554/6554 7152/7152
f 7153/7153 7138/7138 7154/7154
f 7138/7138 7140/7140 7154/7154
f 7149/7149 6578/6578 7155/7155
f 7156/7156 7157/7157 7158/7158
f 7157/7157 7159/7159 7158/7158
f 6379/6379 7142/7142 7156/7156
f 7142/7142 7157/7157 7156/7156
f 7142/7142 7136/7136 7157/7157
f 7136/7136 7137/7137 7157/7157
f 7157/7157 7137/7137 7159/7159
f 7137/7137 7135/7135 7159/7159
f 6473/6473 6423/6423 7159/7159
f 6423/6423 7158/7158 7159/7159
f 7159/7159 7135/7135 6473/6473
f 7135/7135 6472/6472 6473/6473
f 7156/7156 6388/6388 6379/6379
f 6388/6388 6380/6380 6379/6379
f 6388/6388 7156/7156 6390/6390
f 7156/7156 7158/7158 6390/6390
f 6423/6423 6474/6474 7158/7158
f 6474/6474 6390/6390 7158/7158
f 6719/6719 7160/7160 6721/6721
f 7160/7160 7161/7161 6721/6721
f 7162/7162 7163/7163 7160/7160
f 7163/7163 7161/7161 7160/7160
f 7164/7164 7165/7165 7161/7161
f 7165/7165 6721/6721 7161/7161
f 7161/7161 7163/7163 7164/7164
f 7163/7163 7166/7166 7164/7164
f 7166/7166 7163/7163 7162/7162
f 6768/6768 6769/6769 7162/7162
f 6769/6769 7167/7167 7162/7162
f 7167/7167 7168/7168 7162/7162
f 7169/7169 7170/7170 7171/7171
f 7170/7170 7172/7172 7171/7171
f 7173/7173 7169/7169 7174/7174
f 7169/7169 7171/7171 7174/7174
f 7173/7173 7175/7175 7169/7169
f 7175/7175 7176/7176 7169/7169
f 7169/7169 7176/7176 7170/7170
f 7176/7176 7177/7177 7170/7170
f 7178/7178 7179/7179 7176/7176
f 7179/7179 7177/7177 7176/7176
f 7180/7180 7178/7178 7181/7181
f 7180/7180 7182/7182 7178/7178
f 6749/6749 6756/6756 7178/7178
f 6756/6756 7179/7179 7178/7178
f 7183/7183 7172/7172 7184/7184
f 7172/7172 7170/7170 7184/7184
f 7184/7184 7170/7170 7185/7185
f 7170/7170 7177/7177 7185/7185
f 7186/7186 7187/7187 7188/7188
f 7187/7187 7189/7189 7188/7188
f 7187/7187 7190/7190 7189/7189
f 7190/7190 7191/7191 7189/7189
f 7192/7192 7179/7179 6761/6761
f 7179/7179 6756/6756 6761/6761
f 7193/7193 7194/7194 6759/6759
f 7194/7194 6757/6757 6759/6759
f 7193/7193 7186/7186 7194/7194
f 7186/7186 7188/7188 7194/7194
f 7185/7185 7177/7177 7192/7192
f 7177/7177 7179/7179 7192/7192
f 7182/7182 7180/7180 7195/7195
f 7180/7180 7196/7196 7195/7195
f 7173/7173 7197/7197 7175/7175
f 7197/7197 7181/7181 7175/7175
f 7197/7197 7173/7173 7198/7198
f 7173/7173 7174/7174 7198/7198
f 7196/7196 7199/7199 7195/7195
f 7199/7199 7200/7200 7195/7195
f 7201/7201 6895/6895 7202/7202
f 6895/6895 6902/6902 7202/7202
f 6876/6876 7201/7201 6877/6877
f 7201/7201 7202/7202 6877/6877
f 6875/6875 7203/7203 6876/6876
f 7203/7203 7201/7201 6876/6876
f 7203/7203 6897/6897 7201/7201
f 6897/6897 6895/6895 7201/7201
f 7204/7204 7205/7205 7206/7206
f 7205/7205 7207/7207 7206/7206
f 7208/7208 7209/7209 7210/7210
f 7209/7209 7211/7211 7210/7210
f 7212/7212 7213/7213 7208/7208
f 7213/7213 7209/7209 7208/7208
f 7214/7214 7215/7215 7204/7204
f 7215/7215 7205/7205 7204/7204
f 7216/7216 7217/7217 7218/7218
f 7217/7217 7219/7219 7218/7218
f 7208/7208 7217/7217 7212/7212
f 7217/7217 7216/7216 7212/7212
f 7208/7208 7210/7210 7217/7217
f 7210/7210 7220/7220 7217/7217
f 7217/7217 7220/7220 7219/7219
f 7220/7220 7221/7221 7219/7219
f 7222/7222 7223/7223 7220/7220
f 7223/7223 7221/7221 7220/7220
f 7206/7206 7222/7222 7211/7211
f 7206/7206 7207/7207 7222/7222
f 7222/7222 6865/6865 7223/7223
f 6865/6865 6864/6864 7223/7223
f 7224/7224 6610/6610 6609/6609
f 6607/6607 6613/6613 6609/6609
f 6613/6613 7224/7224 6609/6609
f 7224/7224 6613/6613 6656/6656
f 6613/6613 6612/6612 6656/6656
f 7225/7225 7226/7226 7227/7227
f 7226/7226 7228/7228 7227/7227
f 7229/7229 7227/7227 7230/7230
f 7227/7227 7231/7231 7230/7230
f 7230/7230 7231/7231 7232/7232
f 7233/7233 7234/7234 7232/7232
f 7232/7232 7234/7234 6676/6676
f 7234/7234 7130/7130 6676/6676
f 7228/7228 7235/7235 7233/7233
f 7235/7235 7234/7234 7233/7233
f 7236/7236 7235/7235 7226/7226
f 7235/7235 7228/7228 7226/7226
f 7134/7134 7131/7131 7236/7236
f 7131/7131 7235/7235 7236/7236
f 7131/7131 7130/7130 7235/7235
f 7130/7130 7234/7234 7235/7235
f 6629/6629 7237/7237 6632/6632
f 7237/7237 6625/6625 6624/6624
f 7237/7237 6677/6677 6625/6625
f 6677/6677 6626/6626 6625/6625
f 6365/6365 6363/6363 6395/6395
f 6363/6363 6392/6392 6395/6395
f 6358/6358 6357/6357 6415/6415
f 6357/6357 7238/7238 6415/6415
f 6480/6480 6355/6355 6417/6417
f 6355/6355 6358/6358 6417/6417
f 6496/6496 7239/7239 6500/6500
f 7239/7239 6505/6505 6500/6500
f 6486/6486 7240/7240 6485/6485
f 7240/7240 6511/6511 6485/6485
f 7240/7240 6486/6486 7241/7241
f 6486/6486 6493/6493 7241/7241
f 6492/6492 7242/7242 6491/6491
f 7242/7242 7243/7243 6491/6491
f 6484/6484 6479/6479 6514/6514
f 6479/6479 7244/7244 6514/6514
f 6538/6538 6535/6535 6556/6556
f 6535/6535 6550/6550 6556/6556
f 6547/6547 6550/6550 6534/6534
f 6550/6550 6535/6535 6534/6534
f 6534/6534 6536/6536 6560/6560
f 6534/6534 6560/6560 6548/6548
f 6615/6615 6599/6599 6616/6616
f 6599/6599 6606/6606 6616/6616
f 6614/6614 6615/6615 6617/6617
f 6615/6615 6616/6616 6617/6617
f 6643/6643 6653/6653 6645/6645
f 6653/6653 7245/7245 6645/6645
f 6614/6614 6641/6641 6612/6612
f 6641/6641 6654/6654 6612/6612
f 6676/6676 7130/7130 6674/6674
f 7130/7130 7132/7132 6674/6674
f 6685/6685 6650/6650 6353/6353
f 6650/6650 6516/6516 6353/6353
f 6694/6694 6782/6782 6701/6701
f 6782/6782 7246/7246 6701/6701
f 7247/7247 7248/7248 6711/6711
f 6711/6711 7248/7248 6710/6710
f 7249/7249 7250/7250 6714/6714
f 7250/7250 6715/6715 6714/6714
f 7165/7165 7251/7251 6721/6721
f 7251/7251 6720/6720 6721/6721
f 6699/6699 6713/6713 6698/6698
f 6713/6713 6741/6741 6698/6698
f 6722/6722 7252/7252 6723/6723
f 7252/7252 7253/7253 6723/6723
f 6766/6766 6768/6768 7160/7160
f 6768/6768 7162/7162 7160/7160
f 7160/7160 6719/6719 6766/6766
f 6719/6719 6724/6724 6766/6766
f 6779/6779 7254/7254 6782/6782
f 7254/7254 7246/7246 6782/6782
f 6784/6784 7255/7255 6779/6779
f 7255/7255 7254/7254 6779/6779
f 7256/7256 7255/7255 6786/6786
f 7255/7255 6784/6784 6786/6786
f 6790/6790 7257/7257 6789/6789
f 7257/7257 7258/7258 6789/6789
f 6792/6792 7259/7259 6794/6794
f 7259/7259 6800/6800 6794/6794
f 6803/6803 6802/6802 6787/6787
f 6802/6802 6788/6788 6787/6787
f 6785/6785 6783/6783 6808/6808
f 6783/6783 6806/6806 6808/6808
f 6797/6797 7260/7260 6798/6798
f 7260/7260 6810/6810 6798/6798
f 7261/7261 7262/7262 6815/6815
f 7262/7262 6814/6814 6815/6815
f 7075/7075 7261/7261 6816/6816
f 7261/7261 6815/6815 6816/6816
f 6851/6851 6849/6849 7263/7263
f 6849/6849 7264/7264 7263/7263
f 6857/6857 7264/7264 6847/6847
f 7264/7264 6849/6849 6847/6847
f 6846/6846 6854/6854 6859/6859
f 6852/6852 7265/7265 6853/6853
f 7265/7265 6858/6858 6853/6853
f 7266/7266 6878/6878 6845/6845
f 6878/6878 6840/6840 6845/6845
f 6841/6841 7267/7267 6842/6842
f 7267/7267 6880/6880 6842/6842
f 6828/6828 6824/6824 7268/7268
f 6824/6824 6933/6933 7268/7268
f 6983/6983 7027/7027 6984/6984
f 7027/7027 7031/7031 6984/6984
f 7028/7028 7029/7029 7269/7269
f 7029/7029 7270/7270 7269/7269
f 6980/6980 7270/7270 6981/6981
f 7270/7270 7029/7029 6981/6981
f 7271/7271 7272/7272 6503/6503
f 7272/7272 6504/6504 6503/6503
f 7273/7273 7271/7271 6502/6502
f 7271/7271 6503/6503 6502/6502
f 6567/6567 6680/6680 6568/6568
f 6680/6680 7127/7127 6568/6568
f 6578/6578 7274/7274 7155/7155
f 6676/6676 6677/6677 7275/7275
f 6677/6677 7237/7237 7275/7275
f 7232/7232 7275/7275 7230/7230
f 7275/7275 6630/6630 7230/7230
f 6516/6516 6352/6352 6353/6353
f 6360/6360 6364/6364 6361/6361
f 6364/6364 6365/6365 6361/6361
f 6396/6396 7238/7238 6361/6361
f 7238/7238 6357/6357 6361/6361
f 7137/7137 6553/6553 7135/7135
f 6553/6553 6552/6552 7135/7135
f 6364/6364 6360/6360 6359/6359
f 7149/7149 7145/7145 6578/6578
f 6560/6560 6559/6559 6548/6548
f 6364/6364 6401/6401 6400/6400
f 6400/6400 6401/6401 6410/6410
f 6401/6401 6406/6406 6410/6410
f 6410/6410 6406/6406 6529/6529
f 6410/6410 6529/6529 6527/6527
f 6529/6529 6530/6530 6527/6527
f 6527/6527 6530/6530 6531/6531
f 7276/7276 7277/7277 7278/7278
f 7277/7277 7279/7279 7278/7278
f 7280/7280 7281/7281 7282/7282
f 7281/7281 7283/7283 7282/7282
f 7284/7284 6378/6378 7285/7285
f 6378/6378 6376/6376 7285/7285
f 7286/7286 6367/6367 7287/7287
f 6367/6367 6366/6366 7287/7287
f 7278/7278 7279/7279 7288/7288
f 7279/7279 7289/7289 7288/7288
f 6398/6398 6575/6575 6397/6397
f 6575/6575 6576/6576 6397/6397
f 6545/6545 6543/6543 7290/7290
f 6543/6543 7291/7291 7290/7290
f 7292/7292 7293/7293 7294/7294
f 7293/7293 7295/7295 7294/7294
f 7296/7296 7297/7297 7298/7298
f 7297/7297 7299/7299 7298/7298
f 7300/7300 7301/7301 7296/7296
f 7301/7301 7297/7297 7296/7296
f 7302/7302 7303/7303 7304/7304
f 7303/7303 7305/7305 7304/7304
f 7306/7306 7284/7284 7307/7307
f 7284/7284 7285/7285 7307/7307
f 6544/6544 7308/7308 6542/6542
f 7308/7308 7309/7309 6542/6542
f 7308/7308 7310/7310 7309/7309
f 7310/7310 7311/7311 7309/7309
f 7312/7312 7302/7302 7313/7313
f 7302/7302 7304/7304 7313/7313
f 7314/7314 7283/7283 7315/7315
f 7283/7283 7281/7281 7315/7315
f 7316/7316 7277/7277 7317/7317
f 7277/7277 7276/7276 7317/7317
f 7289/7289 7301/7301 7288/7288
f 7301/7301 7300/7300 7288/7288
f 7318/7318 7295/7295 7319/7319
f 7295/7295 7293/7293 7319/7319
f 7140/7140 7141/7141 7302/7302
f 7141/7141 7303/7303 7302/7302
f 7141/7141 7314/7314 7303/7303
f 7314/7314 7315/7315 7303/7303
f 7294/7294 7320/7320 7292/7292
f 7320/7320 7321/7321 7292/7292
f 7320/7320 7154/7154 7321/7321
f 7154/7154 7312/7312 7321/7321
f 7154/7154 7140/7140 7312/7312
f 7140/7140 7302/7302 7312/7312
f 6394/6394 6363/6363 7322/7322
f 6363/6363 6362/6362 7322/7322
f 7323/7323 6382/6382 6391/6391
f 6382/6382 6380/6380 6391/6391
f 7322/7322 6362/6362 6409/6409
f 6362/6362 6399/6399 6409/6409
f 7150/7150 6541/6541 6556/6556
f 6541/6541 6538/6538 6556/6556
f 7324/7324 6528/6528 7325/7325
f 6528/6528 6532/6532 7325/7325
f 6408/6408 6407/6407 7324/7324
f 6407/6407 6528/6528 7324/7324
f 6369/6369 6367/6367 7278/7278
f 6367/6367 7276/7276 7278/7278
f 7276/7276 6367/6367 7317/7317
f 6367/6367 7286/7286 7317/7317
f 6377/6377 6378/6378 7280/7280
f 6378/6378 7281/7281 7280/7280
f 6378/6378 7284/7284 7281/7281
f 7284/7284 7315/7315 7281/7281
f 7315/7315 7284/7284 7303/7303
f 7284/7284 7306/7306 7303/7303
f 7312/7312 7310/7310 7321/7321
f 7310/7310 7308/7308 7321/7321
f 7321/7321 7308/7308 7292/7292
f 7308/7308 6544/6544 7292/7292
f 6544/6544 6545/6545 7292/7292
f 6545/6545 7293/7293 7292/7292
f 7293/7293 6545/6545 7319/7319
f 6545/6545 7290/7290 7319/7319
f 6574/6574 6572/6572 7298/7298
f 6572/6572 7296/7296 7298/7298
f 6572/6572 6575/6575 7296/7296
f 6575/6575 7300/7300 7296/7296
f 7300/7300 6575/6575 7288/7288
f 6575/6575 6398/6398 7288/7288
f 6398/6398 6369/6369 7288/7288
f 6369/6369 7278/7278 7288/7288
f 7314/7314 6381/6381 7283/7283
f 6381/6381 6382/6382 7283/7283
f 6382/6382 7323/7323 7283/7283
f 7323/7323 7282/7282 7283/7283
f 7316/7316 6393/6393 7277/7277
f 6393/6393 6394/6394 7277/7277
f 7277/7277 6394/6394 7279/7279
f 6394/6394 7322/7322 7279/7279
f 7279/7279 7322/7322 7289/7289
f 7322/7322 6409/6409 7289/7289
f 6409/6409 6408/6408 7289/7289
f 6408/6408 7301/7301 7289/7289
f 6408/6408 7324/7324 7301/7301
f 7324/7324 7297/7297 7301/7301
f 7297/7297 7324/7324 7299/7299
f 7324/7324 7325/7325 7299/7299
f 6540/6540 6541/6541 7318/7318
f 6541/6541 7295/7295 7318/7318
f 7295/7295 6541/6541 7294/7294
f 6541/6541 7150/7150 7294/7294
f 7150/7150 7151/7151 7294/7294
f 7151/7151 7320/7320 7294/7294
f 7151/7151 7152/7152 7320/7320
f 7152/7152 7154/7154 7320/7320
f 7143/7143 6381/6381 7141/7141
f 6381/6381 7314/7314 7141/7141
f 6554/6554 7136/7136 7153/7153
f 7136/7136 7138/7138 7153/7153
f 7138/7138 7136/7136 7139/7139
f 7136/7136 7142/7142 7139/7139
f 7142/7142 7143/7143 7139/7139
f 7143/7143 7141/7141 7139/7139
f 7152/7152 6554/6554 7154/7154
f 6554/6554 7153/7153 7154/7154
f 7307/7307 7326/7326 7305/7305
f 7326/7326 7304/7304 7305/7305
f 7304/7304 7326/7326 7313/7313
f 7326/7326 7311/7311 7313/7313
f 7311/7311 7310/7310 7313/7313
f 7310/7310 7312/7312 7313/7313
f 7306/7306 7307/7307 7303/7303
f 7307/7307 7305/7305 7303/7303
f 6532/6532 6531/6531 6539/6539
f 6531/6531 6537/6537 6539/6539
f 7325/7325 6532/6532 6540/6540
f 6532/6532 6539/6539 6540/6540
f 6573/6573 6574/6574 7291/7291
f 6574/6574 7290/7290 7291/7291
f 6574/6574 7325/7325 7290/7290
f 7325/7325 6540/6540 7290/7290
f 7318/7318 7319/7319 6540/6540
f 7319/7319 7290/7290 6540/6540
f 7299/7299 7325/7325 7298/7298
f 7325/7325 6574/6574 7298/7298
f 6579/6579 7274/7274 6578/6578
f 7327/7327 6829/6829 7328/7328
f 6829/6829 6828/6828 7328/7328
f 7327/7327 7329/7329 6829/6829
f 7329/7329 6836/6836 6829/6829
f 7330/7330 7331/7331 6884/6884
f 7331/7331 6882/6882 6884/6884
f 7331/7331 7332/7332 6882/6882
f 7332/7332 6893/6893 6882/6882
f 7329/7329 7333/7333 6836/6836
f 7333/7333 6903/6903 6836/6836
f 7334/7334 7328/7328 7268/7268
f 7328/7328 6828/6828 7268/7268
f 7335/7335 6911/6911 7336/7336
f 6911/6911 6912/6912 7336/7336
f 7335/7335 7337/7337 6911/6911
f 7337/7337 6920/6920 6911/6911
f 7338/7338 6922/6922 7332/7332
f 6922/6922 6893/6893 7332/7332
f 7338/7338 7336/7336 6922/6922
f 7336/7336 6912/6912 6922/6922
f 7339/7339 6704/6704 7340/7340
f 6704/6704 6705/6705 7340/7340
f 7339/7339 7341/7341 6704/6704
f 7341/7341 6703/6703 6704/6704
f 7342/7342 7343/7343 6740/6740
f 7343/7343 6739/6739 6740/6740
f 7343/7343 7344/7344 6739/6739
f 7344/7344 6738/6738 6739/6739
f 7345/7345 7340/7340 6743/6743
f 7340/7340 6705/6705 6743/6743
f 7346/7346 6774/6774 7347/7347
f 6774/6774 6775/6775 7347/7347
f 7347/7347 6775/6775 7348/7348
f 6775/6775 6776/6776 7348/7348
f 7349/7349 7122/7122 7344/7344
f 7122/7122 6738/6738 7344/7344
f 7348/7348 6776/6776 7349/7349
f 6776/6776 7122/7122 7349/7349
f 7350/7350 6712/6712 7341/7341
f 6712/6712 6703/6703 7341/7341
f 7351/7351 6786/6786 7352/7352
f 6786/6786 6785/6785 7352/7352
f 7353/7353 6808/6808 7354/7354
f 6808/6808 6809/6809 7354/7354
f 7355/7355 7356/7356 7092/7092
f 7356/7356 7091/7091 7092/7092
f 7356/7356 7357/7357 7091/7091
f 7357/7357 7099/7099 7091/7091
f 7358/7358 7105/7105 7357/7357
f 7105/7105 7099/7099 7357/7357
f 7359/7359 7104/7104 7358/7358
f 7104/7104 7105/7105 7358/7358
f 7360/7360 7112/7112 7359/7359
f 7112/7112 7104/7104 7359/7359
f 7361/7361 7110/7110 7360/7360
f 7110/7110 7112/7112 7360/7360
f 7351/7351 7362/7362 6786/6786
f 7362/7362 7256/7256 6786/6786
f 7352/7352 6785/6785 7353/7353
f 6785/6785 6808/6808 7353/7353
f 7363/7363 6494/6494 7364/7364
f 6494/6494 6495/6495 7364/7364
f 7363/7363 7365/7365 6494/6494
f 7365/7365 6493/6493 6494/6494
f 7364/7364 6495/6495 7366/7366
f 6495/6495 6508/6508 7366/7366
f 7367/7367 6957/6957 7368/7368
f 6957/6957 6958/6958 7368/7368
f 7368/7368 6958/6958 7369/7369
f 6958/6958 6959/6959 7369/7369
f 7370/7370 7371/7371 7015/7015
f 7371/7371 7014/7014 7015/7015
f 7372/7372 7370/7370 7017/7017
f 7370/7370 7015/7015 7017/7017
f 7371/7371 7373/7373 7014/7014
f 7373/7373 7020/7020 7014/7014
f 7369/7369 6959/6959 7373/7373
f 6959/6959 7020/7020 7373/7373
f 7374/7374 7241/7241 7365/7365
f 7241/7241 6493/6493 7365/7365
f 7375/7375 6586/6586 7376/7376
f 6586/6586 6587/6587 7376/7376
f 7377/7377 6645/6645 7378/7378
f 6645/6645 7245/7245 7378/7378
f 7379/7379 6644/6644 7377/7377
f 6644/6644 6645/6645 7377/7377
f 7376/7376 6587/6587 7379/7379
f 6587/6587 6644/6644 7379/7379
f 7380/7380 6659/6659 7381/7381
f 6659/6659 6661/6661 7381/7381
f 7375/7375 7382/7382 6586/6586
f 7382/7382 6663/6663 6586/6586
f 7383/7383 6668/6668 7382/7382
f 6668/6668 6663/6663 7382/7382
f 7384/7384 6673/6673 7383/7383
f 6673/6673 6668/6668 7383/7383
f 7385/7385 6679/6679 7384/7384
f 6679/6679 6673/6673 7384/7384
f 7381/7381 6661/6661 7385/7385
f 6661/6661 6679/6679 7385/7385
f 6860/6860 6862/6862 7386/7386
f 6862/6862 7387/7387 7386/7386
f 6864/6864 6860/6860 7388/7388
f 6860/6860 7386/7386 7388/7388
f 6870/6870 7386/7386 6872/6872
f 7386/7386 7387/7387 6872/6872
f 6870/6870 6877/6877 7386/7386
f 6877/6877 7388/7388 7386/7386
f 6901/6901 6900/6900 7389/7389
f 6900/6900 7390/7390 7389/7389
f 6901/6901 7389/7389 6902/6902
f 7389/7389 7391/7391 6902/6902
f 6902/6902 7391/7391 7202/7202
f 7391/7391 7392/7392 7202/7202
f 6877/6877 7202/7202 7388/7388
f 7202/7202 7392/7392 7388/7388
f 7219/7219 7389/7389 7218/7218
f 7389/7389 7390/7390 7218/7218
f 7221/7221 7391/7391 7219/7219
f 7391/7391 7389/7389 7219/7219
f 7223/7223 7392/7392 7221/7221
f 7392/7392 7391/7391 7221/7221
f 7223/7223 6864/6864 7392/7392
f 6864/6864 7388/7388 7392/7392
f 6874/6874 6917/6917 6873/6873
f 6917/6917 6914/6914 6873/6873
f 6873/6873 6914/6914 6875/6875
f 6914/6914 6913/6913 6875/6875
f 6896/6896 6897/6897 6886/6886
f 6897/6897 6890/6890 6886/6886
f 6899/6899 6896/6896 6888/6888
f 6896/6896 6886/6886 6888/6888
f 7203/7203 6875/6875 6923/6923
f 6875/6875 6913/6913 6923/6923
f 6897/6897 7203/7203 6890/6890
f 7203/7203 6923/6923 6890/6890
f 6665/6665 6664/6664 7393/7393
f 6664/6664 7394/7394 7393/7393
f 6665/6665 7393/7393 6670/6670
f 7393/7393 7395/7395 6670/6670
f 6672/6672 6670/6670 7396/7396
f 6670/6670 7395/7395 7396/7396
f 6675/6675 6674/6674 7395/7395
f 6674/6674 7396/7396 7395/7395
f 6678/6678 6675/6675 7393/7393
f 6675/6675 7395/7395 7393/7393
f 6672/6672 7396/7396 6682/6682
f 7396/7396 7397/7397 6682/6682
f 6683/6683 6678/6678 7394/7394
f 6678/6678 7393/7393 7394/7394
f 7132/7132 7397/7397 6674/6674
f 7397/7397 7396/7396 6674/6674
f 6735/6735 6733/6733 7187/7187
f 7187/7187 6733/6733 7190/7190
f 6737/6737 6735/6735 7186/7186
f 7186/7186 6735/6735 7187/7187
f 6760/6760 6770/6770 6759/6759
f 6759/6759 6770/6770 6777/6777
f 6758/6758 6757/6757 7398/7398
f 6757/6757 7399/7399 7398/7398
f 6762/6762 7398/7398 6761/6761
f 7398/7398 7399/7399 6761/6761
f 6762/6762 6763/6763 7398/7398
f 6763/6763 7400/7400 7398/7398
f 6760/6760 6765/6765 6770/6770
f 6770/6770 6765/6765 6771/6771
f 6764/6764 6758/6758 7400/7400
f 6758/6758 7398/7398 7400/7400
f 7121/7121 6737/6737 7193/7193
f 7193/7193 6737/6737 7186/7186
f 7121/7121 7193/7193 6777/6777
f 6777/6777 7193/7193 6759/6759
f 7183/7183 7184/7184 7401/7401
f 7184/7184 7402/7402 7401/7401
f 7184/7184 7185/7185 7402/7402
f 7185/7185 7403/7403 7402/7402
f 7188/7188 7189/7189 7403/7403
f 7189/7189 7402/7402 7403/7403
f 7189/7189 7191/7191 7402/7402
f 7191/7191 7401/7401 7402/7402
f 7192/7192 6761/6761 7404/7404
f 6761/6761 7399/7399 7404/7404
f 7194/7194 7404/7404 6757/6757
f 7404/7404 7399/7399 6757/6757
f 7188/7188 7403/7403 7194/7194
f 7403/7403 7404/7404 7194/7194
f 7185/7185 7192/7192 7403/7403
f 7192/7192 7404/7404 7403/7403
f 7035/7035 7405/7405 7037/7037
f 7405/7405 7406/7406 7037/7037
f 7039/7039 7109/7109 7038/7038
f 7109/7109 7107/7107 7038/7038
f 7040/7040 7038/7038 7103/7103
f 7038/7038 7107/7107 7103/7103
f 7042/7042 7407/7407 7035/7035
f 7407/7407 7405/7405 7035/7035
f 7044/7044 7040/7040 7101/7101
f 7040/7040 7103/7103 7101/7101
f 7044/7044 7101/7101 7045/7045
f 7101/7101 7097/7097 7045/7045
f 7047/7047 7048/7048 7408/7408
f 7048/7048 7409/7409 7408/7408
f 7047/7047 7408/7408 7042/7042
f 7408/7408 7407/7407 7042/7042
f 7052/7052 7050/7050 7093/7093
f 7050/7050 7094/7094 7093/7093
f 7054/7054 7053/7053 7410/7410
f 7053/7053 7411/7411 7410/7410
f 7048/7048 7054/7054 7409/7409
f 7054/7054 7410/7410 7409/7409
f 7045/7045 7097/7097 7050/7050
f 7097/7097 7094/7094 7050/7050
f 7057/7057 7058/7058 7409/7409
f 7058/7058 7408/7408 7409/7409
f 7063/7063 7407/7407 7058/7058
f 7407/7407 7408/7408 7058/7058
f 7081/7081 7406/7406 7082/7082
f 7406/7406 7405/7405 7082/7082
f 7082/7082 7405/7405 7063/7063
f 7405/7405 7407/7407 7063/7063
f 7089/7089 7410/7410 7088/7088
f 7410/7410 7411/7411 7088/7088
f 7089/7089 7057/7057 7410/7410
f 7057/7057 7409/7409 7410/7410
f 6963/6963 6954/6954 6965/6965
f 6954/6954 6961/6961 6965/6965
f 6967/6967 7412/7412 6966/6966
f 7412/7412 7413/7413 6966/6966
f 6968/6968 6966/6966 7414/7414
f 6966/6966 7413/7413 7414/7414
f 6970/6970 6956/6956 6963/6963
f 6956/6956 6954/6954 6963/6963
f 6975/6975 7414/7414 6976/6976
f 7414/7414 7413/7413 6976/6976
f 6977/6977 6976/6976 7412/7412
f 6976/6976 7413/7413 7412/7412
f 6991/6991 6990/6990 7415/7415
f 6990/6990 7416/7416 7415/7415
f 6992/6992 6991/6991 7417/7417
f 6991/6991 7415/7415 7417/7417
f 6990/6990 6999/6999 7416/7416
f 6999/6999 7418/7418 7416/7416
f 6977/6977 7412/7412 6999/6999
f 7412/7412 7418/7418 6999/6999
f 7000/7000 7002/7002 7012/7012
f 7002/7002 7011/7011 7012/7012
f 7004/7004 7000/7000 7019/7019
f 7000/7000 7012/7012 7019/7019
f 7007/7007 7417/7417 7006/7006
f 7417/7417 7415/7415 7006/7006
f 7006/7006 7415/7415 7008/7008
f 7415/7415 7416/7416 7008/7008
f 7024/7024 7418/7418 6967/6967
f 7418/7418 7412/7412 6967/6967
f 6965/6965 6961/6961 7025/7025
f 6961/6961 7021/7021 7025/7025
f 7025/7025 7021/7021 7002/7002
f 7021/7021 7011/7011 7002/7002
f 7008/7008 7416/7416 7024/7024
f 7416/7416 7418/7418 7024/7024
f 6485/6485 6512/6512 6476/6476
f 6693/6693 6782/6782 6694/6694
f 6476/6476 6512/6512 6821/6821
f 6686/6686 6700/6700 6822/6822
f 7419/7419 6641/6641 7420/7420
f 6641/6641 6640/6640 7420/7420
f 6640/6640 6591/6591 7420/7420
f 6591/6591 7421/7421 7420/7420
f 6655/6655 6654/6654 7422/7422
f 6654/6654 7423/7423 7422/7422
f 7423/7423 6654/6654 7419/7419
f 6654/6654 6641/6641 7419/7419
f 7421/7421 6585/6585 7420/7420
f 6585/6585 6636/6636 7420/7420
f 7420/7420 6636/6636 7419/7419
f 6636/6636 6638/6638 7419/7419
f 7419/7419 6638/6638 7423/7423
f 6638/6638 6646/6646 7423/7423
f 7423/7423 6646/6646 7422/7422
f 6646/6646 6658/6658 7422/7422
f 7424/7424 7129/7129 7397/7397
f 7129/7129 6682/6682 7397/7397
f 7397/7397 7132/7132 7424/7424
f 7132/7132 7133/7133 7424/7424
f 6591/6591 6589/6589 7421/7421
f 6589/6589 7425/7425 7421/7421
f 7425/7425 6584/6584 7421/7421
f 6584/6584 6585/6585 7421/7421
f 6844/6844 6843/6843 6831/6831
f 6843/6843 6834/6834 6831/6831
f 6830/6830 6845/6845 6831/6831
f 6845/6845 6844/6844 6831/6831
f 6908/6908 7266/7266 6830/6830
f 7266/7266 6845/6845 6830/6830
f 6843/6843 6881/6881 6834/6834
f 6881/6881 6905/6905 6834/6834
f 7426/7426 6837/6837 7427/7427
f 6837/6837 6839/6839 7427/7427
f 7428/7428 6841/6841 7426/7426
f 6841/6841 6837/6837 7426/7426
f 6850/6850 6851/6851 7426/7426
f 6851/6851 7428/7428 7426/7426
f 6852/6852 6850/6850 7427/7427
f 6850/6850 7426/7426 7427/7427
f 6839/6839 6879/6879 7427/7427
f 6879/6879 7429/7429 7427/7427
f 7429/7429 7265/7265 7427/7427
f 7265/7265 6852/6852 7427/7427
f 6851/6851 7263/7263 7428/7428
f 7263/7263 7430/7430 7428/7428
f 7430/7430 7267/7267 7428/7428
f 7267/7267 6841/6841 7428/7428
f 7431/7431 6718/6718 7432/7432
f 6718/6718 6720/6720 7432/7432
f 7433/7433 6725/6725 7431/7431
f 6725/6725 6718/6718 7431/7431
f 7432/7432 6720/6720 7434/7434
f 6720/6720 7251/7251 7434/7434
f 6746/6746 6725/6725 7435/7435
f 6725/6725 7433/7433 7435/7435
f 7432/7432 6714/6714 7431/7431
f 6714/6714 6716/6716 7431/7431
f 7431/7431 6716/6716 7433/7433
f 6716/6716 6723/6723 7433/7433
f 7434/7434 7249/7249 7432/7432
f 7249/7249 6714/6714 7432/7432
f 6723/6723 7253/7253 7433/7433
f 7253/7253 7435/7435 7433/7433
f 6706/6706 6717/6717 6711/6711
f 6711/6711 6717/6717 6715/6715
f 6708/6708 6722/6722 6706/6706
f 6706/6706 6722/6722 6717/6717
f 6722/6722 6708/6708 7252/7252
f 7252/7252 6708/6708 6745/6745
f 7247/7247 6711/6711 7250/7250
f 7250/7250 6711/6711 6715/6715
f 6796/6796 6795/6795 7436/7436
f 6795/6795 7437/7437 7436/7436
f 7438/7438 6797/6797 7436/7436
f 6797/6797 6796/6796 7436/7436
f 7439/7439 7260/7260 7438/7438
f 7260/7260 6797/6797 7438/7438
f 6795/6795 6801/6801 7437/7437
f 6801/6801 7440/7440 7437/7437
f 7436/7436 6812/6812 7438/7438
f 6812/6812 6814/6814 7438/7438
f 6819/6819 6812/6812 7437/7437
f 6812/6812 7436/7436 7437/7437
f 7084/7084 6819/6819 7440/7440
f 6819/6819 7437/7437 7440/7440
f 7438/7438 6814/6814 7439/7439
f 6814/6814 7262/7262 7439/7439
f 6802/6802 6792/6792 6788/6788
f 6792/6792 6791/6791 6788/6788
f 6788/6788 6791/6791 6790/6790
f 6791/6791 6799/6799 6790/6790
f 6799/6799 6811/6811 6790/6790
f 6811/6811 7257/7257 6790/6790
f 6804/6804 7259/7259 6802/6802
f 7259/7259 6792/6792 6802/6802
f 6499/6499 6498/6498 7441/7441
f 6498/6498 7442/7442 7441/7441
f 7443/7443 6502/6502 7441/7441
f 6502/6502 6499/6499 7441/7441
f 7444/7444 7273/7273 7443/7443
f 7273/7273 6502/6502 7443/7443
f 7441/7441 7026/7026 7443/7443
f 7026/7026 7028/7028 7443/7443
f 7030/7030 7026/7026 7442/7442
f 7026/7026 7441/7441 7442/7442
f 7443/7443 7028/7028 7444/7444
f 7028/7028 7269/7269 7444/7444
f 7032/7032 7030/7030 7445/7445
f 7030/7030 7442/7442 7445/7445
f 6498/6498 6506/6506 7442/7442
f 6506/6506 7445/7445 7442/7442
f 6497/6497 6496/6496 6501/6501
f 6496/6496 6500/6500 6501/6501
f 6504/6504 6497/6497 6503/6503
f 6497/6497 6501/6501 6503/6503
f 6492/6492 6504/6504 7242/7242
f 6504/6504 7272/7272 7242/7242
f 7239/7239 6496/6496 6510/6510
f 6496/6496 6487/6487 6510/6510
f 6817/6817 7075/7075 6816/6816
f 7166/7166 7162/7162 7446/7446
f 7162/7162 7168/7168 7446/7446
f 6846/6846 6857/6857 6847/6847
f 6855/6855 6846/6846 7447/7447
f 6846/6846 6859/6859 7447/7447
f 7066/7066 7067/7067 7080/7080
f 7067/7067 7079/7079 7080/7080
f 7061/7061 7066/7066 7083/7083
f 7066/7066 7080/7080 7083/7083
f 7069/7069 7068/7068 7090/7090
f 7068/7068 7060/7060 7090/7090
f 7068/7068 7071/7071 7064/7064
f 7071/7071 7065/7065 7064/7064
f 7182/7182 7195/7195 6751/6751
f 7195/7195 6750/6750 6751/6751
f 7195/7195 7200/7200 6750/6750
f 7200/7200 6753/6753 6750/6750
f 7180/7180 7181/7181 7196/7196
f 7181/7181 7197/7197 7196/7196
f 7197/7197 7198/7198 7196/7196
f 7198/7198 7199/7199 7196/7196
f 6866/6866 7207/7207 6867/6867
f 7207/7207 7205/7205 6867/6867
f 6867/6867 7205/7205 6868/6868
f 7205/7205 7215/7215 6868/6868
f 7206/7206 7211/7211 7204/7204
f 7211/7211 7209/7209 7204/7204
f 7204/7204 7209/7209 7214/7214
f 7209/7209 7213/7213 7214/7214
f 7090/7090 7060/7060 7055/7055
f 7060/7060 7056/7056 7055/7055
f 7062/7062 7056/7056 7083/7083
f 7056/7056 7061/7061 7083/7083
f 7175/7175 7181/7181 7176/7176
f 7181/7181 7178/7178 7176/7176
f 7178/7178 7182/7182 6749/6749
f 7182/7182 6751/6751 6749/6749
f 7210/7210 7211/7211 7220/7220
f 7211/7211 7222/7222 7220/7220
f 7222/7222 7207/7207 6865/6865
f 7207/7207 6866/6866 6865/6865
f 6608/6608 6611/6611 6600/6600
f 6611/6611 7448/7448 6600/6600
f 7449/7449 7225/7225 7229/7229
f 7225/7225 7227/7227 7229/7229
f 7233/7233 7231/7231 7228/7228
f 7231/7231 7227/7227 7228/7228
f 7448/7448 6603/6603 6600/6600
f 6603/6603 6598/6598 6600/6600
f 7230/7230 6630/6630 7229/7229
f 6630/6630 6628/6628 7229/7229
f 7229/7229 6628/6628 7449/7449
f 6628/6628 6635/6635 7449/7449
f 6630/6630 7275/7275 6629/6629
f 7275/7275 7237/7237 6629/6629
f 6592/6592 6605/6605 6596/6596
f 6605/6605 6604/6604 6596/6596
f 6629/6629 6632/6632 6627/6627
f 6632/6632 6631/6631 6627/6627
f 6627/6627 6631/6631 6634/6634
f 6631/6631 6633/6633 6634/6634
f 7232/7232 7231/7231 7233/7233
f 6632/6632 7237/7237 6624/6624
f 6676/6676 7275/7275 7232/7232
f 6599/6599 6598/6598 6606/6606
f 6606/6606 6598/6598 6601/6601
f 6606/6606 6605/6605 6594/6594
f 6605/6605 6592/6592 6594/6594
f 6599/6599 6608/6608 6600/6600
f 6519/6519 6404/6404 6518/6518
f 5159/5159 5509/5509 5160/5160
f 5237/5237 5234/5234 5247/5247
f 5246/5246 5252/5252 5247/5247
f 5258/5258 5257/5257 5256/5256
f 5258/5258 5234/5234 5237/5237
f 5268/5268 5766/5766 5269/5269
f 5269/5269 5254/5254 5256/5256
f 5292/5292 5158/5158 5160/5160
f 5295/5295 5293/5293 5292/5292
f 5295/5295 5331/5331 5330/5330
f 5503/5503 5501/5501 5506/5506
f 5508/5508 5165/5165 5503/5503
f 5159/5159 5163/5163 5508/5508
f 5506/5506 5500/5500 5751/5751
f 5760/5760 5755/5755 5759/5759
f 5760/5760 5758/5758 7450/7450
f 5767/5767 5744/5744 7450/7450
f 5767/5767 5765/5765 5268/5268
f 5236/5236 5242/5242 5237/5237
f 5237/5237 5247/5247 5238/5238
f 5255/5255 5258/5258 5256/5256
f 5259/5259 5258/5258 5237/5237
f 5767/5767 5268/5268 5264/5264
f 5765/5765 5766/5766 5268/5268
f 5268/5268 5269/5269 5261/5261
f 5766/5766 5254/5254 5269/5269
f 5767/5767 7450/7450 5763/5763
f 5744/5744 5745/5745 7450/7450
f 5760/5760 7450/7450 5745/5745
f 5758/5758 5763/5763 7450/7450
f 5758/5758 5760/5760 5759/5759
f 5505/5505 5506/5506 5751/5751
f 5503/5503 5506/5506 5504/5504
f 5503/5503 5165/5165 5501/5501
f 5507/5507 5508/5508 5503/5503
f 5597/5597 5290/5290 5160/5160
f 5509/5509 5597/5597 5160/5160
f 5291/5291 5292/5292 5160/5160
f 5294/5294 5295/5295 5292/5292
f 5229/5229 5295/5295 5330/5330
f 5246/5246 5253/5253 5252/5252
f 5247/5247 5252/5252 5238/5238
f 5234/5234 5231/5231 5247/5247
f 6347/6347 6693/6693 6348/6348
f 6434/6434 6422/6422 6426/6426
f 6434/6434 6440/6440 6435/6435
f 6443/6443 6449/6449 7451/7451
f 6426/6426 6422/6422 7451/7451
f 6443/6443 6442/6442 6455/6455
f 6347/6347 6346/6346 6478/6478
f 6478/6478 6480/6480 7452/7452
f 6515/6515 7244/7244 7452/7452
f 6690/6690 6685/6685 6688/6688
f 6688/6688 6353/6353 6692/6692
f 6692/6692 6351/6351 6348/6348
f 6935/6935 6684/6684 6690/6690
f 6942/6942 6939/6939 6944/6944
f 7453/7453 6943/6943 6944/6944
f 7453/7453 6928/6928 6951/6951
f 7454/7454 6949/6949 6951/6951
f 6688/6688 6692/6692 6691/6691
f 6353/6353 6351/6351 6692/6692
f 6347/6347 6476/6476 6781/6781
f 6347/6347 6781/6781 6693/6693
f 6347/6347 6478/6478 6477/6477
f 6346/6346 6480/6480 6478/6478
f 6478/6478 7452/7452 6479/6479
f 6480/6480 6417/6417 7452/7452
f 6515/6515 7452/7452 6417/6417
f 7244/7244 6479/6479 7452/7452
f 6418/6418 6420/6420 6434/6434
f 6440/6440 6441/6441 6435/6435
f 6426/6426 6430/6430 6424/6424
f 6425/6425 6434/6434 6426/6426
f 6426/6426 7451/7451 6445/6445
f 6422/6422 6444/6444 7451/7451
f 6443/6443 7451/7451 6444/6444
f 6449/6449 6445/6445 7451/7451
f 6451/6451 7454/7454 6951/6951
f 7454/7454 6950/6950 6949/6949
f 6947/6947 7453/7453 6951/6951
f 7453/7453 6929/6929 6928/6928
f 6929/6929 7453/7453 6944/6944
f 7453/7453 6947/6947 6943/6943
f 6942/6942 6944/6944 6943/6943
f 6939/6939 6938/6938 6944/6944
f 6935/6935 6690/6690 6689/6689
f 6684/6684 6685/6685 6690/6690
f 6687/6687 6690/6690 6688/6688
f 6685/6685 6353/6353 6688/6688
f 6425/6425 6440/6440 6434/6434
f 6434/6434 6420/6420 6422/6422
f 6442/6442 6950/6950 6455/6455
f 6455/6455 7454/7454 6448/6448
f 6950/6950 7454/7454 6455/6455
f 7454/7454 6451/6451 6448/6448

g Object_duke_head_d.jpg

usemtl mat_2-duke_head_d.jpg

f 7455/7455 7456/7456 7457/7457
f 7455/7455 7457/7457 7458/7458
f 7455/7455 7458/7458 7459/7459
f 7455/7455 7459/7459 7460/7460
f 7455/7455 7460/7460 7461/7461
f 7455/7455 7461/7461 7462/7462
f 7455/7455 7462/7462 7463/7463
f 7455/7455 7463/7463 7456/7456
f 7464/7464 7457/7457 7465/7465
f 7465/7465 7457/7457 7456/7456
f 7457/7457 7464/7464 7466/7466
f 7467/7467 7458/7458 7466/7466
f 7466/7466 7458/7458 7457/7457
f 7458/7458 7467/7467 7468/7468
f 7469/7469 7459/7459 7468/7468
f 7468/7468 7459/7459 7458/7458
f 7459/7459 7469/7469 7470/7470
f 7471/7471 7460/7460 7470/7470
f 7470/7470 7460/7460 7459/7459
f 7460/7460 7471/7471 7472/7472
f 7473/7473 7461/7461 7472/7472
f 7472/7472 7461/7461 7460/7460
f 7461/7461 7473/7473 7474/7474
f 7475/7475 7462/7462 7474/7474
f 7474/7474 7462/7462 7461/7461
f 7462/7462 7475/7475 7476/7476
f 7477/7477 7463/7463 7476/7476
f 7476/7476 7463/7463 7462/7462
f 7463/7463 7477/7477 7478/7478
f 7479/7479 7456/7456 7478/7478
f 7478/7478 7456/7456 7463/7463
f 7456/7456 7479/7479 7465/7465
f 7480/7480 7464/7464 7481/7481
f 7481/7481 7464/7464 7465/7465
f 7482/7482 7466/7466 7480/7480
f 7480/7480 7466/7466 7464/7464
f 7483/7483 7467/7467 7482/7482
f 7482/7482 7467/7467 7466/7466
f 7484/7484 7468/7468 7483/7483
f 7483/7483 7468/7468 7467/7467
f 7485/7485 7469/7469 7484/7484
f 7484/7484 7469/7469 7468/7468
f 7486/7486 7470/7470 7485/7485
f 7485/7485 7470/7470 7469/7469
f 7487/7487 7471/7471 7486/7486
f 7486/7486 7471/7471 7470/7470
f 7488/7488 7472/7472 7487/7487
f 7487/7487 7472/7472 7471/7471
f 7489/7489 7473/7473 7488/7488
f 7488/7488 7473/7473 7472/7472
f 7490/7490 7474/7474 7489/7489
f 7489/7489 7474/7474 7473/7473
f 7491/7491 7475/7475 7490/7490
f 7490/7490 7475/7475 7474/7474
f 7492/7492 7476/7476 7491/7491
f 7491/7491 7476/7476 7475/7475
f 7493/7493 7477/7477 7492/7492
f 7492/7492 7477/7477 7476/7476
f 7494/7494 7478/7478 7493/7493
f 7493/7493 7478/7478 7477/7477
f 7495/7495 7479/7479 7494/7494
f 7494/7494 7479/7479 7478/7478
f 7481/7481 7465/7465 7495/7495
f 7495/7495 7465/7465 7479/7479
f 7496/7496 7480/7480 7497/7497
f 7497/7497 7480/7480 7481/7481
f 7498/7498 7482/7482 7496/7496
f 7496/7496 7482/7482 7480/7480
f 7499/7499 7483/7483 7498/7498
f 7498/7498 7483/7483 7482/7482
f 7500/7500 7484/7484 7499/7499
f 7499/7499 7484/7484 7483/7483
f 7501/7501 7485/7485 7500/7500
f 7500/7500 7485/7485 7484/7484
f 7502/7502 7486/7486 7501/7501
f 7501/7501 7486/7486 7485/7485
f 7503/7503 7487/7487 7502/7502
f 7502/7502 7487/7487 7486/7486
f 7504/7504 7488/7488 7503/7503
f 7503/7503 7488/7488 7487/7487
f 7505/7505 7489/7489 7504/7504
f 7504/7504 7489/7489 7488/7488
f 7506/7506 7490/7490 7505/7505
f 7505/7505 7490/7490 7489/7489
f 7507/7507 7491/7491 7506/7506
f 7506/7506 7491/7491 7490/7490
f 7508/7508 7492/7492 7507/7507
f 7507/7507 7492/7492 7491/7491
f 7509/7509 7493/7493 7508/7508
f 7508/7508 7493/7493 7492/7492
f 7510/7510 7494/7494 7509/7509
f 7509/7509 7494/7494 7493/7493
f 7511/7511 7495/7495 7510/7510
f 7510/7510 7495/7495 7494/7494
f 7497/7497 7481/7481 7511/7511
f 7511/7511 7481/7481 7495/7495
f 7512/7512 7513/7513 7514/7514
f 7515/7515 7512/7512 7514/7514
f 7516/7516 7515/7515 7514/7514
f 7517/7517 7516/7516 7514/7514
f 7518/7518 7517/7517 7514/7514
f 7519/7519 7518/7518 7514/7514
f 7520/7520 7519/7519 7514/7514
f 7513/7513 7520/7520 7514/7514
f 7521/7521 7513/7513 7522/7522
f 7522/7522 7513/7513 7512/7512
f 7523/7523 7522/7522 7512/7512
f 7523/7523 7512/7512 7524/7524
f 7524/7524 7512/7512 7515/7515
f 7525/7525 7524/7524 7515/7515
f 7525/7525 7515/7515 7526/7526
f 7526/7526 7515/7515 7516/7516
f 7527/7527 7526/7526 7516/7516
f 7527/7527 7516/7516 7528/7528
f 7528/7528 7516/7516 7517/7517
f 7529/7529 7528/7528 7517/7517
f 7529/7529 7517/7517 7530/7530
f 7530/7530 7517/7517 7518/7518
f 7531/7531 7530/7530 7518/7518
f 7531/7531 7518/7518 7532/7532
f 7532/7532 7518/7518 7519/7519
f 7533/7533 7532/7532 7519/7519
f 7533/7533 7519/7519 7534/7534
f 7534/7534 7519/7519 7520/7520
f 7535/7535 7534/7534 7520/7520
f 7535/7535 7520/7520 7536/7536
f 7536/7536 7520/7520 7513/7513
f 7521/7521 7536/7536 7513/7513
f 7537/7537 7521/7521 7538/7538
f 7538/7538 7521/7521 7522/7522
f 7538/7538 7522/7522 7539/7539
f 7539/7539 7522/7522 7523/7523
f 7539/7539 7523/7523 7540/7540
f 7540/7540 7523/7523 7524/7524
f 7540/7540 7524/7524 7541/7541
f 7541/7541 7524/7524 7525/7525
f 7541/7541 7525/7525 7542/7542
f 7542/7542 7525/7525 7526/7526
f 7542/7542 7526/7526 7543/7543
f 7543/7543 7526/7526 7527/7527
f 7543/7543 7527/7527 7544/7544
f 7544/7544 7527/7527 7528/7528
f 7544/7544 7528/7528 7545/7545
f 7545/7545 7528/7528 7529/7529
f 7545/7545 7529/7529 7546/7546
f 7546/7546 7529/7529 7530/7530
f 7546/7546 7530/7530 7547/7547
f 7547/7547 7530/7530 7531/7531
f 7547/7547 7531/7531 7548/7548
f 7548/7548 7531/7531 7532/7532
f 7548/7548 7532/7532 7549/7549
f 7549/7549 7532/7532 7533/7533
f 7549/7549 7533/7533 7550/7550
f 7550/7550 7533/7533 7534/7534
f 7550/7550 7534/7534 7551/7551
f 7551/7551 7534/7534 7535/7535
f 7551/7551 7535/7535 7552/7552
f 7552/7552 7535/7535 7536/7536
f 7552/7552 7536/7536 7537/7537
f 7537/7537 7536/7536 7521/7521
f 7553/7553 7537/7537 7554/7554
f 7554/7554 7537/7537 7538/7538
f 7554/7554 7538/7538 7555/7555
f 7555/7555 7538/7538 7539/7539
f 7555/7555 7539/7539 7556/7556
f 7556/7556 7539/7539 7540/7540
f 7556/7556 7540/7540 7557/7557
f 7557/7557 7540/7540 7541/7541
f 7557/7557 7541/7541 7558/7558
f 7558/7558 7541/7541 7542/7542
f 7558/7558 7542/7542 7559/7559
f 7559/7559 7542/7542 7543/7543
f 7559/7559 7543/7543 7560/7560
f 7560/7560 7543/7543 7544/7544
f 7560/7560 7544/7544 7561/7561
f 7561/7561 7544/7544 7545/7545
f 7561/7561 7545/7545 7562/7562
f 7562/7562 7545/7545 7546/7546
f 7562/7562 7546/7546 7563/7563
f 7563/7563 7546/7546 7547/7547
f 7563/7563 7547/7547 7564/7564
f 7564/7564 7547/7547 7548/7548
f 7564/7564 7548/7548 7565/7565
f 7565/7565 7548/7548 7549/7549
f 7565/7565 7549/7549 7566/7566
f 7566/7566 7549/7549 7550/7550
f 7566/7566 7550/7550 7567/7567
f 7567/7567 7550/7550 7551/7551
f 7567/7567 7551/7551 7568/7568
f 7568/7568 7551/7551 7552/7552
f 7568/7568 7552/7552 7553/7553
f 7553/7553 7552/7552 7537/7537
f 7569/7569 7570/7570 7571/7571
f 7570/7570 7572/7572 7571/7571
f 7573/7573 7570/7570 7574/7574
f 7570/7570 7569/7569 7574/7574
f 7575/7575 7576/7576 7577/7577
f 7576/7576 7578/7578 7577/7577
f 7579/7579 7580/7580 7581/7581
f 7582/7582 7578/7578 7583/7583
f 7578/7578 7576/7576 7583/7583
f 7584/7584 7585/7585 7586/7586
f 7587/7587 7588/7588 7589/7589
f 7588/7588 7590/7590 7589/7589
f 7591/7591 7592/7592 7593/7593
f 7592/7592 7594/7594 7593/7593
f 7589/7589 7595/7595 7587/7587
f 7595/7595 7596/7596 7587/7587
f 7592/7592 7597/7597 7594/7594
f 7579/7579 7581/7581 7584/7584
f 7581/7581 7585/7585 7584/7584
f 7583/7583 7590/7590 7582/7582
f 7590/7590 7588/7588 7582/7582
f 7572/7572 7575/7575 7571/7571
f 7575/7575 7577/7577 7571/7571
f 7598/7598 7581/7581 7599/7599
f 7581/7581 7580/7580 7599/7599
f 7600/7600 7586/7586 7593/7593
f 7586/7586 7585/7585 7593/7593
f 7594/7594 7600/7600 7593/7593
f 7601/7601 7602/7602 7603/7603
f 7602/7602 7604/7604 7603/7603
f 7603/7603 7605/7605 7601/7601
f 7605/7605 7591/7591 7601/7601
f 7592/7592 7591/7591 7605/7605
f 7606/7606 7607/7607 7608/7608
f 7609/7609 7606/7606 7610/7610
f 7606/7606 7608/7608 7610/7610
f 7595/7595 7609/7609 7596/7596
f 7609/7609 7610/7610 7596/7596
f 7607/7607 7606/7606 7611/7611
f 7606/7606 7612/7612 7611/7611
f 7606/7606 7609/7609 7612/7612
f 7609/7609 7613/7613 7612/7612
f 7592/7592 7605/7605 7597/7597
f 7605/7605 7614/7614 7597/7597
f 7615/7615 7569/7569 7571/7571
f 7616/7616 7617/7617 7578/7578
f 7617/7617 7577/7577 7578/7578
f 7616/7616 7578/7578 7582/7582
f 7618/7618 7588/7588 7587/7587
f 7618/7618 7616/7616 7588/7588
f 7616/7616 7582/7582 7588/7588
f 7619/7619 7618/7618 7596/7596
f 7618/7618 7587/7587 7596/7596
f 7617/7617 7615/7615 7577/7577
f 7615/7615 7571/7571 7577/7577
f 7574/7574 7569/7569 7620/7620
f 7569/7569 7615/7615 7620/7620
f 7619/7619 7608/7608 7621/7621
f 7608/7608 7607/7607 7621/7621
f 7619/7619 7596/7596 7610/7610
f 7619/7619 7610/7610 7608/7608
f 7622/7622 7623/7623 7624/7624
f 7623/7623 7625/7625 7624/7624
f 7622/7622 7624/7624 7574/7574
f 7624/7624 7573/7573 7574/7574
f 7626/7626 7627/7627 7628/7628
f 7627/7627 7629/7629 7628/7628
f 7630/7630 7631/7631 7632/7632
f 7627/7627 7626/7626 7633/7633
f 7626/7626 7634/7634 7633/7633
f 7635/7635 7636/7636 7637/7637
f 7638/7638 7639/7639 7640/7640
f 7639/7639 7641/7641 7640/7640
f 7642/7642 7643/7643 7644/7644
f 7643/7643 7645/7645 7644/7644
f 7639/7639 7638/7638 7646/7646
f 7638/7638 7647/7647 7646/7646
f 7645/7645 7648/7648 7644/7644
f 7631/7631 7636/7636 7632/7632
f 7636/7636 7635/7635 7632/7632
f 7640/7640 7641/7641 7634/7634
f 7641/7641 7633/7633 7634/7634
f 7628/7628 7629/7629 7623/7623
f 7629/7629 7625/7625 7623/7623
f 7630/7630 7632/7632 7649/7649
f 7632/7632 7598/7598 7649/7649
f 7635/7635 7637/7637 7643/7643
f 7637/7637 7650/7650 7643/7643
f 7650/7650 7645/7645 7643/7643
f 7651/7651 7652/7652 7653/7653
f 7652/7652 7654/7654 7653/7653
f 7652/7652 7651/7651 7655/7655
f 7651/7651 7642/7642 7655/7655
f 7642/7642 7644/7644 7655/7655
f 7656/7656 7657/7657 7658/7658
f 7657/7657 7659/7659 7658/7658
f 7659/7659 7660/7660 7658/7658
f 7660/7660 7659/7659 7647/7647
f 7659/7659 7646/7646 7647/7647
f 7661/7661 7657/7657 7662/7662
f 7657/7657 7656/7656 7662/7662
f 7663/7663 7659/7659 7661/7661
f 7659/7659 7657/7657 7661/7661
f 7664/7664 7655/7655 7648/7648
f 7655/7655 7644/7644 7648/7648
f 7622/7622 7665/7665 7623/7623
f 7628/7628 7666/7666 7626/7626
f 7666/7666 7667/7667 7626/7626
f 7626/7626 7667/7667 7634/7634
f 7640/7640 7668/7668 7638/7638
f 7634/7634 7667/7667 7640/7640
f 7667/7667 7668/7668 7640/7640
f 7638/7638 7668/7668 7647/7647
f 7668/7668 7669/7669 7647/7647
f 7623/7623 7665/7665 7628/7628
f 7665/7665 7666/7666 7628/7628
f 7574/7574 7620/7620 7622/7622
f 7620/7620 7665/7665 7622/7622
f 7669/7669 7670/7670 7658/7658
f 7670/7670 7656/7656 7658/7658
f 7647/7647 7669/7669 7660/7660
f 7660/7660 7669/7669 7658/7658
f 7671/7671 7672/7672 7673/7673
f 7673/7673 7672/7672 7674/7674
f 7675/7675 7676/7676 7677/7677
f 7677/7677 7676/7676 7678/7678
f 7679/7679 7680/7680 7681/7681
f 7682/7682 7677/7677 7683/7683
f 7683/7683 7677/7677 7678/7678
f 7684/7684 7685/7685 7686/7686
f 7687/7687 7688/7688 7689/7689
f 7689/7689 7688/7688 7690/7690
f 7691/7691 7692/7692 7693/7693
f 7693/7693 7692/7692 7694/7694
f 7695/7695 7689/7689 7696/7696
f 7696/7696 7689/7689 7690/7690
f 7687/7687 7682/7682 7688/7688
f 7688/7688 7682/7682 7683/7683
f 7675/7675 7673/7673 7676/7676
f 7676/7676 7673/7673 7674/7674
f 7697/7697 7672/7672 7698/7698
f 7698/7698 7672/7672 7671/7671
f 7699/7699 7681/7681 7700/7700
f 7700/7700 7681/7681 7680/7680
f 7700/7700 7701/7701 7699/7699
f 7702/7702 7685/7685 7692/7692
f 7692/7692 7685/7685 7684/7684
f 7702/7702 7692/7692 7691/7691
f 7703/7703 7704/7704 7705/7705
f 7705/7705 7704/7704 7706/7706
f 7703/7703 7705/7705 7707/7707
f 7707/7707 7708/7708 7703/7703
f 7703/7703 7708/7708 7694/7694
f 7694/7694 7708/7708 7693/7693
f 7709/7709 7710/7710 7711/7711
f 7712/7712 7709/7709 7711/7711
f 7712/7712 7711/7711 7713/7713
f 7713/7713 7711/7711 7714/7714
f 7713/7713 7714/7714 7696/7696
f 7696/7696 7714/7714 7695/7695
f 7715/7715 7716/7716 7709/7709
f 7709/7709 7716/7716 7710/7710
f 7717/7717 7715/7715 7712/7712
f 7712/7712 7715/7715 7709/7709
f 7713/7713 7717/7717 7712/7712
f 7718/7718 7719/7719 7673/7673
f 7673/7673 7719/7719 7671/7671
f 7675/7675 7677/7677 7718/7718
f 7718/7718 7677/7677 7720/7720
f 7677/7677 7682/7682 7720/7720
f 7720/7720 7687/7687 7721/7721
f 7721/7721 7687/7687 7689/7689
f 7689/7689 7695/7695 7721/7721
f 7721/7721 7695/7695 7722/7722
f 7673/7673 7675/7675 7718/7718
f 7698/7698 7671/7671 7723/7723
f 7723/7723 7671/7671 7719/7719
f 7722/7722 7711/7711 7724/7724
f 7724/7724 7711/7711 7710/7710
f 7695/7695 7714/7714 7722/7722
f 7682/7682 7687/7687 7720/7720
f 7714/7714 7711/7711 7722/7722
f 7725/7725 7726/7726 7727/7727
f 7727/7727 7726/7726 7728/7728
f 7729/7729 7730/7730 7731/7731
f 7731/7731 7730/7730 7732/7732
f 7733/7733 7734/7734 7735/7735
f 7735/7735 7734/7734 7736/7736
f 7732/7732 7737/7737 7731/7731
f 7738/7738 7739/7739 7734/7734
f 7734/7734 7739/7739 7736/7736
f 7729/7729 7740/7740 7730/7730
f 7741/7741 7742/7742 7743/7743
f 7743/7743 7742/7742 7744/7744
f 7745/7745 7746/7746 7747/7747
f 7747/7747 7746/7746 7748/7748
f 7741/7741 7743/7743 7749/7749
f 7749/7749 7743/7743 7750/7750
f 7744/7744 7742/7742 7738/7738
f 7738/7738 7742/7742 7739/7739
f 7728/7728 7726/7726 7735/7735
f 7735/7735 7726/7726 7733/7733
f 7725/7725 7727/7727 7698/7698
f 7698/7698 7727/7727 7697/7697
f 7737/7737 7732/7732 7751/7751
f 7751/7751 7732/7732 7699/7699
f 7699/7699 7701/7701 7751/7751
f 7730/7730 7740/7740 7747/7747
f 7747/7747 7740/7740 7752/7752
f 7745/7745 7747/7747 7752/7752
f 7753/7753 7754/7754 7755/7755
f 7755/7755 7754/7754 7756/7756
f 7757/7757 7755/7755 7756/7756
f 7757/7757 7756/7756 7758/7758
f 7758/7758 7756/7756 7748/7748
f 7746/7746 7758/7758 7748/7748
f 7759/7759 7760/7760 7761/7761
f 7759/7759 7761/7761 7762/7762
f 7762/7762 7763/7763 7759/7759
f 7759/7759 7763/7763 7764/7764
f 7763/7763 7749/7749 7764/7764
f 7764/7764 7749/7749 7750/7750
f 7760/7760 7765/7765 7761/7761
f 7761/7761 7765/7765 7766/7766
f 7761/7761 7766/7766 7762/7762
f 7762/7762 7766/7766 7767/7767
f 7762/7762 7767/7767 7763/7763
f 7725/7725 7768/7768 7726/7726
f 7726/7726 7768/7768 7769/7769
f 7770/7770 7734/7734 7769/7769
f 7769/7769 7734/7734 7733/7733
f 7770/7770 7738/7738 7734/7734
f 7743/7743 7744/7744 7771/7771
f 7771/7771 7744/7744 7770/7770
f 7772/7772 7750/7750 7771/7771
f 7771/7771 7750/7750 7743/7743
f 7769/7769 7733/7733 7726/7726
f 7768/7768 7725/7725 7723/7723
f 7723/7723 7725/7725 7698/7698
f 7772/7772 7773/7773 7759/7759
f 7759/7759 7773/7773 7760/7760
f 7772/7772 7764/7764 7750/7750
f 7770/7770 7744/7744 7738/7738
f 7772/7772 7759/7759 7764/7764
f 7774/7774 7775/7775 7776/7776
f 7775/7775 7777/7777 7776/7776
f 7776/7776 7778/7778 7774/7774
f 7778/7778 7779/7779 7774/7774
f 7780/7780 7781/7781 7782/7782
f 7781/7781 7783/7783 7782/7782
f 7784/7784 7775/7775 7785/7785
f 7775/7775 7774/7774 7785/7785
f 7785/7785 7774/7774 7786/7786
f 7774/7774 7779/7779 7786/7786
f 7787/7787 7788/7788 7782/7782
f 7788/7788 7780/7780 7782/7782
f 7789/7789 7790/7790 7791/7791
f 7790/7790 7792/7792 7791/7791
f 7792/7792 7790/7790 7793/7793
f 7790/7790 7794/7794 7793/7793
f 7795/7795 7796/7796 7797/7797
f 7798/7798 7796/7796 7799/7799
f 7796/7796 7795/7795 7799/7799
f 7797/7797 7796/7796 7800/7800
f 7796/7796 7801/7801 7800/7800
f 7801/7801 7796/7796 7802/7802
f 7796/7796 7798/7798 7802/7802
f 7803/7803 7798/7798 7804/7804
f 7798/7798 7799/7799 7804/7804
f 7803/7803 7804/7804 7805/7805
f 7804/7804 7806/7806 7805/7805
f 7798/7798 7803/7803 7802/7802
f 7803/7803 7807/7807 7802/7802
f 7807/7807 7803/7803 7808/7808
f 7803/7803 7805/7805 7808/7808
f 7805/7805 7806/7806 7809/7809
f 7806/7806 7810/7810 7809/7809
f 7789/7789 7809/7809 7810/7810
f 7805/7805 7809/7809 7808/7808
f 7809/7809 7811/7811 7808/7808
f 7811/7811 7809/7809 7812/7812
f 7809/7809 7789/7789 7812/7812
f 7779/7779 7778/7778 7780/7780
f 7778/7778 7781/7781 7780/7780
f 7779/7779 7780/7780 7786/7786
f 7780/7780 7788/7788 7786/7786
f 7791/7791 7792/7792 7813/7813
f 7792/7792 7814/7814 7813/7813
f 7793/7793 7815/7815 7792/7792
f 7815/7815 7816/7816 7792/7792
f 7783/7783 7800/7800 7782/7782
f 7800/7800 7801/7801 7782/7782
f 7802/7802 7787/7787 7801/7801
f 7787/7787 7782/7782 7801/7801
f 7802/7802 7807/7807 7787/7787
f 7807/7807 7788/7788 7787/7787
f 7807/7807 7786/7786 7788/7788
f 7808/7808 7784/7784 7807/7807
f 7784/7784 7785/7785 7807/7807
f 7808/7808 7811/7811 7784/7784
f 7811/7811 7775/7775 7784/7784
f 7811/7811 7812/7812 7775/7775
f 7812/7812 7777/7777 7775/7775
f 7807/7807 7785/7785 7786/7786
f 7817/7817 7814/7814 7792/7792
f 7816/7816 7817/7817 7792/7792
f 7789/7789 7818/7818 7790/7790
f 7818/7818 7819/7819 7790/7790
f 7819/7819 7820/7820 7790/7790
f 7820/7820 7794/7794 7790/7790
f 7821/7821 7822/7822 7797/7797
f 7822/7822 7795/7795 7797/7797
f 7822/7822 7823/7823 7795/7795
f 7823/7823 7799/7799 7795/7795
f 7799/7799 7823/7823 7804/7804
f 7823/7823 7824/7824 7804/7804
f 7824/7824 7825/7825 7804/7804
f 7825/7825 7806/7806 7804/7804
f 7806/7806 7825/7825 7810/7810
f 7825/7825 7826/7826 7810/7810
f 7810/7810 7826/7826 7789/7789
f 7826/7826 7818/7818 7789/7789
f 7827/7827 7819/7819 7818/7818
f 7828/7828 7820/7820 7819/7819
f 7829/7829 7822/7822 7821/7821
f 7829/7829 7830/7830 7822/7822
f 7830/7830 7823/7823 7822/7822
f 7823/7823 7830/7830 7824/7824
f 7830/7830 7831/7831 7824/7824
f 7831/7831 7832/7832 7824/7824
f 7832/7832 7825/7825 7824/7824
f 7825/7825 7832/7832 7826/7826
f 7832/7832 7827/7827 7826/7826
f 7827/7827 7818/7818 7826/7826
f 7833/7833 7649/7649 7598/7598
f 7599/7599 7833/7833 7598/7598
f 7686/7686 7679/7679 7684/7684
f 7684/7684 7679/7679 7681/7681
f 7834/7834 7835/7835 7836/7836
f 7837/7837 7838/7838 7839/7839
f 7840/7840 7841/7841 7842/7842
f 7843/7843 7844/7844 7845/7845
f 7846/7846 7847/7847 7848/7848
f 7844/7844 7849/7849 7850/7850
f 7849/7849 7851/7851 7852/7852
f 7853/7853 7854/7854 7855/7855
f 7856/7856 7857/7857 7858/7858
f 7859/7859 7855/7855 7860/7860
f 7861/7861 7862/7862 7863/7863
f 7863/7863 7864/7864 7865/7865
f 7866/7866 7865/7865 7864/7864
f 7867/7867 7868/7868 7869/7869
f 7870/7870 7871/7871 7872/7872
f 7871/7871 7870/7870 7873/7873
f 7874/7874 7875/7875 7876/7876
f 7877/7877 7878/7878 7879/7879
f 7880/7880 7881/7881 7882/7882
f 7883/7883 7884/7884 7885/7885
f 7884/7884 7883/7883 7886/7886
f 7887/7887 7888/7888 7889/7889
f 7890/7890 7883/7883 7891/7891
f 7892/7892 7893/7893 7894/7894
f 7895/7895 7848/7848 7896/7896
f 7897/7897 7898/7898 7899/7899
f 7900/7900 7901/7901 7902/7902
f 7903/7903 7904/7904 7901/7901
f 7905/7905 7899/7899 7906/7906
f 7907/7907 7908/7908 7909/7909
f 7910/7910 7911/7911 7912/7912
f 7913/7913 7911/7911 7914/7914
f 7915/7915 7911/7911 7910/7910
f 7916/7916 7904/7904 7903/7903
f 7904/7904 7916/7916 7917/7917
f 7918/7918 7919/7919 7903/7903
f 7916/7916 7903/7903 7919/7919
f 7920/7920 7918/7918 7900/7900
f 7919/7919 7918/7918 7921/7921
f 7918/7918 7920/7920 7921/7921
f 7900/7900 7922/7922 7920/7920
f 7923/7923 7924/7924 7925/7925
f 7926/7926 7927/7927 7928/7928
f 7929/7929 7930/7930 7927/7927
f 7927/7927 7930/7930 7928/7928
f 7931/7931 7930/7930 7929/7929
f 7932/7932 7930/7930 7931/7931
f 7933/7933 7934/7934 7932/7932
f 7932/7932 7935/7935 7930/7930
f 7935/7935 7932/7932 7934/7934
f 7919/7919 7935/7935 7936/7936
f 7921/7921 7935/7935 7919/7919
f 7930/7930 7935/7935 7921/7921
f 7917/7917 7916/7916 7936/7936
f 7937/7937 7938/7938 7939/7939
f 7940/7940 7941/7941 7942/7942
f 7928/7928 7930/7930 7943/7943
f 7943/7943 7930/7930 7944/7944
f 7921/7921 7944/7944 7930/7930
f 7944/7944 7921/7921 7920/7920
f 7945/7945 7946/7946 7915/7915
f 7947/7947 7948/7948 7949/7949
f 7950/7950 7948/7948 7951/7951
f 7949/7949 7948/7948 7950/7950
f 7952/7952 7953/7953 7954/7954
f 7954/7954 7955/7955 7956/7956
f 7956/7956 7955/7955 7957/7957
f 7958/7958 7959/7959 7960/7960
f 7961/7961 7962/7962 7963/7963
f 7964/7964 7965/7965 7966/7966
f 7848/7848 7895/7895 7846/7846
f 7967/7967 7841/7841 7968/7968
f 7968/7968 7840/7840 7969/7969
f 7970/7970 7971/7971 7965/7965
f 7972/7972 7973/7973 7974/7974
f 7974/7974 7973/7973 7975/7975
f 7975/7975 7973/7973 7976/7976
f 7976/7976 7977/7977 7978/7978
f 7955/7955 7954/7954 7953/7953
f 7979/7979 7980/7980 7836/7836
f 7836/7836 7980/7980 7834/7834
f 7981/7981 7839/7839 7982/7982
f 7982/7982 7839/7839 7838/7838
f 7983/7983 7984/7984 7982/7982
f 7982/7982 7984/7984 7981/7981
f 7982/7982 7838/7838 7985/7985
f 7985/7985 7838/7838 7969/7969
f 7986/7986 7838/7838 7987/7987
f 7987/7987 7838/7838 7837/7837
f 7968/7968 7969/7969 7986/7986
f 7986/7986 7969/7969 7838/7838
f 7988/7988 7989/7989 7987/7987
f 7990/7990 7991/7991 7992/7992
f 7992/7992 7991/7991 7847/7847
f 7993/7993 7840/7840 7994/7994
f 7994/7994 7840/7840 7842/7842
f 7995/7995 7996/7996 7997/7997
f 7997/7997 7996/7996 7998/7998
f 7996/7996 7995/7995 7999/7999
f 7999/7999 7995/7995 7895/7895
f 7848/7848 7991/7991 7843/7843
f 7845/7845 8000/8000 7843/7843
f 7843/7843 8000/8000 7848/7848
f 7843/7843 7991/7991 7844/7844
f 7844/7844 7991/7991 8001/8001
f 8002/8002 8001/8001 7990/7990
f 7990/7990 8001/8001 7991/7991
f 7980/7980 7979/7979 8003/8003
f 8003/8003 7979/7979 8004/8004
f 8003/8003 8004/8004 8002/8002
f 8002/8002 8004/8004 8001/8001
f 8004/8004 7849/7849 8001/8001
f 8001/8001 7849/7849 7844/7844
f 8004/8004 7979/7979 7849/7849
f 7849/7849 7979/7979 7851/7851
f 7850/7850 7849/7849 8005/8005
f 8005/8005 7849/7849 7852/7852
f 8006/8006 7851/7851 7836/7836
f 7836/7836 7851/7851 7979/7979
f 7853/7853 7852/7852 8007/8007
f 8007/8007 7852/7852 7851/7851
f 7856/7856 8007/8007 8006/8006
f 8006/8006 8007/8007 7851/7851
f 7856/7856 7858/7858 8007/8007
f 8007/8007 7858/7858 8008/8008
f 7836/7836 7835/7835 8006/8006
f 8006/8006 7835/7835 8009/8009
f 8005/8005 7852/7852 7859/7859
f 7859/7859 7852/7852 7853/7853
f 8010/8010 8005/8005 7862/7862
f 7862/7862 8005/8005 7859/7859
f 8011/8011 7862/7862 7861/7861
f 8012/8012 7861/7861 7865/7865
f 7865/7865 7861/7861 7863/7863
f 7861/7861 8013/8013 8011/8011
f 7864/7864 8014/8014 7866/7866
f 7866/7866 8014/8014 8015/8015
f 7865/7865 7866/7866 8016/8016
f 8016/8016 7866/7866 8017/8017
f 8018/8018 8017/8017 8019/8019
f 7865/7865 8016/8016 8012/8012
f 8012/8012 8016/8016 8020/8020
f 8013/8013 8012/8012 8021/8021
f 8022/8022 8018/8018 8019/8019
f 8018/8018 8022/8022 8023/8023
f 8018/8018 8023/8023 8024/8024
f 8024/8024 8023/8023 8025/8025
f 8026/8026 8017/8017 8024/8024
f 8024/8024 8017/8017 8018/8018
f 8026/8026 8027/8027 8017/8017
f 8017/8017 8027/8027 8016/8016
f 8027/8027 8028/8028 8016/8016
f 8016/8016 8028/8028 8020/8020
f 8029/8029 8030/8030 8031/8031
f 8031/8031 8030/8030 8013/8013
f 8011/8011 8032/8032 8033/8033
f 8034/8034 8032/8032 8030/8030
f 8030/8030 8032/8032 8013/8013
f 8033/8033 8010/8010 8011/8011
f 8005/8005 8010/8010 7850/7850
f 7850/7850 8010/8010 8035/8035
f 7845/7845 7844/7844 8035/8035
f 8035/8035 7844/7844 7850/7850
f 8000/8000 7845/7845 8033/8033
f 8033/8033 7845/7845 8035/8035
f 8033/8033 8032/8032 8000/8000
f 8000/8000 8032/8032 8036/8036
f 8032/8032 8034/8034 8036/8036
f 8036/8036 8034/8034 8037/8037
f 8030/8030 7874/7874 8034/8034
f 8034/8034 7874/7874 7965/7965
f 8029/8029 7875/7875 8030/8030
f 8030/8030 7875/7875 7874/7874
f 8034/8034 7964/7964 8037/8037
f 8038/8038 8029/8029 8039/8039
f 8039/8039 8029/8029 8031/8031
f 8029/8029 8038/8038 8040/8040
f 8040/8040 8038/8038 8041/8041
f 8042/8042 7875/7875 8040/8040
f 8040/8040 7875/7875 8029/8029
f 8043/8043 8044/8044 7871/7871
f 7871/7871 8044/8044 7872/7872
f 8024/8024 8025/8025 8045/8045
f 8045/8045 8025/8025 8043/8043
f 8046/8046 8026/8026 8045/8045
f 8045/8045 8026/8026 8024/8024
f 8046/8046 8047/8047 8026/8026
f 8026/8026 8047/8047 8027/8027
f 7871/7871 8048/8048 8043/8043
f 8043/8043 8048/8048 8045/8045
f 8048/8048 8049/8049 8045/8045
f 8045/8045 8049/8049 8046/8046
f 7873/7873 8050/8050 7871/7871
f 7871/7871 8050/8050 8048/8048
f 8051/8051 8052/8052 7870/7870
f 7870/7870 8052/8052 7873/7873
f 8052/8052 8053/8053 7873/7873
f 7873/7873 8053/8053 8050/8050
f 8049/8049 8054/8054 8046/8046
f 8046/8046 8054/8054 8047/8047
f 8050/8050 8055/8055 8048/8048
f 8048/8048 8055/8055 8049/8049
f 8050/8050 8053/8053 8055/8055
f 8055/8055 8053/8053 7894/7894
f 8047/8047 8056/8056 8027/8027
f 8027/8027 8056/8056 8028/8028
f 8054/8054 8049/8049 8057/8057
f 8057/8057 8049/8049 8055/8055
f 8057/8057 8058/8058 8054/8054
f 8054/8054 8058/8058 8059/8059
f 7894/7894 7893/7893 8055/8055
f 8055/8055 7893/7893 8057/8057
f 8057/8057 7893/7893 8058/8058
f 8058/8058 7893/7893 8060/8060
f 8061/8061 8062/8062 8056/8056
f 8056/8056 8062/8062 8028/8028
f 8039/8039 8063/8063 8038/8038
f 8038/8038 8063/8063 8041/8041
f 8042/8042 8040/8040 8064/8064
f 8064/8064 8040/8040 8041/8041
f 8064/8064 8041/8041 7901/7901
f 7901/7901 8041/8041 7902/7902
f 8065/8065 8064/8064 7904/7904
f 7904/7904 8064/8064 7901/7901
f 8066/8066 8042/8042 8065/8065
f 8065/8065 8042/8042 8064/8064
f 7876/7876 7875/7875 8066/8066
f 8066/8066 7875/7875 8042/8042
f 7876/7876 7970/7970 7874/7874
f 7874/7874 7970/7970 7965/7965
f 7913/7913 8041/8041 8067/8067
f 8067/8067 8041/8041 8063/8063
f 8067/8067 8063/8063 8068/8068
f 8068/8068 8063/8063 8062/8062
f 8069/8069 8061/8061 8070/8070
f 8070/8070 8061/8061 8056/8056
f 8071/8071 8072/8072 8069/8069
f 8069/8069 8072/8072 8061/8061
f 8073/8073 8074/8074 8072/8072
f 8072/8072 8074/8074 8061/8061
f 8068/8068 8062/8062 8074/8074
f 8074/8074 8062/8062 8061/8061
f 8070/8070 8075/8075 8069/8069
f 8069/8069 8075/8075 8076/8076
f 8059/8059 8077/8077 8070/8070
f 8070/8070 8077/8077 8075/8075
f 8078/8078 8071/8071 8076/8076
f 8076/8076 8071/8071 8069/8069
f 7879/7879 8079/8079 8071/8071
f 8071/8071 8079/8079 8072/8072
f 7877/7877 7879/7879 8078/8078
f 8078/8078 7879/7879 8071/8071
f 8080/8080 8073/8073 8079/8079
f 8079/8079 8073/8073 8072/8072
f 7879/7879 7878/7878 8079/8079
f 8079/8079 7878/7878 8081/8081
f 8080/8080 8079/8079 8082/8082
f 8082/8082 8079/8079 8081/8081
f 7878/7878 8083/8083 8081/8081
f 8081/8081 8083/8083 8084/8084
f 8083/8083 7878/7878 8085/8085
f 8085/8085 7878/7878 7877/7877
f 8086/8086 7898/7898 8084/8084
f 8084/8084 7898/7898 8081/8081
f 7897/7897 8082/8082 7898/7898
f 7898/7898 8082/8082 8081/8081
f 8085/8085 7877/7877 8087/8087
f 8087/8087 7877/7877 8088/8088
f 8089/8089 8083/8083 8090/8090
f 8090/8090 8083/8083 8085/8085
f 8087/8087 8091/8091 8085/8085
f 8085/8085 8091/8091 8090/8090
f 8089/8089 8092/8092 8083/8083
f 8083/8083 8092/8092 8084/8084
f 8093/8093 8088/8088 8078/8078
f 8078/8078 8088/8088 7877/7877
f 7880/7880 8087/8087 7881/7881
f 7881/7881 8087/8087 8088/8088
f 8094/8094 7881/7881 8093/8093
f 8093/8093 7881/7881 8088/8088
f 8095/8095 8091/8091 7880/7880
f 7880/7880 8091/8091 8087/8087
f 8096/8096 8094/8094 8097/8097
f 8097/8097 8094/8094 8093/8093
f 8093/8093 8078/8078 8097/8097
f 8097/8097 8078/8078 8076/8076
f 8097/8097 8076/8076 8098/8098
f 8098/8098 8076/8076 8075/8075
f 8096/8096 8097/8097 8099/8099
f 8099/8099 8097/8097 8098/8098
f 8090/8090 8091/8091 8100/8100
f 8100/8100 8091/8091 8101/8101
f 8095/8095 7890/7890 8091/8091
f 8091/8091 7890/7890 8101/8101
f 8089/8089 8090/8090 8102/8102
f 8102/8102 8090/8090 8100/8100
f 8089/8089 8102/8102 8092/8092
f 8092/8092 8102/8102 8103/8103
f 8092/8092 8103/8103 8084/8084
f 8084/8084 8103/8103 8086/8086
f 7880/7880 7882/7882 8095/8095
f 8095/8095 7882/7882 8104/8104
f 7881/7881 7886/7886 7882/7882
f 8096/8096 8105/8105 8094/8094
f 8094/8094 8105/8105 7886/7886
f 8106/8106 8105/8105 8099/8099
f 8099/8099 8105/8105 8096/8096
f 7887/7887 7884/7884 8105/8105
f 8105/8105 7884/7884 7886/7886
f 8105/8105 8106/8106 7887/7887
f 7887/7887 8106/8106 7888/7888
f 8106/8106 8107/8107 7888/7888
f 7888/7888 8107/8107 8108/8108
f 8107/8107 8106/8106 8109/8109
f 8109/8109 8106/8106 8099/8099
f 8110/8110 8111/8111 8109/8109
f 8109/8109 8111/8111 8107/8107
f 8098/8098 8112/8112 8099/8099
f 8099/8099 8112/8112 8109/8109
f 8113/8113 8110/8110 8112/8112
f 8112/8112 8110/8110 8109/8109
f 8098/8098 8075/8075 8112/8112
f 8112/8112 8075/8075 8077/8077
f 8114/8114 8113/8113 8077/8077
f 8077/8077 8113/8113 8112/8112
f 8114/8114 8077/8077 8058/8058
f 8058/8058 8077/8077 8059/8059
f 8115/8115 7892/7892 8053/8053
f 8053/8053 7892/7892 7894/7894
f 8115/8115 8053/8053 8116/8116
f 8116/8116 8053/8053 8052/8052
f 8051/8051 8117/8117 8118/8118
f 8118/8118 8117/8117 8119/8119
f 8116/8116 8052/8052 8118/8118
f 8118/8118 8052/8052 8051/8051
f 8120/8120 8121/8121 8110/8110
f 8110/8110 8121/8121 8111/8111
f 8122/8122 8120/8120 8113/8113
f 8113/8113 8120/8120 8110/8110
f 8123/8123 8122/8122 8114/8114
f 8114/8114 8122/8122 8113/8113
f 8123/8123 8114/8114 8060/8060
f 8060/8060 8114/8114 8058/8058
f 8124/8124 8125/8125 8101/8101
f 8101/8101 8125/8125 8100/8100
f 8102/8102 8100/8100 8126/8126
f 8126/8126 8100/8100 8125/8125
f 7890/7890 7891/7891 8101/8101
f 8101/8101 7891/7891 8124/8124
f 7883/7883 7890/7890 8104/8104
f 8104/8104 7890/7890 8095/8095
f 8127/8127 8126/8126 8128/8128
f 8128/8128 8126/8126 8129/8129
f 8103/8103 8102/8102 8127/8127
f 8127/8127 8102/8102 8126/8126
f 8103/8103 8127/8127 8086/8086
f 8086/8086 8127/8127 8130/8130
f 8130/8130 8127/8127 8131/8131
f 8131/8131 8127/8127 8128/8128
f 7896/7896 7848/7848 8036/8036
f 8036/8036 7848/7848 8000/8000
f 8132/8132 7896/7896 8037/8037
f 8037/8037 7896/7896 8036/8036
f 7999/7999 8133/8133 7996/7996
f 7996/7996 8133/8133 8134/8134
f 7999/7999 8132/8132 8133/8133
f 8133/8133 8132/8132 8135/8135
f 7998/7998 7996/7996 8136/8136
f 8136/8136 7996/7996 8134/8134
f 8135/8135 8132/8132 7964/7964
f 7964/7964 8132/8132 8037/8037
f 8137/8137 8138/8138 8130/8130
f 8130/8130 8138/8138 8086/8086
f 8138/8138 8137/8137 8139/8139
f 8139/8139 8137/8137 8140/8140
f 7899/7899 7898/7898 8138/8138
f 8138/8138 7898/7898 8086/8086
f 8138/8138 8139/8139 7899/7899
f 7899/7899 8139/8139 7906/7906
f 8141/8141 8142/8142 7897/7897
f 7897/7897 8142/8142 8082/8082
f 7905/7905 8141/8141 7899/7899
f 7899/7899 8141/8141 7897/7897
f 8080/8080 8082/8082 8143/8143
f 8143/8143 8082/8082 8142/8142
f 8143/8143 8144/8144 8080/8080
f 8080/8080 8144/8144 8073/8073
f 8068/8068 8074/8074 8145/8145
f 8145/8145 8074/8074 8073/8073
f 8144/8144 8146/8146 8073/8073
f 8073/8073 8146/8146 8145/8145
f 8067/8067 8068/8068 8147/8147
f 8147/8147 8068/8068 8145/8145
f 8146/8146 8148/8148 8145/8145
f 8145/8145 8148/8148 8147/8147
f 8149/8149 8150/8150 8141/8141
f 8141/8141 8150/8150 8142/8142
f 8149/8149 8141/8141 7907/7907
f 7907/7907 8141/8141 7905/7905
f 8151/8151 8149/8149 7909/7909
f 7909/7909 8149/8149 7907/7907
f 8152/8152 8150/8150 8151/8151
f 8151/8151 8150/8150 8149/8149
f 8139/8139 8140/8140 8153/8153
f 8153/8153 8140/8140 8154/8154
f 8153/8153 8155/8155 8139/8139
f 8139/8139 8155/8155 7906/7906
f 7905/7905 7906/7906 7907/7907
f 7907/7907 7906/7906 7908/7908
f 7906/7906 8155/8155 7908/7908
f 7908/7908 8155/8155 8156/8156
f 7909/7909 7908/7908 8157/8157
f 8157/8157 7908/7908 8156/8156
f 8158/8158 8155/8155 8159/8159
f 8159/8159 8155/8155 8153/8153
f 8160/8160 8156/8156 8158/8158
f 8158/8158 8156/8156 8155/8155
f 8161/8161 8159/8159 8154/8154
f 8154/8154 8159/8159 8153/8153
f 8158/8158 8159/8159 8162/8162
f 8162/8162 8159/8159 8163/8163
f 8163/8163 8159/8159 8164/8164
f 8164/8164 8159/8159 8161/8161
f 8165/8165 8160/8160 8162/8162
f 8162/8162 8160/8160 8158/8158
f 8166/8166 8157/8157 8160/8160
f 8160/8160 8157/8157 8156/8156
f 8167/8167 8166/8166 8165/8165
f 8165/8165 8166/8166 8160/8160
f 8168/8168 8169/8169 8157/8157
f 8157/8157 8169/8169 7909/7909
f 8170/8170 8151/8151 8169/8169
f 8169/8169 8151/8151 7909/7909
f 8166/8166 8171/8171 8157/8157
f 8157/8157 8171/8171 8168/8168
f 8172/8172 8171/8171 8167/8167
f 8167/8167 8171/8171 8166/8166
f 8173/8173 8152/8152 8170/8170
f 8170/8170 8152/8152 8151/8151
f 8174/8174 8175/8175 8152/8152
f 8152/8152 8175/8175 8150/8150
f 8150/8150 8175/8175 8142/8142
f 8142/8142 8175/8175 8143/8143
f 8173/8173 8176/8176 8152/8152
f 8152/8152 8176/8176 8174/8174
f 8177/8177 8178/8178 8175/8175
f 8175/8175 8178/8178 8143/8143
f 8179/8179 8177/8177 8174/8174
f 8174/8174 8177/8177 8175/8175
f 8177/8177 8180/8180 8178/8178
f 8178/8178 8180/8180 8181/8181
f 8179/8179 8182/8182 8177/8177
f 8177/8177 8182/8182 8180/8180
f 8146/8146 8144/8144 8178/8178
f 8178/8178 8144/8144 8143/8143
f 8178/8178 8181/8181 8146/8146
f 8146/8146 8181/8181 8148/8148
f 8180/8180 8183/8183 8181/8181
f 8181/8181 8183/8183 8184/8184
f 8182/8182 8185/8185 8180/8180
f 8180/8180 8185/8185 8183/8183
f 8181/8181 8184/8184 8148/8148
f 8148/8148 8184/8184 7912/7912
f 8148/8148 7912/7912 8147/8147
f 8147/8147 7912/7912 7911/7911
f 7911/7911 7915/7915 7914/7914
f 7914/7914 7915/7915 8186/8186
f 7910/7910 7912/7912 8187/8187
f 8187/8187 7912/7912 8184/8184
f 8188/8188 8189/8189 8183/8183
f 8183/8183 8189/8189 8184/8184
f 8189/8189 8190/8190 8184/8184
f 8184/8184 8190/8190 8187/8187
f 8041/8041 7913/7913 7902/7902
f 7902/7902 7914/7914 7924/7924
f 7924/7924 7914/7914 8186/8186
f 8191/8191 8188/8188 8185/8185
f 8185/8185 8188/8188 8183/8183
f 8192/8192 8193/8193 8182/8182
f 8182/8182 8193/8193 8185/8185
f 8194/8194 8191/8191 8193/8193
f 8193/8193 8191/8191 8185/8185
f 8182/8182 8179/8179 8192/8192
f 8192/8192 8179/8179 8195/8195
f 8176/8176 8195/8195 8174/8174
f 8174/8174 8195/8195 8179/8179
f 8167/8167 8165/8165 8196/8196
f 8196/8196 8165/8165 8197/8197
f 8198/8198 8172/8172 8196/8196
f 8196/8196 8172/8172 8167/8167
f 8197/8197 8165/8165 8199/8199
f 8199/8199 8165/8165 8162/8162
f 8197/8197 8200/8200 8196/8196
f 8196/8196 8200/8200 8201/8201
f 8200/8200 8197/8197 8202/8202
f 8202/8202 8197/8197 8199/8199
f 8203/8203 8198/8198 8201/8201
f 8201/8201 8198/8198 8196/8196
f 8191/8191 8201/8201 8188/8188
f 8188/8188 8201/8201 8200/8200
f 8194/8194 8203/8203 8191/8191
f 8191/8191 8203/8203 8201/8201
f 8188/8188 8200/8200 8189/8189
f 8189/8189 8200/8200 8202/8202
f 8202/8202 8204/8204 8189/8189
f 8189/8189 8204/8204 8190/8190
f 8202/8202 8199/8199 8204/8204
f 8204/8204 8199/8199 8205/8205
f 8199/8199 8162/8162 8205/8205
f 8205/8205 8162/8162 8163/8163
f 8206/8206 8066/8066 8207/8207
f 8207/8207 8066/8066 8065/8065
f 8066/8066 8206/8206 7876/7876
f 7876/7876 8206/8206 7970/7970
f 7904/7904 7917/7917 8065/8065
f 8065/8065 7917/7917 8207/8207
f 7923/7923 7900/7900 7924/7924
f 7924/7924 7900/7900 7902/7902
f 8208/8208 7922/7922 7923/7923
f 7923/7923 7922/7922 7900/7900
f 7922/7922 8208/8208 7926/7926
f 7926/7926 8208/8208 8209/8209
f 7943/7943 7922/7922 7928/7928
f 7928/7928 7922/7922 7926/7926
f 8210/8210 8208/8208 7925/7925
f 7925/7925 8208/8208 7923/7923
f 8211/8211 8209/8209 8210/8210
f 8210/8210 8209/8209 8208/8208
f 7926/7926 8209/8209 7927/7927
f 7927/7927 8209/8209 8212/8212
f 7929/7929 7927/7927 8213/8213
f 8213/8213 7927/7927 8212/8212
f 8209/8209 8211/8211 8212/8212
f 8212/8212 8211/8211 7940/7940
f 8212/8212 7940/7940 8213/8213
f 8213/8213 7940/7940 7942/7942
f 7931/7931 7929/7929 8214/8214
f 8214/8214 7929/7929 8213/8213
f 8215/8215 8214/8214 7942/7942
f 7942/7942 8214/8214 8213/8213
f 7932/7932 7931/7931 7933/7933
f 7933/7933 7931/7931 8214/8214
f 8214/8214 8215/8215 7933/7933
f 7933/7933 8215/8215 8216/8216
f 7933/7933 8216/8216 7934/7934
f 7934/7934 8216/8216 7938/7938
f 7936/7936 7935/7935 8217/8217
f 8217/8217 7935/7935 7934/7934
f 7934/7934 7938/7938 8217/8217
f 8217/8217 7938/7938 7937/7937
f 7936/7936 8217/8217 7917/7917
f 7917/7917 8218/8218 8207/8207
f 8219/8219 8207/8207 8218/8218
f 8207/8207 8219/8219 8206/8206
f 8220/8220 7941/7941 8211/8211
f 8211/8211 7941/7941 7940/7940
f 8211/8211 8210/8210 8220/8220
f 8220/8220 8210/8210 7925/7925
f 8205/8205 8163/8163 8221/8221
f 8221/8221 8163/8163 8164/8164
f 8221/8221 8222/8222 8205/8205
f 8205/8205 8222/8222 8204/8204
f 8204/8204 8222/8222 8190/8190
f 8190/8190 8222/8222 8223/8223
f 8187/8187 8190/8190 7945/7945
f 7945/7945 8190/8190 8223/8223
f 8186/8186 7915/7915 8224/8224
f 8224/8224 7915/7915 7946/7946
f 8224/8224 8225/8225 8186/8186
f 8186/8186 8225/8225 7924/7924
f 7924/7924 8225/8225 7925/7925
f 7925/7925 8225/8225 8226/8226
f 8223/8223 8227/8227 7945/7945
f 7945/7945 8227/8227 7946/7946
f 8222/8222 8228/8228 8223/8223
f 8223/8223 8228/8228 8227/8227
f 8221/8221 8229/8229 8222/8222
f 8222/8222 8229/8229 8228/8228
f 8164/8164 8230/8230 8221/8221
f 8221/8221 8230/8230 8229/8229
f 8230/8230 8164/8164 8231/8231
f 8231/8231 8164/8164 8161/8161
f 8154/8154 8232/8232 8161/8161
f 8161/8161 8232/8232 8231/8231
f 8232/8232 8233/8233 8231/8231
f 8231/8231 8233/8233 8234/8234
f 8235/8235 8230/8230 8234/8234
f 8234/8234 8230/8230 8231/8231
f 8236/8236 8229/8229 8235/8235
f 8235/8235 8229/8229 8230/8230
f 8236/8236 8228/8228 8229/8229
f 8236/8236 8237/8237 8228/8228
f 8228/8228 8237/8237 8227/8227
f 8237/8237 8238/8238 8227/8227
f 8227/8227 8238/8238 7946/7946
f 8238/8238 8239/8239 7946/7946
f 7946/7946 8239/8239 8224/8224
f 8239/8239 8240/8240 8224/8224
f 8224/8224 8240/8240 8225/8225
f 8239/8239 8238/8238 7949/7949
f 7949/7949 8238/8238 7947/7947
f 8239/8239 7949/7949 8240/8240
f 8240/8240 7949/7949 7950/7950
f 8241/8241 7947/7947 8237/8237
f 8237/8237 7947/7947 8238/8238
f 8241/8241 8237/8237 8242/8242
f 8242/8242 8237/8237 8236/8236
f 8235/8235 8243/8243 8236/8236
f 8236/8236 8243/8243 8242/8242
f 8234/8234 8244/8244 8235/8235
f 8235/8235 8244/8244 8243/8243
f 8244/8244 8234/8234 8245/8245
f 8245/8245 8234/8234 8233/8233
f 8246/8246 8243/8243 8247/8247
f 8247/8247 8243/8243 8244/8244
f 8248/8248 8242/8242 8246/8246
f 8246/8246 8242/8242 8243/8243
f 8242/8242 8248/8248 8241/8241
f 8241/8241 8248/8248 8249/8249
f 8241/8241 8249/8249 7947/7947
f 7947/7947 8249/8249 7948/7948
f 8226/8226 8225/8225 8250/8250
f 8250/8250 8225/8225 8240/8240
f 8251/8251 8250/8250 7950/7950
f 7950/7950 8250/8250 8240/8240
f 7958/7958 7948/7948 7957/7957
f 7957/7957 7948/7948 8249/8249
f 7957/7957 8249/8249 7956/7956
f 7956/7956 8249/8249 8248/8248
f 7956/7956 8248/8248 7954/7954
f 7954/7954 8248/8248 8246/8246
f 8246/8246 8247/8247 7954/7954
f 7954/7954 8247/8247 7952/7952
f 7952/7952 8247/8247 8252/8252
f 8252/8252 8247/8247 8253/8253
f 7950/7950 7951/7951 8251/8251
f 8251/8251 7951/7951 8254/8254
f 7948/7948 7958/7958 7951/7951
f 7951/7951 7958/7958 7960/7960
f 7961/7961 8254/8254 7960/7960
f 7960/7960 8254/8254 7951/7951
f 7925/7925 8226/8226 8220/8220
f 8220/8220 8226/8226 8255/8255
f 8255/8255 8226/8226 8256/8256
f 8256/8256 8226/8226 8250/8250
f 8257/8257 8256/8256 8251/8251
f 8251/8251 8256/8256 8250/8250
f 8257/8257 8251/8251 8258/8258
f 8258/8258 8251/8251 8254/8254
f 7963/7963 8258/8258 7961/7961
f 7961/7961 8258/8258 8254/8254
f 7957/7957 7955/7955 7958/7958
f 7958/7958 7955/7955 7959/7959
f 7960/7960 7959/7959 7961/7961
f 7961/7961 7959/7959 7962/7962
f 8256/8256 8259/8259 8255/8255
f 8255/8255 8259/8259 8260/8260
f 8257/8257 8261/8261 8256/8256
f 8256/8256 8261/8261 8259/8259
f 8220/8220 8255/8255 7941/7941
f 7941/7941 8255/8255 8260/8260
f 8262/8262 7941/7941 8263/8263
f 8263/8263 7941/7941 8260/8260
f 8263/8263 8260/8260 8264/8264
f 8264/8264 8260/8260 8265/8265
f 8266/8266 8265/8265 8259/8259
f 8259/8259 8265/8265 8260/8260
f 8134/8134 8267/8267 8136/8136
f 8136/8136 8267/8267 8268/8268
f 8267/8267 8134/8134 8269/8269
f 8269/8269 8134/8134 8133/8133
f 8135/8135 8264/8264 8133/8133
f 8133/8133 8264/8264 8269/8269
f 7964/7964 8263/8263 8135/8135
f 8135/8135 8263/8263 8264/8264
f 8262/8262 8263/8263 7966/7966
f 7966/7966 8263/8263 7964/7964
f 7985/7985 7969/7969 7993/7993
f 7993/7993 7969/7969 7840/7840
f 7938/7938 7966/7966 7939/7939
f 7939/7939 7966/7966 7965/7965
f 8262/8262 7966/7966 8216/8216
f 8216/8216 7966/7966 7938/7938
f 8264/8264 8265/8265 8269/8269
f 8269/8269 8265/8265 8270/8270
f 8271/8271 8267/8267 8270/8270
f 8270/8270 8267/8267 8269/8269
f 8267/8267 8271/8271 8268/8268
f 8268/8268 8271/8271 8272/8272
f 8273/8273 8270/8270 8266/8266
f 8266/8266 8270/8270 8265/8265
f 8274/8274 8266/8266 8261/8261
f 8261/8261 8266/8266 8259/8259
f 8275/8275 8273/8273 8274/8274
f 8274/8274 8273/8273 8266/8266
f 8271/8271 8270/8270 8276/8276
f 8276/8276 8270/8270 8273/8273
f 8273/8273 8275/8275 8276/8276
f 8276/8276 8275/8275 8277/8277
f 8278/8278 8272/8272 8276/8276
f 8276/8276 8272/8272 8271/8271
f 8279/8279 8280/8280 8278/8278
f 8278/8278 8280/8280 8272/8272
f 8278/8278 8281/8281 8279/8279
f 8279/8279 8281/8281 8282/8282
f 8281/8281 8278/8278 8277/8277
f 8277/8277 8278/8278 8276/8276
f 8275/8275 8283/8283 8277/8277
f 8277/8277 8283/8283 8284/8284
f 8277/8277 8284/8284 8281/8281
f 8281/8281 8284/8284 8285/8285
f 7975/7975 8284/8284 7974/7974
f 7974/7974 8284/8284 8283/8283
f 7976/7976 8285/8285 7975/7975
f 7975/7975 8285/8285 8284/8284
f 8275/8275 8274/8274 8283/8283
f 8283/8283 8274/8274 8286/8286
f 7974/7974 8283/8283 7972/7972
f 7972/7972 8283/8283 8286/8286
f 8287/8287 8286/8286 8261/8261
f 8261/8261 8286/8286 8274/8274
f 8286/8286 8287/8287 7972/7972
f 7972/7972 8287/8287 8288/8288
f 8258/8258 8287/8287 8257/8257
f 8257/8257 8287/8287 8261/8261
f 8288/8288 8287/8287 7963/7963
f 7963/7963 8287/8287 8258/8258
f 8288/8288 7963/7963 8289/8289
f 8289/8289 7963/7963 7962/7962
f 7972/7972 8288/8288 7973/7973
f 7973/7973 8288/8288 8289/8289
f 8289/8289 8290/8290 7973/7973
f 7973/7973 8290/8290 8291/8291
f 7962/7962 7959/7959 8292/8292
f 8292/8292 7959/7959 8293/8293
f 7919/7919 7936/7936 7916/7916
f 7840/7840 7968/7968 7841/7841
f 7968/7968 7986/7986 7967/7967
f 7967/7967 7986/7986 7989/7989
f 8006/8006 8009/8009 7856/7856
f 8294/8294 7857/7857 8009/8009
f 8009/8009 7857/7857 7856/7856
f 7883/7883 8104/8104 7886/7886
f 7886/7886 8104/8104 7882/7882
f 8132/8132 7999/7999 7896/7896
f 7896/7896 7999/7999 7895/7895
f 7903/7903 7901/7901 7918/7918
f 7918/7918 7901/7901 7900/7900
f 7911/7911 7913/7913 8147/8147
f 8147/8147 7913/7913 8067/8067
f 7944/7944 7920/7920 7943/7943
f 7943/7943 7920/7920 7922/7922
f 7970/7970 8206/8206 7971/7971
f 8187/8187 7945/7945 7910/7910
f 7910/7910 7945/7945 7915/7915
f 8047/8047 8059/8059 8056/8056
f 8056/8056 8059/8059 8070/8070
f 8059/8059 8047/8047 8054/8054
f 8262/8262 8215/8215 7941/7941
f 7941/7941 8215/8215 7942/7942
f 8216/8216 8215/8215 8262/8262
f 8062/8062 8063/8063 8028/8028
f 8028/8028 8063/8063 8039/8039
f 8021/8021 8020/8020 8028/8028
f 7993/7993 8295/8295 7985/7985
f 7985/7985 8295/8295 8296/8296
f 8297/8297 8295/8295 7994/7994
f 7994/7994 8295/8295 7993/7993
f 8169/8169 8168/8168 8298/8298
f 8170/8170 8169/8169 8298/8298
f 8168/8168 8171/8171 8298/8298
f 8171/8171 8172/8172 8298/8298
f 8173/8173 8170/8170 8298/8298
f 8176/8176 8173/8173 8298/8298
f 8193/8193 8192/8192 8298/8298
f 8194/8194 8193/8193 8298/8298
f 8192/8192 8195/8195 8298/8298
f 8195/8195 8176/8176 8298/8298
f 8172/8172 8198/8198 8298/8298
f 8198/8198 8203/8203 8298/8298
f 8203/8203 8194/8194 8298/8298
f 7913/7913 7914/7914 7902/7902
f 7893/7893 7892/7892 8299/8299
f 8299/8299 7892/7892 8300/8300
f 7893/7893 8299/8299 8301/8301
f 8301/8301 8299/8299 8302/8302
f 8300/8300 7892/7892 8303/8303
f 8303/8303 7892/7892 8115/8115
f 8116/8116 8304/8304 8115/8115
f 8115/8115 8304/8304 8303/8303
f 8119/8119 8305/8305 8118/8118
f 8118/8118 8305/8305 8306/8306
f 8118/8118 8306/8306 8116/8116
f 8116/8116 8306/8306 8304/8304
f 8121/8121 8120/8120 8307/8307
f 8307/8307 8120/8120 8308/8308
f 8120/8120 8122/8122 8308/8308
f 8308/8308 8122/8122 8309/8309
f 8122/8122 8123/8123 8309/8309
f 8309/8309 8123/8123 8310/8310
f 8060/8060 8311/8311 8123/8123
f 8123/8123 8311/8311 8310/8310
f 8312/8312 8313/8313 8314/8314
f 8314/8314 8313/8313 8315/8315
f 8316/8316 8314/8314 8317/8317
f 8317/8317 8314/8314 8315/8315
f 8318/8318 8319/8319 8312/8312
f 8312/8312 8319/8319 8313/8313
f 8318/8318 8320/8320 8319/8319
f 8321/8321 8322/8322 8323/8323
f 8319/8319 8320/8320 8323/8323
f 8320/8320 8321/8321 8323/8323
f 8324/8324 8325/8325 8326/8326
f 8325/8325 8327/8327 8326/8326
f 8328/8328 8326/8326 8327/8327
f 8326/8326 8329/8329 8324/8324
f 8330/8330 8331/8331 8329/8329
f 8329/8329 8331/8331 8324/8324
f 8332/8332 8333/8333 8330/8330
f 8330/8330 8333/8333 8331/8331
f 8313/8313 8334/8334 8315/8315
f 8315/8315 8334/8334 8335/8335
f 8317/8317 8315/8315 8335/8335
f 8319/8319 8336/8336 8313/8313
f 8313/8313 8336/8336 8334/8334
f 8323/8323 8337/8337 8319/8319
f 8319/8319 8337/8337 8336/8336
f 8324/8324 8331/8331 8338/8338
f 8338/8338 8331/8331 8339/8339
f 8331/8331 8333/8333 8339/8339
f 8339/8339 8333/8333 8335/8335
f 8335/8335 8334/8334 8340/8340
f 8334/8334 8336/8336 8340/8340
f 8336/8336 8337/8337 8340/8340
f 8338/8338 8339/8339 8340/8340
f 8339/8339 8335/8335 8340/8340
f 7989/7989 7986/7986 7987/7987
f 7855/7855 7859/7859 7853/7853
f 7868/7868 8014/8014 8341/8341
f 8342/8342 7870/7870 7872/7872
f 7885/7885 7884/7884 8343/8343
f 8233/8233 8232/8232 8344/8344
f 7953/7953 7952/7952 8252/8252
f 8291/8291 7977/7977 7973/7973
f 7977/7977 7976/7976 7973/7973
f 7982/7982 7985/7985 7983/7983
f 7983/7983 7985/7985 8296/8296
f 7997/7997 7998/7998 8345/8345
f 8345/8345 7998/7998 8346/8346
f 7853/7853 8007/8007 7854/7854
f 7854/7854 8007/8007 8008/8008
f 7862/7862 7859/7859 8347/8347
f 8347/8347 7859/7859 7860/7860
f 7863/7863 8347/8347 8348/8348
f 8349/8349 7864/7864 8348/8348
f 8348/8348 7864/7864 7863/7863
f 8341/8341 8014/8014 8349/8349
f 8349/8349 8014/8014 7864/7864
f 7868/7868 7867/7867 8014/8014
f 8014/8014 7867/7867 8015/8015
f 8350/8350 8023/8023 8351/8351
f 8352/8352 8025/8025 8350/8350
f 8350/8350 8025/8025 8023/8023
f 8043/8043 8025/8025 8044/8044
f 8044/8044 8025/8025 8352/8352
f 8051/8051 7870/7870 8117/8117
f 8117/8117 7870/7870 8342/8342
f 8353/8353 7891/7891 7885/7885
f 7885/7885 7891/7891 7883/7883
f 7884/7884 7887/7887 8343/8343
f 8343/8343 7887/7887 7889/7889
f 8107/8107 8111/8111 8108/8108
f 8108/8108 8111/8111 8354/8354
f 8354/8354 8111/8111 8355/8355
f 8355/8355 8111/8111 8121/8121
f 8125/8125 8124/8124 8356/8356
f 8356/8356 8124/8124 8357/8357
f 8357/8357 8124/8124 8353/8353
f 8353/8353 8124/8124 7891/7891
f 8126/8126 8125/8125 8129/8129
f 8129/8129 8125/8125 8356/8356
f 8346/8346 7998/7998 8358/8358
f 8358/8358 7998/7998 8136/8136
f 8137/8137 8130/8130 8359/8359
f 8359/8359 8130/8130 8131/8131
f 8140/8140 8137/8137 8360/8360
f 8360/8360 8137/8137 8359/8359
f 8154/8154 8140/8140 8361/8361
f 8361/8361 8140/8140 8360/8360
f 8344/8344 8232/8232 8361/8361
f 8361/8361 8232/8232 8154/8154
f 8247/8247 8244/8244 8253/8253
f 8253/8253 8244/8244 8245/8245
f 8358/8358 8136/8136 8362/8362
f 8362/8362 8136/8136 8268/8268
f 8362/8362 8268/8268 8280/8280
f 8280/8280 8268/8268 8272/8272
f 8285/8285 7976/7976 8363/8363
f 8363/8363 7976/7976 7978/7978
f 8290/8290 8289/8289 8292/8292
f 8292/8292 8289/8289 7962/7962
f 8281/8281 8285/8285 8282/8282
f 8282/8282 8285/8285 8363/8363
f 7959/7959 7955/7955 8293/8293
f 8293/8293 7955/7955 7953/7953
f 8355/8355 8121/8121 8364/8364
f 8364/8364 8121/8121 8307/8307
f 8365/8365 8328/8328 8327/8327
f 8325/8325 8324/8324 8366/8366
f 8366/8366 8324/8324 8338/8338
f 8366/8366 8338/8338 8340/8340
f 8367/8367 8368/8368 8369/8369
f 8370/8370 8371/8371 8372/8372
f 8373/8373 8374/8374 8375/8375
f 8376/8376 8377/8377 8378/8378
f 8379/8379 8380/8380 8381/8381
f 8378/8378 8382/8382 8383/8383
f 8383/8383 8384/8384 8385/8385
f 8386/8386 8387/8387 8388/8388
f 8389/8389 8390/8390 8391/8391
f 8392/8392 8393/8393 8387/8387
f 8394/8394 8395/8395 8396/8396
f 8395/8395 8397/8397 8398/8398
f 8399/8399 8398/8398 8397/8397
f 8400/8400 7869/7869 8401/8401
f 8402/8402 7872/7872 8403/8403
f 8403/8403 8404/8404 8402/8402
f 8405/8405 8406/8406 8407/8407
f 8408/8408 8409/8409 8410/8410
f 8411/8411 8412/8412 8413/8413
f 8414/8414 7885/7885 8415/8415
f 8415/8415 8416/8416 8414/8414
f 8417/8417 7889/7889 7888/7888
f 8418/8418 8419/8419 8414/8414
f 8420/8420 8421/8421 8422/8422
f 8423/8423 8424/8424 8380/8380
f 8425/8425 8426/8426 8427/8427
f 8428/8428 8429/8429 8430/8430
f 8431/8431 8430/8430 8432/8432
f 8433/8433 8434/8434 8426/8426
f 8435/8435 8436/8436 8437/8437
f 8438/8438 8439/8439 8440/8440
f 8441/8441 8442/8442 8440/8440
f 8443/8443 8438/8438 8440/8440
f 8444/8444 8431/8431 8432/8432
f 8432/8432 8445/8445 8444/8444
f 8446/8446 8431/8431 8447/8447
f 8444/8444 8447/8447 8431/8431
f 8448/8448 8428/8428 8446/8446
f 8447/8447 8449/8449 8446/8446
f 8446/8446 8449/8449 8448/8448
f 8428/8428 8448/8448 8450/8450
f 8451/8451 8452/8452 8453/8453
f 8454/8454 8455/8455 8456/8456
f 8457/8457 8456/8456 8458/8458
f 8456/8456 8455/8455 8458/8458
f 8459/8459 8457/8457 8458/8458
f 8460/8460 8459/8459 8458/8458
f 8461/8461 8460/8460 8462/8462
f 8460/8460 8458/8458 8463/8463
f 8463/8463 8462/8462 8460/8460
f 8447/8447 8464/8464 8463/8463
f 8449/8449 8447/8447 8463/8463
f 8458/8458 8449/8449 8463/8463
f 8445/8445 8464/8464 8444/8444
f 8465/8465 8466/8466 8467/8467
f 8468/8468 8469/8469 8470/8470
f 8455/8455 8471/8471 8458/8458
f 8471/8471 8472/8472 8458/8458
f 8449/8449 8458/8458 8472/8472
f 8472/8472 8448/8448 8449/8449
f 8473/8473 8443/8443 8474/8474
f 8475/8475 8476/8476 8477/8477
f 8478/8478 8479/8479 8477/8477
f 8476/8476 8478/8478 8477/8477
f 8480/8480 8481/8481 8482/8482
f 8481/8481 8483/8483 8484/8484
f 8483/8483 8485/8485 8484/8484
f 8486/8486 8487/8487 8488/8488
f 8489/8489 8490/8490 8491/8491
f 8492/8492 8493/8493 8494/8494
f 8380/8380 8379/8379 8423/8423
f 8495/8495 8496/8496 8375/8375
f 8496/8496 8497/8497 8373/8373
f 8498/8498 8494/8494 8499/8499
f 8500/8500 8501/8501 8502/8502
f 8501/8501 8503/8503 8502/8502
f 8503/8503 8504/8504 8502/8502
f 8504/8504 8505/8505 8506/8506
f 8484/8484 8482/8482 8481/8481
f 8507/8507 8368/8368 8508/8508
f 8508/8508 8368/8368 8367/8367
f 8372/8372 8371/8371 8509/8509
f 8509/8509 8371/8371 8510/8510
f 8510/8510 7984/7984 8509/8509
f 8509/8509 7984/7984 7983/7983
f 8497/8497 8372/8372 8511/8511
f 8511/8511 8372/8372 8509/8509
f 8370/8370 8372/8372 8512/8512
f 8512/8512 8372/8372 8513/8513
f 8496/8496 8513/8513 8497/8497
f 8497/8497 8513/8513 8372/8372
f 8514/8514 8512/8512 8515/8515
f 8516/8516 8517/8517 8518/8518
f 8518/8518 8517/8517 8381/8381
f 8374/8374 8373/8373 8519/8519
f 8519/8519 8373/8373 8520/8520
f 8521/8521 8522/8522 8523/8523
f 8523/8523 8522/8522 8524/8524
f 8523/8523 8525/8525 8521/8521
f 8521/8521 8525/8525 8423/8423
f 8380/8380 8518/8518 8381/8381
f 8377/8377 8376/8376 8526/8526
f 8526/8526 8376/8376 8380/8380
f 8376/8376 8378/8378 8518/8518
f 8518/8518 8378/8378 8527/8527
f 8528/8528 8516/8516 8527/8527
f 8527/8527 8516/8516 8518/8518
f 8508/8508 8529/8529 8507/8507
f 8507/8507 8529/8529 8530/8530
f 8529/8529 8528/8528 8530/8530
f 8530/8530 8528/8528 8527/8527
f 8378/8378 8383/8383 8527/8527
f 8527/8527 8383/8383 8530/8530
f 8530/8530 8383/8383 8507/8507
f 8507/8507 8383/8383 8385/8385
f 8382/8382 8531/8531 8383/8383
f 8383/8383 8531/8531 8384/8384
f 8532/8532 8368/8368 8385/8385
f 8385/8385 8368/8368 8507/8507
f 8386/8386 8533/8533 8384/8384
f 8384/8384 8533/8533 8385/8385
f 8389/8389 8532/8532 8533/8533
f 8533/8533 8532/8532 8385/8385
f 8389/8389 8533/8533 8390/8390
f 8390/8390 8533/8533 8534/8534
f 8368/8368 8532/8532 8369/8369
f 8369/8369 8532/8532 8535/8535
f 8531/8531 8392/8392 8384/8384
f 8384/8384 8392/8392 8386/8386
f 8536/8536 8396/8396 8531/8531
f 8531/8531 8396/8396 8392/8392
f 8537/8537 8396/8396 8536/8536
f 8538/8538 8397/8397 8394/8394
f 8394/8394 8397/8397 8395/8395
f 8394/8394 8539/8539 8538/8538
f 8398/8398 8399/8399 8540/8540
f 8540/8540 8399/8399 8541/8541
f 8397/8397 8542/8542 8399/8399
f 8399/8399 8542/8542 8543/8543
f 8544/8544 8545/8545 8546/8546
f 8546/8546 8545/8545 8543/8543
f 8543/8543 8545/8545 8399/8399
f 8397/8397 8538/8538 8542/8542
f 8542/8542 8538/8538 8547/8547
f 8548/8548 8549/8549 8539/8539
f 8544/8544 8546/8546 8550/8550
f 8546/8546 8551/8551 8552/8552
f 8552/8552 8551/8551 8553/8553
f 8554/8554 8551/8551 8543/8543
f 8543/8543 8551/8551 8546/8546
f 8554/8554 8543/8543 8555/8555
f 8555/8555 8543/8543 8542/8542
f 8555/8555 8542/8542 8556/8556
f 8556/8556 8542/8542 8547/8547
f 8557/8557 8548/8548 8558/8558
f 8558/8558 8548/8548 8539/8539
f 8537/8537 8559/8559 8539/8539
f 8560/8560 8558/8558 8559/8559
f 8559/8559 8558/8558 8539/8539
f 8561/8561 8536/8536 8562/8562
f 8531/8531 8382/8382 8536/8536
f 8536/8536 8382/8382 8562/8562
f 8377/8377 8562/8562 8378/8378
f 8378/8378 8562/8562 8382/8382
f 8526/8526 8561/8561 8377/8377
f 8377/8377 8561/8561 8562/8562
f 8561/8561 8526/8526 8559/8559
f 8559/8559 8526/8526 8563/8563
f 8559/8559 8563/8563 8560/8560
f 8560/8560 8563/8563 8564/8564
f 8558/8558 8560/8560 8405/8405
f 8405/8405 8560/8560 8494/8494
f 8557/8557 8558/8558 8407/8407
f 8407/8407 8558/8558 8405/8405
f 8560/8560 8492/8492 8494/8494
f 8565/8565 8566/8566 8557/8557
f 8557/8557 8566/8566 8548/8548
f 8557/8557 8567/8567 8565/8565
f 8565/8565 8567/8567 8568/8568
f 8569/8569 8567/8567 8407/8407
f 8407/8407 8567/8567 8557/8557
f 8570/8570 8403/8403 8044/8044
f 8044/8044 8403/8403 7872/7872
f 8570/8570 8553/8553 8571/8571
f 8571/8571 8553/8553 8551/8551
f 8572/8572 8571/8571 8554/8554
f 8554/8554 8571/8571 8551/8551
f 8572/8572 8554/8554 8573/8573
f 8573/8573 8554/8554 8555/8555
f 8403/8403 8570/8570 8574/8574
f 8574/8574 8570/8570 8571/8571
f 8574/8574 8571/8571 8575/8575
f 8575/8575 8571/8571 8572/8572
f 8404/8404 8403/8403 8576/8576
f 8576/8576 8403/8403 8574/8574
f 8577/8577 8402/8402 8578/8578
f 8578/8578 8402/8402 8404/8404
f 8578/8578 8404/8404 8579/8579
f 8579/8579 8404/8404 8576/8576
f 8575/8575 8572/8572 8580/8580
f 8580/8580 8572/8572 8573/8573
f 8576/8576 8574/8574 8581/8581
f 8581/8581 8574/8574 8575/8575
f 8421/8421 8579/8579 8581/8581
f 8581/8581 8579/8579 8576/8576
f 8573/8573 8555/8555 8582/8582
f 8582/8582 8555/8555 8556/8556
f 8580/8580 8583/8583 8575/8575
f 8575/8575 8583/8583 8581/8581
f 8583/8583 8580/8580 8584/8584
f 8584/8584 8580/8580 8585/8585
f 8421/8421 8581/8581 8422/8422
f 8422/8422 8581/8581 8583/8583
f 8583/8583 8584/8584 8422/8422
f 8422/8422 8584/8584 8586/8586
f 8587/8587 8582/8582 8588/8588
f 8588/8588 8582/8582 8556/8556
f 8566/8566 8565/8565 8589/8589
f 8589/8589 8565/8565 8568/8568
f 8569/8569 8590/8590 8567/8567
f 8567/8567 8590/8590 8568/8568
f 8590/8590 8430/8430 8568/8568
f 8568/8568 8430/8430 8429/8429
f 8591/8591 8432/8432 8590/8590
f 8590/8590 8432/8432 8430/8430
f 8592/8592 8591/8591 8569/8569
f 8569/8569 8591/8591 8590/8590
f 8406/8406 8592/8592 8407/8407
f 8407/8407 8592/8592 8569/8569
f 8406/8406 8405/8405 8498/8498
f 8498/8498 8405/8405 8494/8494
f 8441/8441 8593/8593 8568/8568
f 8568/8568 8593/8593 8589/8589
f 8593/8593 8594/8594 8589/8589
f 8589/8589 8594/8594 8588/8588
f 8595/8595 8596/8596 8587/8587
f 8587/8587 8596/8596 8582/8582
f 8597/8597 8595/8595 8598/8598
f 8598/8598 8595/8595 8587/8587
f 8599/8599 8598/8598 8600/8600
f 8600/8600 8598/8598 8587/8587
f 8594/8594 8600/8600 8588/8588
f 8588/8588 8600/8600 8587/8587
f 8596/8596 8595/8595 8601/8601
f 8601/8601 8595/8595 8602/8602
f 8585/8585 8596/8596 8603/8603
f 8603/8603 8596/8596 8601/8601
f 8604/8604 8602/8602 8597/8597
f 8597/8597 8602/8602 8595/8595
f 8409/8409 8597/8597 8605/8605
f 8605/8605 8597/8597 8598/8598
f 8408/8408 8604/8604 8409/8409
f 8409/8409 8604/8604 8597/8597
f 8598/8598 8599/8599 8605/8605
f 8605/8605 8599/8599 8606/8606
f 8409/8409 8605/8605 8410/8410
f 8410/8410 8605/8605 8607/8607
f 8606/8606 8608/8608 8605/8605
f 8605/8605 8608/8608 8607/8607
f 8410/8410 8607/8607 8609/8609
f 8609/8609 8607/8607 8610/8610
f 8609/8609 8611/8611 8410/8410
f 8410/8410 8611/8611 8408/8408
f 8612/8612 8610/8610 8427/8427
f 8427/8427 8610/8610 8607/8607
f 8425/8425 8427/8427 8608/8608
f 8608/8608 8427/8427 8607/8607
f 8611/8611 8613/8613 8408/8408
f 8408/8408 8613/8613 8614/8614
f 8615/8615 8616/8616 8609/8609
f 8609/8609 8616/8616 8611/8611
f 8613/8613 8611/8611 8617/8617
f 8617/8617 8611/8611 8616/8616
f 8615/8615 8609/8609 8618/8618
f 8618/8618 8609/8609 8610/8610
f 8619/8619 8604/8604 8614/8614
f 8614/8614 8604/8604 8408/8408
f 8411/8411 8413/8413 8613/8613
f 8613/8613 8413/8413 8614/8614
f 8620/8620 8619/8619 8413/8413
f 8413/8413 8619/8619 8614/8614
f 8621/8621 8411/8411 8617/8617
f 8617/8617 8411/8411 8613/8613
f 8622/8622 8623/8623 8620/8620
f 8620/8620 8623/8623 8619/8619
f 8619/8619 8623/8623 8604/8604
f 8604/8604 8623/8623 8602/8602
f 8623/8623 8624/8624 8602/8602
f 8602/8602 8624/8624 8601/8601
f 8622/8622 8625/8625 8623/8623
f 8623/8623 8625/8625 8624/8624
f 8616/8616 8626/8626 8617/8617
f 8617/8617 8626/8626 8627/8627
f 8621/8621 8617/8617 8418/8418
f 8418/8418 8617/8617 8627/8627
f 8615/8615 8628/8628 8616/8616
f 8616/8616 8628/8628 8626/8626
f 8629/8629 8628/8628 8618/8618
f 8618/8618 8628/8628 8615/8615
f 8618/8618 8610/8610 8629/8629
f 8629/8629 8610/8610 8612/8612
f 8411/8411 8621/8621 8412/8412
f 8412/8412 8621/8621 8630/8630
f 8413/8413 8416/8416 8620/8620
f 8622/8622 8620/8620 8631/8631
f 8631/8631 8620/8620 8416/8416
f 8632/8632 8625/8625 8631/8631
f 8631/8631 8625/8625 8622/8622
f 8417/8417 8631/8631 8415/8415
f 8415/8415 8631/8631 8416/8416
f 8631/8631 8417/8417 8632/8632
f 8632/8632 8417/8417 7888/7888
f 8632/8632 7888/7888 8633/8633
f 8633/8633 7888/7888 8108/8108
f 8633/8633 8634/8634 8632/8632
f 8632/8632 8634/8634 8625/8625
f 8635/8635 8634/8634 8636/8636
f 8636/8636 8634/8634 8633/8633
f 8634/8634 8637/8637 8625/8625
f 8625/8625 8637/8637 8624/8624
f 8638/8638 8637/8637 8635/8635
f 8635/8635 8637/8637 8634/8634
f 8624/8624 8637/8637 8601/8601
f 8601/8601 8637/8637 8603/8603
f 8639/8639 8603/8603 8638/8638
f 8638/8638 8603/8603 8637/8637
f 8639/8639 8584/8584 8603/8603
f 8603/8603 8584/8584 8585/8585
f 8640/8640 8579/8579 8420/8420
f 8420/8420 8579/8579 8421/8421
f 8640/8640 8641/8641 8579/8579
f 8579/8579 8641/8641 8578/8578
f 8119/8119 8117/8117 8642/8642
f 8642/8642 8117/8117 8577/8577
f 8641/8641 8642/8642 8578/8578
f 8578/8578 8642/8642 8577/8577
f 8643/8643 8635/8635 8644/8644
f 8644/8644 8635/8635 8636/8636
f 8645/8645 8638/8638 8643/8643
f 8643/8643 8638/8638 8635/8635
f 8646/8646 8639/8639 8645/8645
f 8645/8645 8639/8639 8638/8638
f 8646/8646 8586/8586 8639/8639
f 8639/8639 8586/8586 8584/8584
f 8647/8647 8627/8627 8648/8648
f 8648/8648 8627/8627 8626/8626
f 8628/8628 8649/8649 8626/8626
f 8626/8626 8649/8649 8648/8648
f 8418/8418 8627/8627 8419/8419
f 8419/8419 8627/8627 8647/8647
f 8414/8414 8630/8630 8418/8418
f 8418/8418 8630/8630 8621/8621
f 8650/8650 8128/8128 8649/8649
f 8649/8649 8128/8128 8129/8129
f 8629/8629 8650/8650 8628/8628
f 8628/8628 8650/8650 8649/8649
f 8629/8629 8612/8612 8650/8650
f 8650/8650 8612/8612 8651/8651
f 8651/8651 8131/8131 8650/8650
f 8650/8650 8131/8131 8128/8128
f 8526/8526 8380/8380 8563/8563
f 8563/8563 8380/8380 8424/8424
f 8652/8652 8564/8564 8424/8424
f 8424/8424 8564/8564 8563/8563
f 8525/8525 8523/8523 8653/8653
f 8653/8653 8523/8523 8654/8654
f 8525/8525 8653/8653 8652/8652
f 8652/8652 8653/8653 8655/8655
f 8654/8654 8523/8523 8656/8656
f 8656/8656 8523/8523 8524/8524
f 8655/8655 8492/8492 8652/8652
f 8652/8652 8492/8492 8564/8564
f 8657/8657 8651/8651 8658/8658
f 8658/8658 8651/8651 8612/8612
f 8658/8658 8659/8659 8657/8657
f 8657/8657 8659/8659 8660/8660
f 8426/8426 8658/8658 8427/8427
f 8427/8427 8658/8658 8612/8612
f 8658/8658 8426/8426 8659/8659
f 8659/8659 8426/8426 8434/8434
f 8661/8661 8425/8425 8662/8662
f 8662/8662 8425/8425 8608/8608
f 8433/8433 8426/8426 8661/8661
f 8661/8661 8426/8426 8425/8425
f 8606/8606 8663/8663 8608/8608
f 8608/8608 8663/8663 8662/8662
f 8663/8663 8606/8606 8664/8664
f 8664/8664 8606/8606 8599/8599
f 8594/8594 8665/8665 8600/8600
f 8600/8600 8665/8665 8599/8599
f 8664/8664 8599/8599 8666/8666
f 8666/8666 8599/8599 8665/8665
f 8593/8593 8667/8667 8594/8594
f 8594/8594 8667/8667 8665/8665
f 8666/8666 8665/8665 8668/8668
f 8668/8668 8665/8665 8667/8667
f 8669/8669 8661/8661 8670/8670
f 8670/8670 8661/8661 8662/8662
f 8433/8433 8661/8661 8435/8435
f 8435/8435 8661/8661 8669/8669
f 8671/8671 8436/8436 8669/8669
f 8669/8669 8436/8436 8435/8435
f 8672/8672 8671/8671 8670/8670
f 8670/8670 8671/8671 8669/8669
f 8659/8659 8673/8673 8660/8660
f 8660/8660 8673/8673 8674/8674
f 8673/8673 8659/8659 8675/8675
f 8675/8675 8659/8659 8434/8434
f 8433/8433 8435/8435 8434/8434
f 8434/8434 8435/8435 8437/8437
f 8676/8676 8675/8675 8437/8437
f 8437/8437 8675/8675 8434/8434
f 8676/8676 8437/8437 8677/8677
f 8677/8677 8437/8437 8436/8436
f 8678/8678 8679/8679 8675/8675
f 8675/8675 8679/8679 8673/8673
f 8675/8675 8676/8676 8678/8678
f 8678/8678 8676/8676 8680/8680
f 8681/8681 8674/8674 8679/8679
f 8679/8679 8674/8674 8673/8673
f 8678/8678 8682/8682 8679/8679
f 8679/8679 8682/8682 8683/8683
f 8683/8683 8684/8684 8679/8679
f 8679/8679 8684/8684 8681/8681
f 8685/8685 8682/8682 8680/8680
f 8680/8680 8682/8682 8678/8678
f 8686/8686 8680/8680 8677/8677
f 8677/8677 8680/8680 8676/8676
f 8687/8687 8685/8685 8686/8686
f 8686/8686 8685/8685 8680/8680
f 8688/8688 8677/8677 8689/8689
f 8689/8689 8677/8677 8436/8436
f 8690/8690 8689/8689 8671/8671
f 8671/8671 8689/8689 8436/8436
f 8686/8686 8677/8677 8691/8691
f 8691/8691 8677/8677 8688/8688
f 8692/8692 8687/8687 8691/8691
f 8691/8691 8687/8687 8686/8686
f 8671/8671 8672/8672 8690/8690
f 8690/8690 8672/8672 8693/8693
f 8694/8694 8672/8672 8695/8695
f 8695/8695 8672/8672 8670/8670
f 8670/8670 8662/8662 8695/8695
f 8695/8695 8662/8662 8663/8663
f 8693/8693 8672/8672 8696/8696
f 8696/8696 8672/8672 8694/8694
f 8697/8697 8695/8695 8698/8698
f 8698/8698 8695/8695 8663/8663
f 8699/8699 8694/8694 8697/8697
f 8697/8697 8694/8694 8695/8695
f 8697/8697 8698/8698 8700/8700
f 8700/8700 8698/8698 8701/8701
f 8697/8697 8700/8700 8699/8699
f 8699/8699 8700/8700 8702/8702
f 8666/8666 8698/8698 8664/8664
f 8664/8664 8698/8698 8663/8663
f 8698/8698 8666/8666 8701/8701
f 8701/8701 8666/8666 8668/8668
f 8700/8700 8701/8701 8703/8703
f 8703/8703 8701/8701 8704/8704
f 8700/8700 8703/8703 8702/8702
f 8702/8702 8703/8703 8705/8705
f 8701/8701 8668/8668 8704/8704
f 8704/8704 8668/8668 8439/8439
f 8668/8668 8667/8667 8439/8439
f 8439/8439 8667/8667 8440/8440
f 8440/8440 8442/8442 8443/8443
f 8443/8443 8442/8442 8706/8706
f 8438/8438 8707/8707 8439/8439
f 8439/8439 8707/8707 8704/8704
f 8708/8708 8703/8703 8709/8709
f 8709/8709 8703/8703 8704/8704
f 8709/8709 8704/8704 8710/8710
f 8710/8710 8704/8704 8707/8707
f 8568/8568 8429/8429 8441/8441
f 8429/8429 8453/8453 8442/8442
f 8442/8442 8453/8453 8706/8706
f 8711/8711 8705/8705 8708/8708
f 8708/8708 8705/8705 8703/8703
f 8712/8712 8702/8702 8713/8713
f 8713/8713 8702/8702 8705/8705
f 8714/8714 8713/8713 8711/8711
f 8711/8711 8713/8713 8705/8705
f 8715/8715 8699/8699 8712/8712
f 8712/8712 8699/8699 8702/8702
f 8699/8699 8715/8715 8694/8694
f 8694/8694 8715/8715 8696/8696
f 8716/8716 8717/8717 8687/8687
f 8687/8687 8717/8717 8685/8685
f 8718/8718 8716/8716 8692/8692
f 8692/8692 8716/8716 8687/8687
f 8717/8717 8719/8719 8685/8685
f 8685/8685 8719/8719 8682/8682
f 8717/8717 8716/8716 8720/8720
f 8720/8720 8716/8716 8721/8721
f 8720/8720 8722/8722 8717/8717
f 8717/8717 8722/8722 8719/8719
f 8723/8723 8721/8721 8718/8718
f 8718/8718 8721/8721 8716/8716
f 8711/8711 8708/8708 8721/8721
f 8721/8721 8708/8708 8720/8720
f 8714/8714 8711/8711 8723/8723
f 8723/8723 8711/8711 8721/8721
f 8708/8708 8709/8709 8720/8720
f 8720/8720 8709/8709 8722/8722
f 8722/8722 8709/8709 8724/8724
f 8724/8724 8709/8709 8710/8710
f 8722/8722 8724/8724 8719/8719
f 8719/8719 8724/8724 8725/8725
f 8719/8719 8725/8725 8682/8682
f 8682/8682 8725/8725 8683/8683
f 8726/8726 8727/8727 8592/8592
f 8592/8592 8727/8727 8591/8591
f 8498/8498 8726/8726 8406/8406
f 8406/8406 8726/8726 8592/8592
f 8432/8432 8591/8591 8445/8445
f 8445/8445 8591/8591 8727/8727
f 8451/8451 8453/8453 8428/8428
f 8428/8428 8453/8453 8429/8429
f 8728/8728 8451/8451 8450/8450
f 8450/8450 8451/8451 8428/8428
f 8450/8450 8454/8454 8728/8728
f 8728/8728 8454/8454 8729/8729
f 8471/8471 8455/8455 8450/8450
f 8450/8450 8455/8455 8454/8454
f 8730/8730 8452/8452 8728/8728
f 8728/8728 8452/8452 8451/8451
f 8731/8731 8730/8730 8729/8729
f 8729/8729 8730/8730 8728/8728
f 8454/8454 8456/8456 8729/8729
f 8729/8729 8456/8456 8732/8732
f 8457/8457 8733/8733 8456/8456
f 8456/8456 8733/8733 8732/8732
f 8729/8729 8732/8732 8731/8731
f 8731/8731 8732/8732 8468/8468
f 8732/8732 8733/8733 8468/8468
f 8468/8468 8733/8733 8469/8469
f 8459/8459 8734/8734 8457/8457
f 8457/8457 8734/8734 8733/8733
f 8735/8735 8469/8469 8734/8734
f 8734/8734 8469/8469 8733/8733
f 8460/8460 8461/8461 8459/8459
f 8459/8459 8461/8461 8734/8734
f 8734/8734 8461/8461 8735/8735
f 8735/8735 8461/8461 8736/8736
f 8461/8461 8462/8462 8736/8736
f 8736/8736 8462/8462 8467/8467
f 8464/8464 8737/8737 8463/8463
f 8463/8463 8737/8737 8462/8462
f 8462/8462 8737/8737 8467/8467
f 8467/8467 8737/8737 8465/8465
f 8464/8464 8445/8445 8737/8737
f 8737/8737 8445/8445 8738/8738
f 8737/8737 8738/8738 8465/8465
f 8739/8739 8731/8731 8470/8470
f 8470/8470 8731/8731 8468/8468
f 8731/8731 8739/8739 8730/8730
f 8730/8730 8739/8739 8452/8452
f 8725/8725 8740/8740 8683/8683
f 8683/8683 8740/8740 8684/8684
f 8724/8724 8741/8741 8725/8725
f 8725/8725 8741/8741 8740/8740
f 8724/8724 8710/8710 8741/8741
f 8741/8741 8710/8710 8742/8742
f 8707/8707 8473/8473 8710/8710
f 8710/8710 8473/8473 8742/8742
f 8706/8706 8743/8743 8443/8443
f 8443/8443 8743/8743 8474/8474
f 8743/8743 8706/8706 8744/8744
f 8744/8744 8706/8706 8453/8453
f 8453/8453 8452/8452 8744/8744
f 8744/8744 8452/8452 8745/8745
f 8742/8742 8473/8473 8746/8746
f 8746/8746 8473/8473 8474/8474
f 8741/8741 8742/8742 8747/8747
f 8747/8747 8742/8742 8746/8746
f 8740/8740 8741/8741 8748/8748
f 8748/8748 8741/8741 8747/8747
f 8684/8684 8740/8740 8749/8749
f 8749/8749 8740/8740 8748/8748
f 8749/8749 8750/8750 8684/8684
f 8684/8684 8750/8750 8681/8681
f 8674/8674 8681/8681 8751/8751
f 8751/8751 8681/8681 8750/8750
f 8752/8752 8233/8233 8750/8750
f 8750/8750 8233/8233 8751/8751
f 8753/8753 8752/8752 8749/8749
f 8749/8749 8752/8752 8750/8750
f 8754/8754 8753/8753 8748/8748
f 8748/8748 8753/8753 8749/8749
f 8754/8754 8748/8748 8747/8747
f 8754/8754 8747/8747 8755/8755
f 8755/8755 8747/8747 8746/8746
f 8755/8755 8746/8746 8756/8756
f 8756/8756 8746/8746 8474/8474
f 8756/8756 8474/8474 8757/8757
f 8757/8757 8474/8474 8743/8743
f 8757/8757 8743/8743 8758/8758
f 8758/8758 8743/8743 8744/8744
f 8757/8757 8476/8476 8756/8756
f 8756/8756 8476/8476 8475/8475
f 8757/8757 8758/8758 8476/8476
f 8476/8476 8758/8758 8478/8478
f 8759/8759 8755/8755 8475/8475
f 8475/8475 8755/8755 8756/8756
f 8754/8754 8755/8755 8760/8760
f 8760/8760 8755/8755 8759/8759
f 8753/8753 8754/8754 8761/8761
f 8761/8761 8754/8754 8760/8760
f 8752/8752 8753/8753 8762/8762
f 8762/8762 8753/8753 8761/8761
f 8762/8762 8245/8245 8752/8752
f 8752/8752 8245/8245 8233/8233
f 8763/8763 8764/8764 8761/8761
f 8761/8761 8764/8764 8762/8762
f 8765/8765 8763/8763 8760/8760
f 8760/8760 8763/8763 8761/8761
f 8760/8760 8759/8759 8765/8765
f 8765/8765 8759/8759 8766/8766
f 8759/8759 8475/8475 8766/8766
f 8766/8766 8475/8475 8477/8477
f 8745/8745 8767/8767 8744/8744
f 8744/8744 8767/8767 8758/8758
f 8768/8768 8478/8478 8767/8767
f 8767/8767 8478/8478 8758/8758
f 8486/8486 8485/8485 8477/8477
f 8477/8477 8485/8485 8766/8766
f 8765/8765 8766/8766 8483/8483
f 8483/8483 8766/8766 8485/8485
f 8483/8483 8481/8481 8765/8765
f 8765/8765 8481/8481 8763/8763
f 8763/8763 8481/8481 8764/8764
f 8764/8764 8481/8481 8480/8480
f 8480/8480 8769/8769 8764/8764
f 8764/8764 8769/8769 8253/8253
f 8478/8478 8768/8768 8479/8479
f 8479/8479 8768/8768 8770/8770
f 8477/8477 8479/8479 8486/8486
f 8486/8486 8479/8479 8487/8487
f 8489/8489 8487/8487 8770/8770
f 8770/8770 8487/8487 8479/8479
f 8452/8452 8739/8739 8745/8745
f 8745/8745 8739/8739 8771/8771
f 8771/8771 8772/8772 8745/8745
f 8745/8745 8772/8772 8767/8767
f 8773/8773 8768/8768 8772/8772
f 8772/8772 8768/8768 8767/8767
f 8773/8773 8774/8774 8768/8768
f 8768/8768 8774/8774 8770/8770
f 8490/8490 8489/8489 8774/8774
f 8774/8774 8489/8489 8770/8770
f 8485/8485 8486/8486 8484/8484
f 8484/8484 8486/8486 8488/8488
f 8487/8487 8489/8489 8488/8488
f 8488/8488 8489/8489 8491/8491
f 8772/8772 8771/8771 8775/8775
f 8775/8775 8771/8771 8776/8776
f 8773/8773 8772/8772 8777/8777
f 8777/8777 8772/8772 8775/8775
f 8739/8739 8470/8470 8771/8771
f 8771/8771 8470/8470 8776/8776
f 8778/8778 8779/8779 8470/8470
f 8470/8470 8779/8779 8776/8776
f 8779/8779 8780/8780 8776/8776
f 8776/8776 8780/8780 8781/8781
f 8782/8782 8775/8775 8781/8781
f 8781/8781 8775/8775 8776/8776
f 8654/8654 8656/8656 8783/8783
f 8783/8783 8656/8656 8784/8784
f 8783/8783 8785/8785 8654/8654
f 8654/8654 8785/8785 8653/8653
f 8655/8655 8653/8653 8780/8780
f 8780/8780 8653/8653 8785/8785
f 8492/8492 8655/8655 8779/8779
f 8779/8779 8655/8655 8780/8780
f 8778/8778 8493/8493 8779/8779
f 8779/8779 8493/8493 8492/8492
f 8373/8373 8497/8497 8520/8520
f 8520/8520 8497/8497 8511/8511
f 8467/8467 8466/8466 8493/8493
f 8493/8493 8466/8466 8494/8494
f 8778/8778 8736/8736 8493/8493
f 8493/8493 8736/8736 8467/8467
f 8780/8780 8785/8785 8781/8781
f 8781/8781 8785/8785 8786/8786
f 8787/8787 8786/8786 8783/8783
f 8783/8783 8786/8786 8785/8785
f 8783/8783 8784/8784 8787/8787
f 8787/8787 8784/8784 8788/8788
f 8789/8789 8782/8782 8786/8786
f 8786/8786 8782/8782 8781/8781
f 8790/8790 8777/8777 8782/8782
f 8782/8782 8777/8777 8775/8775
f 8791/8791 8790/8790 8789/8789
f 8789/8789 8790/8790 8782/8782
f 8787/8787 8792/8792 8786/8786
f 8786/8786 8792/8792 8789/8789
f 8789/8789 8792/8792 8791/8791
f 8791/8791 8792/8792 8793/8793
f 8794/8794 8792/8792 8788/8788
f 8788/8788 8792/8792 8787/8787
f 8788/8788 8795/8795 8794/8794
f 8794/8794 8795/8795 8796/8796
f 8794/8794 8796/8796 8797/8797
f 8797/8797 8796/8796 8798/8798
f 8797/8797 8793/8793 8794/8794
f 8794/8794 8793/8793 8792/8792
f 8791/8791 8793/8793 8799/8799
f 8799/8799 8793/8793 8800/8800
f 8793/8793 8797/8797 8800/8800
f 8800/8800 8797/8797 8801/8801
f 8503/8503 8501/8501 8800/8800
f 8800/8800 8501/8501 8799/8799
f 8504/8504 8503/8503 8801/8801
f 8801/8801 8503/8503 8800/8800
f 8799/8799 8802/8802 8791/8791
f 8791/8791 8802/8802 8790/8790
f 8501/8501 8500/8500 8799/8799
f 8799/8799 8500/8500 8802/8802
f 8803/8803 8777/8777 8802/8802
f 8802/8802 8777/8777 8790/8790
f 8804/8804 8803/8803 8500/8500
f 8500/8500 8803/8803 8802/8802
f 8774/8774 8773/8773 8803/8803
f 8803/8803 8773/8773 8777/8777
f 8804/8804 8490/8490 8803/8803
f 8803/8803 8490/8490 8774/8774
f 8804/8804 8805/8805 8490/8490
f 8490/8490 8805/8805 8491/8491
f 8500/8500 8502/8502 8804/8804
f 8804/8804 8502/8502 8805/8805
f 8805/8805 8502/8502 8806/8806
f 8806/8806 8502/8502 8807/8807
f 8491/8491 8808/8808 8488/8488
f 8488/8488 8808/8808 8809/8809
f 8447/8447 8444/8444 8464/8464
f 8373/8373 8375/8375 8496/8496
f 8496/8496 8495/8495 8513/8513
f 8513/8513 8495/8495 8515/8515
f 8532/8532 8389/8389 8535/8535
f 8810/8810 8535/8535 8391/8391
f 8389/8389 8391/8391 8535/8535
f 8414/8414 8416/8416 8630/8630
f 8630/8630 8416/8416 8412/8412
f 8652/8652 8424/8424 8525/8525
f 8525/8525 8424/8424 8423/8423
f 8431/8431 8446/8446 8430/8430
f 8430/8430 8446/8446 8428/8428
f 8593/8593 8441/8441 8667/8667
f 8667/8667 8441/8441 8440/8440
f 8472/8472 8471/8471 8448/8448
f 8448/8448 8471/8471 8450/8450
f 8499/8499 8466/8466 8811/8811
f 8707/8707 8438/8438 8473/8473
f 8473/8473 8438/8438 8443/8443
f 8573/8573 8582/8582 8585/8585
f 8585/8585 8582/8582 8596/8596
f 8585/8585 8580/8580 8573/8573
f 8778/8778 8470/8470 8735/8735
f 8735/8735 8470/8470 8469/8469
f 8736/8736 8778/8778 8735/8735
f 8556/8556 8566/8566 8588/8588
f 8588/8588 8566/8566 8589/8589
f 8566/8566 8556/8556 8812/8812
f 8296/8296 8295/8295 8511/8511
f 8511/8511 8295/8295 8520/8520
f 8520/8520 8295/8295 8519/8519
f 8519/8519 8295/8295 8297/8297
f 8689/8689 8813/8813 8688/8688
f 8690/8690 8813/8813 8689/8689
f 8688/8688 8813/8813 8691/8691
f 8691/8691 8813/8813 8692/8692
f 8693/8693 8813/8813 8690/8690
f 8696/8696 8813/8813 8693/8693
f 8713/8713 8813/8813 8712/8712
f 8714/8714 8813/8813 8713/8713
f 8712/8712 8813/8813 8715/8715
f 8715/8715 8813/8813 8696/8696
f 8692/8692 8813/8813 8718/8718
f 8718/8718 8813/8813 8723/8723
f 8723/8723 8813/8813 8714/8714
f 8441/8441 8429/8429 8442/8442
f 8566/8566 8812/8812 8548/8548
f 8422/8422 8814/8814 8420/8420
f 8420/8420 8814/8814 8815/8815
f 8816/8816 8814/8814 8817/8817
f 8817/8817 8814/8814 8422/8422
f 8815/8815 8818/8818 8420/8420
f 8420/8420 8818/8818 8640/8640
f 8818/8818 8819/8819 8640/8640
f 8640/8640 8819/8819 8641/8641
f 8820/8820 8305/8305 8642/8642
f 8642/8642 8305/8305 8119/8119
f 8819/8819 8820/8820 8641/8641
f 8641/8641 8820/8820 8642/8642
f 8644/8644 8821/8821 8643/8643
f 8643/8643 8821/8821 8822/8822
f 8643/8643 8822/8822 8645/8645
f 8645/8645 8822/8822 8823/8823
f 8645/8645 8823/8823 8646/8646
f 8646/8646 8823/8823 8824/8824
f 8824/8824 8825/8825 8646/8646
f 8646/8646 8825/8825 8586/8586
f 8826/8826 8827/8827 8828/8828
f 8828/8828 8827/8827 8829/8829
f 8830/8830 8831/8831 8828/8828
f 8828/8828 8831/8831 8826/8826
f 8827/8827 8832/8832 8829/8829
f 8829/8829 8832/8832 8833/8833
f 8833/8833 8832/8832 8834/8834
f 8835/8835 8323/8323 8322/8322
f 8832/8832 8323/8323 8834/8834
f 8834/8834 8323/8323 8835/8835
f 8836/8836 8837/8837 8325/8325
f 8325/8325 8837/8837 8327/8327
f 8838/8838 8327/8327 8837/8837
f 8837/8837 8836/8836 8839/8839
f 8836/8836 8840/8840 8839/8839
f 8839/8839 8840/8840 8841/8841
f 8840/8840 8842/8842 8841/8841
f 8841/8841 8842/8842 8843/8843
f 8844/8844 8845/8845 8826/8826
f 8826/8826 8845/8845 8827/8827
f 8831/8831 8844/8844 8826/8826
f 8845/8845 8846/8846 8827/8827
f 8827/8827 8846/8846 8832/8832
f 8846/8846 8337/8337 8832/8832
f 8832/8832 8337/8337 8323/8323
f 8836/8836 8847/8847 8840/8840
f 8840/8840 8847/8847 8848/8848
f 8840/8840 8848/8848 8842/8842
f 8842/8842 8848/8848 8844/8844
f 8844/8844 8340/8340 8845/8845
f 8845/8845 8340/8340 8846/8846
f 8846/8846 8340/8340 8337/8337
f 8847/8847 8340/8340 8848/8848
f 8848/8848 8340/8340 8844/8844
f 8515/8515 8512/8512 8513/8513
f 8387/8387 8386/8386 8392/8392
f 8401/8401 8849/8849 8540/8540
f 8342/8342 7872/7872 8402/8402
f 7885/7885 8343/8343 8415/8415
f 8233/8233 8344/8344 8751/8751
f 8482/8482 8769/8769 8480/8480
f 8807/8807 8502/8502 8506/8506
f 8506/8506 8502/8502 8504/8504
f 8296/8296 8511/8511 7983/7983
f 7983/7983 8511/8511 8509/8509
f 8850/8850 8524/8524 8851/8851
f 8851/8851 8524/8524 8522/8522
f 8534/8534 8533/8533 8388/8388
f 8388/8388 8533/8533 8386/8386
f 8393/8393 8392/8392 8852/8852
f 8852/8852 8392/8392 8396/8396
f 8852/8852 8395/8395 8853/8853
f 8854/8854 8853/8853 8398/8398
f 8398/8398 8853/8853 8395/8395
f 8849/8849 8854/8854 8540/8540
f 8540/8540 8854/8854 8398/8398
f 8401/8401 8540/8540 8400/8400
f 8400/8400 8540/8540 8541/8541
f 8350/8350 8351/8351 8552/8552
f 8352/8352 8350/8350 8553/8553
f 8553/8553 8350/8350 8552/8552
f 8352/8352 8553/8553 8044/8044
f 8044/8044 8553/8553 8570/8570
f 8342/8342 8402/8402 8117/8117
f 8117/8117 8402/8402 8577/8577
f 8353/8353 7885/7885 8419/8419
f 8419/8419 7885/7885 8414/8414
f 7889/7889 8417/8417 8343/8343
f 8343/8343 8417/8417 8415/8415
f 8354/8354 8636/8636 8108/8108
f 8108/8108 8636/8636 8633/8633
f 8354/8354 8355/8355 8636/8636
f 8636/8636 8355/8355 8644/8644
f 8357/8357 8647/8647 8356/8356
f 8356/8356 8647/8647 8648/8648
f 8357/8357 8353/8353 8647/8647
f 8647/8647 8353/8353 8419/8419
f 8356/8356 8648/8648 8129/8129
f 8129/8129 8648/8648 8649/8649
f 8850/8850 8855/8855 8524/8524
f 8524/8524 8855/8855 8656/8656
f 8131/8131 8651/8651 8359/8359
f 8359/8359 8651/8651 8657/8657
f 8359/8359 8657/8657 8360/8360
f 8360/8360 8657/8657 8660/8660
f 8360/8360 8660/8660 8361/8361
f 8361/8361 8660/8660 8674/8674
f 8344/8344 8361/8361 8751/8751
f 8751/8751 8361/8361 8674/8674
f 8245/8245 8762/8762 8253/8253
f 8253/8253 8762/8762 8764/8764
f 8855/8855 8856/8856 8656/8656
f 8656/8656 8856/8856 8784/8784
f 8856/8856 8795/8795 8784/8784
f 8784/8784 8795/8795 8788/8788
f 8505/8505 8504/8504 8857/8857
f 8857/8857 8504/8504 8801/8801
f 8806/8806 8808/8808 8805/8805
f 8805/8805 8808/8808 8491/8491
f 8857/8857 8801/8801 8798/8798
f 8798/8798 8801/8801 8797/8797
f 8482/8482 8484/8484 8809/8809
f 8809/8809 8484/8484 8488/8488
f 8355/8355 8364/8364 8644/8644
f 8644/8644 8364/8364 8821/8821
f 8365/8365 8327/8327 8838/8838
f 8325/8325 8366/8366 8836/8836
f 8836/8836 8366/8366 8847/8847
f 8366/8366 8340/8340 8847/8847
f 7881/7881 8094/8094 7886/7886
f 8413/8413 8412/8412 8416/8416
f 8011/8011 8013/8013 8032/8032
f 8537/8537 8561/8561 8559/8559
f 7861/7861 8012/8012 8013/8013
f 8394/8394 8537/8537 8539/8539
f 8033/8033 8035/8035 8010/8010
f 8561/8561 8537/8537 8536/8536
f 8537/8537 8394/8394 8396/8396
f 8011/8011 8010/8010 7862/7862
f 8548/8548 8812/8812 8549/8549
f 8560/8560 8564/8564 8492/8492
f 8034/8034 7965/7965 7964/7964
f 7848/7848 7847/7847 7991/7991
f 8380/8380 8376/8376 8518/8518
f 7862/7862 8347/8347 7863/7863
f 8395/8395 8852/8852 8396/8396
f 7866/7866 8015/8015 8019/8019
f 8019/8019 8015/8015 8022/8022
f 8022/8022 7869/7869 8351/8351
f 8351/8351 7869/7869 8550/8550
f 8550/8550 8541/8541 8544/8544
f 8544/8544 8541/8541 8545/8545
f 8545/8545 8541/8541 8399/8399
f 8017/8017 7866/7866 8019/8019
f 8023/8023 8022/8022 8351/8351
f 8022/8022 7867/7867 7869/7869
f 8351/8351 8550/8550 8552/8552
f 7869/7869 8400/8400 8550/8550
f 8546/8546 8552/8552 8550/8550
f 8556/8556 8547/8547 8812/8812
f 8812/8812 8547/8547 8549/8549
f 8549/8549 8547/8547 8538/8538
f 8549/8549 8538/8538 8539/8539
f 8028/8028 8039/8039 8021/8021
f 8021/8021 8031/8031 8013/8013
f 8012/8012 8020/8020 8021/8021
f 8039/8039 8031/8031 8021/8021
f 8445/8445 8727/8727 8738/8738
f 8738/8738 8727/8727 8811/8811
f 8811/8811 8726/8726 8499/8499
f 8494/8494 8466/8466 8499/8499
f 8738/8738 8811/8811 8465/8465
f 8727/8727 8726/8726 8811/8811
f 8466/8466 8465/8465 8811/8811
f 8726/8726 8498/8498 8499/8499
f 7917/7917 8217/8217 8218/8218
f 8218/8218 7937/7937 8219/8219
f 8219/8219 7939/7939 7971/7971
f 7971/7971 7939/7939 7965/7965
f 8206/8206 8219/8219 7971/7971
f 8219/8219 7937/7937 7939/7939
f 8218/8218 8217/8217 7937/7937
f 8015/8015 7867/7867 8022/8022
f 8550/8550 8400/8400 8541/8541

g Object_default-grey.jpg

usemtl mat_3-default-grey.jpg

# num_faces: 13550
