mtllib B6OOV8VD9JD9L2CGGX3G1F053.mtl
v 0.003960 -0.304388 -0.077067
v 0.003960 -0.179805 -0.111747
v -0.004651 -0.304388 -0.077067
v -0.004651 -0.179805 -0.111747
v -0.004651 -0.047649 -0.111747
v -0.000425 -0.179805 -0.119241
v -0.000425 -0.047649 -0.119241
v 0.054292 0.143557 -0.031279
v 0.000027 0.143557 0.000053
v 0.000027 0.143557 -0.031279
v -0.054213 0.143557 -0.031279
v 0.130908 0.311643 -0.215495
v 0.139518 0.311643 -0.215495
v 0.175474 0.373589 -0.235214
v 0.171089 0.373589 -0.242814
v -0.027372 0.165295 0.050997
v -0.107389 0.512974 0.263330
v -0.029897 0.165295 0.046586
v -0.102313 0.512974 0.263330
v -0.024821 0.165295 0.046586
v 0.054292 0.143557 0.031385
v 0.054292 0.166810 0.031385
v 0.031385 0.143557 0.054372
v 0.031385 0.166810 0.054372
v 0.000080 0.143557 0.062770
v -0.057216 0.165295 -0.002684
v -0.285653 0.512974 0.001993
v -0.055488 0.165295 0.002099
v -0.290649 0.512974 0.001116
v 0.063780 0.180789 -0.185838
v 0.068164 0.180789 -0.178344
v 0.003960 -0.047649 -0.111747
v 0.035158 -0.218392 -0.029312
v -0.041377 -0.236038 -0.000425
v 0.041324 -0.236038 -0.000425
v -0.035185 -0.218392 0.028515
v -0.000425 -0.047649 0.120092
v 0.059448 0.180789 0.179646
v -0.004651 -0.047649 0.112598
v 0.068164 0.180789 0.179646
v -0.024821 0.165295 0.046586
v -0.104864 0.512974 0.267688
v 0.003960 -0.047649 0.112598
v 0.003960 -0.179805 0.112598
v -0.004651 -0.179805 0.112598
v 0.003960 -0.047649 0.112598
v 0.063780 0.180789 0.187113
v 0.068164 0.180789 0.179646
v 0.135266 0.311643 0.224265
v 0.130908 0.311643 0.216771
v -0.024821 0.164445 -0.048526
v -0.027372 0.164445 -0.052937
v -0.104864 0.512974 -0.269628
v -0.107389 0.512974 -0.265190
v -0.031358 0.143557 0.054372
v 0.000027 0.143557 0.031385
v 0.000080 0.143557 0.062770
v 0.031385 0.143557 0.054372
v 0.062770 0.166810 0.000053
v 0.062770 0.143557 0.000053
v 0.054292 0.166810 -0.031279
v 0.054292 0.143557 -0.031279
v 0.031385 0.166810 -0.054213
v 0.031385 0.143557 -0.054213
v 0.000080 0.166810 -0.062584
v 0.000080 0.143557 -0.062584
v 0.171089 0.373589 -0.242814
v 0.166784 0.373589 -0.235214
v 0.169813 0.514568 -0.235214
v 0.178503 0.514568 -0.235214
v -0.054213 0.166810 -0.031279
v 0.000027 0.166810 0.000053
v 0.000027 0.166810 -0.031279
v 0.054292 0.166810 -0.031279
v 0.031385 0.143557 -0.054213
v 0.031385 0.166810 -0.054213
v 0.178503 0.514568 0.236569
v 0.174145 0.514568 0.244090
v 0.175474 0.373589 0.236569
v 0.171089 0.373589 0.244090
v 0.135266 0.311643 -0.222989
v 0.059448 0.180789 -0.178344
v -0.000425 -0.047649 -0.119241
v -0.000425 -0.179805 -0.119241
v 0.063780 0.180789 -0.185838
v -0.054213 0.166810 -0.031279
v -0.054213 0.143557 -0.031279
v -0.062690 0.166810 0.000053
v -0.062690 0.143557 0.000053
v -0.054213 0.166810 0.031385
v -0.054213 0.143557 0.031385
v 0.139518 0.311643 0.216771
v 0.166784 0.373589 0.236569
v 0.175474 0.373589 0.236569
v 0.169813 0.514568 0.236569
v 0.178503 0.514568 0.236569
v -0.057216 0.165295 -0.002684
v -0.060511 0.165295 0.001222
v -0.287327 0.512974 -0.002764
v -0.011666 0.145072 0.011188
v -0.011666 -0.047489 0.011188
v -0.000053 0.145072 0.016051
v -0.000053 -0.047489 0.016051
v -0.031358 0.166810 0.054372
v -0.031358 0.143557 0.054372
v -0.107389 0.512974 -0.265190
v -0.029897 0.164445 -0.048526
v -0.102313 0.512974 -0.265190
v 0.174145 0.514568 -0.242814
v 0.139518 0.311643 0.216771
v -0.021233 -0.047037 -0.029046
v -0.021233 -0.047037 -0.000372
v 0.020622 -0.047037 -0.029046
v 0.020622 -0.047037 -0.000372
v -0.021233 -0.047037 0.028515
v 0.020622 -0.047037 0.028515
v -0.021233 -0.047037 0.044380
v 0.020622 -0.047037 0.044380
v -0.031358 0.166810 -0.054213
v -0.031358 0.143557 -0.054213
v 0.135266 0.311643 -0.222989
v -0.309650 -0.987016 0.082967
v -0.320519 -0.980531 0.085890
v -0.331813 -0.983348 0.000027
v -0.321449 -0.989301 0.000027
v -0.320519 -0.967563 0.085890
v -0.331813 -0.971363 0.000027
v -0.300482 -0.963125 -0.080522
v -0.320519 -0.975110 -0.085890
v -0.311058 -0.959404 0.000027
v -0.300482 -0.920632 -0.080522
v -0.311058 -0.916911 0.000027
v -0.320519 -0.908646 -0.085890
v -0.331813 -0.904926 0.000027
v -0.320519 -0.884782 -0.085890
v -0.331813 -0.881035 0.000027
v -0.300482 -0.872797 -0.080522
v -0.311058 -0.869050 0.000027
v -0.300482 -0.830304 -0.080522
v -0.311058 -0.826477 0.000027
v -0.320519 -0.818319 -0.085890
v -0.331813 -0.814572 0.000027
v -0.320519 -0.794454 -0.085890
v -0.331813 -0.790628 0.000027
v -0.300482 -0.782469 -0.080522
v -0.311058 -0.778722 0.000027
v -0.300482 -0.739976 -0.080522
v -0.311058 -0.736149 0.000027
v -0.320519 -0.727991 -0.085890
v -0.331813 -0.724164 0.000027
v -0.320519 -0.704020 -0.085890
v -0.331813 -0.700300 0.000027
v -0.300482 -0.692141 -0.080522
v -0.311058 -0.688315 0.000027
v -0.300482 -0.649542 -0.080522
v -0.311058 -0.645821 0.000027
v -0.311297 -0.638035 -0.083418
v -0.321396 -0.635218 0.000027
v -0.311297 -0.598518 -0.083418
v -0.321396 -0.598678 0.000027
v -0.311297 -0.548850 -0.083418
v -0.321396 -0.548850 -0.000027
v -0.309650 -1.023795 0.082967
v -0.321449 -1.023795 0.000027
v 0.313237 -1.013803 -0.083684
v 0.311058 -1.014707 0.000027
v 0.312387 -1.014255 -0.083472
v 0.281826 -1.011969 -0.163063
v 0.283314 -1.010959 -0.163967
v 0.232795 -1.009764 -0.232795
v 0.234603 -1.008222 -0.234603
v 0.164179 -1.007452 -0.284377
v 0.165907 -1.005485 -0.287327
v 0.084747 -1.005166 -0.316320
v 0.085890 -1.002721 -0.320519
v -0.000027 -1.002881 -0.326605
v -0.000027 -0.999904 -0.331813
v -0.084295 -1.000675 -0.314646
v -0.085890 -0.997167 -0.320519
v -0.162452 -0.998390 -0.281374
v -0.165880 -0.994403 -0.287327
v -0.229128 -0.996104 -0.229128
v -0.234603 -0.991586 -0.234603
v -0.279859 -0.993792 -0.161575
v -0.287327 -0.988849 -0.165907
v -0.311324 -0.991586 -0.083418
v -0.320519 -0.986112 -0.085890
v 0.320519 -0.952840 0.085890
v 0.301305 -0.964347 0.080734
v 0.311058 -0.962062 0.000027
v 0.331813 -0.950077 0.000027
v 0.287327 -0.955657 0.165880
v 0.270904 -0.966580 0.156393
v 0.234603 -0.958394 0.234603
v 0.221793 -0.968865 0.221793
v 0.165907 -0.961158 0.287327
v 0.157296 -0.971150 0.272419
v 0.085890 -0.963975 0.320519
v 0.081611 -0.973436 0.304680
v -0.000027 -0.966712 0.331813
v 0.000027 -0.975642 0.316267
v -0.085890 -0.969476 0.320519
v -0.082090 -0.977927 0.306301
v -0.165880 -0.972213 0.287327
v -0.158997 -0.980212 0.275368
v -0.234603 -0.975030 0.234603
v -0.225461 -0.982524 0.225461
v -0.287327 -0.977794 0.165880
v -0.276883 -0.984730 0.159848
v 0.313237 -1.012793 -0.083684
v 0.283314 -1.008993 -0.163967
v 0.234603 -1.005246 -0.234603
v 0.165907 -1.001499 -0.287327
v 0.085890 -0.997699 -0.320519
v -0.000027 -0.993952 -0.331813
v -0.085890 -0.990231 -0.320519
v -0.165880 -0.986404 -0.287327
v -0.234603 -0.982657 -0.234603
v -0.287327 -0.978857 -0.165907
v 0.320519 -0.929933 0.085890
v 0.331813 -0.926212 0.000027
v 0.287327 -0.933680 0.165880
v 0.234603 -0.937507 0.234603
v 0.165907 -0.941227 0.287327
v 0.085890 -0.944974 0.320519
v -0.000027 -0.948801 0.331813
v -0.085890 -0.952521 0.320519
v -0.165880 -0.956268 0.287327
v -0.234603 -0.960095 0.234603
v -0.287327 -0.963816 0.165880
v 0.300482 -0.917974 0.080495
v 0.311058 -0.914227 0.000027
v 0.269416 -0.921774 0.155516
v 0.219986 -0.925521 0.219986
v 0.155516 -0.929268 0.269416
v 0.080522 -0.933069 0.300482
v -0.000027 -0.936816 0.311058
v -0.080495 -0.940563 0.300482
v -0.155516 -0.944363 0.269416
v -0.219986 -0.948110 0.219986
v -0.269416 -0.951830 0.155516
v -0.300482 -0.955657 0.080495
v 0.300482 -1.000834 -0.080522
v 0.311058 -1.004555 0.000027
v 0.269416 -0.997087 -0.155516
v 0.219986 -0.993261 -0.219986
v 0.155516 -0.989540 -0.269416
v 0.080522 -0.985713 -0.300482
v -0.000027 -0.981966 -0.311058
v -0.080495 -0.978246 -0.300482
v -0.155516 -0.974419 -0.269416
v -0.219986 -0.970699 -0.219986
v -0.269416 -0.966952 -0.155516
v 0.300482 -0.875481 0.080495
v 0.311058 -0.871734 0.000027
v 0.269416 -0.879201 0.155516
v 0.219986 -0.883028 0.219986
v 0.155516 -0.886749 0.269416
v 0.080522 -0.890496 0.300482
v -0.000027 -0.894323 0.311058
v -0.080495 -0.898043 0.300482
v -0.155516 -0.901790 0.269416
v -0.219986 -0.905617 0.219986
v -0.269416 -0.909337 0.155516
v -0.300482 -0.913084 0.080495
v 0.300482 -0.958315 -0.080522
v 0.311058 -0.962062 0.000027
v 0.269416 -0.954515 -0.155516
v 0.219986 -0.950767 -0.219986
v 0.155516 -0.947047 -0.269416
v 0.080522 -0.943220 -0.300482
v -0.000027 -0.939473 -0.311058
v -0.080495 -0.935673 -0.300482
v -0.155516 -0.931926 -0.269416
v -0.219986 -0.928179 -0.219986
v -0.269416 -0.924379 -0.155516
v 0.320519 -0.863496 0.085890
v 0.331813 -0.859749 0.000027
v 0.287327 -0.867296 0.165880
v 0.234603 -0.871043 0.234603
v 0.165907 -0.874790 0.287327
v 0.085890 -0.878590 0.320519
v -0.000027 -0.882337 0.331813
v -0.085890 -0.886084 0.320519
v -0.165880 -0.889885 0.287327
v -0.234603 -0.893632 0.234603
v -0.287327 -0.897379 0.165880
v -0.320519 -0.901179 0.085890
v 0.320519 -0.946356 -0.085890
v 0.331813 -0.950077 0.000027
v 0.287327 -0.942529 -0.165907
v 0.234603 -0.938782 -0.234603
v 0.165907 -0.935062 -0.287327
v 0.085890 -0.931235 -0.320519
v -0.000027 -0.927515 -0.331813
v -0.085890 -0.923767 -0.320519
v -0.165880 -0.919941 -0.287327
v -0.234603 -0.916220 -0.234603
v -0.287327 -0.912473 -0.165907
v 0.320519 -0.839605 0.085890
v 0.331813 -0.835805 0.000027
v 0.287327 -0.843352 0.165880
v 0.234603 -0.847099 0.234603
v 0.165907 -0.850899 0.287327
v 0.085890 -0.854646 0.320519
v -0.000027 -0.858367 0.331813
v -0.085890 -0.862194 0.320519
v -0.165880 -0.865941 0.287327
v -0.234603 -0.869661 0.234603
v -0.287327 -0.873488 0.165880
v -0.320519 -0.877235 0.085890
v 0.320519 -0.922386 -0.085890
v 0.331813 -0.926212 0.000027
v 0.287327 -0.918665 -0.165907
v 0.234603 -0.914918 -0.234603
v 0.165907 -0.911091 -0.287327
v 0.085890 -0.907371 -0.320519
v -0.000027 -0.903624 -0.331813
v -0.085890 -0.899797 -0.320519
v -0.165880 -0.896076 -0.287327
v -0.234603 -0.892329 -0.234603
v -0.287327 -0.888503 -0.165907
v 0.300482 -0.827620 0.080495
v 0.311058 -0.823899 0.000027
v 0.269416 -0.831367 0.155516
v 0.219986 -0.835194 0.219986
v 0.155516 -0.838914 0.269416
v 0.080522 -0.842661 0.300482
v -0.000027 -0.846488 0.311058
v -0.080495 -0.850208 0.300482
v -0.155516 -0.853955 0.269416
v -0.219986 -0.857756 0.219986
v -0.269416 -0.861503 0.155516
v -0.300482 -0.865250 0.080495
v 0.300482 -0.910480 -0.080522
v 0.311058 -0.914227 0.000027
v 0.269416 -0.906680 -0.155516
v 0.219986 -0.902933 -0.219986
v 0.155516 -0.899186 -0.269416
v 0.080522 -0.895386 -0.300482
v -0.000027 -0.891638 -0.311058
v -0.080495 -0.887918 -0.300482
v -0.155516 -0.884091 -0.269416
v -0.219986 -0.880344 -0.219986
v -0.269416 -0.876544 -0.155516
v 0.300482 -0.785127 0.080495
v 0.311058 -0.781326 0.000027
v 0.269416 -0.788874 0.155516
v 0.219986 -0.792621 0.219986
v 0.155516 -0.796421 0.269416
v 0.080522 -0.800168 0.300482
v -0.000027 -0.803915 0.311058
v -0.080495 -0.807715 0.300482
v -0.155516 -0.811462 0.269416
v -0.219986 -0.815183 0.219986
v -0.269416 -0.819010 0.155516
v -0.300482 -0.822757 0.080495
v 0.300482 -0.867907 -0.080522
v 0.311058 -0.871734 0.000027
v 0.269416 -0.864187 -0.155516
v 0.219986 -0.860440 -0.219986
v 0.155516 -0.856613 -0.269416
v 0.080522 -0.852892 -0.300482
v -0.000027 -0.849145 -0.311058
v -0.080495 -0.845319 -0.300482
v -0.155516 -0.841598 -0.269416
v -0.219986 -0.837851 -0.219986
v -0.269416 -0.834051 -0.155516
v 0.320519 -0.773168 0.085890
v 0.331813 -0.769421 0.000027
v 0.287327 -0.776888 0.165880
v 0.234603 -0.780715 0.234603
v 0.165907 -0.784436 0.287327
v 0.085890 -0.788183 0.320519
v -0.000027 -0.792009 0.331813
v -0.085890 -0.795730 0.320519
v -0.165880 -0.799477 0.287327
v -0.234603 -0.803304 0.234603
v -0.287327 -0.807024 0.165880
v -0.320519 -0.810771 0.085890
v 0.320519 -0.856002 -0.085890
v 0.331813 -0.859749 0.000027
v 0.287327 -0.852201 -0.165907
v 0.234603 -0.848454 -0.234603
v 0.165907 -0.844734 -0.287327
v 0.085890 -0.840907 -0.320519
v -0.000027 -0.837160 -0.331813
v -0.085890 -0.833360 -0.320519
v -0.165880 -0.829613 -0.287327
v -0.234603 -0.825866 -0.234603
v -0.287327 -0.822066 -0.165907
v 0.320519 -0.749197 0.085890
v 0.331813 -0.745450 0.000027
v 0.287327 -0.753024 0.165880
v 0.234603 -0.756745 0.234603
v 0.165907 -0.760492 0.287327
v 0.085890 -0.764292 0.320519
v -0.000027 -0.768039 0.331813
v -0.085890 -0.771866 0.320519
v -0.165880 -0.775586 0.287327
v -0.234603 -0.779333 0.234603
v -0.287327 -0.783160 0.165880
v -0.320519 -0.786881 0.085890
v 0.320519 -0.832058 -0.085890
v 0.331813 -0.835805 0.000027
v 0.287327 -0.828311 -0.165907
v 0.234603 -0.824510 -0.234603
v 0.165907 -0.820763 -0.287327
v 0.085890 -0.817016 -0.320519
v -0.000027 -0.813216 -0.331813
v -0.085890 -0.809469 -0.320519
v -0.165880 -0.805722 -0.287327
v -0.234603 -0.801922 -0.234603
v -0.287327 -0.798175 -0.165907
v 0.300482 -0.737292 0.080495
v 0.311058 -0.733492 0.000027
v 0.269416 -0.741039 0.155516
v 0.219986 -0.744786 0.219986
v 0.155516 -0.748586 0.269416
v 0.080522 -0.752333 0.300482
v -0.000027 -0.756054 0.311058
v -0.080495 -0.759881 0.300482
v -0.155516 -0.763628 0.269416
v -0.219986 -0.767348 0.219986
v -0.269416 -0.771175 0.155516
v -0.300482 -0.774922 0.080495
v 0.300482 -0.820072 -0.080522
v 0.311058 -0.823899 0.000027
v 0.269416 -0.816352 -0.155516
v 0.219986 -0.812605 -0.219986
v 0.155516 -0.808778 -0.269416
v 0.080522 -0.805058 -0.300482
v -0.000027 -0.801311 -0.311058
v -0.080495 -0.797484 -0.300482
v -0.155516 -0.793763 -0.269416
v -0.219986 -0.790016 -0.219986
v -0.269416 -0.786190 -0.155516
v 0.300482 -0.694719 0.080495
v 0.311058 -0.690972 0.000027
v 0.269416 -0.698546 0.155516
v 0.219986 -0.702266 0.219986
v 0.155516 -0.706013 0.269416
v 0.080522 -0.709840 0.300482
v -0.000027 -0.713561 0.311058
v -0.080495 -0.717308 0.300482
v -0.155516 -0.721108 0.269416
v -0.219986 -0.724855 0.219986
v -0.269416 -0.728682 0.155516
v -0.300482 -0.732402 0.080495
v 0.300482 -0.777579 -0.080522
v 0.311058 -0.781326 0.000027
v 0.269416 -0.773832 -0.155516
v 0.219986 -0.770032 -0.219986
v 0.155516 -0.766285 -0.269416
v 0.080522 -0.762538 -0.300482
v -0.000027 -0.758738 -0.311058
v -0.080495 -0.754991 -0.300482
v -0.155516 -0.751270 -0.269416
v -0.219986 -0.747444 -0.219986
v -0.269416 -0.743696 -0.155516
v 0.320519 -0.682814 0.085890
v 0.331813 -0.679013 0.000027
v 0.287327 -0.686561 0.165880
v 0.234603 -0.690308 0.234603
v 0.165907 -0.694108 0.287327
v 0.085890 -0.697855 0.320519
v -0.000027 -0.701602 0.331813
v -0.085890 -0.705402 0.320519
v -0.165880 -0.709149 0.287327
v -0.234603 -0.712870 0.234603
v -0.287327 -0.716696 0.165880
v -0.320519 -0.720443 0.085890
v 0.320519 -0.765594 -0.085890
v 0.331813 -0.769421 0.000027
v 0.287327 -0.761874 -0.165907
v 0.234603 -0.758127 -0.234603
v 0.165907 -0.754300 -0.287327
v 0.085890 -0.750579 -0.320519
v -0.000027 -0.746832 -0.331813
v -0.085890 -0.743006 -0.320519
v -0.165880 -0.739285 -0.287327
v -0.234603 -0.735538 -0.234603
v -0.287327 -0.731738 -0.165907
v 0.320519 -0.658870 0.085890
v 0.331813 -0.655123 0.000027
v 0.287327 -0.662670 0.165880
v 0.234603 -0.666417 0.234603
v 0.165907 -0.670164 0.287327
v 0.085890 -0.673964 0.320519
v -0.000027 -0.677711 0.331813
v -0.085890 -0.681458 0.320519
v -0.165880 -0.685258 0.287327
v -0.234603 -0.689005 0.234603
v -0.287327 -0.692726 0.165880
v -0.320519 -0.696553 0.085890
v 0.320519 -0.741730 -0.085890
v 0.331813 -0.745450 0.000027
v 0.287327 -0.737983 -0.165907
v 0.234603 -0.734156 -0.234603
v 0.165907 -0.730436 -0.287327
v 0.085890 -0.726609 -0.320519
v -0.000027 -0.722888 -0.331813
v -0.085890 -0.719141 -0.320519
v -0.165880 -0.715315 -0.287327
v -0.234603 -0.711594 -0.234603
v -0.287327 -0.707847 -0.165907
v 0.309225 -0.646884 0.084083
v 0.331760 -0.640320 0.000027
v 0.269416 -0.650711 0.155516
v 0.219986 -0.654432 0.219986
v 0.155516 -0.658179 0.269416
v 0.080522 -0.661979 0.300482
v -0.000027 -0.665726 0.311058
v -0.080495 -0.669553 0.300482
v -0.155516 -0.673273 0.269416
v -0.219986 -0.677020 0.219986
v -0.269416 -0.680847 0.155516
v -0.300482 -0.684567 0.080495
v 0.300482 -0.729745 -0.080522
v 0.311058 -0.733492 0.000027
v 0.269416 -0.725998 -0.155516
v 0.219986 -0.722197 -0.219986
v 0.155516 -0.718450 -0.269416
v 0.080522 -0.714703 -0.300482
v -0.000027 -0.710903 -0.311058
v -0.080495 -0.707156 -0.300482
v -0.155516 -0.703409 -0.269416
v -0.219986 -0.699609 -0.219986
v -0.269416 -0.695862 -0.155516
v 0.309225 -0.604391 0.084083
v 0.331734 -0.596764 0.000027
v 0.269416 -0.608138 0.155516
v 0.219986 -0.611938 0.219986
v 0.155516 -0.615686 0.269416
v 0.080522 -0.619486 0.300482
v -0.000027 -0.623233 0.311058
v -0.080495 -0.626980 0.300482
v -0.155516 -0.630780 0.269416
v -0.219986 -0.634527 0.219986
v -0.269416 -0.638274 0.155516
v -0.300482 -0.642074 0.080495
v 0.300482 -0.687252 -0.080522
v 0.311058 -0.690972 0.000027
v 0.269416 -0.683425 -0.155516
v 0.219986 -0.679704 -0.219986
v 0.155516 -0.675957 -0.269416
v 0.080522 -0.672130 -0.300482
v -0.000027 -0.668410 -0.311058
v -0.080495 -0.664663 -0.300482
v -0.155516 -0.660836 -0.269416
v -0.219986 -0.657116 -0.219986
v -0.269416 -0.653369 -0.155516
v 0.310048 -0.603541 0.084295
v 0.270904 -0.606358 0.156393
v 0.221793 -0.609281 0.221793
v 0.157243 -0.612178 0.272365
v 0.081611 -0.614995 0.304627
v -0.000027 -0.617891 0.316240
v -0.082063 -0.620788 0.306301
v -0.158971 -0.623685 0.275368
v -0.225461 -0.626501 0.225461
v -0.276883 -0.629425 0.159848
v -0.309623 -0.632321 0.082967
v 0.319589 -0.666869 -0.085624
v 0.331813 -0.679013 0.000027
v 0.285786 -0.663972 -0.165003
v 0.232742 -0.661075 -0.232742
v 0.164126 -0.658258 -0.284324
v 0.084747 -0.655362 -0.316267
v -0.000027 -0.652465 -0.326551
v -0.084295 -0.649542 -0.314593
v -0.162399 -0.646725 -0.281321
v -0.229075 -0.643828 -0.229075
v -0.279833 -0.640932 -0.161575
v 0.310048 -0.600485 0.084295
v 0.270904 -0.600352 0.156393
v 0.221793 -0.600113 0.221793
v 0.157243 -0.599953 0.272365
v 0.081611 -0.599820 0.304627
v -0.000027 -0.599661 0.316240
v -0.082063 -0.599501 0.306301
v -0.158971 -0.599342 0.275368
v -0.225461 -0.599209 0.225461
v -0.276883 -0.599050 0.159848
v -0.309623 -0.598811 0.082967
v 0.319589 -0.596897 -0.085624
v 0.331734 -0.596764 0.000027
v 0.331760 -0.640320 0.000027
v 0.285786 -0.597057 -0.165003
v 0.232742 -0.597216 -0.232742
v 0.164126 -0.597375 -0.284324
v 0.084747 -0.597508 -0.316267
v -0.000027 -0.597748 -0.326551
v -0.084295 -0.597907 -0.314593
v -0.162399 -0.598066 -0.281321
v -0.229075 -0.598199 -0.229075
v -0.279833 -0.598359 -0.161575
v 0.310048 -0.548850 0.084295
v 0.331734 -0.548850 0.000027
v 0.270904 -0.548850 0.156393
v 0.221793 -0.548850 0.221793
v 0.157243 -0.548850 0.272365
v 0.081611 -0.548850 0.304627
v -0.000027 -0.548850 0.316240
v -0.082063 -0.548850 0.306301
v -0.158971 -0.548850 0.275368
v -0.225461 -0.548850 0.225461
v -0.276883 -0.548850 0.159848
v -0.309623 -0.548850 0.082967
v 0.319589 -0.548850 -0.085624
v 0.331734 -0.548850 0.000027
v 0.285786 -0.548850 -0.165003
v 0.232742 -0.548850 -0.232742
v 0.164126 -0.548850 -0.284324
v 0.084747 -0.548850 -0.316267
v -0.000027 -0.548850 -0.326551
v -0.084295 -0.548850 -0.314593
v -0.162399 -0.548850 -0.281321
v -0.229075 -0.548850 -0.229075
v -0.279833 -0.548850 -0.161575
v 0.312387 -1.023795 -0.083472
v 0.311058 -1.023795 0.000027
v 0.281826 -1.023795 -0.163063
v 0.232795 -1.023795 -0.232795
v 0.164179 -1.023795 -0.284377
v 0.084747 -1.023795 -0.316320
v -0.000027 -1.023795 -0.326605
v -0.084295 -1.023795 -0.314646
v -0.162452 -1.023795 -0.281374
v -0.229128 -1.023795 -0.229128
v -0.279859 -1.023795 -0.161575
v -0.311324 -1.023795 -0.083418
v 0.301305 -1.008222 0.080734
v 0.311058 -1.004555 0.000027
v 0.270904 -1.023795 0.156393
v 0.221793 -1.023795 0.221793
v 0.157296 -1.023795 0.272419
v 0.081611 -1.023795 0.304680
v -0.000027 -1.023795 0.316267
v -0.082090 -1.023795 0.306301
v -0.158997 -1.023795 0.275368
v -0.225461 -1.023795 0.225461
v -0.276883 -1.023795 0.159848
v 0.331813 -0.655123 0.000027
v 0.301305 -1.023795 0.080734
v 0.311058 -1.014707 0.000027
v 0.311058 -1.023795 0.000027
v 0.331361 -0.517093 0.000027
v 0.319509 -0.517093 0.088016
v 0.286105 -0.517093 0.167182
v 0.234257 -0.517093 0.234230
v 0.167182 -0.517093 0.286078
v 0.088016 -0.517093 0.319483
v -0.000027 -0.517093 0.331361
v -0.088016 -0.517093 0.319483
v -0.167182 -0.517093 0.286078
v -0.234257 -0.517093 0.234230
v -0.286105 -0.517093 0.167182
v -0.319509 -0.517093 0.088016
v -0.331361 -0.517093 -0.000027
v -0.319509 -0.517093 -0.083418
v -0.286105 -0.517093 -0.161575
v -0.234257 -0.517093 -0.229075
v -0.167182 -0.517093 -0.281321
v -0.088016 -0.517093 -0.314593
v -0.000027 -0.517093 -0.331361
v 0.088016 -0.517093 -0.319509
v 0.167182 -0.517093 -0.286105
v 0.234257 -0.517093 -0.234257
v 0.286105 -0.517093 -0.167182
v 0.319509 -0.517093 -0.088016
v 0.331361 -0.517093 0.000027
v 0.291792 -1.068042 0.000027
v 0.281507 -1.068042 -0.077519
v 0.251717 -1.068042 -0.147225
v 0.204998 -1.068042 -0.206327
v 0.144594 -1.068042 -0.251929
v 0.077519 -1.068042 -0.281374
v -0.000027 -1.068042 -0.291845
v -0.077545 -1.068042 -0.281374
v -0.147225 -1.068042 -0.251929
v -0.206300 -1.068042 -0.206327
v -0.251982 -1.068042 -0.147225
v -0.281427 -1.068042 -0.077519
v -0.291818 -1.068042 0.000027
v -0.281427 -1.068042 0.077519
v -0.251982 -1.068042 0.147225
v -0.206300 -1.068042 0.206300
v -0.147225 -1.068042 0.251929
v -0.077545 -1.068042 0.281374
v -0.000027 -1.068042 0.291818
v 0.077519 -1.068042 0.281374
v 0.147171 -1.068042 0.251929
v 0.206274 -1.068042 0.206300
v 0.251929 -1.068042 0.147225
v 0.281374 -1.068042 0.077519
v 0.291792 -1.068042 0.000027
v 0.213077 -1.100862 0.000027
v 0.205530 -1.100862 -0.056631
v 0.183818 -1.100862 -0.107522
v 0.149643 -1.100862 -0.150679
v 0.105529 -1.100862 -0.183978
v 0.056551 -1.100862 -0.205530
v -0.000053 -1.100862 -0.213104
v -0.056684 -1.100862 -0.205530
v -0.107601 -1.100862 -0.183978
v -0.150706 -1.100862 -0.150679
v -0.184084 -1.100862 -0.107522
v -0.205556 -1.100862 -0.056631
v -0.213183 -1.100862 0.000027
v -0.205556 -1.100862 0.056631
v -0.184084 -1.100862 0.107522
v -0.150706 -1.100862 0.150679
v -0.107601 -1.100862 0.183978
v -0.056684 -1.100862 0.205530
v -0.000053 -1.100862 0.213104
v 0.056551 -1.100862 0.205530
v 0.107469 -1.100862 0.183978
v 0.150573 -1.100862 0.150679
v 0.183951 -1.100862 0.107522
v 0.205423 -1.100862 0.056631
v 0.213077 -1.100862 0.000027
v 0.111189 -1.207507 0.000027
v 0.107256 -1.207507 -0.029578
v 0.205530 -1.100862 -0.056631
v 0.213077 -1.100862 0.000027
v 0.095909 -1.207507 -0.056153
v 0.183818 -1.100862 -0.107522
v 0.078077 -1.207507 -0.078688
v 0.149643 -1.100862 -0.150679
v 0.055010 -1.207507 -0.096095
v 0.105529 -1.100862 -0.183978
v 0.029445 -1.207507 -0.107336
v 0.056551 -1.100862 -0.205530
v -0.000106 -1.207507 -0.111322
v -0.000053 -1.100862 -0.213104
v -0.029684 -1.207507 -0.107336
v -0.056684 -1.100862 -0.205530
v -0.056285 -1.207507 -0.096095
v -0.107601 -1.100862 -0.183978
v -0.078794 -1.207507 -0.078688
v -0.150706 -1.100862 -0.150679
v -0.096227 -1.207507 -0.056153
v -0.184084 -1.100862 -0.107522
v -0.107469 -1.207507 -0.029578
v -0.205556 -1.100862 -0.056631
v -0.111428 -1.207507 0.000027
v -0.213183 -1.100862 0.000027
v -0.107469 -1.207507 0.029578
v -0.205556 -1.100862 0.056631
v -0.096227 -1.207507 0.056153
v -0.184084 -1.100862 0.107522
v -0.078794 -1.207507 0.078688
v -0.150706 -1.100862 0.150679
v -0.056285 -1.207507 0.096095
v -0.107601 -1.100862 0.183978
v -0.029684 -1.207507 0.107336
v -0.056684 -1.100862 0.205530
v -0.000106 -1.207507 0.111295
v -0.000053 -1.100862 0.213104
v 0.029445 -1.207507 0.107336
v 0.056551 -1.100862 0.205530
v 0.056020 -1.207507 0.096095
v 0.107469 -1.100862 0.183978
v 0.078555 -1.207507 0.078688
v 0.150573 -1.100862 0.150679
v 0.095962 -1.207507 0.056153
v 0.183951 -1.100862 0.107522
v 0.107203 -1.207507 0.029578
v 0.205423 -1.100862 0.056631
v 0.111189 -1.207507 0.000027
v 0.213077 -1.100862 0.000027
v 0.107017 -1.218562 0.000027
v 0.103243 -1.218562 -0.028488
v 0.092348 -1.218562 -0.054080
v 0.075180 -1.218562 -0.075738
v 0.052964 -1.218562 -0.092507
v 0.028355 -1.218562 -0.103323
v -0.000106 -1.218562 -0.107150
v -0.028621 -1.218562 -0.103323
v -0.054159 -1.218562 -0.092507
v -0.075871 -1.218562 -0.075738
v -0.092640 -1.218562 -0.054080
v -0.103456 -1.218562 -0.028488
v -0.107283 -1.218562 0.000027
v -0.103456 -1.218562 0.028488
v -0.092640 -1.218562 0.054080
v -0.075871 -1.218562 0.075738
v -0.054159 -1.218562 0.092507
v -0.028621 -1.218562 0.103323
v -0.000106 -1.218562 0.107150
v 0.028355 -1.218562 0.103323
v 0.053947 -1.218562 0.092507
v 0.075605 -1.218562 0.075738
v 0.092374 -1.218562 0.054080
v 0.103190 -1.218562 0.028488
v 0.107017 -1.218562 0.000027
v 0.100400 -1.224594 0.000027
v 0.096892 -1.224594 -0.026708
v 0.086634 -1.224674 -0.050731
v 0.070530 -1.224834 -0.071114
v 0.049721 -1.224913 -0.086820
v 0.026575 -1.224594 -0.096972
v -0.000106 -1.224594 -0.100533
v -0.026841 -1.224594 -0.096972
v -0.050864 -1.224594 -0.086820
v -0.071247 -1.224674 -0.071114
v -0.086953 -1.224594 -0.050731
v -0.097104 -1.224594 -0.026708
v -0.100665 -1.224594 0.000027
v -0.097104 -1.224594 0.026708
v -0.086953 -1.224594 0.050731
v -0.071247 -1.224674 0.071114
v -0.050864 -1.224594 0.086820
v -0.026841 -1.224594 0.096972
v -0.000106 -1.224594 0.100533
v 0.026575 -1.224594 0.096972
v 0.050598 -1.224594 0.086820
v 0.070981 -1.224674 0.071114
v 0.086687 -1.224594 0.050731
v 0.096839 -1.224594 0.026708
v 0.100400 -1.224594 0.000027
v -0.000106 -1.250000 0.000027
v -0.043848 -1.246731 0.000027
v -0.041191 -1.243144 -0.043104
v -0.000106 -1.246492 -0.044805
v 0.043583 -1.246731 0.000027
v 0.040978 -1.243064 0.043078
v -0.000106 -1.246492 0.044805
v 0.032953 -1.231770 0.081797
v -0.000106 -1.233364 0.085039
v -0.033192 -1.231770 -0.081797
v -0.000159 -1.233364 -0.085066
v 0.087272 -1.232221 0.000027
v 0.082090 -1.231158 -0.035105
v 0.096892 -1.224594 -0.026708
v 0.100400 -1.224594 0.000027
v 0.041005 -1.243064 -0.043104
v -0.097104 -1.224594 -0.026708
v -0.082329 -1.231158 -0.035105
v -0.087511 -1.232221 0.000027
v -0.100665 -1.224594 0.000027
v -0.082329 -1.231158 0.035105
v -0.097104 -1.224594 0.026708
v -0.041244 -1.243064 0.043078
v 0.096839 -1.224594 0.026708
v 0.082063 -1.231158 0.035105
v -0.066251 -1.228714 0.066597
v -0.086953 -1.224594 0.050731
v -0.033192 -1.231770 0.081797
v 0.086687 -1.224594 0.050731
v 0.065985 -1.228714 0.066597
v 0.065959 -1.228714 -0.066623
v 0.086634 -1.224674 -0.050731
v 0.032900 -1.231770 -0.081797
v -0.086953 -1.224594 -0.050731
v -0.066251 -1.228714 -0.066623
v -0.071247 -1.224674 0.071114
v -0.050864 -1.224594 0.086820
v -0.026841 -1.224594 0.096972
v -0.000106 -1.224594 0.100533
v 0.026575 -1.224594 0.096972
v 0.050598 -1.224594 0.086820
v 0.070981 -1.224674 0.071114
v 0.070530 -1.224834 -0.071114
v 0.049721 -1.224913 -0.086820
v 0.026575 -1.224594 -0.096972
v -0.000106 -1.224594 -0.100533
v -0.026841 -1.224594 -0.096972
v -0.050864 -1.224594 -0.086820
v -0.071247 -1.224674 -0.071114
v 0.346270 -0.507260 -0.000080
v 0.333939 -0.507260 0.091922
v 0.298967 -0.507260 0.174676
v 0.244781 -0.507260 0.244754
v 0.174729 -0.507260 0.298940
v 0.091975 -0.507260 0.333833
v -0.000027 -0.507260 0.346243
v -0.091975 -0.507260 0.333833
v -0.174729 -0.507260 0.298940
v -0.244781 -0.507260 0.244754
v -0.298967 -0.507260 0.174676
v -0.333913 -0.507260 0.091922
v -0.346270 -0.507260 -0.000080
v -0.333886 -0.507260 -0.087219
v -0.298967 -0.507260 -0.168883
v -0.244781 -0.507340 -0.239466
v -0.174676 -0.507340 -0.294050
v -0.091975 -0.507340 -0.328810
v -0.000027 -0.507260 -0.346376
v 0.091975 -0.507260 -0.333966
v 0.174729 -0.507260 -0.299020
v 0.244781 -0.507260 -0.244834
v 0.298967 -0.507260 -0.174756
v 0.333939 -0.507260 -0.092029
v 0.346270 -0.507260 -0.000080
v 0.307843 -0.509386 0.000027
v 0.297133 -0.509386 0.080761
v 0.333142 -0.504975 0.091577
v 0.345446 -0.504975 -0.000080
v 0.266200 -0.509386 0.154639
v 0.298329 -0.504975 0.174145
v 0.217648 -0.509386 0.217701
v 0.244223 -0.504975 0.244169
v 0.154639 -0.509386 0.266227
v 0.174198 -0.504975 0.298276
v 0.080734 -0.509386 0.297160
v 0.091630 -0.504975 0.333089
v -0.000027 -0.509386 0.307896
v -0.000027 -0.504975 0.345393
v -0.080734 -0.509386 0.297160
v -0.091630 -0.504975 0.333089
v -0.154639 -0.509386 0.266227
v -0.174198 -0.504975 0.298276
v -0.217648 -0.509386 0.217701
v -0.244223 -0.504975 0.244169
v -0.266200 -0.509386 0.154639
v -0.298302 -0.504975 0.174145
v -0.297133 -0.509386 0.080761
v -0.333142 -0.504975 0.091577
v -0.307843 -0.509386 0.000027
v -0.345446 -0.504975 -0.000080
v -0.297133 -0.509386 -0.078582
v -0.333036 -0.504975 -0.087139
v -0.266200 -0.509386 -0.152008
v -0.298143 -0.505055 -0.168644
v -0.217648 -0.509386 -0.215230
v -0.244037 -0.505055 -0.239014
v -0.154639 -0.509386 -0.263994
v -0.174065 -0.505055 -0.293466
v -0.080734 -0.509386 -0.294795
v -0.091550 -0.505055 -0.328066
v -0.000027 -0.509386 -0.307843
v -0.000027 -0.504975 -0.345526
v 0.080734 -0.509386 -0.297080
v 0.091683 -0.504975 -0.333222
v 0.154639 -0.509386 -0.266200
v 0.174198 -0.504975 -0.298356
v 0.217648 -0.509386 -0.217621
v 0.244223 -0.504975 -0.244276
v 0.266200 -0.509386 -0.154586
v 0.298329 -0.504975 -0.174225
v 0.297133 -0.509386 -0.080681
v 0.333142 -0.504975 -0.091710
v 0.227932 -0.697403 0.000159
v 0.219986 -0.697403 0.059953
v 0.197079 -0.697403 0.114617
v 0.161123 -0.697323 0.161309
v 0.114484 -0.697323 0.197265
v 0.059767 -0.697323 0.220119
v -0.000027 -0.697323 0.228118
v -0.059767 -0.697323 0.220119
v -0.114484 -0.697323 0.197265
v -0.161123 -0.697323 0.161309
v -0.197079 -0.697403 0.114617
v -0.219986 -0.697403 0.059953
v -0.227932 -0.697403 0.000159
v -0.219986 -0.697616 -0.058013
v -0.197079 -0.697935 -0.112358
v -0.161123 -0.698147 -0.159236
v -0.114484 -0.698227 -0.195272
v -0.059767 -0.698307 -0.218153
v -0.000027 -0.697536 -0.227773
v 0.059767 -0.697536 -0.219827
v 0.114484 -0.697536 -0.196919
v 0.161123 -0.697536 -0.160990
v 0.197079 -0.697456 -0.114298
v 0.219986 -0.697456 -0.059607
v 0.345446 -0.504975 -0.000080
v 0.333142 -0.504975 0.091577
v 0.298329 -0.504975 0.174145
v 0.244223 -0.504975 0.244169
v 0.174198 -0.504975 0.298276
v 0.091630 -0.504975 0.333089
v -0.000027 -0.504975 0.345393
v -0.091630 -0.504975 0.333089
v -0.174198 -0.504975 0.298276
v -0.244223 -0.504975 0.244169
v -0.298302 -0.504975 0.174145
v -0.333142 -0.504975 0.091577
v -0.345446 -0.504975 -0.000080
v -0.333036 -0.504975 -0.087139
v -0.298143 -0.505055 -0.168644
v -0.244037 -0.505055 -0.239014
v -0.174065 -0.505055 -0.293466
v -0.091550 -0.505055 -0.328066
v -0.000027 -0.504975 -0.345526
v 0.091683 -0.504975 -0.333222
v 0.174198 -0.504975 -0.298356
v 0.244223 -0.504975 -0.244276
v 0.298329 -0.504975 -0.174225
v 0.333142 -0.504975 -0.091710
v 0.345446 -0.504975 -0.000080
v 0.091577 -0.753396 -0.095643
v -0.000027 -0.771866 -0.100400
v -0.000027 -0.772238 -0.000080
v 0.097583 -0.773381 -0.000080
v -0.091577 -0.752944 0.096387
v -0.000027 -0.771175 0.101596
v -0.097583 -0.773381 -0.000080
v -0.075260 -0.712577 0.184642
v -0.000027 -0.715315 0.194661
v 0.075260 -0.713109 -0.183712
v -0.000027 -0.716245 -0.193199
v -0.195139 -0.715022 0.000053
v -0.183180 -0.712870 -0.077466
v -0.091577 -0.753689 -0.094819
v 0.195139 -0.715022 0.000053
v 0.183180 -0.712577 -0.078874
v 0.183180 -0.712418 0.079326
v 0.091577 -0.752944 0.096387
v -0.183180 -0.712418 0.079326
v 0.150546 -0.704552 0.151849
v 0.075260 -0.712577 0.184642
v -0.150546 -0.704552 0.151849
v -0.150546 -0.705482 -0.149669
v -0.075260 -0.713720 -0.182702
v 0.150546 -0.704871 -0.151344
v 0.000080 0.166810 0.062770
v -0.031358 0.143557 0.054372
v -0.031358 0.166810 0.054372
v -0.011666 0.145072 -0.011932
v -0.000053 0.145072 -0.016662
v -0.000053 -0.047489 -0.016662
v -0.011666 -0.047489 -0.011932
v -0.016423 0.145072 -0.000345
v -0.016423 -0.047489 -0.000345
v -0.016423 0.145072 -0.000345
v -0.016423 -0.047489 -0.000345
v 0.011454 0.145072 0.011188
v 0.011454 -0.047489 0.011188
v 0.016264 0.145072 -0.000345
v 0.016264 -0.047489 -0.000345
v 0.011454 0.145072 -0.011932
v 0.011454 -0.047489 -0.011932
v 0.021419 -0.133725 -0.029312
v -0.021419 -0.133725 -0.029312
v -0.021233 -0.176430 -0.042599
v 0.020622 -0.176430 -0.042599
v 0.021419 -0.116079 -0.000425
v -0.021419 -0.116079 -0.000425
v -0.021419 -0.133725 -0.029312
v 0.021419 -0.133725 -0.029312
v 0.021419 -0.133725 0.028515
v -0.021419 -0.133725 0.028515
v 0.020622 -0.176430 0.044380
v -0.021233 -0.176430 0.044380
v 0.035158 -0.218392 0.028515
v -0.035185 -0.218392 -0.029312
v -0.019346 -0.773992 -0.094314
v -0.019346 -0.300349 -0.094314
v 0.018788 -0.300349 -0.094314
v 0.018788 -0.773992 -0.094314
v -0.050200 -0.773992 -0.067580
v -0.050200 -0.300349 -0.067580
v -0.058970 -0.300349 -0.045124
v -0.058970 -0.773992 -0.045124
v -0.060484 -0.773992 -0.029285
v -0.060484 -0.300349 -0.029285
v -0.060484 -0.773992 0.031039
v -0.060484 -0.300349 0.031039
v -0.061919 -0.300349 0.000904
v -0.061919 -0.773992 0.000904
v -0.050200 -0.300349 0.069334
v -0.058970 -0.300349 0.046878
v -0.058970 -0.773992 0.046878
v -0.050200 -0.773992 0.069334
v -0.019346 -0.773992 0.096095
v -0.019346 -0.300349 0.096095
v 0.018788 -0.773992 0.096095
v 0.018788 -0.300349 0.096095
v 0.049615 -0.773992 0.069334
v 0.049615 -0.300349 0.069334
v 0.058411 -0.300349 0.046878
v 0.058411 -0.773992 0.046878
v 0.059900 -0.773992 0.031039
v 0.059900 -0.300349 0.031039
v 0.059900 -0.773992 -0.029285
v 0.059900 -0.300349 -0.029285
v 0.061414 -0.300349 0.000904
v 0.061414 -0.773992 0.000904
v 0.049615 -0.300349 -0.067580
v 0.058411 -0.300349 -0.045124
v 0.058411 -0.773992 -0.045124
v 0.049615 -0.773992 -0.067580
v 0.018788 -0.773992 -0.094314
v 0.018788 -0.300349 -0.094314
v -0.009806 -0.176430 -0.133034
v 0.009195 -0.176430 -0.133034
v -0.018124 -0.176430 -0.095297
v -0.021233 -0.176430 -0.042599
v -0.018124 -0.176430 0.097051
v -0.021233 -0.176430 0.044380
v -0.009806 -0.176430 0.134788
v 0.009195 -0.176430 0.134788
v 0.017486 -0.176430 0.097051
v 0.020622 -0.176430 0.044380
v 0.017486 -0.176430 -0.095297
v 0.020622 -0.176430 -0.042599
v 0.009195 -0.176430 -0.133034
v -0.009806 -0.047037 -0.133034
v 0.009195 -0.047037 -0.133034
v 0.009195 -0.176430 -0.133034
v -0.018124 -0.047037 -0.095297
v -0.021233 -0.047037 -0.042599
v -0.018124 -0.047037 0.097051
v -0.021233 -0.047037 0.044380
v -0.009806 -0.047037 0.134788
v 0.009195 -0.047037 0.134788
v 0.017486 -0.047037 0.097051
v 0.020622 -0.047037 0.044380
v 0.017486 -0.047037 -0.095297
v 0.020622 -0.047037 -0.042599
v 0.009195 -0.047037 -0.133034
v 0.035158 -0.218392 -0.029312
v 0.035158 -0.218392 0.028515
v -0.035185 -0.218392 0.028515
v -0.035185 -0.218392 -0.029312
v -0.021419 -0.133725 -0.029312
v -0.021233 -0.047037 -0.029046
v 0.021419 -0.116079 -0.000425
v 0.020622 -0.047037 -0.000372
v 0.020622 -0.047037 0.028515
v 0.021419 -0.133725 0.028515
v -0.029897 0.164445 -0.048526
v -0.102313 0.512974 0.263330
v 0.174145 0.514568 -0.242814
v -0.287327 0.512974 -0.002764
v -0.220252 0.508934 -0.192933
v -0.222245 0.520388 -0.194634
v -0.292589 0.520388 -0.001515
v -0.289931 0.508934 -0.001515
v -0.228783 0.512363 -0.200082
v -0.220252 0.508934 -0.192933
v -0.289931 0.508934 -0.001515
v -0.301146 0.512363 -0.001515
v -0.043848 0.508934 -0.294741
v -0.044327 0.520388 -0.297425
v -0.045735 0.512363 -0.305823
v -0.043848 0.508934 -0.294741
v 0.176085 0.508934 -0.232184
v 0.177414 0.520388 -0.234417
v 0.181639 0.512363 -0.241831
v 0.176085 0.508934 -0.232184
v -0.043848 0.508934 0.291685
v -0.044327 0.520388 0.294343
v 0.179965 0.520388 0.236543
v 0.178689 0.508934 0.234230
v -0.045735 0.512363 0.302714
v -0.043848 0.508934 0.291685
v 0.178689 0.508934 0.234230
v 0.184243 0.512363 0.243904
v -0.220252 0.508934 0.189851
v -0.222245 0.520388 0.191578
v -0.228783 0.512363 0.197052
v -0.220252 0.508934 0.189851
v 0.176085 0.508934 -0.232184
v 0.181639 0.512363 -0.241831
v 0.177414 0.520388 -0.234417
v 0.179965 0.520388 0.236543
v 0.184243 0.512363 0.243904
v 0.178689 0.508934 0.234230
v 0.020622 -0.047037 -0.042599
v -0.021233 -0.047037 -0.042599
v -0.021419 -0.133725 0.028515
v -0.021233 -0.047037 0.028515
v -0.021419 -0.116079 -0.000425
v -0.021233 -0.047037 -0.000372
v 0.021419 -0.133725 -0.029312
v 0.020622 -0.047037 -0.029046
v -0.041377 -0.236038 -0.000425
v 0.041324 -0.236038 -0.000425
v -0.018124 -0.047037 0.097051
v 0.017486 -0.047037 0.097051
v -0.009806 -0.047037 0.134788
v 0.009195 -0.047037 0.134788
v 0.017486 -0.047037 -0.095297
v -0.018124 -0.047037 -0.095297
v 0.009195 -0.047037 -0.133034
v -0.009806 -0.047037 -0.133034
v -0.062690 0.143557 0.000053
v -0.054213 0.143557 0.031385
v 0.062770 0.143557 0.000053
v 0.054292 0.143557 0.031385
v -0.031358 0.143557 -0.054213
v 0.000080 0.143557 -0.062584
v 0.031385 0.143557 -0.054213
v -0.062690 0.166810 0.000053
v -0.054213 0.166810 0.031385
v 0.000027 0.166810 0.031385
v 0.062770 0.166810 0.000053
v 0.054292 0.166810 0.031385
v 0.000080 0.166810 0.062770
v 0.031385 0.166810 0.054372
v -0.031358 0.166810 0.054372
v 0.031385 0.166810 -0.054213
v 0.000080 0.166810 -0.062584
v -0.031358 0.166810 -0.054213
v -0.000425 -0.179805 0.120092
v 0.003960 -0.179805 0.112598
v -0.004651 -0.304388 0.080362
v -0.000425 -0.304388 0.087883
v 0.003960 -0.304388 0.080362
v 0.003960 -0.304388 0.080362
v -0.000425 -0.304388 -0.084561
v 0.003960 -0.304388 -0.077067
v 0.003960 -0.304388 -0.077067
v -0.000425 -0.304388 -0.084561
v -0.004651 -0.774762 0.080362
v -0.000425 -0.774762 0.087883
v 0.003960 -0.774762 0.080362
v 0.003960 -0.774762 0.080362
v -0.000425 -0.774762 -0.084561
v -0.004651 -0.774762 -0.077067
v 0.003960 -0.304388 -0.077067
v 0.003960 -0.774762 -0.077067
v 0.003960 -0.304388 -0.077067
v 0.003960 -0.304388 -0.077067
v -0.000425 -0.774762 -0.084561
v 0.187113 1.226269 0.000027
v 0.361471 1.154091 0.000027
v 0.349140 1.154091 -0.093570
v 0.180709 1.226269 -0.048419
v 0.313051 1.154091 -0.180709
v 0.162053 1.226269 -0.093570
v 0.255597 1.154091 -0.255597
v 0.132316 1.226269 -0.132316
v 0.180709 1.154091 -0.313051
v 0.093570 1.226269 -0.162053
v 0.093570 1.154091 -0.349140
v 0.048419 1.226269 -0.180709
v 0.000027 1.154091 -0.361471
v 0.000027 1.226269 -0.187113
v -0.093570 1.154091 -0.349140
v -0.048419 1.226269 -0.180709
v -0.180709 1.154091 -0.313051
v -0.093570 1.226269 -0.162053
v -0.255597 1.154091 -0.255597
v -0.132316 1.226269 -0.132316
v -0.313051 1.154091 -0.180709
v -0.162053 1.226269 -0.093570
v -0.349140 1.154091 -0.093570
v -0.180709 1.226269 -0.048419
v -0.361471 1.154091 -0.000027
v -0.187113 1.226269 -0.000027
v -0.349140 1.154091 0.093570
v -0.180709 1.226269 0.048419
v -0.313051 1.154091 0.180709
v -0.162053 1.226269 0.093570
v -0.255597 1.154091 0.255597
v -0.132316 1.226269 0.132316
v -0.180709 1.154091 0.313051
v -0.093570 1.226269 0.162053
v -0.093570 1.154091 0.349140
v -0.048419 1.226269 0.180709
v -0.000027 1.154091 0.361471
v -0.000027 1.226269 0.187113
v 0.093570 1.154091 0.349140
v 0.048419 1.226269 0.180709
v 0.180709 1.154091 0.313051
v 0.093570 1.226269 0.162053
v 0.255597 1.154091 0.255597
v 0.132316 1.226269 0.132316
v 0.313051 1.154091 0.180709
v 0.162053 1.226269 0.093570
v 0.349140 1.154091 0.093570
v 0.180709 1.226269 0.048419
v 0.361471 1.154091 0.000027
v 0.187113 1.226269 0.000027
v 0.511193 1.039208 0.000027
v 0.493787 1.039208 -0.132316
v 0.442710 1.039208 -0.255597
v 0.361471 1.039208 -0.361471
v 0.255597 1.039208 -0.442710
v 0.132316 1.039208 -0.493787
v 0.000027 1.039208 -0.511193
v -0.132316 1.039208 -0.493787
v -0.255597 1.039208 -0.442710
v -0.361471 1.039208 -0.361471
v -0.442710 1.039208 -0.255597
v -0.493787 1.039208 -0.132316
v -0.511193 1.039208 -0.000027
v -0.493787 1.039208 0.132316
v -0.442710 1.039208 0.255597
v -0.361471 1.039208 0.361471
v -0.255597 1.039208 0.442683
v -0.132316 1.039208 0.493787
v -0.000027 1.039208 0.511167
v 0.132316 1.039208 0.493787
v 0.255597 1.039208 0.442683
v 0.361471 1.039208 0.361471
v 0.442710 1.039208 0.255597
v 0.493787 1.039208 0.132316
v 0.511193 1.039208 0.000027
v 0.626076 0.889433 0.000027
v 0.604763 0.889433 -0.162053
v 0.542206 0.889433 -0.313051
v 0.442710 0.889433 -0.442710
v 0.313051 0.889433 -0.542206
v 0.162053 0.889433 -0.604763
v 0.000027 0.889433 -0.626076
v -0.162053 0.889433 -0.604763
v -0.313051 0.889433 -0.542206
v -0.442710 0.889433 -0.442710
v -0.542206 0.889433 -0.313051
v -0.604763 0.889433 -0.162053
v -0.626076 0.889433 -0.000027
v -0.604763 0.889433 0.162053
v -0.542206 0.889433 0.313051
v -0.442710 0.889433 0.442683
v -0.313051 0.889433 0.542206
v -0.162053 0.889433 0.604763
v -0.000027 0.889433 0.626076
v 0.162053 0.889433 0.604763
v 0.313051 0.889433 0.542206
v 0.442710 0.889433 0.442683
v 0.542206 0.889433 0.313051
v 0.604763 0.889433 0.162053
v 0.626076 0.889433 0.000027
v 0.698333 0.715075 0.000027
v 0.674549 0.715075 -0.180709
v 0.604763 0.715075 -0.349140
v 0.493787 0.715075 -0.493787
v 0.349140 0.715075 -0.604763
v 0.180709 0.715075 -0.674549
v 0.000027 0.715075 -0.698333
v -0.180709 0.715075 -0.674549
v -0.349140 0.715075 -0.604763
v -0.493787 0.715075 -0.493787
v -0.604763 0.715075 -0.349140
v -0.674549 0.715075 -0.180709
v -0.698333 0.715075 -0.000027
v -0.674549 0.715075 0.180709
v -0.604763 0.715075 0.349140
v -0.493787 0.715075 0.493787
v -0.349140 0.715075 0.604763
v -0.180709 0.715075 0.674522
v -0.000027 0.715075 0.698307
v 0.180709 0.715075 0.674522
v 0.349140 0.715075 0.604763
v 0.493787 0.715075 0.493787
v 0.604763 0.715075 0.349140
v 0.674549 0.715075 0.180709
v 0.698333 0.715075 0.000027
v 0.722942 0.528015 0.000027
v 0.698333 0.528015 -0.187113
v 0.626076 0.528015 -0.361471
v 0.511193 0.528015 -0.511193
v 0.361471 0.528015 -0.626076
v 0.187113 0.528015 -0.698333
v 0.000027 0.528015 -0.722942
v -0.187113 0.528015 -0.698333
v -0.361471 0.528015 -0.626076
v -0.511193 0.528015 -0.511193
v -0.626076 0.528015 -0.361471
v -0.698333 0.528015 -0.187113
v -0.722942 0.528015 -0.000027
v -0.698333 0.528015 0.187113
v -0.626076 0.528015 0.361471
v -0.511193 0.528015 0.511167
v -0.361471 0.528015 0.626076
v -0.187113 0.528015 0.698307
v -0.000027 0.528015 0.722942
v 0.187113 0.528015 0.698307
v 0.361471 0.528015 0.626076
v 0.511193 0.528015 0.511167
v 0.626076 0.528015 0.361471
v 0.698333 0.528015 0.187113
v 0.722942 0.528015 0.000027
v 0.698333 0.340849 0.000027
v 0.674549 0.340849 -0.180709
v 0.604763 0.340849 -0.349140
v 0.493787 0.340849 -0.493787
v 0.349140 0.340849 -0.604763
v 0.180709 0.340849 -0.674549
v 0.000027 0.340849 -0.698333
v -0.180709 0.340849 -0.674549
v -0.349140 0.340849 -0.604763
v -0.493787 0.340849 -0.493787
v -0.604763 0.340849 -0.349140
v -0.674549 0.340849 -0.180709
v -0.698333 0.340849 -0.000027
v -0.674549 0.340849 0.180709
v -0.604763 0.340849 0.349140
v -0.493787 0.340849 0.493787
v -0.349140 0.340849 0.604763
v -0.180709 0.340849 0.674522
v -0.000027 0.340849 0.698307
v 0.180709 0.340849 0.674522
v 0.349140 0.340849 0.604763
v 0.493787 0.340849 0.493787
v 0.604763 0.340849 0.349140
v 0.674549 0.340849 0.180709
v 0.698333 0.340849 0.000027
v 0.626076 0.166518 0.000027
v 0.604763 0.166518 -0.162053
v 0.542206 0.166518 -0.313051
v 0.442710 0.166518 -0.442710
v 0.313051 0.166518 -0.542206
v 0.162053 0.166518 -0.604763
v 0.000027 0.166518 -0.626076
v -0.162053 0.166518 -0.604763
v -0.313051 0.166518 -0.542206
v -0.442710 0.166518 -0.442710
v -0.542206 0.166518 -0.313051
v -0.604763 0.166518 -0.162053
v -0.626076 0.166518 -0.000027
v -0.604763 0.166518 0.162053
v -0.542206 0.166518 0.313051
v -0.442710 0.166518 0.442683
v -0.313051 0.166518 0.542206
v -0.162053 0.166518 0.604763
v -0.000027 0.166518 0.626076
v 0.162053 0.166518 0.604763
v 0.313051 0.166518 0.542206
v 0.442710 0.166518 0.442683
v 0.542206 0.166518 0.313051
v 0.604763 0.166518 0.162053
v 0.626076 0.166518 0.000027
v 0.390358 -0.234656 0.000027
v 0.377044 -0.234656 -0.101037
v 0.338032 -0.234656 -0.195192
v 0.276033 -0.234656 -0.276033
v 0.195192 -0.234656 -0.338032
v 0.101037 -0.234656 -0.377044
v 0.000027 -0.234656 -0.390358
v -0.101037 -0.234656 -0.377044
v -0.195192 -0.234656 -0.338032
v -0.276033 -0.234656 -0.276033
v -0.338032 -0.234656 -0.195192
v -0.377044 -0.234656 -0.101037
v -0.390358 -0.234656 -0.000027
v -0.377044 -0.234656 0.101037
v -0.338032 -0.234656 0.195192
v -0.276033 -0.234656 0.276033
v -0.195192 -0.234656 0.338032
v -0.101037 -0.234656 0.377044
v -0.000027 -0.234656 0.390358
v 0.101037 -0.234656 0.377044
v 0.195192 -0.234656 0.338032
v 0.276033 -0.234656 0.276033
v 0.338032 -0.234656 0.195192
v 0.377044 -0.234656 0.101037
v 0.390358 -0.234656 0.000027
v 0.361471 -0.453712 0.000027
v 0.349140 -0.453712 -0.093570
v 0.313051 -0.453712 -0.180709
v 0.255597 -0.453712 -0.255597
v 0.180709 -0.453712 -0.313051
v 0.093570 -0.453712 -0.349140
v 0.000027 -0.453712 -0.361471
v -0.093570 -0.453712 -0.349140
v -0.180709 -0.453712 -0.313051
v -0.255597 -0.453712 -0.255597
v -0.313051 -0.453712 -0.180709
v -0.349140 -0.453712 -0.093570
v -0.361471 -0.453712 -0.000027
v -0.349140 -0.453712 0.093570
v -0.313051 -0.453712 0.180709
v -0.255597 -0.453712 0.255597
v -0.180709 -0.453712 0.313051
v -0.093570 -0.453712 0.349140
v -0.000027 -0.453712 0.361471
v 0.093570 -0.453712 0.349140
v 0.180709 -0.453712 0.313051
v 0.255597 -0.453712 0.255597
v 0.313051 -0.453712 0.180709
v 0.349140 -0.453712 0.093570
v 0.361471 -0.453712 0.000027
v 0.340902 -0.506968 -0.000027
v 0.329023 -0.506968 -0.089424
v 0.294795 -0.506968 -0.171222
v 0.241034 -0.506968 -0.241034
v 0.171222 -0.506968 -0.294795
v 0.089424 -0.506968 -0.329023
v 0.000027 -0.506968 -0.340955
v -0.089424 -0.506968 -0.326525
v -0.171222 -0.506968 -0.292350
v -0.241034 -0.506968 -0.238403
v -0.294795 -0.506968 -0.168378
v -0.329023 -0.506968 -0.087033
v -0.340902 -0.506968 -0.000027
v -0.329023 -0.506968 0.089371
v -0.294795 -0.506968 0.171195
v -0.241034 -0.506968 0.241007
v -0.171222 -0.506968 0.294795
v -0.089424 -0.506968 0.328970
v -0.000027 -0.506968 0.340902
v 0.089424 -0.506968 0.328970
v 0.171222 -0.506968 0.294795
v 0.241034 -0.506968 0.241034
v 0.294795 -0.506968 0.171222
v 0.329023 -0.506968 0.089371
v 0.340902 -0.506968 -0.000027
v 0.006112 1.250000 -0.001648
v 0.006325 1.250000 0.000027
v 0.005501 1.250000 -0.003162
v 0.004491 1.250000 -0.004491
v 0.003162 1.250000 -0.005501
v 0.001648 1.250000 -0.006112
v 0.000027 1.250000 -0.006325
v -0.001648 1.250000 -0.006112
v -0.003162 1.250000 -0.005501
v -0.004491 1.250000 -0.004491
v -0.005501 1.250000 -0.003162
v -0.006112 1.250000 -0.001648
v -0.006325 1.250000 0.000027
v -0.006112 1.250000 0.001648
v -0.005501 1.250000 0.003162
v -0.004491 1.250000 0.004465
v -0.003162 1.250000 0.005501
v -0.001648 1.250000 0.006112
v 0.000027 1.250000 0.006325
v 0.001648 1.250000 0.006112
v 0.003162 1.250000 0.005501
v 0.004491 1.250000 0.004465
v 0.005501 1.250000 0.003162
v 0.006112 1.250000 0.001648
v 0.006325 1.250000 0.000027
v -0.002764 1.250000 0.000027
v -0.000027 1.250000 0.000027
v -0.000027 1.250000 -0.002711
v -0.002498 1.250000 -0.002578
v 0.002764 1.250000 0.000027
v -0.000027 1.250000 0.002711
v 0.002498 1.250000 0.002578
v -0.000027 1.250000 0.005262
v 0.001967 1.250000 0.004996
v -0.000027 1.250000 -0.005262
v -0.001967 1.250000 -0.005023
v 0.005501 1.250000 0.000027
v 0.006325 1.250000 0.000027
v 0.006112 1.250000 -0.001648
v 0.004996 1.250000 -0.002232
v 0.002498 1.250000 -0.002578
v -0.004996 1.250000 -0.002232
v -0.006112 1.250000 -0.001648
v -0.006325 1.250000 0.000027
v -0.005501 1.250000 0.000027
v -0.006112 1.250000 0.001648
v -0.004996 1.250000 0.002232
v -0.002498 1.250000 0.002578
v 0.004996 1.250000 0.002232
v 0.006112 1.250000 0.001648
v -0.005501 1.250000 0.003162
v -0.003960 1.250000 0.004305
v -0.001967 1.250000 0.004996
v 0.003960 1.250000 0.004305
v 0.005501 1.250000 0.003162
v 0.005501 1.250000 -0.003162
v 0.003960 1.250000 -0.004305
v 0.001967 1.250000 -0.005023
v -0.003960 1.250000 -0.004305
v -0.005501 1.250000 -0.003162
v 0.003162 1.250000 0.005501
v 0.004491 1.250000 0.004465
v 0.001648 1.250000 0.006112
v 0.000027 1.250000 0.006325
v -0.001648 1.250000 0.006112
v -0.003162 1.250000 0.005501
v -0.004491 1.250000 0.004465
v -0.003162 1.250000 -0.005501
v -0.004491 1.250000 -0.004491
v -0.001648 1.250000 -0.006112
v 0.000027 1.250000 -0.006325
v 0.001648 1.250000 -0.006112
v 0.003162 1.250000 -0.005501
v 0.004491 1.250000 -0.004491
# num_vertices: 1568
vt 0.238350 0.050885
vt 0.298526 0.050885
vt 0.238350 0.055101
vt 0.298526 0.055101
vt 0.362342 0.055101
vt 0.298526 0.059437
vt 0.362342 0.059437
vt 0.435864 0.481732
vt 0.425309 0.441020
vt 0.445570 0.446681
vt 0.455276 0.411510
vt 0.554397 0.055101
vt 0.554397 0.050885
vt 0.590065 0.050885
vt 0.590065 0.046670
vt 0.400680 0.067869
vt 0.206806 0.064737
vt 0.400680 0.064737
vt 0.206806 0.061003
vt 0.400680 0.061003
vt 0.441323 0.215178
vt 0.441323 0.199640
vt 0.456731 0.215178
vt 0.456731 0.199640
vt 0.477842 0.215178
vt 0.401772 0.060883
vt 0.595646 0.064737
vt 0.401772 0.064737
vt 0.595646 0.068230
vt 0.480753 0.046670
vt 0.480753 0.050885
vt 0.362342 0.050885
vt 0.285181 0.187956
vt 0.379085 0.229391
vt 0.277659 0.229391
vt 0.371563 0.270946
vt 0.362100 0.036673
vt 0.480390 0.040527
vt 0.362100 0.040527
vt 0.480390 0.045224
vt 0.400680 0.071000
vt 0.206806 0.067869
vt 0.362100 0.045224
vt 0.298284 0.045224
vt 0.298284 0.040527
vt 0.362100 0.032577
vt 0.480390 0.036673
vt 0.480390 0.032577
vt 0.554154 0.036673
vt 0.554154 0.040527
vt 0.011719 0.066785
vt 0.011719 0.063894
vt 0.205593 0.063894
vt 0.205593 0.060762
vt 0.395827 0.411148
vt 0.405048 0.435479
vt 0.384787 0.429938
vt 0.384666 0.451740
vt 0.420335 0.199640
vt 0.420335 0.215178
vt 0.399346 0.199640
vt 0.399346 0.215178
vt 0.498952 0.183139
vt 0.498952 0.198676
vt 0.477963 0.183139
vt 0.477963 0.198676
vt 0.590065 0.059437
vt 0.590065 0.055101
vt 0.594676 0.055101
vt 0.594676 0.050885
vt 0.521154 0.481129
vt 0.510599 0.440418
vt 0.530860 0.446079
vt 0.540444 0.410908
vt 0.383938 0.215178
vt 0.383938 0.199640
vt 0.594433 0.032577
vt 0.594433 0.036673
vt 0.589823 0.032577
vt 0.589823 0.036673
vt 0.554397 0.046670
vt 0.480753 0.055101
vt 0.362342 0.046670
vt 0.298526 0.046670
vt 0.480753 0.059437
vt 0.441445 0.183139
vt 0.441445 0.198676
vt 0.420456 0.183139
vt 0.420456 0.198676
vt 0.399467 0.183139
vt 0.399467 0.198676
vt 0.554154 0.032577
vt 0.589823 0.040527
vt 0.589823 0.045224
vt 0.594433 0.040527
vt 0.594433 0.045224
vt 0.401772 0.071362
vt 0.401772 0.068230
vt 0.595646 0.071362
vt 0.406018 0.398381
vt 0.406018 0.217587
vt 0.428706 0.398381
vt 0.428706 0.217587
vt 0.384059 0.183139
vt 0.384059 0.198676
vt 0.205593 0.070639
vt 0.011719 0.070639
vt 0.205593 0.066785
vt 0.594676 0.046670
vt 0.554154 0.045224
vt 0.177325 0.481009
vt 0.148207 0.481009
vt 0.177325 0.447524
vt 0.148207 0.447524
vt 0.119090 0.481009
vt 0.119090 0.447524
vt 0.102468 0.481009
vt 0.102468 0.447524
vt 0.456853 0.183139
vt 0.456853 0.198676
vt 0.554397 0.059437
vt 0.846057 0.704442
vt 0.849333 0.704442
vt 0.848847 0.725039
vt 0.845814 0.724918
vt 0.852608 0.704442
vt 0.851880 0.725039
vt 0.856733 0.745876
vt 0.850789 0.745635
vt 0.857825 0.725159
vt 0.867531 0.746117
vt 0.868623 0.725159
vt 0.873476 0.746358
vt 0.874568 0.725279
vt 0.879421 0.746358
vt 0.880634 0.725279
vt 0.885366 0.746599
vt 0.886458 0.725520
vt 0.896163 0.746719
vt 0.897255 0.725400
vt 0.902108 0.746960
vt 0.903200 0.725641
vt 0.908053 0.746960
vt 0.909145 0.725641
vt 0.913998 0.747201
vt 0.915090 0.725761
vt 0.924796 0.747322
vt 0.925888 0.725641
vt 0.930740 0.747442
vt 0.931832 0.725761
vt 0.936807 0.747442
vt 0.937899 0.725761
vt 0.942751 0.747683
vt 0.943965 0.725882
vt 0.953549 0.747683
vt 0.954762 0.725761
vt 0.957674 0.747803
vt 0.958523 0.725761
vt 0.967744 0.747803
vt 0.967865 0.725761
vt 0.980483 0.748044
vt 0.980604 0.725761
vt 0.836715 0.704683
vt 0.837079 0.725039
vt 0.817667 0.951001
vt 0.810388 0.970755
vt 0.817303 0.950760
vt 0.823734 0.930525
vt 0.824098 0.930765
vt 0.828465 0.909928
vt 0.828829 0.910169
vt 0.832105 0.889211
vt 0.832833 0.889572
vt 0.835017 0.868614
vt 0.836109 0.868975
vt 0.837564 0.848137
vt 0.838899 0.848378
vt 0.839748 0.827541
vt 0.841447 0.827782
vt 0.841568 0.807064
vt 0.843509 0.807305
vt 0.843145 0.786468
vt 0.845329 0.786708
vt 0.844359 0.765991
vt 0.846906 0.766112
vt 0.845329 0.745515
vt 0.847998 0.745635
vt 0.830406 0.497751
vt 0.824219 0.499558
vt 0.817667 0.479563
vt 0.824825 0.476552
vt 0.835381 0.518589
vt 0.829921 0.520034
vt 0.839506 0.539427
vt 0.834531 0.540511
vt 0.842539 0.560144
vt 0.837807 0.561107
vt 0.844844 0.580861
vt 0.840234 0.581584
vt 0.846421 0.601578
vt 0.842175 0.602060
vt 0.847634 0.622175
vt 0.843509 0.622536
vt 0.848483 0.642772
vt 0.844480 0.643013
vt 0.848726 0.663369
vt 0.845086 0.663489
vt 0.849697 0.683965
vt 0.846057 0.683965
vt 0.818153 0.950880
vt 0.824462 0.930645
vt 0.829072 0.910289
vt 0.833439 0.889692
vt 0.837079 0.869096
vt 0.840234 0.848619
vt 0.843024 0.828022
vt 0.845450 0.807426
vt 0.847513 0.786829
vt 0.849333 0.766232
vt 0.836715 0.496426
vt 0.832469 0.474866
vt 0.840961 0.517384
vt 0.844601 0.538343
vt 0.847270 0.559301
vt 0.849333 0.580138
vt 0.850789 0.600976
vt 0.851759 0.621693
vt 0.852366 0.642411
vt 0.852366 0.663128
vt 0.853336 0.683845
vt 0.843388 0.495463
vt 0.840112 0.474625
vt 0.847028 0.516541
vt 0.850425 0.537620
vt 0.853094 0.558578
vt 0.855035 0.579536
vt 0.856612 0.600494
vt 0.857583 0.621332
vt 0.858189 0.642170
vt 0.858311 0.663007
vt 0.859160 0.683725
vt 0.858553 0.704442
vt 0.822763 0.951844
vt 0.815120 0.971477
vt 0.829314 0.931729
vt 0.834653 0.911253
vt 0.839142 0.890656
vt 0.842903 0.870059
vt 0.846057 0.849342
vt 0.848969 0.828625
vt 0.851395 0.808028
vt 0.853458 0.787311
vt 0.855278 0.766593
vt 0.854792 0.493656
vt 0.851880 0.472698
vt 0.857947 0.514735
vt 0.860980 0.535934
vt 0.863528 0.557133
vt 0.865590 0.578332
vt 0.867167 0.599410
vt 0.868259 0.620489
vt 0.868866 0.641447
vt 0.869108 0.662405
vt 0.869836 0.683363
vt 0.869351 0.704321
vt 0.833803 0.954253
vt 0.827495 0.974488
vt 0.839870 0.933656
vt 0.845086 0.912939
vt 0.849697 0.892101
vt 0.853458 0.871264
vt 0.856733 0.850426
vt 0.859645 0.829468
vt 0.862072 0.808630
vt 0.864255 0.787793
vt 0.866075 0.766955
vt 0.861344 0.492692
vt 0.858917 0.471012
vt 0.864134 0.514132
vt 0.867046 0.535452
vt 0.869472 0.556651
vt 0.871535 0.577850
vt 0.872991 0.599049
vt 0.874083 0.620127
vt 0.874811 0.641206
vt 0.875053 0.662285
vt 0.875781 0.683363
vt 0.875296 0.704321
vt 0.840234 0.955578
vt 0.834774 0.976777
vt 0.845814 0.934620
vt 0.850910 0.913782
vt 0.855520 0.892944
vt 0.859281 0.871986
vt 0.862557 0.851028
vt 0.865469 0.830070
vt 0.868016 0.809112
vt 0.870200 0.788154
vt 0.872020 0.767316
vt 0.867895 0.492090
vt 0.866075 0.470168
vt 0.870443 0.513530
vt 0.872991 0.534850
vt 0.875417 0.556169
vt 0.877358 0.577368
vt 0.878936 0.598567
vt 0.880027 0.619766
vt 0.880755 0.640965
vt 0.880877 0.662164
vt 0.881847 0.683243
vt 0.881362 0.704321
vt 0.846785 0.956421
vt 0.842296 0.977861
vt 0.852002 0.935342
vt 0.856855 0.914384
vt 0.861344 0.893426
vt 0.865105 0.872468
vt 0.868502 0.851510
vt 0.871414 0.830431
vt 0.873961 0.809473
vt 0.876145 0.788515
vt 0.877965 0.767437
vt 0.874568 0.491849
vt 0.873112 0.470771
vt 0.876752 0.513169
vt 0.879057 0.534488
vt 0.881241 0.555808
vt 0.883182 0.577127
vt 0.884759 0.598326
vt 0.885972 0.619646
vt 0.886700 0.640845
vt 0.886943 0.662044
vt 0.887671 0.683122
vt 0.887186 0.704321
vt 0.853336 0.957023
vt 0.849454 0.977741
vt 0.858068 0.936065
vt 0.862678 0.914987
vt 0.867167 0.894149
vt 0.871050 0.873070
vt 0.874325 0.851992
vt 0.877358 0.830913
vt 0.879906 0.809835
vt 0.882090 0.788756
vt 0.883910 0.767677
vt 0.885851 0.490765
vt 0.884516 0.469807
vt 0.887792 0.512085
vt 0.889855 0.533404
vt 0.892038 0.554844
vt 0.893858 0.576164
vt 0.895435 0.597603
vt 0.896649 0.618923
vt 0.897377 0.640242
vt 0.897741 0.661562
vt 0.898347 0.682881
vt 0.897983 0.704201
vt 0.864619 0.958228
vt 0.860980 0.978945
vt 0.868987 0.937149
vt 0.873476 0.916191
vt 0.877844 0.895113
vt 0.881726 0.874034
vt 0.885002 0.852835
vt 0.888035 0.831636
vt 0.890583 0.810437
vt 0.892888 0.789238
vt 0.894708 0.768039
vt 0.892281 0.490283
vt 0.891068 0.468362
vt 0.893980 0.511844
vt 0.895921 0.533284
vt 0.897983 0.554603
vt 0.899803 0.576043
vt 0.901380 0.597363
vt 0.902594 0.618803
vt 0.903321 0.640122
vt 0.903807 0.661562
vt 0.904171 0.682881
vt 0.903928 0.704201
vt 0.870928 0.958951
vt 0.867410 0.980631
vt 0.875175 0.937751
vt 0.879421 0.916673
vt 0.883910 0.895594
vt 0.887671 0.874516
vt 0.890947 0.853317
vt 0.893980 0.832118
vt 0.896527 0.810798
vt 0.898832 0.789479
vt 0.900652 0.768280
vt 0.898711 0.489922
vt 0.897862 0.468000
vt 0.900167 0.511482
vt 0.901987 0.532922
vt 0.904049 0.554362
vt 0.905869 0.575682
vt 0.907325 0.597122
vt 0.908538 0.618562
vt 0.909388 0.640002
vt 0.909873 0.661321
vt 0.910116 0.682761
vt 0.909873 0.704201
vt 0.877358 0.959432
vt 0.874083 0.981113
vt 0.881362 0.938233
vt 0.885487 0.917034
vt 0.889976 0.895956
vt 0.893616 0.874877
vt 0.897013 0.853558
vt 0.899924 0.832359
vt 0.902594 0.811039
vt 0.904777 0.789720
vt 0.906597 0.768400
vt 0.905141 0.489922
vt 0.904413 0.468844
vt 0.906476 0.511362
vt 0.908053 0.532802
vt 0.909994 0.554242
vt 0.911814 0.575561
vt 0.913270 0.597001
vt 0.914483 0.618441
vt 0.915332 0.639881
vt 0.915818 0.661321
vt 0.916060 0.682761
vt 0.915818 0.704321
vt 0.883667 0.959794
vt 0.880634 0.980631
vt 0.887549 0.938715
vt 0.891553 0.917516
vt 0.896042 0.896558
vt 0.899560 0.875238
vt 0.902957 0.854039
vt 0.905869 0.832720
vt 0.908538 0.811400
vt 0.910722 0.789961
vt 0.912542 0.768641
vt 0.916182 0.489199
vt 0.915332 0.468241
vt 0.917395 0.510519
vt 0.918851 0.531959
vt 0.920792 0.553399
vt 0.922612 0.574839
vt 0.924068 0.596279
vt 0.925281 0.617839
vt 0.926130 0.639399
vt 0.926615 0.660960
vt 0.926737 0.682520
vt 0.926615 0.704080
vt 0.894708 0.960757
vt 0.891432 0.981474
vt 0.898469 0.939679
vt 0.902472 0.918480
vt 0.906840 0.897401
vt 0.910358 0.876082
vt 0.913634 0.854762
vt 0.916667 0.833322
vt 0.919215 0.811882
vt 0.921520 0.790322
vt 0.923340 0.768882
vt 0.922490 0.488838
vt 0.921399 0.467037
vt 0.923461 0.510398
vt 0.924917 0.531838
vt 0.926979 0.553278
vt 0.928678 0.574718
vt 0.930134 0.596158
vt 0.931226 0.617719
vt 0.932075 0.639279
vt 0.932560 0.660839
vt 0.932803 0.682520
vt 0.932560 0.704201
vt 0.900774 0.961480
vt 0.897255 0.983161
vt 0.904656 0.940281
vt 0.908538 0.919082
vt 0.912906 0.897883
vt 0.916424 0.876563
vt 0.919700 0.855123
vt 0.922612 0.833684
vt 0.925281 0.812244
vt 0.927465 0.790683
vt 0.929285 0.769002
vt 0.928678 0.488597
vt 0.927707 0.466675
vt 0.929406 0.510278
vt 0.931104 0.531597
vt 0.933046 0.552917
vt 0.934744 0.574357
vt 0.936200 0.595797
vt 0.937292 0.617478
vt 0.938141 0.639038
vt 0.938626 0.660719
vt 0.938869 0.682400
vt 0.938626 0.704080
vt 0.906840 0.961962
vt 0.903443 0.983522
vt 0.910843 0.940642
vt 0.914604 0.919443
vt 0.919093 0.898244
vt 0.922490 0.876925
vt 0.925766 0.855485
vt 0.928678 0.833924
vt 0.931347 0.812364
vt 0.933531 0.790804
vt 0.935351 0.769123
vt 0.932924 0.489199
vt 0.931104 0.466796
vt 0.935351 0.510278
vt 0.937292 0.531357
vt 0.939233 0.552676
vt 0.940810 0.574116
vt 0.942266 0.595676
vt 0.943358 0.617237
vt 0.944207 0.638918
vt 0.944693 0.660598
vt 0.944814 0.682400
vt 0.944571 0.704080
vt 0.912906 0.962323
vt 0.909388 0.983161
vt 0.916910 0.941244
vt 0.920792 0.920045
vt 0.925160 0.898846
vt 0.928557 0.877407
vt 0.931832 0.855967
vt 0.934744 0.834406
vt 0.937292 0.812725
vt 0.939476 0.791045
vt 0.941296 0.769364
vt 0.943722 0.487874
vt 0.941781 0.465712
vt 0.946027 0.509073
vt 0.948211 0.530273
vt 0.950031 0.551592
vt 0.951729 0.573152
vt 0.953064 0.594713
vt 0.954156 0.616514
vt 0.955005 0.638315
vt 0.955490 0.660117
vt 0.955733 0.682038
vt 0.955490 0.703960
vt 0.923825 0.963648
vt 0.919579 0.984365
vt 0.927829 0.942569
vt 0.931832 0.921250
vt 0.935836 0.899930
vt 0.939354 0.878370
vt 0.942630 0.856689
vt 0.945542 0.835009
vt 0.948090 0.813207
vt 0.950395 0.791406
vt 0.951972 0.769605
vt 0.944086 0.487995
vt 0.946755 0.509073
vt 0.949182 0.530273
vt 0.951487 0.551592
vt 0.953428 0.573032
vt 0.955005 0.594713
vt 0.956340 0.616394
vt 0.957432 0.638195
vt 0.958281 0.660117
vt 0.958766 0.682038
vt 0.958887 0.703840
vt 0.930862 0.964853
vt 0.924796 0.986172
vt 0.934865 0.943533
vt 0.938505 0.922093
vt 0.942145 0.900533
vt 0.945299 0.878852
vt 0.948211 0.857051
vt 0.950759 0.835249
vt 0.953064 0.813448
vt 0.955126 0.791647
vt 0.956340 0.769725
vt 0.944814 0.487874
vt 0.948332 0.508833
vt 0.951608 0.529911
vt 0.954641 0.551231
vt 0.957310 0.572671
vt 0.959737 0.594351
vt 0.961799 0.616032
vt 0.963619 0.637833
vt 0.965196 0.659755
vt 0.966652 0.681677
vt 0.967501 0.703719
vt 0.948454 0.967743
vt 0.944571 0.989545
vt 0.933774 0.987738
vt 0.951851 0.945942
vt 0.954884 0.924141
vt 0.957674 0.902219
vt 0.960101 0.880177
vt 0.962284 0.858255
vt 0.963983 0.836093
vt 0.965439 0.814050
vt 0.966652 0.792008
vt 0.967259 0.769966
vt 0.957796 0.485345
vt 0.953064 0.463423
vt 0.961314 0.506544
vt 0.964711 0.527864
vt 0.967744 0.549544
vt 0.970292 0.571225
vt 0.972718 0.593147
vt 0.974781 0.615069
vt 0.976479 0.636990
vt 0.977935 0.659153
vt 0.979512 0.681316
vt 0.980240 0.703478
vt 0.960465 0.969911
vt 0.956340 0.991713
vt 0.964104 0.947869
vt 0.967137 0.925827
vt 0.970049 0.903664
vt 0.972476 0.881502
vt 0.974781 0.859219
vt 0.976479 0.836936
vt 0.978056 0.814773
vt 0.979270 0.792610
vt 0.979998 0.770327
vt 0.814998 0.949556
vt 0.806020 0.968586
vt 0.821064 0.929320
vt 0.825432 0.908964
vt 0.828223 0.888367
vt 0.830528 0.867891
vt 0.832348 0.847535
vt 0.833925 0.827059
vt 0.835138 0.806583
vt 0.836109 0.786227
vt 0.836715 0.765750
vt 0.837079 0.745394
vt 0.813057 0.503653
vt 0.806020 0.484020
vt 0.816090 0.524491
vt 0.821064 0.544124
vt 0.824825 0.563878
vt 0.827737 0.583752
vt 0.830042 0.603746
vt 0.831984 0.623861
vt 0.833439 0.643976
vt 0.834774 0.664212
vt 0.835987 0.684447
vt 0.930376 0.987136
vt 0.808932 0.505340
vt 0.802138 0.485586
vt 0.798620 0.487272
vt 0.960343 0.461255
vt 0.966045 0.483297
vt 0.970656 0.504858
vt 0.973931 0.526298
vt 0.976843 0.547858
vt 0.979391 0.569659
vt 0.981696 0.592304
vt 0.983759 0.614948
vt 0.985336 0.636990
vt 0.986549 0.658792
vt 0.988369 0.680593
vt 0.988854 0.702756
vt 0.989097 0.725882
vt 0.988854 0.747683
vt 0.988248 0.769846
vt 0.987398 0.792008
vt 0.986185 0.814291
vt 0.984608 0.836574
vt 0.982909 0.859941
vt 0.980604 0.882947
vt 0.978056 0.905110
vt 0.975266 0.927032
vt 0.972112 0.948833
vt 0.968593 0.970995
vt 0.963983 0.993399
vt 0.793524 0.961360
vt 0.802259 0.943413
vt 0.807598 0.924743
vt 0.811116 0.905471
vt 0.813785 0.885718
vt 0.816212 0.866566
vt 0.818153 0.846090
vt 0.819730 0.825373
vt 0.821064 0.805378
vt 0.822035 0.785624
vt 0.822763 0.765871
vt 0.823248 0.745756
vt 0.823370 0.725159
vt 0.823127 0.704562
vt 0.822520 0.684568
vt 0.821550 0.664935
vt 0.820458 0.645422
vt 0.819002 0.625668
vt 0.817303 0.605433
vt 0.815120 0.585318
vt 0.812451 0.566166
vt 0.809053 0.547497
vt 0.804565 0.529309
vt 0.797770 0.511482
vt 0.786973 0.494981
vt 0.775326 0.947869
vt 0.782362 0.934258
vt 0.786730 0.918480
vt 0.789884 0.901135
vt 0.792311 0.882586
vt 0.794616 0.863916
vt 0.796557 0.844042
vt 0.798134 0.823927
vt 0.799348 0.804174
vt 0.800318 0.784661
vt 0.801046 0.765148
vt 0.801531 0.745394
vt 0.801653 0.725279
vt 0.801410 0.705164
vt 0.800804 0.685531
vt 0.799833 0.666139
vt 0.798741 0.646867
vt 0.797406 0.627475
vt 0.795708 0.607842
vt 0.793646 0.588570
vt 0.791098 0.570262
vt 0.788065 0.553037
vt 0.784182 0.537018
vt 0.778965 0.522684
vt 0.770473 0.510639
vt 0.884152 0.414521
vt 0.892160 0.417532
vt 0.880634 0.457762
vt 0.865590 0.451860
vt 0.900288 0.418978
vt 0.895921 0.460653
vt 0.908660 0.419098
vt 0.911450 0.460653
vt 0.916910 0.417653
vt 0.926737 0.458124
vt 0.924553 0.415123
vt 0.941053 0.453546
vt 0.932075 0.410908
vt 0.955005 0.445838
vt 0.938869 0.405367
vt 0.967380 0.435961
vt 0.944329 0.398983
vt 0.977571 0.424518
vt 0.948696 0.391997
vt 0.985578 0.411751
vt 0.951972 0.384288
vt 0.991523 0.398020
vt 0.954035 0.376098
vt 0.995163 0.383325
vt 0.954641 0.367305
vt 0.996498 0.367787
vt 0.954035 0.358633
vt 0.995284 0.352249
vt 0.951972 0.350322
vt 0.991887 0.337675
vt 0.948939 0.342613
vt 0.986185 0.323702
vt 0.944571 0.335506
vt 0.978178 0.310574
vt 0.938990 0.329243
vt 0.967865 0.299010
vt 0.932196 0.323823
vt 0.955248 0.288893
vt 0.924674 0.319607
vt 0.941174 0.281184
vt 0.916667 0.316957
vt 0.926373 0.276246
vt 0.908538 0.315632
vt 0.911207 0.273957
vt 0.900288 0.315753
vt 0.895799 0.274198
vt 0.892160 0.317439
vt 0.880391 0.277209
vt 0.884152 0.320450
vt 0.865347 0.283111
vt 0.885366 0.411510
vt 0.893009 0.414280
vt 0.900652 0.415726
vt 0.908417 0.415726
vt 0.916060 0.414401
vt 0.923218 0.411992
vt 0.930255 0.408017
vt 0.936564 0.402958
vt 0.941660 0.397056
vt 0.945785 0.390431
vt 0.948818 0.383204
vt 0.950637 0.375496
vt 0.951244 0.367305
vt 0.950637 0.359114
vt 0.948696 0.351406
vt 0.946027 0.344179
vt 0.941902 0.337554
vt 0.936685 0.331652
vt 0.930376 0.326593
vt 0.923340 0.322739
vt 0.915939 0.320209
vt 0.908296 0.319005
vt 0.900652 0.319125
vt 0.893009 0.320571
vt 0.885487 0.323462
vt 0.886458 0.409221
vt 0.893616 0.411871
vt 0.900895 0.413196
vt 0.908174 0.413196
vt 0.915454 0.411992
vt 0.922248 0.409703
vt 0.928799 0.405969
vt 0.934744 0.401151
vt 0.939718 0.395490
vt 0.943479 0.389227
vt 0.946391 0.382361
vt 0.948090 0.375134
vt 0.948818 0.367305
vt 0.948090 0.359596
vt 0.946270 0.352249
vt 0.943722 0.345263
vt 0.939840 0.339000
vt 0.934987 0.333459
vt 0.929042 0.328641
vt 0.922248 0.325027
vt 0.915332 0.322618
vt 0.908174 0.321534
vt 0.900895 0.321655
vt 0.893737 0.323100
vt 0.886579 0.325750
vt 0.813664 0.404524
vt 0.813542 0.389829
vt 0.827980 0.390552
vt 0.828708 0.404403
vt 0.813664 0.419098
vt 0.799226 0.418375
vt 0.798620 0.404524
vt 0.785517 0.415966
vt 0.784304 0.404644
vt 0.841689 0.392961
vt 0.843024 0.404283
vt 0.813785 0.434636
vt 0.825796 0.432829
vt 0.823370 0.438490
vt 0.813785 0.439815
vt 0.828223 0.418255
vt 0.822884 0.370437
vt 0.825553 0.376098
vt 0.813421 0.374291
vt 0.813421 0.369112
vt 0.801410 0.376218
vt 0.803837 0.370557
vt 0.799105 0.390793
vt 0.804322 0.438490
vt 0.801774 0.432950
vt 0.790612 0.381879
vt 0.795708 0.374412
vt 0.785396 0.393202
vt 0.796072 0.434756
vt 0.790855 0.427289
vt 0.836594 0.427048
vt 0.831498 0.434516
vt 0.841932 0.415726
vt 0.831134 0.374171
vt 0.836351 0.381638
vt 0.788914 0.379952
vt 0.783333 0.386818
vt 0.779572 0.395129
vt 0.778237 0.404644
vt 0.779693 0.414160
vt 0.783576 0.422471
vt 0.789156 0.429216
vt 0.838414 0.428854
vt 0.843873 0.421748
vt 0.847634 0.413798
vt 0.848969 0.404283
vt 0.847634 0.394767
vt 0.843631 0.386577
vt 0.838050 0.379711
vt 0.964347 0.459208
vt 0.970413 0.481972
vt 0.975145 0.503894
vt 0.978420 0.525575
vt 0.981332 0.547135
vt 0.983880 0.569178
vt 0.986185 0.591942
vt 0.988248 0.614707
vt 0.989825 0.636749
vt 0.990795 0.658551
vt 0.993222 0.680352
vt 0.993464 0.702756
vt 0.993707 0.725882
vt 0.993464 0.747803
vt 0.992858 0.769966
vt 0.991887 0.792249
vt 0.990674 0.814532
vt 0.989097 0.836936
vt 0.987520 0.860423
vt 0.985093 0.883429
vt 0.982545 0.905712
vt 0.979755 0.927634
vt 0.976601 0.949676
vt 0.973082 0.971959
vt 0.968108 0.994965
vt 0.726918 0.042454
vt 0.690521 0.047874
vt 0.686881 0.036432
vt 0.727039 0.030409
vt 0.657521 0.063051
vt 0.650970 0.052692
vt 0.629253 0.085575
vt 0.620518 0.076782
vt 0.606444 0.113639
vt 0.596132 0.107135
vt 0.591157 0.146642
vt 0.579753 0.143029
vt 0.585819 0.183259
vt 0.573930 0.183259
vt 0.591279 0.219755
vt 0.579874 0.223489
vt 0.606565 0.252878
vt 0.596253 0.259383
vt 0.629253 0.280943
vt 0.620639 0.289615
vt 0.657521 0.303347
vt 0.651091 0.313826
vt 0.690642 0.318523
vt 0.686881 0.330086
vt 0.727160 0.324064
vt 0.727160 0.335988
vt 0.762829 0.318644
vt 0.765741 0.330086
vt 0.795708 0.303467
vt 0.801289 0.313705
vt 0.823976 0.280943
vt 0.831862 0.289615
vt 0.846785 0.252878
vt 0.856248 0.259262
vt 0.862072 0.219875
vt 0.872627 0.223368
vt 0.867895 0.183259
vt 0.879906 0.183139
vt 0.862557 0.146763
vt 0.874083 0.143029
vt 0.847392 0.113639
vt 0.857704 0.107135
vt 0.824704 0.085575
vt 0.833439 0.076782
vt 0.796436 0.063051
vt 0.803109 0.052692
vt 0.763436 0.047754
vt 0.767197 0.036311
vt 0.726918 0.110267
vt 0.708962 0.113519
vt 0.693311 0.122553
vt 0.678631 0.135079
vt 0.665650 0.149051
vt 0.656672 0.164951
vt 0.653639 0.183259
vt 0.656672 0.201447
vt 0.665771 0.217346
vt 0.678753 0.231439
vt 0.693311 0.243845
vt 0.708841 0.252999
vt 0.726918 0.256131
vt 0.744388 0.252878
vt 0.759918 0.243845
vt 0.774476 0.231318
vt 0.787337 0.217105
vt 0.796436 0.201326
vt 0.800076 0.183259
vt 0.797043 0.164951
vt 0.787943 0.149172
vt 0.775083 0.134959
vt 0.760646 0.122432
vt 0.744995 0.113278
vt 0.965924 0.458605
vt 0.971990 0.481491
vt 0.976722 0.503533
vt 0.979998 0.525334
vt 0.983031 0.546894
vt 0.985578 0.568937
vt 0.987884 0.591702
vt 0.989946 0.614587
vt 0.991402 0.636629
vt 0.992373 0.658430
vt 0.994920 0.680352
vt 0.995163 0.702756
vt 0.995406 0.725882
vt 0.995042 0.747924
vt 0.994435 0.770086
vt 0.993586 0.792370
vt 0.992373 0.814653
vt 0.990674 0.837177
vt 0.989097 0.860544
vt 0.986792 0.883549
vt 0.984244 0.905833
vt 0.981453 0.927875
vt 0.978299 0.949917
vt 0.974659 0.972320
vt 0.969685 0.995567
vt 0.756278 0.155435
vt 0.756885 0.183139
vt 0.726918 0.183139
vt 0.727039 0.154472
vt 0.697436 0.210721
vt 0.696344 0.183018
vt 0.727039 0.211805
vt 0.667106 0.206626
vt 0.662859 0.183379
vt 0.786487 0.159892
vt 0.790370 0.183139
vt 0.726918 0.246976
vt 0.750818 0.242038
vt 0.755914 0.210721
vt 0.726918 0.119301
vt 0.751425 0.124118
vt 0.702411 0.124359
vt 0.697315 0.155556
vt 0.702411 0.242159
vt 0.680451 0.137247
vt 0.666984 0.159892
vt 0.680572 0.229150
vt 0.772657 0.229150
vt 0.786123 0.206385
vt 0.773263 0.137247
vt 0.477842 0.199640
vt 0.498831 0.215178
vt 0.498831 0.199640
vt 0.541658 0.398381
vt 0.519092 0.398381
vt 0.519092 0.217587
vt 0.541658 0.217587
vt 0.564224 0.398381
vt 0.564224 0.217587
vt 0.383452 0.398381
vt 0.383452 0.217587
vt 0.451272 0.398381
vt 0.451272 0.217587
vt 0.473959 0.398381
vt 0.473959 0.217587
vt 0.496525 0.398381
vt 0.496525 0.217587
vt 0.302045 0.078950
vt 0.354699 0.078950
vt 0.354456 0.133875
vt 0.303015 0.133875
vt 0.302045 0.423434
vt 0.354578 0.423434
vt 0.354578 0.464989
vt 0.302045 0.464989
vt 0.302045 0.382000
vt 0.354578 0.382000
vt 0.303015 0.325991
vt 0.354456 0.325991
vt 0.285181 0.270946
vt 0.371563 0.187956
vt 0.029675 0.079552
vt 0.029796 0.314548
vt 0.010869 0.313103
vt 0.010869 0.079432
vt 0.049935 0.079552
vt 0.049693 0.313946
vt 0.061461 0.313464
vt 0.062068 0.079311
vt 0.070196 0.079191
vt 0.069468 0.313585
vt 0.100406 0.079673
vt 0.099678 0.314067
vt 0.084513 0.313705
vt 0.085240 0.079432
vt 0.120303 0.315151
vt 0.107928 0.314428
vt 0.108413 0.080155
vt 0.120424 0.080998
vt 0.140928 0.081720
vt 0.140685 0.316716
vt 0.160218 0.081720
vt 0.160461 0.316716
vt 0.180600 0.080877
vt 0.180843 0.315151
vt 0.193097 0.314307
vt 0.192490 0.080034
vt 0.200376 0.079552
vt 0.201225 0.313946
vt 0.230464 0.078830
vt 0.231192 0.313223
vt 0.216269 0.313464
vt 0.215420 0.079191
vt 0.250725 0.313344
vt 0.239078 0.313103
vt 0.238350 0.078830
vt 0.250361 0.079071
vt 0.270622 0.079191
vt 0.270379 0.313946
vt 0.015480 0.377543
vt 0.006381 0.376459
vt 0.034163 0.376941
vt 0.060369 0.377423
vt 0.129038 0.379350
vt 0.103439 0.378266
vt 0.146630 0.380916
vt 0.154759 0.380916
vt 0.172350 0.379229
vt 0.197950 0.378145
vt 0.267468 0.375977
vt 0.241262 0.376941
vt 0.286151 0.376098
vt 0.015237 0.441381
vt 0.006017 0.441502
vt 0.006017 0.377423
vt 0.034042 0.441261
vt 0.059763 0.441381
vt 0.126854 0.443670
vt 0.101012 0.442345
vt 0.145902 0.444513
vt 0.155608 0.444513
vt 0.174777 0.443549
vt 0.200740 0.442224
vt 0.269045 0.440297
vt 0.243082 0.440899
vt 0.288093 0.439815
vt 0.233255 0.355381
vt 0.204501 0.356103
vt 0.096766 0.356465
vt 0.068013 0.355862
vt 0.066557 0.398622
vt 0.066071 0.441502
vt 0.221365 0.407294
vt 0.222457 0.441502
vt 0.208383 0.441983
vt 0.206806 0.399104
vt 0.011719 0.060762
vt 0.206806 0.071000
vt 0.594676 0.059437
vt 0.595646 0.060883
vt 0.184604 0.017160
vt 0.184604 0.014510
vt 0.260310 0.014510
vt 0.260310 0.017160
vt 0.184604 0.012101
vt 0.184604 0.009692
vt 0.260310 0.009692
vt 0.260310 0.012101
vt 0.108898 0.017160
vt 0.108898 0.014510
vt 0.108898 0.012101
vt 0.108898 0.009692
vt 0.024700 0.017160
vt 0.024700 0.014510
vt 0.024700 0.012101
vt 0.024700 0.009692
vt 0.411721 0.017160
vt 0.411721 0.014510
vt 0.496647 0.014510
vt 0.496647 0.017160
vt 0.411721 0.012101
vt 0.411721 0.009692
vt 0.496647 0.009692
vt 0.496647 0.012101
vt 0.336015 0.017160
vt 0.336015 0.014510
vt 0.336015 0.012101
vt 0.336015 0.009692
vt 0.513632 0.009692
vt 0.499801 0.010415
vt 0.498103 0.016919
vt 0.020211 0.016437
vt 0.008200 0.012342
vt 0.022031 0.009933
vt 0.194067 0.447524
vt 0.194067 0.481009
vt 0.094946 0.399224
vt 0.093612 0.442104
vt 0.080509 0.407535
vt 0.079781 0.441743
vt 0.235317 0.398260
vt 0.236530 0.441140
vt 0.082814 0.346949
vt 0.218332 0.346708
vt 0.060976 0.478479
vt 0.060976 0.450053
vt 0.007108 0.469687
vt 0.007108 0.458846
vt 0.235438 0.450053
vt 0.235438 0.478479
vt 0.289306 0.458846
vt 0.289306 0.469687
vt 0.436471 0.400549
vt 0.414754 0.400429
vt 0.414147 0.481611
vt 0.395342 0.470530
vt 0.466073 0.430420
vt 0.465831 0.452222
vt 0.454790 0.471012
vt 0.499316 0.481009
vt 0.480632 0.469928
vt 0.490217 0.434877
vt 0.521761 0.399947
vt 0.499922 0.399826
vt 0.469956 0.429216
vt 0.480996 0.410546
vt 0.469834 0.451138
vt 0.551242 0.429818
vt 0.551121 0.451619
vt 0.540080 0.470409
vt 0.298284 0.036673
vt 0.298284 0.032577
vt 0.238107 0.040527
vt 0.238107 0.036673
vt 0.238107 0.045224
vt 0.238107 0.032577
vt 0.238350 0.059437
vt 0.238350 0.050885
vt 0.238350 0.050885
vt 0.238350 0.046670
vt 0.010869 0.040527
vt 0.010869 0.036673
vt 0.010869 0.045224
vt 0.010869 0.032577
vt 0.011233 0.059437
vt 0.011233 0.055101
vt 0.238350 0.050885
vt 0.011233 0.050885
vt 0.238350 0.050885
vt 0.238350 0.050885
vt 0.011233 0.046670
vt 0.183269 0.976416
vt 0.138501 0.959794
vt 0.150391 0.943172
vt 0.189214 0.967141
vt 0.167134 0.930765
vt 0.199891 0.960035
vt 0.186788 0.921611
vt 0.213843 0.954855
vt 0.208383 0.915107
vt 0.230221 0.951242
vt 0.230949 0.910410
vt 0.248299 0.948592
vt 0.254243 0.907037
vt 0.267589 0.946544
vt 0.277901 0.904508
vt 0.287971 0.944978
vt 0.301802 0.902701
vt 0.309203 0.943653
vt 0.325824 0.901376
vt 0.331041 0.942690
vt 0.350089 0.900412
vt 0.353364 0.941847
vt 0.374353 0.899810
vt 0.376052 0.941365
vt 0.398618 0.899449
vt 0.398982 0.941124
vt 0.423004 0.899449
vt 0.421790 0.941124
vt 0.447268 0.899810
vt 0.444478 0.941365
vt 0.471533 0.900533
vt 0.466923 0.941847
vt 0.495555 0.901496
vt 0.488882 0.942569
vt 0.519577 0.903062
vt 0.510114 0.943533
vt 0.543235 0.905230
vt 0.530496 0.944858
vt 0.566650 0.908241
vt 0.549908 0.946665
vt 0.589338 0.912578
vt 0.567985 0.949074
vt 0.611054 0.918841
vt 0.584485 0.952446
vt 0.630830 0.927754
vt 0.598558 0.957505
vt 0.647815 0.939920
vt 0.609356 0.964491
vt 0.660069 0.956421
vt 0.615422 0.973645
vt 0.094097 0.933656
vt 0.113994 0.912939
vt 0.137288 0.897762
vt 0.162402 0.886561
vt 0.188486 0.878491
vt 0.214935 0.872468
vt 0.241505 0.868132
vt 0.267953 0.864880
vt 0.294159 0.862471
vt 0.320364 0.860664
vt 0.346449 0.859460
vt 0.372412 0.858616
vt 0.398375 0.858255
vt 0.424338 0.858376
vt 0.450423 0.858737
vt 0.476507 0.859701
vt 0.502592 0.861146
vt 0.529040 0.863194
vt 0.555488 0.866084
vt 0.582058 0.870059
vt 0.608628 0.875600
vt 0.634834 0.883429
vt 0.660190 0.894149
vt 0.683605 0.909085
vt 0.703988 0.929320
vt 0.054424 0.895956
vt 0.083057 0.875841
vt 0.112538 0.860905
vt 0.142384 0.849583
vt 0.172108 0.840910
vt 0.201589 0.834406
vt 0.230707 0.829347
vt 0.259339 0.825613
vt 0.287486 0.822723
vt 0.315390 0.820555
vt 0.343173 0.818989
vt 0.370592 0.818025
vt 0.398133 0.817664
vt 0.425552 0.817664
vt 0.453092 0.818266
vt 0.480875 0.819471
vt 0.508779 0.821277
vt 0.537047 0.823807
vt 0.565801 0.827179
vt 0.594918 0.831756
vt 0.624521 0.837899
vt 0.654488 0.846090
vt 0.684455 0.856930
vt 0.714058 0.871505
vt 0.743054 0.891138
vt 0.024094 0.848378
vt 0.059763 0.832961
vt 0.094097 0.820675
vt 0.127340 0.810798
vt 0.159733 0.802728
vt 0.191398 0.796103
vt 0.222214 0.790804
vt 0.252424 0.786588
vt 0.282148 0.783336
vt 0.311387 0.780806
vt 0.340383 0.779120
vt 0.369136 0.777916
vt 0.397769 0.777434
vt 0.426522 0.777675
vt 0.455276 0.778397
vt 0.484393 0.779722
vt 0.513632 0.781890
vt 0.543477 0.784781
vt 0.573808 0.788515
vt 0.604746 0.793454
vt 0.636411 0.799476
vt 0.669047 0.807064
vt 0.702411 0.816459
vt 0.736866 0.828263
vt 0.772778 0.843199
vt 0.006259 0.793935
vt 0.045811 0.786106
vt 0.082571 0.778277
vt 0.117755 0.770689
vt 0.151483 0.763703
vt 0.184240 0.757560
vt 0.216148 0.752260
vt 0.247328 0.747803
vt 0.278023 0.744310
vt 0.308232 0.741540
vt 0.338199 0.739492
vt 0.367923 0.738288
vt 0.397526 0.737806
vt 0.427250 0.737927
vt 0.456974 0.738770
vt 0.486941 0.740456
vt 0.517272 0.742745
vt 0.547966 0.745876
vt 0.579268 0.749972
vt 0.611297 0.754789
vt 0.644176 0.760451
vt 0.678146 0.766834
vt 0.713451 0.773820
vt 0.750454 0.781168
vt 0.790006 0.788515
vt 0.002741 0.737445
vt 0.041686 0.737686
vt 0.078325 0.734674
vt 0.113387 0.729736
vt 0.147115 0.724075
vt 0.179994 0.718534
vt 0.212144 0.713475
vt 0.243810 0.709019
vt 0.274990 0.705285
vt 0.305806 0.702394
vt 0.336500 0.700226
vt 0.366952 0.698901
vt 0.397283 0.698299
vt 0.427614 0.698540
vt 0.458066 0.699503
vt 0.488761 0.701190
vt 0.519698 0.703719
vt 0.550999 0.707092
vt 0.582665 0.711066
vt 0.615058 0.715764
vt 0.648058 0.720823
vt 0.681907 0.725882
vt 0.717091 0.730218
vt 0.753730 0.732627
vt 0.792796 0.731663
vt 0.012689 0.683243
vt 0.047024 0.690108
vt 0.080630 0.690711
vt 0.113509 0.688061
vt 0.145902 0.683845
vt 0.178053 0.679027
vt 0.209961 0.674330
vt 0.241505 0.669993
vt 0.272927 0.666139
vt 0.304107 0.663128
vt 0.335166 0.660839
vt 0.366103 0.659394
vt 0.396919 0.658792
vt 0.427857 0.659033
vt 0.458794 0.660117
vt 0.489853 0.662044
vt 0.521154 0.664694
vt 0.552577 0.668066
vt 0.584363 0.671921
vt 0.616393 0.676257
vt 0.648543 0.680593
vt 0.681179 0.684206
vt 0.714058 0.686254
vt 0.747543 0.685049
vt 0.781635 0.677461
vt 0.060491 0.583391
vt 0.083542 0.588449
vt 0.109141 0.588811
vt 0.135954 0.586281
vt 0.163494 0.582186
vt 0.191519 0.577489
vt 0.219788 0.572671
vt 0.248420 0.568334
vt 0.277416 0.564480
vt 0.306776 0.561469
vt 0.336379 0.559180
vt 0.366225 0.557614
vt 0.396070 0.557012
vt 0.425915 0.557253
vt 0.455761 0.558337
vt 0.485242 0.560264
vt 0.514603 0.563035
vt 0.543477 0.566528
vt 0.572110 0.570623
vt 0.600378 0.574959
vt 0.628161 0.579416
vt 0.655580 0.583150
vt 0.682392 0.585318
vt 0.707870 0.584475
vt 0.730679 0.578934
vt 0.074079 0.535091
vt 0.094946 0.538945
vt 0.116906 0.539306
vt 0.140200 0.537018
vt 0.164828 0.533163
vt 0.190791 0.528707
vt 0.217847 0.524250
vt 0.245993 0.520034
vt 0.274990 0.516180
vt 0.304592 0.513169
vt 0.334681 0.510880
vt 0.365133 0.509314
vt 0.395706 0.508712
vt 0.426279 0.508953
vt 0.456731 0.510037
vt 0.486820 0.511964
vt 0.516422 0.514735
vt 0.545297 0.518107
vt 0.573323 0.522082
vt 0.600378 0.526298
vt 0.626098 0.530513
vt 0.650606 0.534006
vt 0.673778 0.536054
vt 0.695616 0.535331
vt 0.716484 0.531116
vt 0.077112 0.522805
vt 0.097009 0.526298
vt 0.117634 0.526539
vt 0.139715 0.524370
vt 0.163615 0.520637
vt 0.189214 0.516300
vt 0.216512 0.511844
vt 0.245144 0.507387
vt 0.274262 0.503653
vt 0.304107 0.500522
vt 0.334317 0.498233
vt 0.365011 0.496908
vt 0.395585 0.496306
vt 0.426643 0.496547
vt 0.457338 0.497631
vt 0.487548 0.499558
vt 0.517150 0.502328
vt 0.546147 0.505701
vt 0.574536 0.509676
vt 0.601834 0.513891
vt 0.627312 0.517866
vt 0.650970 0.521239
vt 0.672929 0.523286
vt 0.693433 0.522684
vt 0.713208 0.518830
vt 0.226096 0.987136
vt 0.224398 0.987015
vt 0.230707 0.987617
vt 0.237986 0.987979
vt 0.248056 0.987858
vt 0.261037 0.987015
vt 0.276688 0.986052
vt 0.294401 0.984847
vt 0.313813 0.983883
vt 0.334195 0.982920
vt 0.355548 0.982197
vt 0.377265 0.981715
vt 0.399224 0.981474
vt 0.421184 0.981474
vt 0.442901 0.981715
vt 0.464254 0.982077
vt 0.484757 0.982799
vt 0.504169 0.983522
vt 0.522003 0.984486
vt 0.537654 0.985329
vt 0.550757 0.985931
vt 0.560827 0.986052
vt 0.568106 0.985570
vt 0.572716 0.984967
vt 0.574415 0.984847
vt 0.407960 0.990267
vt 0.410629 0.990026
vt 0.410871 0.992676
vt 0.408324 0.992797
vt 0.413419 0.989785
vt 0.410507 0.987256
vt 0.412934 0.987256
vt 0.410265 0.984727
vt 0.412206 0.984847
vt 0.410993 0.995206
vt 0.409052 0.995085
vt 0.416088 0.989545
vt 0.416938 0.989545
vt 0.416816 0.991231
vt 0.415724 0.991833
vt 0.413298 0.992435
vt 0.405897 0.992556
vt 0.404684 0.992074
vt 0.404320 0.990508
vt 0.405169 0.990388
vt 0.404441 0.988822
vt 0.405533 0.988099
vt 0.407960 0.987617
vt 0.415482 0.987376
vt 0.416574 0.987979
vt 0.404927 0.987256
vt 0.406382 0.986052
vt 0.408324 0.985208
vt 0.414268 0.985449
vt 0.415846 0.986413
vt 0.416331 0.992797
vt 0.414875 0.994001
vt 0.412934 0.994844
vt 0.406989 0.994603
vt 0.405412 0.993519
vt 0.413419 0.984365
vt 0.414754 0.985208
vt 0.411842 0.983763
vt 0.410143 0.983763
vt 0.408566 0.984004
vt 0.407110 0.984847
vt 0.405897 0.985931
vt 0.407960 0.995687
vt 0.406504 0.994724
vt 0.409416 0.996169
vt 0.411114 0.996290
vt 0.412691 0.995928
vt 0.414147 0.995206
vt 0.415482 0.994122
# num_vertices: 1568
g Object_TexMap_0
usemtl TexMap
f 1/1 2/2 3/3
f 2/2 4/4 3/3
f 4/4 5/5 6/6
f 5/5 7/7 6/6
f 8/8 9/9 10/10
f 9/9 11/11 10/10
f 12/12 13/13 14/14
f 13/13 15/15 14/14
f 16/16 17/17 18/18
f 17/17 19/19 18/18
f 18/18 19/19 20/20
f 21/21 22/22 23/23
f 22/22 24/24 23/23
f 23/23 24/24 25/25
f 26/26 27/27 28/28
f 27/27 29/29 28/28
f 30/30 31/31 32/32
f 31/31 5/5 32/32
f 33/33 34/34 35/35
f 34/34 36/36 35/35
f 37/37 38/38 39/39
f 38/38 40/40 39/39
f 41/41 42/42 16/16
f 42/42 17/17 16/16
f 43/43 44/44 39/39
f 44/44 45/45 39/39
f 46/46 47/47 37/37
f 47/47 38/38 37/37
f 48/48 49/49 47/47
f 49/49 50/50 47/47
f 51/51 52/52 53/53
f 52/52 54/54 53/53
f 5/5 4/4 32/32
f 4/4 2/2 32/32
f 55/55 56/56 57/57
f 56/56 58/58 57/57
f 22/22 21/21 59/59
f 21/21 60/60 59/59
f 59/59 60/60 61/61
f 60/60 62/62 61/61
f 63/63 64/64 65/65
f 64/64 66/66 65/65
f 67/67 68/68 69/69
f 68/68 70/70 69/69
f 71/71 72/72 73/73
f 72/72 74/74 73/73
f 75/75 76/76 62/62
f 76/76 61/61 62/62
f 77/77 78/78 79/79
f 78/78 80/80 79/79
f 81/81 13/13 31/31
f 13/13 82/82 31/31
f 32/32 2/2 83/83
f 2/2 84/84 83/83
f 85/85 82/82 12/12
f 82/82 13/13 12/12
f 86/86 87/87 88/88
f 87/87 89/89 88/88
f 88/88 89/89 90/90
f 89/89 91/91 90/90
f 92/92 80/80 49/49
f 80/80 93/93 49/49
f 49/49 93/93 50/50
f 93/93 94/94 50/50
f 80/80 95/95 93/93
f 95/95 96/96 93/93
f 97/97 98/98 99/99
f 98/98 29/29 99/99
f 100/100 101/101 102/102
f 101/101 103/103 102/102
f 90/90 91/91 104/104
f 91/91 105/105 104/104
f 106/106 107/107 108/108
f 107/107 51/51 108/108
f 108/108 51/51 53/53
f 15/15 109/109 14/14
f 109/109 70/70 14/14
f 14/14 70/70 68/68
f 110/110 38/38 50/50
f 38/38 47/47 50/50
f 111/111 112/112 113/113
f 112/112 114/114 113/113
f 112/112 115/115 114/114
f 115/115 116/116 114/114
f 115/115 117/117 116/116
f 117/117 118/118 116/116
f 119/119 120/120 86/86
f 120/120 87/87 86/86
f 31/31 82/82 5/5
f 82/82 7/7 5/5
f 14/14 68/68 12/12
f 68/68 121/121 12/12
f 122/122 123/123 124/124
f 124/124 125/125 122/122
f 123/123 126/126 127/127
f 127/127 124/124 123/123
f 128/128 129/129 127/127
f 127/127 130/130 128/128
f 131/131 128/128 130/130
f 130/130 132/132 131/131
f 133/133 131/131 132/132
f 132/132 134/134 133/133
f 135/135 133/133 134/134
f 134/134 136/136 135/135
f 137/137 135/135 136/136
f 136/136 138/138 137/137
f 139/139 137/137 138/138
f 138/138 140/140 139/139
f 141/141 139/139 140/140
f 140/140 142/142 141/141
f 143/143 141/141 142/142
f 142/142 144/144 143/143
f 145/145 143/143 144/144
f 144/144 146/146 145/145
f 147/147 145/145 146/146
f 146/146 148/148 147/147
f 149/149 147/147 148/148
f 148/148 150/150 149/149
f 151/151 149/149 150/150
f 150/150 152/152 151/151
f 153/153 151/151 152/152
f 152/152 154/154 153/153
f 155/155 153/153 154/154
f 154/154 156/156 155/155
f 157/157 155/155 156/156
f 156/156 158/158 157/157
f 159/159 157/157 158/158
f 158/158 160/160 159/159
f 161/161 159/159 160/160
f 160/160 162/162 161/161
f 163/163 122/122 125/125
f 125/125 164/164 163/163
f 165/165 166/166 167/167
f 168/168 169/169 165/165
f 165/165 167/167 168/168
f 170/170 171/171 169/169
f 169/169 168/168 170/170
f 172/172 173/173 171/171
f 171/171 170/170 172/172
f 174/174 175/175 173/173
f 173/173 172/172 174/174
f 176/176 177/177 175/175
f 175/175 174/174 176/176
f 178/178 179/179 177/177
f 177/177 176/176 178/178
f 180/180 181/181 179/179
f 179/179 178/178 180/180
f 182/182 183/183 181/181
f 181/181 180/180 182/182
f 184/184 185/185 183/183
f 183/183 182/182 184/184
f 186/186 187/187 185/185
f 185/185 184/184 186/186
f 125/125 124/124 187/187
f 187/187 186/186 125/125
f 188/188 189/189 190/190
f 190/190 191/191 188/188
f 192/192 193/193 189/189
f 189/189 188/188 192/192
f 194/194 195/195 193/193
f 193/193 192/192 194/194
f 196/196 197/197 195/195
f 195/195 194/194 196/196
f 198/198 199/199 197/197
f 197/197 196/196 198/198
f 200/200 201/201 199/199
f 199/199 198/198 200/200
f 202/202 203/203 201/201
f 201/201 200/200 202/202
f 204/204 205/205 203/203
f 203/203 202/202 204/204
f 206/206 207/207 205/205
f 205/205 204/204 206/206
f 208/208 209/209 207/207
f 207/207 206/206 208/208
f 123/123 122/122 209/209
f 209/209 208/208 123/123
f 210/210 166/166 165/165
f 169/169 211/211 210/210
f 210/210 165/165 169/169
f 171/171 212/212 211/211
f 211/211 169/169 171/171
f 173/173 213/213 212/212
f 212/212 171/171 173/173
f 175/175 214/214 213/213
f 213/213 173/173 175/175
f 177/177 215/215 214/214
f 214/214 175/175 177/177
f 179/179 216/216 215/215
f 215/215 177/177 179/179
f 181/181 217/217 216/216
f 216/216 179/179 181/181
f 183/183 218/218 217/217
f 217/217 181/181 183/183
f 185/185 219/219 218/218
f 218/218 183/183 185/185
f 187/187 129/129 219/219
f 219/219 185/185 187/187
f 124/124 127/127 129/129
f 129/129 187/187 124/124
f 220/220 188/188 191/191
f 191/191 221/221 220/220
f 222/222 192/192 188/188
f 188/188 220/220 222/222
f 223/223 194/194 192/192
f 192/192 222/222 223/223
f 224/224 196/196 194/194
f 194/194 223/223 224/224
f 225/225 198/198 196/196
f 196/196 224/224 225/225
f 226/226 200/200 198/198
f 198/198 225/225 226/226
f 227/227 202/202 200/200
f 200/200 226/226 227/227
f 228/228 204/204 202/202
f 202/202 227/227 228/228
f 229/229 206/206 204/204
f 204/204 228/228 229/229
f 230/230 208/208 206/206
f 206/206 229/229 230/230
f 126/126 123/123 208/208
f 208/208 230/230 126/126
f 231/231 220/220 221/221
f 221/221 232/232 231/231
f 233/233 222/222 220/220
f 220/220 231/231 233/233
f 234/234 223/223 222/222
f 222/222 233/233 234/234
f 235/235 224/224 223/223
f 223/223 234/234 235/235
f 236/236 225/225 224/224
f 224/224 235/235 236/236
f 237/237 226/226 225/225
f 225/225 236/236 237/237
f 238/238 227/227 226/226
f 226/226 237/237 238/238
f 239/239 228/228 227/227
f 227/227 238/238 239/239
f 240/240 229/229 228/228
f 228/228 239/239 240/240
f 241/241 230/230 229/229
f 229/229 240/240 241/241
f 242/242 126/126 230/230
f 230/230 241/241 242/242
f 130/130 127/127 126/126
f 126/126 242/242 130/130
f 210/210 243/243 244/244
f 244/244 166/166 210/210
f 211/211 245/245 243/243
f 243/243 210/210 211/211
f 212/212 246/246 245/245
f 245/245 211/211 212/212
f 213/213 247/247 246/246
f 246/246 212/212 213/213
f 214/214 248/248 247/247
f 247/247 213/213 214/214
f 215/215 249/249 248/248
f 248/248 214/214 215/215
f 216/216 250/250 249/249
f 249/249 215/215 216/216
f 217/217 251/251 250/250
f 250/250 216/216 217/217
f 218/218 252/252 251/251
f 251/251 217/217 218/218
f 219/219 253/253 252/252
f 252/252 218/218 219/219
f 129/129 128/128 253/253
f 253/253 219/219 129/129
f 254/254 231/231 232/232
f 232/232 255/255 254/254
f 256/256 233/233 231/231
f 231/231 254/254 256/256
f 257/257 234/234 233/233
f 233/233 256/256 257/257
f 258/258 235/235 234/234
f 234/234 257/257 258/258
f 259/259 236/236 235/235
f 235/235 258/258 259/259
f 260/260 237/237 236/236
f 236/236 259/259 260/260
f 261/261 238/238 237/237
f 237/237 260/260 261/261
f 262/262 239/239 238/238
f 238/238 261/261 262/262
f 263/263 240/240 239/239
f 239/239 262/262 263/263
f 264/264 241/241 240/240
f 240/240 263/263 264/264
f 265/265 242/242 241/241
f 241/241 264/264 265/265
f 132/132 130/130 242/242
f 242/242 265/265 132/132
f 243/243 266/266 267/267
f 267/267 244/244 243/243
f 245/245 268/268 266/266
f 266/266 243/243 245/245
f 246/246 269/269 268/268
f 268/268 245/245 246/246
f 247/247 270/270 269/269
f 269/269 246/246 247/247
f 248/248 271/271 270/270
f 270/270 247/247 248/248
f 249/249 272/272 271/271
f 271/271 248/248 249/249
f 250/250 273/273 272/272
f 272/272 249/249 250/250
f 251/251 274/274 273/273
f 273/273 250/250 251/251
f 252/252 275/275 274/274
f 274/274 251/251 252/252
f 253/253 276/276 275/275
f 275/275 252/252 253/253
f 128/128 131/131 276/276
f 276/276 253/253 128/128
f 277/277 254/254 255/255
f 255/255 278/278 277/277
f 279/279 256/256 254/254
f 254/254 277/277 279/279
f 280/280 257/257 256/256
f 256/256 279/279 280/280
f 281/281 258/258 257/257
f 257/257 280/280 281/281
f 282/282 259/259 258/258
f 258/258 281/281 282/282
f 283/283 260/260 259/259
f 259/259 282/282 283/283
f 284/284 261/261 260/260
f 260/260 283/283 284/284
f 285/285 262/262 261/261
f 261/261 284/284 285/285
f 286/286 263/263 262/262
f 262/262 285/285 286/286
f 287/287 264/264 263/263
f 263/263 286/286 287/287
f 288/288 265/265 264/264
f 264/264 287/287 288/288
f 134/134 132/132 265/265
f 265/265 288/288 134/134
f 266/266 289/289 290/290
f 290/290 267/267 266/266
f 268/268 291/291 289/289
f 289/289 266/266 268/268
f 269/269 292/292 291/291
f 291/291 268/268 269/269
f 270/270 293/293 292/292
f 292/292 269/269 270/270
f 271/271 294/294 293/293
f 293/293 270/270 271/271
f 272/272 295/295 294/294
f 294/294 271/271 272/272
f 273/273 296/296 295/295
f 295/295 272/272 273/273
f 274/274 297/297 296/296
f 296/296 273/273 274/274
f 275/275 298/298 297/297
f 297/297 274/274 275/275
f 276/276 299/299 298/298
f 298/298 275/275 276/276
f 131/131 133/133 299/299
f 299/299 276/276 131/131
f 300/300 277/277 278/278
f 278/278 301/301 300/300
f 302/302 279/279 277/277
f 277/277 300/300 302/302
f 303/303 280/280 279/279
f 279/279 302/302 303/303
f 304/304 281/281 280/280
f 280/280 303/303 304/304
f 305/305 282/282 281/281
f 281/281 304/304 305/305
f 306/306 283/283 282/282
f 282/282 305/305 306/306
f 307/307 284/284 283/283
f 283/283 306/306 307/307
f 308/308 285/285 284/284
f 284/284 307/307 308/308
f 309/309 286/286 285/285
f 285/285 308/308 309/309
f 310/310 287/287 286/286
f 286/286 309/309 310/310
f 311/311 288/288 287/287
f 287/287 310/310 311/311
f 136/136 134/134 288/288
f 288/288 311/311 136/136
f 289/289 312/312 313/313
f 313/313 290/290 289/289
f 291/291 314/314 312/312
f 312/312 289/289 291/291
f 292/292 315/315 314/314
f 314/314 291/291 292/292
f 293/293 316/316 315/315
f 315/315 292/292 293/293
f 294/294 317/317 316/316
f 316/316 293/293 294/294
f 295/295 318/318 317/317
f 317/317 294/294 295/295
f 296/296 319/319 318/318
f 318/318 295/295 296/296
f 297/297 320/320 319/319
f 319/319 296/296 297/297
f 298/298 321/321 320/320
f 320/320 297/297 298/298
f 299/299 322/322 321/321
f 321/321 298/298 299/299
f 133/133 135/135 322/322
f 322/322 299/299 133/133
f 323/323 300/300 301/301
f 301/301 324/324 323/323
f 325/325 302/302 300/300
f 300/300 323/323 325/325
f 326/326 303/303 302/302
f 302/302 325/325 326/326
f 327/327 304/304 303/303
f 303/303 326/326 327/327
f 328/328 305/305 304/304
f 304/304 327/327 328/328
f 329/329 306/306 305/305
f 305/305 328/328 329/329
f 330/330 307/307 306/306
f 306/306 329/329 330/330
f 331/331 308/308 307/307
f 307/307 330/330 331/331
f 332/332 309/309 308/308
f 308/308 331/331 332/332
f 333/333 310/310 309/309
f 309/309 332/332 333/333
f 334/334 311/311 310/310
f 310/310 333/333 334/334
f 138/138 136/136 311/311
f 311/311 334/334 138/138
f 312/312 335/335 336/336
f 336/336 313/313 312/312
f 314/314 337/337 335/335
f 335/335 312/312 314/314
f 315/315 338/338 337/337
f 337/337 314/314 315/315
f 316/316 339/339 338/338
f 338/338 315/315 316/316
f 317/317 340/340 339/339
f 339/339 316/316 317/317
f 318/318 341/341 340/340
f 340/340 317/317 318/318
f 319/319 342/342 341/341
f 341/341 318/318 319/319
f 320/320 343/343 342/342
f 342/342 319/319 320/320
f 321/321 344/344 343/343
f 343/343 320/320 321/321
f 322/322 345/345 344/344
f 344/344 321/321 322/322
f 135/135 137/137 345/345
f 345/345 322/322 135/135
f 346/346 323/323 324/324
f 324/324 347/347 346/346
f 348/348 325/325 323/323
f 323/323 346/346 348/348
f 349/349 326/326 325/325
f 325/325 348/348 349/349
f 350/350 327/327 326/326
f 326/326 349/349 350/350
f 351/351 328/328 327/327
f 327/327 350/350 351/351
f 352/352 329/329 328/328
f 328/328 351/351 352/352
f 353/353 330/330 329/329
f 329/329 352/352 353/353
f 354/354 331/331 330/330
f 330/330 353/353 354/354
f 355/355 332/332 331/331
f 331/331 354/354 355/355
f 356/356 333/333 332/332
f 332/332 355/355 356/356
f 357/357 334/334 333/333
f 333/333 356/356 357/357
f 140/140 138/138 334/334
f 334/334 357/357 140/140
f 335/335 358/358 359/359
f 359/359 336/336 335/335
f 337/337 360/360 358/358
f 358/358 335/335 337/337
f 338/338 361/361 360/360
f 360/360 337/337 338/338
f 339/339 362/362 361/361
f 361/361 338/338 339/339
f 340/340 363/363 362/362
f 362/362 339/339 340/340
f 341/341 364/364 363/363
f 363/363 340/340 341/341
f 342/342 365/365 364/364
f 364/364 341/341 342/342
f 343/343 366/366 365/365
f 365/365 342/342 343/343
f 344/344 367/367 366/366
f 366/366 343/343 344/344
f 345/345 368/368 367/367
f 367/367 344/344 345/345
f 137/137 139/139 368/368
f 368/368 345/345 137/137
f 369/369 346/346 347/347
f 347/347 370/370 369/369
f 371/371 348/348 346/346
f 346/346 369/369 371/371
f 372/372 349/349 348/348
f 348/348 371/371 372/372
f 373/373 350/350 349/349
f 349/349 372/372 373/373
f 374/374 351/351 350/350
f 350/350 373/373 374/374
f 375/375 352/352 351/351
f 351/351 374/374 375/375
f 376/376 353/353 352/352
f 352/352 375/375 376/376
f 377/377 354/354 353/353
f 353/353 376/376 377/377
f 378/378 355/355 354/354
f 354/354 377/377 378/378
f 379/379 356/356 355/355
f 355/355 378/378 379/379
f 380/380 357/357 356/356
f 356/356 379/379 380/380
f 142/142 140/140 357/357
f 357/357 380/380 142/142
f 358/358 381/381 382/382
f 382/382 359/359 358/358
f 360/360 383/383 381/381
f 381/381 358/358 360/360
f 361/361 384/384 383/383
f 383/383 360/360 361/361
f 362/362 385/385 384/384
f 384/384 361/361 362/362
f 363/363 386/386 385/385
f 385/385 362/362 363/363
f 364/364 387/387 386/386
f 386/386 363/363 364/364
f 365/365 388/388 387/387
f 387/387 364/364 365/365
f 366/366 389/389 388/388
f 388/388 365/365 366/366
f 367/367 390/390 389/389
f 389/389 366/366 367/367
f 368/368 391/391 390/390
f 390/390 367/367 368/368
f 139/139 141/141 391/391
f 391/391 368/368 139/139
f 392/392 369/369 370/370
f 370/370 393/393 392/392
f 394/394 371/371 369/369
f 369/369 392/392 394/394
f 395/395 372/372 371/371
f 371/371 394/394 395/395
f 396/396 373/373 372/372
f 372/372 395/395 396/396
f 397/397 374/374 373/373
f 373/373 396/396 397/397
f 398/398 375/375 374/374
f 374/374 397/397 398/398
f 399/399 376/376 375/375
f 375/375 398/398 399/399
f 400/400 377/377 376/376
f 376/376 399/399 400/400
f 401/401 378/378 377/377
f 377/377 400/400 401/401
f 402/402 379/379 378/378
f 378/378 401/401 402/402
f 403/403 380/380 379/379
f 379/379 402/402 403/403
f 144/144 142/142 380/380
f 380/380 403/403 144/144
f 381/381 404/404 405/405
f 405/405 382/382 381/381
f 383/383 406/406 404/404
f 404/404 381/381 383/383
f 384/384 407/407 406/406
f 406/406 383/383 384/384
f 385/385 408/408 407/407
f 407/407 384/384 385/385
f 386/386 409/409 408/408
f 408/408 385/385 386/386
f 387/387 410/410 409/409
f 409/409 386/386 387/387
f 388/388 411/411 410/410
f 410/410 387/387 388/388
f 389/389 412/412 411/411
f 411/411 388/388 389/389
f 390/390 413/413 412/412
f 412/412 389/389 390/390
f 391/391 414/414 413/413
f 413/413 390/390 391/391
f 141/141 143/143 414/414
f 414/414 391/391 141/141
f 415/415 392/392 393/393
f 393/393 416/416 415/415
f 417/417 394/394 392/392
f 392/392 415/415 417/417
f 418/418 395/395 394/394
f 394/394 417/417 418/418
f 419/419 396/396 395/395
f 395/395 418/418 419/419
f 420/420 397/397 396/396
f 396/396 419/419 420/420
f 421/421 398/398 397/397
f 397/397 420/420 421/421
f 422/422 399/399 398/398
f 398/398 421/421 422/422
f 423/423 400/400 399/399
f 399/399 422/422 423/423
f 424/424 401/401 400/400
f 400/400 423/423 424/424
f 425/425 402/402 401/401
f 401/401 424/424 425/425
f 426/426 403/403 402/402
f 402/402 425/425 426/426
f 146/146 144/144 403/403
f 403/403 426/426 146/146
f 404/404 427/427 428/428
f 428/428 405/405 404/404
f 406/406 429/429 427/427
f 427/427 404/404 406/406
f 407/407 430/430 429/429
f 429/429 406/406 407/407
f 408/408 431/431 430/430
f 430/430 407/407 408/408
f 409/409 432/432 431/431
f 431/431 408/408 409/409
f 410/410 433/433 432/432
f 432/432 409/409 410/410
f 411/411 434/434 433/433
f 433/433 410/410 411/411
f 412/412 435/435 434/434
f 434/434 411/411 412/412
f 413/413 436/436 435/435
f 435/435 412/412 413/413
f 414/414 437/437 436/436
f 436/436 413/413 414/414
f 143/143 145/145 437/437
f 437/437 414/414 143/143
f 438/438 415/415 416/416
f 416/416 439/439 438/438
f 440/440 417/417 415/415
f 415/415 438/438 440/440
f 441/441 418/418 417/417
f 417/417 440/440 441/441
f 442/442 419/419 418/418
f 418/418 441/441 442/442
f 443/443 420/420 419/419
f 419/419 442/442 443/443
f 444/444 421/421 420/420
f 420/420 443/443 444/444
f 445/445 422/422 421/421
f 421/421 444/444 445/445
f 446/446 423/423 422/422
f 422/422 445/445 446/446
f 447/447 424/424 423/423
f 423/423 446/446 447/447
f 448/448 425/425 424/424
f 424/424 447/447 448/448
f 449/449 426/426 425/425
f 425/425 448/448 449/449
f 148/148 146/146 426/426
f 426/426 449/449 148/148
f 427/427 450/450 451/451
f 451/451 428/428 427/427
f 429/429 452/452 450/450
f 450/450 427/427 429/429
f 430/430 453/453 452/452
f 452/452 429/429 430/430
f 431/431 454/454 453/453
f 453/453 430/430 431/431
f 432/432 455/455 454/454
f 454/454 431/431 432/432
f 433/433 456/456 455/455
f 455/455 432/432 433/433
f 434/434 457/457 456/456
f 456/456 433/433 434/434
f 435/435 458/458 457/457
f 457/457 434/434 435/435
f 436/436 459/459 458/458
f 458/458 435/435 436/436
f 437/437 460/460 459/459
f 459/459 436/436 437/437
f 145/145 147/147 460/460
f 460/460 437/437 145/145
f 461/461 438/438 439/439
f 439/439 462/462 461/461
f 463/463 440/440 438/438
f 438/438 461/461 463/463
f 464/464 441/441 440/440
f 440/440 463/463 464/464
f 465/465 442/442 441/441
f 441/441 464/464 465/465
f 466/466 443/443 442/442
f 442/442 465/465 466/466
f 467/467 444/444 443/443
f 443/443 466/466 467/467
f 468/468 445/445 444/444
f 444/444 467/467 468/468
f 469/469 446/446 445/445
f 445/445 468/468 469/469
f 470/470 447/447 446/446
f 446/446 469/469 470/470
f 471/471 448/448 447/447
f 447/447 470/470 471/471
f 472/472 449/449 448/448
f 448/448 471/471 472/472
f 150/150 148/148 449/449
f 449/449 472/472 150/150
f 450/450 473/473 474/474
f 474/474 451/451 450/450
f 452/452 475/475 473/473
f 473/473 450/450 452/452
f 453/453 476/476 475/475
f 475/475 452/452 453/453
f 454/454 477/477 476/476
f 476/476 453/453 454/454
f 455/455 478/478 477/477
f 477/477 454/454 455/455
f 456/456 479/479 478/478
f 478/478 455/455 456/456
f 457/457 480/480 479/479
f 479/479 456/456 457/457
f 458/458 481/481 480/480
f 480/480 457/457 458/458
f 459/459 482/482 481/481
f 481/481 458/458 459/459
f 460/460 483/483 482/482
f 482/482 459/459 460/460
f 147/147 149/149 483/483
f 483/483 460/460 147/147
f 484/484 461/461 462/462
f 462/462 485/485 484/484
f 486/486 463/463 461/461
f 461/461 484/484 486/486
f 487/487 464/464 463/463
f 463/463 486/486 487/487
f 488/488 465/465 464/464
f 464/464 487/487 488/488
f 489/489 466/466 465/465
f 465/465 488/488 489/489
f 490/490 467/467 466/466
f 466/466 489/489 490/490
f 491/491 468/468 467/467
f 467/467 490/490 491/491
f 492/492 469/469 468/468
f 468/468 491/491 492/492
f 493/493 470/470 469/469
f 469/469 492/492 493/493
f 494/494 471/471 470/470
f 470/470 493/493 494/494
f 495/495 472/472 471/471
f 471/471 494/494 495/495
f 152/152 150/150 472/472
f 472/472 495/495 152/152
f 473/473 496/496 497/497
f 497/497 474/474 473/473
f 475/475 498/498 496/496
f 496/496 473/473 475/475
f 476/476 499/499 498/498
f 498/498 475/475 476/476
f 477/477 500/500 499/499
f 499/499 476/476 477/477
f 478/478 501/501 500/500
f 500/500 477/477 478/478
f 479/479 502/502 501/501
f 501/501 478/478 479/479
f 480/480 503/503 502/502
f 502/502 479/479 480/480
f 481/481 504/504 503/503
f 503/503 480/480 481/481
f 482/482 505/505 504/504
f 504/504 481/481 482/482
f 483/483 506/506 505/505
f 505/505 482/482 483/483
f 149/149 151/151 506/506
f 506/506 483/483 149/149
f 507/507 484/484 485/485
f 485/485 508/508 507/507
f 509/509 486/486 484/484
f 484/484 507/507 509/509
f 510/510 487/487 486/486
f 486/486 509/509 510/510
f 511/511 488/488 487/487
f 487/487 510/510 511/511
f 512/512 489/489 488/488
f 488/488 511/511 512/512
f 513/513 490/490 489/489
f 489/489 512/512 513/513
f 514/514 491/491 490/490
f 490/490 513/513 514/514
f 515/515 492/492 491/491
f 491/491 514/514 515/515
f 516/516 493/493 492/492
f 492/492 515/515 516/516
f 517/517 494/494 493/493
f 493/493 516/516 517/517
f 518/518 495/495 494/494
f 494/494 517/517 518/518
f 154/154 152/152 495/495
f 495/495 518/518 154/154
f 496/496 519/519 520/520
f 520/520 497/497 496/496
f 498/498 521/521 519/519
f 519/519 496/496 498/498
f 499/499 522/522 521/521
f 521/521 498/498 499/499
f 500/500 523/523 522/522
f 522/522 499/499 500/500
f 501/501 524/524 523/523
f 523/523 500/500 501/501
f 502/502 525/525 524/524
f 524/524 501/501 502/502
f 503/503 526/526 525/525
f 525/525 502/502 503/503
f 504/504 527/527 526/526
f 526/526 503/503 504/504
f 505/505 528/528 527/527
f 527/527 504/504 505/505
f 506/506 529/529 528/528
f 528/528 505/505 506/506
f 151/151 153/153 529/529
f 529/529 506/506 151/151
f 530/530 507/507 508/508
f 508/508 531/531 530/530
f 532/532 509/509 507/507
f 507/507 530/530 532/532
f 533/533 510/510 509/509
f 509/509 532/532 533/533
f 534/534 511/511 510/510
f 510/510 533/533 534/534
f 535/535 512/512 511/511
f 511/511 534/534 535/535
f 536/536 513/513 512/512
f 512/512 535/535 536/536
f 537/537 514/514 513/513
f 513/513 536/536 537/537
f 538/538 515/515 514/514
f 514/514 537/537 538/538
f 539/539 516/516 515/515
f 515/515 538/538 539/539
f 540/540 517/517 516/516
f 516/516 539/539 540/540
f 541/541 518/518 517/517
f 517/517 540/540 541/541
f 156/156 154/154 518/518
f 518/518 541/541 156/156
f 519/519 542/542 543/543
f 543/543 520/520 519/519
f 521/521 544/544 542/542
f 542/542 519/519 521/521
f 522/522 545/545 544/544
f 544/544 521/521 522/522
f 523/523 546/546 545/545
f 545/545 522/522 523/523
f 524/524 547/547 546/546
f 546/546 523/523 524/524
f 525/525 548/548 547/547
f 547/547 524/524 525/525
f 526/526 549/549 548/548
f 548/548 525/525 526/526
f 527/527 550/550 549/549
f 549/549 526/526 527/527
f 528/528 551/551 550/550
f 550/550 527/527 528/528
f 529/529 552/552 551/551
f 551/551 528/528 529/529
f 153/153 155/155 552/552
f 552/552 529/529 153/153
f 530/530 531/531 553/553
f 554/554 532/532 530/530
f 530/530 553/553 554/554
f 555/555 533/533 532/532
f 532/532 554/554 555/555
f 556/556 534/534 533/533
f 533/533 555/555 556/556
f 557/557 535/535 534/534
f 534/534 556/556 557/557
f 558/558 536/536 535/535
f 535/535 557/557 558/558
f 559/559 537/537 536/536
f 536/536 558/558 559/559
f 560/560 538/538 537/537
f 537/537 559/559 560/560
f 561/561 539/539 538/538
f 538/538 560/560 561/561
f 562/562 540/540 539/539
f 539/539 561/561 562/562
f 563/563 541/541 540/540
f 540/540 562/562 563/563
f 158/158 156/156 541/541
f 541/541 563/563 158/158
f 542/542 564/564 565/565
f 565/565 543/543 542/542
f 544/544 566/566 564/564
f 564/564 542/542 544/544
f 545/545 567/567 566/566
f 566/566 544/544 545/545
f 546/546 568/568 567/567
f 567/567 545/545 546/546
f 547/547 569/569 568/568
f 568/568 546/546 547/547
f 548/548 570/570 569/569
f 569/569 547/547 548/548
f 549/549 571/571 570/570
f 570/570 548/548 549/549
f 550/550 572/572 571/571
f 571/571 549/549 550/550
f 551/551 573/573 572/572
f 572/572 550/550 551/551
f 552/552 574/574 573/573
f 573/573 551/551 552/552
f 155/155 157/157 574/574
f 574/574 552/552 155/155
f 553/553 531/531 575/575
f 576/576 554/554 553/553
f 553/553 575/575 576/576
f 577/577 555/555 554/554
f 554/554 576/576 577/577
f 578/578 556/556 555/555
f 555/555 577/577 578/578
f 579/579 557/557 556/556
f 556/556 578/578 579/579
f 580/580 558/558 557/557
f 557/557 579/579 580/580
f 581/581 559/559 558/558
f 558/558 580/580 581/581
f 582/582 560/560 559/559
f 559/559 581/581 582/582
f 583/583 561/561 560/560
f 560/560 582/582 583/583
f 584/584 562/562 561/561
f 561/561 583/583 584/584
f 585/585 563/563 562/562
f 562/562 584/584 585/585
f 160/160 158/158 563/563
f 563/563 585/585 160/160
f 586/586 587/587 588/588
f 566/566 589/589 586/586
f 586/586 564/564 566/566
f 567/567 590/590 589/589
f 589/589 566/566 567/567
f 568/568 591/591 590/590
f 590/590 567/567 568/568
f 569/569 592/592 591/591
f 591/591 568/568 569/569
f 570/570 593/593 592/592
f 592/592 569/569 570/570
f 571/571 594/594 593/593
f 593/593 570/570 571/571
f 572/572 595/595 594/594
f 594/594 571/571 572/572
f 573/573 596/596 595/595
f 595/595 572/572 573/573
f 574/574 597/597 596/596
f 596/596 573/573 574/574
f 157/157 159/159 597/597
f 597/597 574/574 157/157
f 598/598 575/575 531/531
f 531/531 599/599 598/598
f 600/600 576/576 575/575
f 575/575 598/598 600/600
f 601/601 577/577 576/576
f 576/576 600/600 601/601
f 602/602 578/578 577/577
f 577/577 601/601 602/602
f 603/603 579/579 578/578
f 578/578 602/602 603/603
f 604/604 580/580 579/579
f 579/579 603/603 604/604
f 605/605 581/581 580/580
f 580/580 604/604 605/605
f 606/606 582/582 581/581
f 581/581 605/605 606/606
f 607/607 583/583 582/582
f 582/582 606/606 607/607
f 608/608 584/584 583/583
f 583/583 607/607 608/608
f 609/609 585/585 584/584
f 584/584 608/608 609/609
f 162/162 160/160 585/585
f 585/585 609/609 162/162
f 586/586 610/610 611/611
f 611/611 587/587 586/586
f 589/589 612/612 610/610
f 610/610 586/586 589/589
f 590/590 613/613 612/612
f 612/612 589/589 590/590
f 591/591 614/614 613/613
f 613/613 590/590 591/591
f 592/592 615/615 614/614
f 614/614 591/591 592/592
f 593/593 616/616 615/615
f 615/615 592/592 593/593
f 594/594 617/617 616/616
f 616/616 593/593 594/594
f 595/595 618/618 617/617
f 617/617 594/594 595/595
f 596/596 619/619 618/618
f 618/618 595/595 596/596
f 597/597 620/620 619/619
f 619/619 596/596 597/597
f 159/159 161/161 620/620
f 620/620 597/597 159/159
f 621/621 167/167 166/166
f 166/166 622/622 621/621
f 623/623 168/168 167/167
f 167/167 621/621 623/623
f 624/624 170/170 168/168
f 168/168 623/623 624/624
f 625/625 172/172 170/170
f 170/170 624/624 625/625
f 626/626 174/174 172/172
f 172/172 625/625 626/626
f 627/627 176/176 174/174
f 174/174 626/626 627/627
f 628/628 178/178 176/176
f 176/176 627/627 628/628
f 629/629 180/180 178/178
f 178/178 628/628 629/629
f 630/630 182/182 180/180
f 180/180 629/629 630/630
f 631/631 184/184 182/182
f 182/182 630/630 631/631
f 632/632 186/186 184/184
f 184/184 631/631 632/632
f 164/164 125/125 186/186
f 186/186 632/632 164/164
f 189/189 633/633 634/634
f 634/634 190/190 189/189
f 193/193 635/635 633/633
f 633/633 189/189 193/193
f 195/195 636/636 635/635
f 635/635 193/193 195/195
f 197/197 637/637 636/636
f 636/636 195/195 197/197
f 199/199 638/638 637/637
f 637/637 197/197 199/199
f 201/201 639/639 638/638
f 638/638 199/199 201/201
f 203/203 640/640 639/639
f 639/639 201/201 203/203
f 205/205 641/641 640/640
f 640/640 203/203 205/205
f 207/207 642/642 641/641
f 641/641 205/205 207/207
f 209/209 643/643 642/642
f 642/642 207/207 209/209
f 122/122 163/163 643/643
f 643/643 209/209 122/122
f 644/644 565/565 564/564
f 564/564 586/586 588/588
f 588/588 644/644 564/564
f 635/635 645/645 633/633
f 646/646 634/634 633/633
f 633/633 645/645 646/646
f 645/645 647/647 646/646
f 648/648 649/649 598/598
f 598/598 599/599 648/648
f 649/649 650/650 600/600
f 600/600 598/598 649/649
f 650/650 651/651 601/601
f 601/601 600/600 650/650
f 651/651 652/652 602/602
f 602/602 601/601 651/651
f 652/652 653/653 603/603
f 603/603 602/602 652/652
f 653/653 654/654 604/604
f 604/604 603/603 653/653
f 654/654 655/655 605/605
f 605/605 604/604 654/654
f 655/655 656/656 606/606
f 606/606 605/605 655/655
f 656/656 657/657 607/607
f 607/607 606/606 656/656
f 657/657 658/658 608/608
f 608/608 607/607 657/657
f 658/658 659/659 609/609
f 609/609 608/608 658/658
f 659/659 660/660 162/162
f 162/162 609/609 659/659
f 660/660 661/661 161/161
f 161/161 162/162 660/660
f 661/661 662/662 620/620
f 620/620 161/161 661/661
f 662/662 663/663 619/619
f 619/619 620/620 662/662
f 663/663 664/664 618/618
f 618/618 619/619 663/663
f 664/664 665/665 617/617
f 617/617 618/618 664/664
f 665/665 666/666 616/616
f 616/616 617/617 665/665
f 666/666 667/667 615/615
f 615/615 616/616 666/666
f 667/667 668/668 614/614
f 614/614 615/615 667/667
f 668/668 669/669 613/613
f 613/613 614/614 668/668
f 669/669 670/670 612/612
f 612/612 613/613 669/669
f 670/670 671/671 610/610
f 610/610 612/612 670/670
f 671/671 672/672 611/611
f 611/611 610/610 671/671
f 673/673 674/674 621/621
f 621/621 622/622 673/673
f 674/674 675/675 623/623
f 623/623 621/621 674/674
f 675/675 676/676 624/624
f 624/624 623/623 675/675
f 676/676 677/677 625/625
f 625/625 624/624 676/676
f 677/677 678/678 626/626
f 626/626 625/625 677/677
f 678/678 679/679 627/627
f 627/627 626/626 678/678
f 679/679 680/680 628/628
f 628/628 627/627 679/679
f 680/680 681/681 629/629
f 629/629 628/628 680/680
f 681/681 682/682 630/630
f 630/630 629/629 681/681
f 682/682 683/683 631/631
f 631/631 630/630 682/682
f 683/683 684/684 632/632
f 632/632 631/631 683/683
f 684/684 685/685 164/164
f 164/164 632/632 684/684
f 685/685 686/686 163/163
f 163/163 164/164 685/685
f 686/686 687/687 643/643
f 643/643 163/163 686/686
f 687/687 688/688 642/642
f 642/642 643/643 687/687
f 688/688 689/689 641/641
f 641/641 642/642 688/688
f 689/689 690/690 640/640
f 640/640 641/641 689/689
f 690/690 691/691 639/639
f 639/639 640/640 690/690
f 691/691 692/692 638/638
f 638/638 639/639 691/691
f 692/692 693/693 637/637
f 637/637 638/638 692/692
f 693/693 694/694 636/636
f 636/636 637/637 693/693
f 694/694 695/695 635/635
f 635/635 636/636 694/694
f 695/695 696/696 645/645
f 645/645 635/635 695/695
f 696/696 697/697 647/647
f 647/647 645/645 696/696
f 698/698 699/699 674/674
f 674/674 673/673 698/698
f 699/699 700/700 675/675
f 675/675 674/674 699/699
f 700/700 701/701 676/676
f 676/676 675/675 700/700
f 701/701 702/702 677/677
f 677/677 676/676 701/701
f 702/702 703/703 678/678
f 678/678 677/677 702/702
f 703/703 704/704 679/679
f 679/679 678/678 703/703
f 704/704 705/705 680/680
f 680/680 679/679 704/704
f 705/705 706/706 681/681
f 681/681 680/680 705/705
f 706/706 707/707 682/682
f 682/682 681/681 706/706
f 707/707 708/708 683/683
f 683/683 682/682 707/707
f 708/708 709/709 684/684
f 684/684 683/683 708/708
f 709/709 710/710 685/685
f 685/685 684/684 709/709
f 710/710 711/711 686/686
f 686/686 685/685 710/710
f 711/711 712/712 687/687
f 687/687 686/686 711/711
f 712/712 713/713 688/688
f 688/688 687/687 712/712
f 713/713 714/714 689/689
f 689/689 688/688 713/713
f 714/714 715/715 690/690
f 690/690 689/689 714/714
f 715/715 716/716 691/691
f 691/691 690/690 715/715
f 716/716 717/717 692/692
f 692/692 691/691 716/716
f 717/717 718/718 693/693
f 693/693 692/692 717/717
f 718/718 719/719 694/694
f 694/694 693/693 718/718
f 719/719 720/720 695/695
f 695/695 694/694 719/719
f 720/720 721/721 696/696
f 696/696 695/695 720/720
f 721/721 722/722 697/697
f 697/697 696/696 721/721
f 723/723 724/724 725/725
f 725/725 726/726 723/723
f 724/724 727/727 728/728
f 728/728 725/725 724/724
f 727/727 729/729 730/730
f 730/730 728/728 727/727
f 729/729 731/731 732/732
f 732/732 730/730 729/729
f 731/731 733/733 734/734
f 734/734 732/732 731/731
f 733/733 735/735 736/736
f 736/736 734/734 733/733
f 735/735 737/737 738/738
f 738/738 736/736 735/735
f 737/737 739/739 740/740
f 740/740 738/738 737/737
f 739/739 741/741 742/742
f 742/742 740/740 739/739
f 741/741 743/743 744/744
f 744/744 742/742 741/741
f 743/743 745/745 746/746
f 746/746 744/744 743/743
f 745/745 747/747 748/748
f 748/748 746/746 745/745
f 747/747 749/749 750/750
f 750/750 748/748 747/747
f 749/749 751/751 752/752
f 752/752 750/750 749/749
f 751/751 753/753 754/754
f 754/754 752/752 751/751
f 753/753 755/755 756/756
f 756/756 754/754 753/753
f 755/755 757/757 758/758
f 758/758 756/756 755/755
f 757/757 759/759 760/760
f 760/760 758/758 757/757
f 759/759 761/761 762/762
f 762/762 760/760 759/759
f 761/761 763/763 764/764
f 764/764 762/762 761/761
f 763/763 765/765 766/766
f 766/766 764/764 763/763
f 765/765 767/767 768/768
f 768/768 766/766 765/765
f 767/767 769/769 770/770
f 770/770 768/768 767/767
f 769/769 771/771 772/772
f 772/772 770/770 769/769
f 773/773 774/774 724/724
f 724/724 723/723 773/773
f 774/774 775/775 727/727
f 727/727 724/724 774/774
f 775/775 776/776 729/729
f 729/729 727/727 775/775
f 776/776 777/777 731/731
f 731/731 729/729 776/776
f 777/777 778/778 733/733
f 733/733 731/731 777/777
f 778/778 779/779 735/735
f 735/735 733/733 778/778
f 779/779 780/780 737/737
f 737/737 735/735 779/779
f 780/780 781/781 739/739
f 739/739 737/737 780/780
f 781/781 782/782 741/741
f 741/741 739/739 781/781
f 782/782 783/783 743/743
f 743/743 741/741 782/782
f 783/783 784/784 745/745
f 745/745 743/743 783/783
f 784/784 785/785 747/747
f 747/747 745/745 784/784
f 785/785 786/786 749/749
f 749/749 747/747 785/785
f 786/786 787/787 751/751
f 751/751 749/749 786/786
f 787/787 788/788 753/753
f 753/753 751/751 787/787
f 788/788 789/789 755/755
f 755/755 753/753 788/788
f 789/789 790/790 757/757
f 757/757 755/755 789/789
f 790/790 791/791 759/759
f 759/759 757/757 790/790
f 791/791 792/792 761/761
f 761/761 759/759 791/791
f 792/792 793/793 763/763
f 763/763 761/761 792/792
f 793/793 794/794 765/765
f 765/765 763/763 793/793
f 794/794 795/795 767/767
f 767/767 765/765 794/794
f 795/795 796/796 769/769
f 769/769 767/767 795/795
f 796/796 797/797 771/771
f 771/771 769/769 796/796
f 798/798 799/799 774/774
f 774/774 773/773 798/798
f 799/799 800/800 775/775
f 775/775 774/774 799/799
f 800/800 801/801 776/776
f 776/776 775/775 800/800
f 801/801 802/802 777/777
f 777/777 776/776 801/801
f 802/802 803/803 778/778
f 778/778 777/777 802/802
f 803/803 804/804 779/779
f 779/779 778/778 803/803
f 804/804 805/805 780/780
f 780/780 779/779 804/804
f 805/805 806/806 781/781
f 781/781 780/780 805/805
f 806/806 807/807 782/782
f 782/782 781/781 806/806
f 807/807 808/808 783/783
f 783/783 782/782 807/807
f 808/808 809/809 784/784
f 784/784 783/783 808/808
f 809/809 810/810 785/785
f 785/785 784/784 809/809
f 810/810 811/811 786/786
f 786/786 785/785 810/810
f 811/811 812/812 787/787
f 787/787 786/786 811/811
f 812/812 813/813 788/788
f 788/788 787/787 812/812
f 813/813 814/814 789/789
f 789/789 788/788 813/813
f 814/814 815/815 790/790
f 790/790 789/789 814/814
f 815/815 816/816 791/791
f 791/791 790/790 815/815
f 816/816 817/817 792/792
f 792/792 791/791 816/816
f 817/817 818/818 793/793
f 793/793 792/792 817/817
f 818/818 819/819 794/794
f 794/794 793/793 818/818
f 819/819 820/820 795/795
f 795/795 794/794 819/819
f 820/820 821/821 796/796
f 796/796 795/795 820/820
f 821/821 822/822 797/797
f 797/797 796/796 821/821
f 823/823 824/824 825/825
f 825/825 826/826 823/823
f 823/823 827/827 828/828
f 828/828 829/829 823/823
f 829/829 828/828 830/830
f 830/830 831/831 829/829
f 826/826 825/825 832/832
f 832/832 833/833 826/826
f 834/834 835/835 836/836
f 836/836 837/837 834/834
f 827/827 838/838 835/835
f 835/835 834/834 827/827
f 823/823 826/826 838/838
f 838/838 827/827 823/823
f 839/839 840/840 841/841
f 841/841 842/842 839/839
f 840/840 825/825 824/824
f 824/824 841/841 840/840
f 841/841 843/843 844/844
f 844/844 842/842 841/841
f 824/824 845/845 843/843
f 843/843 841/841 824/824
f 823/823 829/829 845/845
f 845/845 824/824 823/823
f 846/846 847/847 834/834
f 834/834 837/837 846/846
f 847/847 828/828 827/827
f 827/827 834/834 847/847
f 843/843 848/848 849/849
f 849/849 844/844 843/843
f 845/845 850/850 848/848
f 848/848 843/843 845/845
f 829/829 831/831 850/850
f 850/850 845/845 829/829
f 851/851 852/852 847/847
f 847/847 846/846 851/851
f 852/852 830/830 828/828
f 828/828 847/847 852/852
f 835/835 853/853 854/854
f 854/854 836/836 835/835
f 838/838 855/855 853/853
f 853/853 835/835 838/838
f 826/826 833/833 855/855
f 855/855 838/838 826/826
f 856/856 857/857 840/840
f 840/840 839/839 856/856
f 857/857 832/832 825/825
f 825/825 840/840 857/857
f 858/858 849/849 848/848
f 848/848 859/859 858/858
f 859/859 848/848 850/850
f 850/850 860/860 859/859
f 860/860 850/850 831/831
f 831/831 861/861 860/860
f 862/862 861/861 831/831
f 831/831 830/830 862/862
f 863/863 862/862 830/830
f 830/830 852/852 863/863
f 864/864 863/863 852/852
f 852/852 851/851 864/864
f 865/865 854/854 853/853
f 853/853 866/866 865/865
f 866/866 853/853 855/855
f 855/855 867/867 866/866
f 867/867 855/855 833/833
f 833/833 868/868 867/867
f 869/869 868/868 833/833
f 833/833 832/832 869/869
f 870/870 869/869 832/832
f 832/832 857/857 870/870
f 871/871 870/870 857/857
f 857/857 856/856 871/871
f 872/872 873/873 649/649
f 649/649 648/648 872/872
f 873/873 874/874 650/650
f 650/650 649/649 873/873
f 874/874 875/875 651/651
f 651/651 650/650 874/874
f 875/875 876/876 652/652
f 652/652 651/651 875/875
f 876/876 877/877 653/653
f 653/653 652/652 876/876
f 877/877 878/878 654/654
f 654/654 653/653 877/877
f 878/878 879/879 655/655
f 655/655 654/654 878/878
f 879/879 880/880 656/656
f 656/656 655/655 879/879
f 880/880 881/881 657/657
f 657/657 656/656 880/880
f 881/881 882/882 658/658
f 658/658 657/657 881/881
f 882/882 883/883 659/659
f 659/659 658/658 882/882
f 883/883 884/884 660/660
f 660/660 659/659 883/883
f 884/884 885/885 661/661
f 661/661 660/660 884/884
f 885/885 886/886 662/662
f 662/662 661/661 885/885
f 886/886 887/887 663/663
f 663/663 662/662 886/886
f 887/887 888/888 664/664
f 664/664 663/663 887/887
f 888/888 889/889 665/665
f 665/665 664/664 888/888
f 889/889 890/890 666/666
f 666/666 665/665 889/889
f 890/890 891/891 667/667
f 667/667 666/666 890/890
f 891/891 892/892 668/668
f 668/668 667/667 891/891
f 892/892 893/893 669/669
f 669/669 668/668 892/892
f 893/893 894/894 670/670
f 670/670 669/669 893/893
f 894/894 895/895 671/671
f 671/671 670/670 894/894
f 895/895 896/896 672/672
f 672/672 671/671 895/895
f 897/897 898/898 899/899
f 899/899 900/900 897/897
f 898/898 901/901 902/902
f 902/902 899/899 898/898
f 901/901 903/903 904/904
f 904/904 902/902 901/901
f 903/903 905/905 906/906
f 906/906 904/904 903/903
f 905/905 907/907 908/908
f 908/908 906/906 905/905
f 907/907 909/909 910/910
f 910/910 908/908 907/907
f 909/909 911/911 912/912
f 912/912 910/910 909/909
f 911/911 913/913 914/914
f 914/914 912/912 911/911
f 913/913 915/915 916/916
f 916/916 914/914 913/913
f 915/915 917/917 918/918
f 918/918 916/916 915/915
f 917/917 919/919 920/920
f 920/920 918/918 917/917
f 919/919 921/921 922/922
f 922/922 920/920 919/919
f 921/921 923/923 924/924
f 924/924 922/922 921/921
f 923/923 925/925 926/926
f 926/926 924/924 923/923
f 925/925 927/927 928/928
f 928/928 926/926 925/925
f 927/927 929/929 930/930
f 930/930 928/928 927/927
f 929/929 931/931 932/932
f 932/932 930/930 929/929
f 931/931 933/933 934/934
f 934/934 932/932 931/931
f 933/933 935/935 936/936
f 936/936 934/934 933/933
f 935/935 937/937 938/938
f 938/938 936/936 935/935
f 937/937 939/939 940/940
f 940/940 938/938 937/937
f 939/939 941/941 942/942
f 942/942 940/940 939/939
f 941/941 943/943 944/944
f 944/944 942/942 941/941
f 943/943 897/897 900/900
f 900/900 944/944 943/943
f 898/898 897/897 945/945
f 945/945 946/946 898/898
f 901/901 898/898 946/946
f 946/946 947/947 901/901
f 903/903 901/901 947/947
f 947/947 948/948 903/903
f 905/905 903/903 948/948
f 948/948 949/949 905/905
f 907/907 905/905 949/949
f 949/949 950/950 907/907
f 909/909 907/907 950/950
f 950/950 951/951 909/909
f 911/911 909/909 951/951
f 951/951 952/952 911/911
f 913/913 911/911 952/952
f 952/952 953/953 913/913
f 915/915 913/913 953/953
f 953/953 954/954 915/915
f 917/917 915/915 954/954
f 954/954 955/955 917/917
f 919/919 917/917 955/955
f 955/955 956/956 919/919
f 921/921 919/919 956/956
f 956/956 957/957 921/921
f 923/923 921/921 957/957
f 957/957 958/958 923/923
f 925/925 923/923 958/958
f 958/958 959/959 925/925
f 927/927 925/925 959/959
f 959/959 960/960 927/927
f 929/929 927/927 960/960
f 960/960 961/961 929/929
f 931/931 929/929 961/961
f 961/961 962/962 931/931
f 933/933 931/931 962/962
f 962/962 963/963 933/933
f 935/935 933/933 963/963
f 963/963 964/964 935/935
f 937/937 935/935 964/964
f 964/964 965/965 937/937
f 939/939 937/937 965/965
f 965/965 966/966 939/939
f 941/941 939/939 966/966
f 966/966 967/967 941/941
f 943/943 941/941 967/967
f 967/967 968/968 943/943
f 897/897 943/943 968/968
f 968/968 945/945 897/897
f 872/872 969/969 970/970
f 970/970 873/873 872/872
f 873/873 970/970 971/971
f 971/971 874/874 873/873
f 874/874 971/971 972/972
f 972/972 875/875 874/874
f 875/875 972/972 973/973
f 973/973 876/876 875/875
f 876/876 973/973 974/974
f 974/974 877/877 876/876
f 877/877 974/974 975/975
f 975/975 878/878 877/877
f 878/878 975/975 976/976
f 976/976 879/879 878/878
f 879/879 976/976 977/977
f 977/977 880/880 879/879
f 880/880 977/977 978/978
f 978/978 881/881 880/880
f 881/881 978/978 979/979
f 979/979 882/882 881/881
f 882/882 979/979 980/980
f 980/980 883/883 882/882
f 883/883 980/980 981/981
f 981/981 884/884 883/883
f 884/884 981/981 982/982
f 982/982 885/885 884/884
f 885/885 982/982 983/983
f 983/983 886/886 885/885
f 886/886 983/983 984/984
f 984/984 887/887 886/886
f 887/887 984/984 985/985
f 985/985 888/888 887/887
f 888/888 985/985 986/986
f 986/986 889/889 888/888
f 889/889 986/986 987/987
f 987/987 890/890 889/889
f 890/890 987/987 988/988
f 988/988 891/891 890/890
f 891/891 988/988 989/989
f 989/989 892/892 891/891
f 892/892 989/989 990/990
f 990/990 893/893 892/892
f 893/893 990/990 991/991
f 991/991 894/894 893/893
f 894/894 991/991 992/992
f 992/992 895/895 894/894
f 895/895 992/992 993/993
f 993/993 896/896 895/895
f 994/994 995/995 996/996
f 996/996 997/997 994/994
f 998/998 999/999 996/996
f 996/996 1000/1000 998/998
f 1001/1001 1002/1002 999/999
f 999/999 998/998 1001/1001
f 1003/1003 1004/1004 995/995
f 995/995 994/994 1003/1003
f 958/958 957/957 1005/1005
f 1005/1005 1006/1006 958/958
f 1006/1006 1005/1005 1000/1000
f 1000/1000 1007/1007 1006/1006
f 1007/1007 1000/1000 996/996
f 996/996 995/995 1007/1007
f 1008/1008 945/945 968/968
f 968/968 1009/1009 1008/1008
f 997/997 1008/1008 1009/1009
f 1009/1009 994/994 997/997
f 946/946 945/945 1008/1008
f 1008/1008 1010/1010 946/946
f 1010/1010 1008/1008 997/997
f 997/997 1011/1011 1010/1010
f 1011/1011 997/997 996/996
f 996/996 999/999 1011/1011
f 1005/1005 957/957 956/956
f 956/956 1012/1012 1005/1005
f 1000/1000 1005/1005 1012/1012
f 1012/1012 998/998 1000/1000
f 947/947 946/946 1010/1010
f 1010/1010 1013/1013 947/947
f 1013/1013 1010/1010 1011/1011
f 1011/1011 1014/1014 1013/1013
f 1014/1014 1011/1011 999/999
f 999/999 1002/1002 1014/1014
f 1012/1012 956/956 955/955
f 955/955 1015/1015 1012/1012
f 998/998 1012/1012 1015/1015
f 1015/1015 1001/1001 998/998
f 959/959 958/958 1006/1006
f 1006/1006 1016/1016 959/959
f 1016/1016 1006/1006 1007/1007
f 1007/1007 1017/1017 1016/1016
f 1017/1017 1007/1007 995/995
f 995/995 1004/1004 1017/1017
f 1009/1009 968/968 967/967
f 967/967 1018/1018 1009/1009
f 994/994 1009/1009 1018/1018
f 1018/1018 1003/1003 994/994
f 1013/1013 949/949 948/948
f 948/948 947/947 1013/1013
f 1014/1014 950/950 949/949
f 949/949 1013/1013 1014/1014
f 1002/1002 951/951 950/950
f 950/950 1014/1014 1002/1002
f 1002/1002 1001/1001 952/952
f 952/952 951/951 1002/1002
f 1001/1001 1015/1015 953/953
f 953/953 952/952 1001/1001
f 1015/1015 955/955 954/954
f 954/954 953/953 1015/1015
f 1018/1018 967/967 966/966
f 966/966 965/965 1018/1018
f 1003/1003 1018/1018 965/965
f 965/965 964/964 1003/1003
f 1004/1004 1003/1003 964/964
f 964/964 963/963 1004/1004
f 1004/1004 963/963 962/962
f 962/962 1017/1017 1004/1004
f 1017/1017 962/962 961/961
f 961/961 1016/1016 1017/1017
f 1016/1016 961/961 960/960
f 960/960 959/959 1016/1016
f 24/24 1019/1019 25/25
f 1020/1020 25/25 1019/1019
f 1019/1019 1021/1021 1020/1020
f 66/66 120/120 119/119
f 119/119 65/65 66/66
f 1022/1022 1023/1023 1024/1024
f 1024/1024 1025/1025 1022/1022
f 1026/1026 1022/1022 1025/1025
f 1025/1025 1027/1027 1026/1026
f 100/100 1028/1028 1029/1029
f 1029/1029 101/101 100/100
f 1030/1030 102/102 103/103
f 103/103 1031/1031 1030/1030
f 1032/1032 1030/1030 1031/1031
f 1031/1031 1033/1033 1032/1032
f 1034/1034 1032/1032 1033/1033
f 1033/1033 1035/1035 1034/1034
f 1023/1023 1034/1034 1035/1035
f 1035/1035 1024/1024 1023/1023
f 1036/1036 1037/1037 1038/1038
f 1038/1038 1039/1039 1036/1036
f 1040/1040 1041/1041 1042/1042
f 1042/1042 1043/1043 1040/1040
f 1044/1044 1045/1045 1041/1041
f 1041/1041 1040/1040 1044/1044
f 1046/1046 1047/1047 1045/1045
f 1045/1045 1044/1044 1046/1046
f 1048/1048 36/36 1047/1047
f 1047/1047 1046/1046 1048/1048
f 36/36 1048/1048 35/35
f 33/33 1049/1049 34/34
f 1039/1039 1038/1038 1049/1049
f 1049/1049 33/33 1039/1039
f 1050/1050 1051/1051 1052/1052
f 1052/1052 1053/1053 1050/1050
f 1050/1050 1054/1054 1055/1055
f 1055/1055 1051/1051 1050/1050
f 1056/1056 1055/1055 1054/1054
f 1054/1054 1057/1057 1056/1056
f 1058/1058 1059/1059 1056/1056
f 1056/1056 1057/1057 1058/1058
f 1060/1060 1061/1061 1062/1062
f 1062/1062 1063/1063 1060/1060
f 1064/1064 1065/1065 1066/1066
f 1066/1066 1067/1067 1064/1064
f 1067/1067 1068/1068 1069/1069
f 1069/1069 1064/1064 1067/1067
f 1068/1068 1070/1070 1071/1071
f 1071/1071 1069/1069 1068/1068
f 1070/1070 1072/1072 1073/1073
f 1073/1073 1071/1071 1070/1070
f 1074/1074 1073/1073 1072/1072
f 1072/1072 1075/1075 1074/1074
f 1076/1076 1077/1077 1074/1074
f 1074/1074 1075/1075 1076/1076
f 1078/1078 1079/1079 1080/1080
f 1080/1080 1081/1081 1078/1078
f 1082/1082 1083/1083 1084/1084
f 1084/1084 1085/1085 1082/1082
f 1085/1085 1086/1086 1087/1087
f 1087/1087 1082/1082 1085/1085
f 1088/1088 1089/1089 1052/1052
f 1052/1052 1051/1051 1088/1088
f 1051/1051 1055/1055 1090/1090
f 1090/1090 1088/1088 1051/1051
f 1091/1091 1090/1090 1055/1055
f 1055/1055 1056/1056 1091/1091
f 1092/1092 1093/1093 1065/1065
f 1065/1065 1064/1064 1092/1092
f 1064/1064 1069/1069 1094/1094
f 1094/1094 1092/1092 1064/1064
f 1069/1069 1071/1071 1095/1095
f 1095/1095 1094/1094 1069/1069
f 1071/1071 1073/1073 1096/1096
f 1096/1096 1095/1095 1071/1071
f 1097/1097 1096/1096 1073/1073
f 1073/1073 1074/1074 1097/1097
f 1098/1098 1099/1099 1083/1083
f 1083/1083 1082/1082 1098/1098
f 1082/1082 1087/1087 1100/1100
f 1100/1100 1098/1098 1082/1082
f 1101/1101 1102/1102 1103/1103
f 1103/1103 1088/1088 1101/1101
f 1088/1088 1090/1090 1104/1104
f 1104/1104 1101/1101 1088/1088
f 1105/1105 1104/1104 1090/1090
f 1090/1090 1091/1091 1105/1105
f 1106/1106 1107/1107 1093/1093
f 1093/1093 1092/1092 1106/1106
f 1092/1092 1094/1094 1108/1108
f 1108/1108 1106/1106 1092/1092
f 1094/1094 1095/1095 1109/1109
f 1109/1109 1108/1108 1094/1094
f 1095/1095 1096/1096 1110/1110
f 1110/1110 1109/1109 1095/1095
f 1111/1111 1110/1110 1096/1096
f 1096/1096 1097/1097 1111/1111
f 1112/1112 1113/1113 1099/1099
f 1099/1099 1098/1098 1112/1112
f 1098/1098 1100/1100 1114/1114
f 1114/1114 1112/1112 1098/1098
f 1083/1083 1099/1099 1115/1115
f 1115/1115 1079/1079 1083/1083
f 1074/1074 1077/1077 1116/1116
f 1116/1116 1097/1097 1074/1074
f 1065/1065 1093/1093 1117/1117
f 1117/1117 1061/1061 1065/1065
f 1056/1056 1059/1059 1118/1118
f 1118/1118 1091/1091 1056/1056
f 1119/1119 1120/1120 1105/1105
f 1105/1105 1091/1091 1119/1119
f 1121/1121 1122/1122 1123/1123
f 1123/1123 1124/1124 1121/1121
f 52/52 1125/1125 54/54
f 41/41 1126/1126 42/42
f 40/40 43/43 39/39
f 46/46 48/48 47/47
f 110/110 40/40 38/38
f 48/48 92/92 49/49
f 94/94 110/110 50/50
f 92/92 79/79 80/80
f 80/80 78/78 95/95
f 96/96 94/94 93/93
f 82/82 85/85 7/7
f 32/32 83/83 30/30
f 12/12 121/121 85/85
f 31/31 30/30 81/81
f 68/68 67/67 121/121
f 13/13 81/81 15/15
f 69/69 1127/1127 67/67
f 26/26 1128/1128 27/27
f 29/29 98/98 28/28
f 1129/1129 1130/1130 1131/1131
f 1131/1131 1132/1132 1129/1129
f 1133/1133 1134/1134 1135/1135
f 1135/1135 1136/1136 1133/1133
f 1130/1130 1133/1133 1136/1136
f 1136/1136 1131/1131 1130/1130
f 1137/1137 1138/1138 1130/1130
f 1130/1130 1129/1129 1137/1137
f 1139/1139 1140/1140 1134/1134
f 1134/1134 1133/1133 1139/1139
f 1138/1138 1139/1139 1133/1133
f 1133/1133 1130/1130 1138/1138
f 1141/1141 1142/1142 1138/1138
f 1138/1138 1137/1137 1141/1141
f 1143/1143 1144/1144 1140/1140
f 1140/1140 1139/1139 1143/1143
f 1142/1142 1143/1143 1139/1139
f 1139/1139 1138/1138 1142/1142
f 1145/1145 1146/1146 1147/1147
f 1147/1147 1148/1148 1145/1145
f 1149/1149 1150/1150 1151/1151
f 1151/1151 1152/1152 1149/1149
f 1146/1146 1149/1149 1152/1152
f 1152/1152 1147/1147 1146/1146
f 1153/1153 1154/1154 1146/1146
f 1146/1146 1145/1145 1153/1153
f 1155/1155 1156/1156 1150/1150
f 1150/1150 1149/1149 1155/1155
f 1154/1154 1155/1155 1149/1149
f 1149/1149 1146/1146 1154/1154
f 1132/1132 1131/1131 1154/1154
f 1154/1154 1153/1153 1132/1132
f 1136/1136 1135/1135 1156/1156
f 1156/1156 1155/1155 1136/1136
f 1131/1131 1136/1136 1155/1155
f 1155/1155 1154/1154 1131/1131
f 1157/1157 1158/1158 1159/1159
f 1160/1160 1161/1161 1162/1162
f 1163/1163 1164/1164 111/111
f 111/111 113/113 1163/1163
f 1165/1165 1093/1093 1107/1107
f 1107/1107 1166/1166 1165/1165
f 1167/1167 1165/1165 1166/1166
f 1166/1166 1168/1168 1167/1167
f 1119/1119 1167/1167 1168/1168
f 1168/1168 1120/1120 1119/1119
f 1121/1121 1169/1169 1170/1170
f 1170/1170 1122/1122 1121/1121
f 1169/1169 1099/1099 1113/1113
f 1113/1113 1170/1170 1169/1169
f 1111/1111 1097/1097 1124/1124
f 1124/1124 1123/1123 1111/1111
f 1063/1063 1062/1062 1059/1059
f 1059/1059 1058/1058 1063/1063
f 1066/1066 1065/1065 1061/1061
f 1061/1061 1060/1060 1066/1066
f 1081/1081 1080/1080 1077/1077
f 1077/1077 1076/1076 1081/1081
f 1084/1084 1083/1083 1079/1079
f 1079/1079 1078/1078 1084/1084
f 1171/1171 1062/1062 1061/1061
f 1061/1061 1117/1117 1171/1171
f 1059/1059 1062/1062 1171/1171
f 1171/1171 1118/1118 1059/1059
f 1077/1077 1080/1080 1172/1172
f 1172/1172 1116/1116 1077/1077
f 1172/1172 1080/1080 1079/1079
f 1079/1079 1115/1115 1172/1172
f 1173/1173 1174/1174 118/118
f 118/118 117/117 1173/1173
f 1173/1173 1175/1175 1176/1176
f 1176/1176 1174/1174 1173/1173
f 1177/1177 1178/1178 1164/1164
f 1164/1164 1163/1163 1177/1177
f 1177/1177 1179/1179 1180/1180
f 1180/1180 1178/1178 1177/1177
f 9/9 1181/1181 11/11
f 1182/1182 1181/1181 9/9
f 9/9 56/56 1182/1182
f 8/8 1183/1183 9/9
f 9/9 1183/1183 1184/1184
f 1184/1184 56/56 9/9
f 55/55 1182/1182 56/56
f 56/56 1184/1184 58/58
f 10/10 11/11 1185/1185
f 1185/1185 1186/1186 10/10
f 10/10 1186/1186 1187/1187
f 1187/1187 8/8 10/10
f 71/71 1188/1188 72/72
f 1189/1189 1190/1190 72/72
f 72/72 1188/1188 1189/1189
f 72/72 1191/1191 74/74
f 1192/1192 1191/1191 72/72
f 72/72 1190/1190 1192/1192
f 1190/1190 1193/1193 1194/1194
f 1194/1194 1192/1192 1190/1190
f 1190/1190 1189/1189 1195/1195
f 1195/1195 1193/1193 1190/1190
f 73/73 74/74 1196/1196
f 1196/1196 1197/1197 73/73
f 73/73 1197/1197 1198/1198
f 1198/1198 71/71 73/73
f 37/37 39/39 45/45
f 45/45 1199/1199 37/37
f 46/46 37/37 1199/1199
f 1199/1199 1200/1200 46/46
f 1199/1199 45/45 1201/1201
f 1201/1201 1202/1202 1199/1199
f 45/45 44/44 1203/1203
f 1203/1203 1201/1201 45/45
f 1200/1200 1199/1199 1202/1202
f 1202/1202 1204/1204 1200/1200
f 4/4 6/6 1205/1205
f 1205/1205 3/3 4/4
f 84/84 2/2 1206/1206
f 1207/1207 1208/1208 84/84
f 1202/1202 1201/1201 1209/1209
f 1209/1209 1210/1210 1202/1202
f 1201/1201 1203/1203 1211/1211
f 1211/1211 1209/1209 1201/1201
f 1204/1204 1202/1202 1210/1210
f 1210/1210 1212/1212 1204/1204
f 3/3 1205/1205 1213/1213
f 1213/1213 1214/1214 3/3
f 1215/1215 3/3 1214/1214
f 1214/1214 1216/1216 1217/1217
f 1208/1208 1218/1218 1216/1216
f 1216/1216 1219/1219 1208/1208
f 1220/1220 1221/1221 1222/1222
f 1222/1222 1223/1223 1220/1220
f 1223/1223 1222/1222 1224/1224
f 1224/1224 1225/1225 1223/1223
f 1225/1225 1224/1224 1226/1226
f 1226/1226 1227/1227 1225/1225
f 1227/1227 1226/1226 1228/1228
f 1228/1228 1229/1229 1227/1227
f 1229/1229 1228/1228 1230/1230
f 1230/1230 1231/1231 1229/1229
f 1231/1231 1230/1230 1232/1232
f 1232/1232 1233/1233 1231/1231
f 1233/1233 1232/1232 1234/1234
f 1234/1234 1235/1235 1233/1233
f 1235/1235 1234/1234 1236/1236
f 1236/1236 1237/1237 1235/1235
f 1237/1237 1236/1236 1238/1238
f 1238/1238 1239/1239 1237/1237
f 1239/1239 1238/1238 1240/1240
f 1240/1240 1241/1241 1239/1239
f 1241/1241 1240/1240 1242/1242
f 1242/1242 1243/1243 1241/1241
f 1243/1243 1242/1242 1244/1244
f 1244/1244 1245/1245 1243/1243
f 1245/1245 1244/1244 1246/1246
f 1246/1246 1247/1247 1245/1245
f 1247/1247 1246/1246 1248/1248
f 1248/1248 1249/1249 1247/1247
f 1249/1249 1248/1248 1250/1250
f 1250/1250 1251/1251 1249/1249
f 1251/1251 1250/1250 1252/1252
f 1252/1252 1253/1253 1251/1251
f 1253/1253 1252/1252 1254/1254
f 1254/1254 1255/1255 1253/1253
f 1255/1255 1254/1254 1256/1256
f 1256/1256 1257/1257 1255/1255
f 1257/1257 1256/1256 1258/1258
f 1258/1258 1259/1259 1257/1257
f 1259/1259 1258/1258 1260/1260
f 1260/1260 1261/1261 1259/1259
f 1261/1261 1260/1260 1262/1262
f 1262/1262 1263/1263 1261/1261
f 1263/1263 1262/1262 1264/1264
f 1264/1264 1265/1265 1263/1263
f 1265/1265 1264/1264 1266/1266
f 1266/1266 1267/1267 1265/1265
f 1267/1267 1266/1266 1268/1268
f 1268/1268 1269/1269 1267/1267
f 1221/1221 1270/1270 1271/1271
f 1271/1271 1222/1222 1221/1221
f 1222/1222 1271/1271 1272/1272
f 1272/1272 1224/1224 1222/1222
f 1224/1224 1272/1272 1273/1273
f 1273/1273 1226/1226 1224/1224
f 1226/1226 1273/1273 1274/1274
f 1274/1274 1228/1228 1226/1226
f 1228/1228 1274/1274 1275/1275
f 1275/1275 1230/1230 1228/1228
f 1230/1230 1275/1275 1276/1276
f 1276/1276 1232/1232 1230/1230
f 1232/1232 1276/1276 1277/1277
f 1277/1277 1234/1234 1232/1232
f 1234/1234 1277/1277 1278/1278
f 1278/1278 1236/1236 1234/1234
f 1236/1236 1278/1278 1279/1279
f 1279/1279 1238/1238 1236/1236
f 1238/1238 1279/1279 1280/1280
f 1280/1280 1240/1240 1238/1238
f 1240/1240 1280/1280 1281/1281
f 1281/1281 1242/1242 1240/1240
f 1242/1242 1281/1281 1282/1282
f 1282/1282 1244/1244 1242/1242
f 1244/1244 1282/1282 1283/1283
f 1283/1283 1246/1246 1244/1244
f 1246/1246 1283/1283 1284/1284
f 1284/1284 1248/1248 1246/1246
f 1248/1248 1284/1284 1285/1285
f 1285/1285 1250/1250 1248/1248
f 1250/1250 1285/1285 1286/1286
f 1286/1286 1252/1252 1250/1250
f 1252/1252 1286/1286 1287/1287
f 1287/1287 1254/1254 1252/1252
f 1254/1254 1287/1287 1288/1288
f 1288/1288 1256/1256 1254/1254
f 1256/1256 1288/1288 1289/1289
f 1289/1289 1258/1258 1256/1256
f 1258/1258 1289/1289 1290/1290
f 1290/1290 1260/1260 1258/1258
f 1260/1260 1290/1290 1291/1291
f 1291/1291 1262/1262 1260/1260
f 1262/1262 1291/1291 1292/1292
f 1292/1292 1264/1264 1262/1262
f 1264/1264 1292/1292 1293/1293
f 1293/1293 1266/1266 1264/1264
f 1266/1266 1293/1293 1294/1294
f 1294/1294 1268/1268 1266/1266
f 1270/1270 1295/1295 1296/1296
f 1296/1296 1271/1271 1270/1270
f 1271/1271 1296/1296 1297/1297
f 1297/1297 1272/1272 1271/1271
f 1272/1272 1297/1297 1298/1298
f 1298/1298 1273/1273 1272/1272
f 1273/1273 1298/1298 1299/1299
f 1299/1299 1274/1274 1273/1273
f 1274/1274 1299/1299 1300/1300
f 1300/1300 1275/1275 1274/1274
f 1275/1275 1300/1300 1301/1301
f 1301/1301 1276/1276 1275/1275
f 1276/1276 1301/1301 1302/1302
f 1302/1302 1277/1277 1276/1276
f 1277/1277 1302/1302 1303/1303
f 1303/1303 1278/1278 1277/1277
f 1278/1278 1303/1303 1304/1304
f 1304/1304 1279/1279 1278/1278
f 1279/1279 1304/1304 1305/1305
f 1305/1305 1280/1280 1279/1279
f 1280/1280 1305/1305 1306/1306
f 1306/1306 1281/1281 1280/1280
f 1281/1281 1306/1306 1307/1307
f 1307/1307 1282/1282 1281/1281
f 1282/1282 1307/1307 1308/1308
f 1308/1308 1283/1283 1282/1282
f 1283/1283 1308/1308 1309/1309
f 1309/1309 1284/1284 1283/1283
f 1284/1284 1309/1309 1310/1310
f 1310/1310 1285/1285 1284/1284
f 1285/1285 1310/1310 1311/1311
f 1311/1311 1286/1286 1285/1285
f 1286/1286 1311/1311 1312/1312
f 1312/1312 1287/1287 1286/1286
f 1287/1287 1312/1312 1313/1313
f 1313/1313 1288/1288 1287/1287
f 1288/1288 1313/1313 1314/1314
f 1314/1314 1289/1289 1288/1288
f 1289/1289 1314/1314 1315/1315
f 1315/1315 1290/1290 1289/1289
f 1290/1290 1315/1315 1316/1316
f 1316/1316 1291/1291 1290/1290
f 1291/1291 1316/1316 1317/1317
f 1317/1317 1292/1292 1291/1291
f 1292/1292 1317/1317 1318/1318
f 1318/1318 1293/1293 1292/1292
f 1293/1293 1318/1318 1319/1319
f 1319/1319 1294/1294 1293/1293
f 1295/1295 1320/1320 1321/1321
f 1321/1321 1296/1296 1295/1295
f 1296/1296 1321/1321 1322/1322
f 1322/1322 1297/1297 1296/1296
f 1297/1297 1322/1322 1323/1323
f 1323/1323 1298/1298 1297/1297
f 1298/1298 1323/1323 1324/1324
f 1324/1324 1299/1299 1298/1298
f 1299/1299 1324/1324 1325/1325
f 1325/1325 1300/1300 1299/1299
f 1300/1300 1325/1325 1326/1326
f 1326/1326 1301/1301 1300/1300
f 1301/1301 1326/1326 1327/1327
f 1327/1327 1302/1302 1301/1301
f 1302/1302 1327/1327 1328/1328
f 1328/1328 1303/1303 1302/1302
f 1303/1303 1328/1328 1329/1329
f 1329/1329 1304/1304 1303/1303
f 1304/1304 1329/1329 1330/1330
f 1330/1330 1305/1305 1304/1304
f 1305/1305 1330/1330 1331/1331
f 1331/1331 1306/1306 1305/1305
f 1306/1306 1331/1331 1332/1332
f 1332/1332 1307/1307 1306/1306
f 1307/1307 1332/1332 1333/1333
f 1333/1333 1308/1308 1307/1307
f 1308/1308 1333/1333 1334/1334
f 1334/1334 1309/1309 1308/1308
f 1309/1309 1334/1334 1335/1335
f 1335/1335 1310/1310 1309/1309
f 1310/1310 1335/1335 1336/1336
f 1336/1336 1311/1311 1310/1310
f 1311/1311 1336/1336 1337/1337
f 1337/1337 1312/1312 1311/1311
f 1312/1312 1337/1337 1338/1338
f 1338/1338 1313/1313 1312/1312
f 1313/1313 1338/1338 1339/1339
f 1339/1339 1314/1314 1313/1313
f 1314/1314 1339/1339 1340/1340
f 1340/1340 1315/1315 1314/1314
f 1315/1315 1340/1340 1341/1341
f 1341/1341 1316/1316 1315/1315
f 1316/1316 1341/1341 1342/1342
f 1342/1342 1317/1317 1316/1316
f 1317/1317 1342/1342 1343/1343
f 1343/1343 1318/1318 1317/1317
f 1318/1318 1343/1343 1344/1344
f 1344/1344 1319/1319 1318/1318
f 1320/1320 1345/1345 1346/1346
f 1346/1346 1321/1321 1320/1320
f 1321/1321 1346/1346 1347/1347
f 1347/1347 1322/1322 1321/1321
f 1322/1322 1347/1347 1348/1348
f 1348/1348 1323/1323 1322/1322
f 1323/1323 1348/1348 1349/1349
f 1349/1349 1324/1324 1323/1323
f 1324/1324 1349/1349 1350/1350
f 1350/1350 1325/1325 1324/1324
f 1325/1325 1350/1350 1351/1351
f 1351/1351 1326/1326 1325/1325
f 1326/1326 1351/1351 1352/1352
f 1352/1352 1327/1327 1326/1326
f 1327/1327 1352/1352 1353/1353
f 1353/1353 1328/1328 1327/1327
f 1328/1328 1353/1353 1354/1354
f 1354/1354 1329/1329 1328/1328
f 1329/1329 1354/1354 1355/1355
f 1355/1355 1330/1330 1329/1329
f 1330/1330 1355/1355 1356/1356
f 1356/1356 1331/1331 1330/1330
f 1331/1331 1356/1356 1357/1357
f 1357/1357 1332/1332 1331/1331
f 1332/1332 1357/1357 1358/1358
f 1358/1358 1333/1333 1332/1332
f 1333/1333 1358/1358 1359/1359
f 1359/1359 1334/1334 1333/1333
f 1334/1334 1359/1359 1360/1360
f 1360/1360 1335/1335 1334/1334
f 1335/1335 1360/1360 1361/1361
f 1361/1361 1336/1336 1335/1335
f 1336/1336 1361/1361 1362/1362
f 1362/1362 1337/1337 1336/1336
f 1337/1337 1362/1362 1363/1363
f 1363/1363 1338/1338 1337/1337
f 1338/1338 1363/1363 1364/1364
f 1364/1364 1339/1339 1338/1338
f 1339/1339 1364/1364 1365/1365
f 1365/1365 1340/1340 1339/1339
f 1340/1340 1365/1365 1366/1366
f 1366/1366 1341/1341 1340/1340
f 1341/1341 1366/1366 1367/1367
f 1367/1367 1342/1342 1341/1341
f 1342/1342 1367/1367 1368/1368
f 1368/1368 1343/1343 1342/1342
f 1343/1343 1368/1368 1369/1369
f 1369/1369 1344/1344 1343/1343
f 1345/1345 1370/1370 1371/1371
f 1371/1371 1346/1346 1345/1345
f 1346/1346 1371/1371 1372/1372
f 1372/1372 1347/1347 1346/1346
f 1347/1347 1372/1372 1373/1373
f 1373/1373 1348/1348 1347/1347
f 1348/1348 1373/1373 1374/1374
f 1374/1374 1349/1349 1348/1348
f 1349/1349 1374/1374 1375/1375
f 1375/1375 1350/1350 1349/1349
f 1350/1350 1375/1375 1376/1376
f 1376/1376 1351/1351 1350/1350
f 1351/1351 1376/1376 1377/1377
f 1377/1377 1352/1352 1351/1351
f 1352/1352 1377/1377 1378/1378
f 1378/1378 1353/1353 1352/1352
f 1353/1353 1378/1378 1379/1379
f 1379/1379 1354/1354 1353/1353
f 1354/1354 1379/1379 1380/1380
f 1380/1380 1355/1355 1354/1354
f 1355/1355 1380/1380 1381/1381
f 1381/1381 1356/1356 1355/1355
f 1356/1356 1381/1381 1382/1382
f 1382/1382 1357/1357 1356/1356
f 1357/1357 1382/1382 1383/1383
f 1383/1383 1358/1358 1357/1357
f 1358/1358 1383/1383 1384/1384
f 1384/1384 1359/1359 1358/1358
f 1359/1359 1384/1384 1385/1385
f 1385/1385 1360/1360 1359/1359
f 1360/1360 1385/1385 1386/1386
f 1386/1386 1361/1361 1360/1360
f 1361/1361 1386/1386 1387/1387
f 1387/1387 1362/1362 1361/1361
f 1362/1362 1387/1387 1388/1388
f 1388/1388 1363/1363 1362/1362
f 1363/1363 1388/1388 1389/1389
f 1389/1389 1364/1364 1363/1363
f 1364/1364 1389/1389 1390/1390
f 1390/1390 1365/1365 1364/1364
f 1365/1365 1390/1390 1391/1391
f 1391/1391 1366/1366 1365/1365
f 1366/1366 1391/1391 1392/1392
f 1392/1392 1367/1367 1366/1366
f 1367/1367 1392/1392 1393/1393
f 1393/1393 1368/1368 1367/1367
f 1368/1368 1393/1393 1394/1394
f 1394/1394 1369/1369 1368/1368
f 1370/1370 1395/1395 1396/1396
f 1396/1396 1371/1371 1370/1370
f 1371/1371 1396/1396 1397/1397
f 1397/1397 1372/1372 1371/1371
f 1372/1372 1397/1397 1398/1398
f 1398/1398 1373/1373 1372/1372
f 1373/1373 1398/1398 1399/1399
f 1399/1399 1374/1374 1373/1373
f 1374/1374 1399/1399 1400/1400
f 1400/1400 1375/1375 1374/1374
f 1375/1375 1400/1400 1401/1401
f 1401/1401 1376/1376 1375/1375
f 1376/1376 1401/1401 1402/1402
f 1402/1402 1377/1377 1376/1376
f 1377/1377 1402/1402 1403/1403
f 1403/1403 1378/1378 1377/1377
f 1378/1378 1403/1403 1404/1404
f 1404/1404 1379/1379 1378/1378
f 1379/1379 1404/1404 1405/1405
f 1405/1405 1380/1380 1379/1379
f 1380/1380 1405/1405 1406/1406
f 1406/1406 1381/1381 1380/1380
f 1381/1381 1406/1406 1407/1407
f 1407/1407 1382/1382 1381/1381
f 1382/1382 1407/1407 1408/1408
f 1408/1408 1383/1383 1382/1382
f 1383/1383 1408/1408 1409/1409
f 1409/1409 1384/1384 1383/1383
f 1384/1384 1409/1409 1410/1410
f 1410/1410 1385/1385 1384/1384
f 1385/1385 1410/1410 1411/1411
f 1411/1411 1386/1386 1385/1385
f 1386/1386 1411/1411 1412/1412
f 1412/1412 1387/1387 1386/1386
f 1387/1387 1412/1412 1413/1413
f 1413/1413 1388/1388 1387/1387
f 1388/1388 1413/1413 1414/1414
f 1414/1414 1389/1389 1388/1388
f 1389/1389 1414/1414 1415/1415
f 1415/1415 1390/1390 1389/1389
f 1390/1390 1415/1415 1416/1416
f 1416/1416 1391/1391 1390/1390
f 1391/1391 1416/1416 1417/1417
f 1417/1417 1392/1392 1391/1391
f 1392/1392 1417/1417 1418/1418
f 1418/1418 1393/1393 1392/1392
f 1393/1393 1418/1418 1419/1419
f 1419/1419 1394/1394 1393/1393
f 1395/1395 1420/1420 1421/1421
f 1421/1421 1396/1396 1395/1395
f 1396/1396 1421/1421 1422/1422
f 1422/1422 1397/1397 1396/1396
f 1397/1397 1422/1422 1423/1423
f 1423/1423 1398/1398 1397/1397
f 1398/1398 1423/1423 1424/1424
f 1424/1424 1399/1399 1398/1398
f 1399/1399 1424/1424 1425/1425
f 1425/1425 1400/1400 1399/1399
f 1400/1400 1425/1425 1426/1426
f 1426/1426 1401/1401 1400/1400
f 1401/1401 1426/1426 1427/1427
f 1427/1427 1402/1402 1401/1401
f 1402/1402 1427/1427 1428/1428
f 1428/1428 1403/1403 1402/1402
f 1403/1403 1428/1428 1429/1429
f 1429/1429 1404/1404 1403/1403
f 1404/1404 1429/1429 1430/1430
f 1430/1430 1405/1405 1404/1404
f 1405/1405 1430/1430 1431/1431
f 1431/1431 1406/1406 1405/1405
f 1406/1406 1431/1431 1432/1432
f 1432/1432 1407/1407 1406/1406
f 1407/1407 1432/1432 1433/1433
f 1433/1433 1408/1408 1407/1407
f 1408/1408 1433/1433 1434/1434
f 1434/1434 1409/1409 1408/1408
f 1409/1409 1434/1434 1435/1435
f 1435/1435 1410/1410 1409/1409
f 1410/1410 1435/1435 1436/1436
f 1436/1436 1411/1411 1410/1410
f 1411/1411 1436/1436 1437/1437
f 1437/1437 1412/1412 1411/1411
f 1412/1412 1437/1437 1438/1438
f 1438/1438 1413/1413 1412/1412
f 1413/1413 1438/1438 1439/1439
f 1439/1439 1414/1414 1413/1413
f 1414/1414 1439/1439 1440/1440
f 1440/1440 1415/1415 1414/1414
f 1415/1415 1440/1440 1441/1441
f 1441/1441 1416/1416 1415/1415
f 1416/1416 1441/1441 1442/1442
f 1442/1442 1417/1417 1416/1416
f 1417/1417 1442/1442 1443/1443
f 1443/1443 1418/1418 1417/1417
f 1418/1418 1443/1443 1444/1444
f 1444/1444 1419/1419 1418/1418
f 1420/1420 1445/1445 1446/1446
f 1446/1446 1421/1421 1420/1420
f 1421/1421 1446/1446 1447/1447
f 1447/1447 1422/1422 1421/1421
f 1422/1422 1447/1447 1448/1448
f 1448/1448 1423/1423 1422/1422
f 1423/1423 1448/1448 1449/1449
f 1449/1449 1424/1424 1423/1423
f 1424/1424 1449/1449 1450/1450
f 1450/1450 1425/1425 1424/1424
f 1425/1425 1450/1450 1451/1451
f 1451/1451 1426/1426 1425/1425
f 1426/1426 1451/1451 1452/1452
f 1452/1452 1427/1427 1426/1426
f 1427/1427 1452/1452 1453/1453
f 1453/1453 1428/1428 1427/1427
f 1428/1428 1453/1453 1454/1454
f 1454/1454 1429/1429 1428/1428
f 1429/1429 1454/1454 1455/1455
f 1455/1455 1430/1430 1429/1429
f 1430/1430 1455/1455 1456/1456
f 1456/1456 1431/1431 1430/1430
f 1431/1431 1456/1456 1457/1457
f 1457/1457 1432/1432 1431/1431
f 1432/1432 1457/1457 1458/1458
f 1458/1458 1433/1433 1432/1432
f 1433/1433 1458/1458 1459/1459
f 1459/1459 1434/1434 1433/1433
f 1434/1434 1459/1459 1460/1460
f 1460/1460 1435/1435 1434/1434
f 1435/1435 1460/1460 1461/1461
f 1461/1461 1436/1436 1435/1435
f 1436/1436 1461/1461 1462/1462
f 1462/1462 1437/1437 1436/1436
f 1437/1437 1462/1462 1463/1463
f 1463/1463 1438/1438 1437/1437
f 1438/1438 1463/1463 1464/1464
f 1464/1464 1439/1439 1438/1438
f 1439/1439 1464/1464 1465/1465
f 1465/1465 1440/1440 1439/1439
f 1440/1440 1465/1465 1466/1466
f 1466/1466 1441/1441 1440/1440
f 1441/1441 1466/1466 1467/1467
f 1467/1467 1442/1442 1441/1441
f 1442/1442 1467/1467 1468/1468
f 1468/1468 1443/1443 1442/1442
f 1443/1443 1468/1468 1469/1469
f 1469/1469 1444/1444 1443/1443
f 1445/1445 1470/1470 1471/1471
f 1471/1471 1446/1446 1445/1445
f 1446/1446 1471/1471 1472/1472
f 1472/1472 1447/1447 1446/1446
f 1447/1447 1472/1472 1473/1473
f 1473/1473 1448/1448 1447/1447
f 1448/1448 1473/1473 1474/1474
f 1474/1474 1449/1449 1448/1448
f 1449/1449 1474/1474 1475/1475
f 1475/1475 1450/1450 1449/1449
f 1450/1450 1475/1475 1476/1476
f 1476/1476 1451/1451 1450/1450
f 1451/1451 1476/1476 1477/1477
f 1477/1477 1452/1452 1451/1451
f 1452/1452 1477/1477 1478/1478
f 1478/1478 1453/1453 1452/1452
f 1453/1453 1478/1478 1479/1479
f 1479/1479 1454/1454 1453/1453
f 1454/1454 1479/1479 1480/1480
f 1480/1480 1455/1455 1454/1454
f 1455/1455 1480/1480 1481/1481
f 1481/1481 1456/1456 1455/1455
f 1456/1456 1481/1481 1482/1482
f 1482/1482 1457/1457 1456/1456
f 1457/1457 1482/1482 1483/1483
f 1483/1483 1458/1458 1457/1457
f 1458/1458 1483/1483 1484/1484
f 1484/1484 1459/1459 1458/1458
f 1459/1459 1484/1484 1485/1485
f 1485/1485 1460/1460 1459/1459
f 1460/1460 1485/1485 1486/1486
f 1486/1486 1461/1461 1460/1460
f 1461/1461 1486/1486 1487/1487
f 1487/1487 1462/1462 1461/1461
f 1462/1462 1487/1487 1488/1488
f 1488/1488 1463/1463 1462/1462
f 1463/1463 1488/1488 1489/1489
f 1489/1489 1464/1464 1463/1463
f 1464/1464 1489/1489 1490/1490
f 1490/1490 1465/1465 1464/1464
f 1465/1465 1490/1490 1491/1491
f 1491/1491 1466/1466 1465/1465
f 1466/1466 1491/1491 1492/1492
f 1492/1492 1467/1467 1466/1466
f 1467/1467 1492/1492 1493/1493
f 1493/1493 1468/1468 1467/1467
f 1468/1468 1493/1493 1494/1494
f 1494/1494 1469/1469 1468/1468
f 1495/1495 1496/1496 1220/1220
f 1220/1220 1223/1223 1495/1495
f 1497/1497 1495/1495 1223/1223
f 1223/1223 1225/1225 1497/1497
f 1498/1498 1497/1497 1225/1225
f 1225/1225 1227/1227 1498/1498
f 1499/1499 1498/1498 1227/1227
f 1227/1227 1229/1229 1499/1499
f 1500/1500 1499/1499 1229/1229
f 1229/1229 1231/1231 1500/1500
f 1501/1501 1500/1500 1231/1231
f 1231/1231 1233/1233 1501/1501
f 1502/1502 1501/1501 1233/1233
f 1233/1233 1235/1235 1502/1502
f 1503/1503 1502/1502 1235/1235
f 1235/1235 1237/1237 1503/1503
f 1504/1504 1503/1503 1237/1237
f 1237/1237 1239/1239 1504/1504
f 1505/1505 1504/1504 1239/1239
f 1239/1239 1241/1241 1505/1505
f 1506/1506 1505/1505 1241/1241
f 1241/1241 1243/1243 1506/1506
f 1507/1507 1506/1506 1243/1243
f 1243/1243 1245/1245 1507/1507
f 1508/1508 1507/1507 1245/1245
f 1245/1245 1247/1247 1508/1508
f 1509/1509 1508/1508 1247/1247
f 1247/1247 1249/1249 1509/1509
f 1510/1510 1509/1509 1249/1249
f 1249/1249 1251/1251 1510/1510
f 1511/1511 1510/1510 1251/1251
f 1251/1251 1253/1253 1511/1511
f 1512/1512 1511/1511 1253/1253
f 1253/1253 1255/1255 1512/1512
f 1513/1513 1512/1512 1255/1255
f 1255/1255 1257/1257 1513/1513
f 1514/1514 1513/1513 1257/1257
f 1257/1257 1259/1259 1514/1514
f 1515/1515 1514/1514 1259/1259
f 1259/1259 1261/1261 1515/1515
f 1516/1516 1515/1515 1261/1261
f 1261/1261 1263/1263 1516/1516
f 1517/1517 1516/1516 1263/1263
f 1263/1263 1265/1265 1517/1517
f 1518/1518 1517/1517 1265/1265
f 1265/1265 1267/1267 1518/1518
f 1519/1519 1518/1518 1267/1267
f 1267/1267 1269/1269 1519/1519
f 1520/1520 1521/1521 1522/1522
f 1522/1522 1523/1523 1520/1520
f 1524/1524 1521/1521 1525/1525
f 1525/1525 1526/1526 1524/1524
f 1526/1526 1525/1525 1527/1527
f 1527/1527 1528/1528 1526/1526
f 1523/1523 1522/1522 1529/1529
f 1529/1529 1530/1530 1523/1523
f 1531/1531 1532/1532 1533/1533
f 1533/1533 1534/1534 1531/1531
f 1524/1524 1531/1531 1534/1534
f 1534/1534 1535/1535 1524/1524
f 1521/1521 1524/1524 1535/1535
f 1535/1535 1522/1522 1521/1521
f 1536/1536 1537/1537 1538/1538
f 1538/1538 1539/1539 1536/1536
f 1523/1523 1536/1536 1539/1539
f 1539/1539 1520/1520 1523/1523
f 1539/1539 1538/1538 1540/1540
f 1540/1540 1541/1541 1539/1539
f 1520/1520 1539/1539 1541/1541
f 1541/1541 1542/1542 1520/1520
f 1521/1521 1520/1520 1542/1542
f 1542/1542 1525/1525 1521/1521
f 1543/1543 1544/1544 1532/1532
f 1532/1532 1531/1531 1543/1543
f 1526/1526 1543/1543 1531/1531
f 1531/1531 1524/1524 1526/1526
f 1541/1541 1540/1540 1545/1545
f 1545/1545 1546/1546 1541/1541
f 1542/1542 1541/1541 1546/1546
f 1546/1546 1547/1547 1542/1542
f 1525/1525 1542/1542 1547/1547
f 1547/1547 1527/1527 1525/1525
f 1548/1548 1549/1549 1544/1544
f 1544/1544 1543/1543 1548/1548
f 1528/1528 1548/1548 1543/1543
f 1543/1543 1526/1526 1528/1528
f 1534/1534 1533/1533 1550/1550
f 1550/1550 1551/1551 1534/1534
f 1535/1535 1534/1534 1551/1551
f 1551/1551 1552/1552 1535/1535
f 1522/1522 1535/1535 1552/1552
f 1552/1552 1529/1529 1522/1522
f 1553/1553 1554/1554 1537/1537
f 1537/1537 1536/1536 1553/1553
f 1530/1530 1553/1553 1536/1536
f 1536/1536 1523/1523 1530/1530
f 1549/1549 1548/1548 1555/1555
f 1555/1555 1556/1556 1549/1549
f 1548/1548 1528/1528 1557/1557
f 1557/1557 1555/1555 1548/1548
f 1528/1528 1527/1527 1558/1558
f 1558/1558 1557/1557 1528/1528
f 1527/1527 1547/1547 1559/1559
f 1559/1559 1558/1558 1527/1527
f 1547/1547 1546/1546 1560/1560
f 1560/1560 1559/1559 1547/1547
f 1546/1546 1545/1545 1561/1561
f 1561/1561 1560/1560 1546/1546
f 1554/1554 1553/1553 1562/1562
f 1562/1562 1563/1563 1554/1554
f 1553/1553 1530/1530 1564/1564
f 1564/1564 1562/1562 1553/1553
f 1530/1530 1529/1529 1565/1565
f 1565/1565 1564/1564 1530/1530
f 1529/1529 1552/1552 1566/1566
f 1566/1566 1565/1565 1529/1529
f 1552/1552 1551/1551 1567/1567
f 1567/1567 1566/1566 1552/1552
f 1551/1551 1550/1550 1568/1568
f 1568/1568 1567/1567 1551/1551
# num_faces: 2538
