mtllib PIYZI12FSW3OBRA7IXRTMHABM.mtl
v 0.121707 -1.250000 -0.509709
v 0.121707 1.158984 -0.497572
v 0.121707 -1.250000 -0.497573
v 0.121707 1.158984 0.497573
v 0.121707 -1.250000 0.509708
v 0.121707 -1.250000 0.497572
v 0.121707 1.158984 -0.497572
v 0.121707 1.171120 0.509708
v 0.121707 1.158984 0.497573
v 0.158115 -1.250000 0.588592
v 0.158115 1.171120 0.509708
v 0.158115 1.250000 0.588593
v 0.158115 -1.250000 -0.588593
v 0.158115 1.171120 -0.509708
v 0.158115 -1.250000 -0.509709
v -0.060439 1.250000 -0.588592
v -0.060439 1.171120 0.509709
v -0.060439 1.250000 0.588593
v -0.060439 1.171120 0.509709
v -0.060439 -1.250000 0.588592
v -0.060439 1.250000 0.588593
v -0.060439 -1.250000 -0.588593
v -0.060439 1.171120 -0.509708
v -0.060439 1.250000 -0.588592
v -0.024031 1.171120 0.509709
v -0.049086 -0.118104 0.509708
v -0.049086 0.046027 0.509708
v -0.024031 1.171120 -0.509708
v -0.060439 -1.250000 -0.509709
v -0.024031 -1.250000 -0.509709
v -0.024031 1.171120 0.509709
v -0.060439 1.171120 -0.509708
v -0.024031 1.171120 -0.509708
v -0.024031 1.158984 0.497573
v -0.024031 1.158984 -0.497572
v -0.024031 1.158984 0.497573
v -0.024031 -1.250000 0.509708
v -0.024031 1.171120 0.509709
v -0.024031 1.158984 -0.497572
v -0.024031 -1.250000 -0.497573
v 0.158115 1.250000 0.588593
v 0.133843 1.250000 -0.588592
v 0.133843 1.250000 0.588593
v 0.158115 1.250000 -0.588592
v 0.133843 -1.250000 -0.588593
v 0.133843 1.250000 -0.588592
v 0.133843 -1.250000 0.588592
v 0.133843 1.250000 0.588593
v -0.036167 1.250000 0.588593
v -0.036167 -1.250000 0.588592
v -0.036167 -1.250000 -0.588593
v -0.036167 1.250000 -0.588592
v -0.036167 1.250000 -0.588592
v -0.036167 1.250000 0.588593
v 0.158115 1.171120 -0.509708
v 0.121707 1.171120 -0.509708
v 0.158115 1.171120 0.509708
v 0.158115 1.250000 -0.588592
v 0.121707 1.171120 -0.509708
v 0.121707 -1.250000 -0.509709
v 0.121707 1.171120 0.509708
v -0.036167 1.229818 -0.576336
v 0.132470 1.229818 -0.576336
v 0.132470 1.229817 0.576337
v -0.036167 1.229818 -0.576336
v -0.036167 -1.250000 -0.576337
v 0.132470 1.229818 -0.576336
v -0.036167 1.229817 0.576337
v 0.132470 1.229818 -0.576336
v -0.036167 1.229817 0.576337
v 0.132470 1.229817 0.576337
v 0.132470 -1.250000 -0.576337
v -0.036167 1.229818 -0.576336
v 0.132470 1.229818 -0.576336
v -0.036167 -1.250000 0.576336
v 0.132470 1.229817 0.576337
v -0.036167 1.229817 0.576337
v -0.060439 1.171120 0.509709
v -0.060115 -0.118104 0.509708
v -0.060439 -1.250000 0.509708
v -0.024031 -1.250000 0.509708
v -0.060115 0.046027 0.509708
v -0.059524 -0.051296 0.507471
v -0.059524 -0.022499 0.507471
v -0.060221 -0.139204 0.507471
v -0.060221 0.060937 0.507471
v -0.049291 0.038985 0.507471
v -0.046730 0.060937 0.507471
v -0.049291 -0.112939 0.507471
v -0.059524 -0.112939 0.507471
v -0.059524 0.038985 0.507471
v -0.046730 -0.139204 0.507471
v -0.049291 -0.051296 0.507471
v -0.049291 -0.022499 0.507471
v -0.062013 0.059160 0.508619
v -0.062002 -0.129825 0.514065
v -0.062013 -0.137427 0.508619
v -0.059498 -0.051296 0.515780
v -0.049297 -0.051296 0.515780
v -0.059498 -0.112939 0.515780
v -0.059498 -0.022499 0.515780
v -0.049297 -0.112939 0.515780
v -0.059498 0.038985 0.515780
v -0.049297 -0.022499 0.515780
v -0.049297 0.038985 0.515780
v -0.062002 0.051558 0.514065
v -0.060446 0.060526 0.509713
v -0.060429 0.051558 0.515691
v -0.059086 -0.139204 0.509734
v -0.046730 -0.139204 0.509734
v -0.060446 -0.138021 0.509805
v -0.060429 -0.129825 0.515691
v -0.060221 0.060937 0.509734
v -0.046730 0.060937 0.509734
v -0.059086 -0.139204 0.509734
v 0.121707 -1.250000 -0.509709
v 0.158115 -1.250000 0.509708
v -0.060439 -1.250000 0.509708
v -0.024031 -1.250000 0.497572
v -0.060439 1.250000 0.588593
v -0.036167 1.229817 0.576337
v 0.132470 1.229817 0.576337
v 0.132470 -1.250000 0.576336
v 0.132470 -1.250000 -0.576337
v -0.036167 -1.250000 0.576336
v -0.036167 1.229818 -0.576336
v -0.036167 -1.250000 -0.576337
v 0.132470 -1.250000 0.576336
v -0.060429 -0.129825 0.515691
v -0.060429 0.051558 0.515691
v -0.046730 0.060937 0.509734
v -0.060221 0.060937 0.509734
v -0.046730 -0.139204 0.509734
v -0.055356 0.015633 0.505631
v -0.059213 0.015633 0.512262
v -0.055356 0.015633 0.514648
v -0.059213 -0.013449 0.505631
v -0.059213 0.015633 0.505631
v -0.055356 -0.010874 0.505631
v -0.046359 -0.009825 0.506690
v -0.055356 -0.010874 0.512262
v -0.055356 0.013154 0.512262
v -0.055356 0.013154 0.505631
v -0.055356 -0.013449 0.505631
v -0.055356 -0.013449 0.514648
v -0.046359 0.010961 0.506690
v -0.046359 0.010961 0.505631
v -0.059213 -0.013449 0.512262
v -0.046359 -0.009825 0.505631
v -0.060168 -0.932161 -0.527291
v -0.065621 -0.932244 -0.529241
v -0.065621 -0.932161 -0.527291
v -0.060168 -0.940228 -0.528950
v -0.065621 -0.940144 -0.526999
v -0.065621 -0.940228 -0.528950
v -0.060168 -0.932244 -0.529241
v -0.065621 -0.933368 -0.530914
v -0.060168 -0.940144 -0.526999
v -0.065621 -0.939021 -0.525326
v -0.060168 -0.933368 -0.530914
v -0.065621 -0.935272 -0.531856
v -0.060168 -0.939021 -0.525326
v -0.065621 -0.937117 -0.524384
v -0.060168 -0.935272 -0.531856
v -0.065621 -0.937441 -0.531774
v -0.060168 -0.937117 -0.524384
v -0.065621 -0.934949 -0.524467
v -0.060168 -0.937441 -0.531774
v -0.065621 -0.939252 -0.530696
v -0.060168 -0.934949 -0.524467
v -0.065621 -0.933136 -0.525544
v -0.065621 -0.940228 -0.528950
v -0.060168 -0.939252 -0.530696
v -0.060168 -0.940228 -0.528950
v -0.060168 -0.933136 -0.525544
v -0.060168 -0.903981 -0.527291
v -0.065621 -0.904064 -0.529241
v -0.065621 -0.903981 -0.527291
v -0.060168 -0.912047 -0.528950
v -0.065621 -0.911965 -0.526999
v -0.065621 -0.912047 -0.528950
v -0.060168 -0.904064 -0.529241
v -0.065621 -0.905187 -0.530914
v -0.060168 -0.911965 -0.526999
v -0.065621 -0.910841 -0.525326
v -0.060168 -0.905187 -0.530914
v -0.065621 -0.907092 -0.531856
v -0.060168 -0.910841 -0.525326
v -0.065621 -0.908937 -0.524384
v -0.060168 -0.907092 -0.531856
v -0.065621 -0.909260 -0.531774
v -0.060168 -0.908937 -0.524384
v -0.065621 -0.906768 -0.524467
v -0.060168 -0.909260 -0.531774
v -0.065621 -0.911073 -0.530696
v -0.060168 -0.906768 -0.524467
v -0.065621 -0.904955 -0.525544
v -0.060168 -0.911073 -0.530696
v -0.065621 -0.912047 -0.528950
v -0.060168 -0.904955 -0.525544
v -0.060168 0.846284 -0.527289
v -0.065621 0.846202 -0.529240
v -0.065621 0.846284 -0.527289
v -0.060168 0.838217 -0.528948
v -0.065621 0.838300 -0.526998
v -0.065621 0.838217 -0.528948
v -0.060168 0.846202 -0.529240
v -0.065621 0.845078 -0.530913
v -0.060168 0.838300 -0.526998
v -0.065621 0.839424 -0.525325
v -0.065621 0.838300 -0.526998
v -0.060168 0.845078 -0.530913
v -0.065621 0.843174 -0.531855
v -0.060168 0.839424 -0.525325
v -0.065621 0.841328 -0.524384
v -0.060168 0.843174 -0.531855
v -0.065621 0.841005 -0.531774
v -0.060168 0.841328 -0.524384
v -0.065621 0.843496 -0.524465
v -0.060168 0.841005 -0.531774
v -0.065621 0.839192 -0.530695
v -0.060168 0.843496 -0.524465
v -0.065621 0.845309 -0.525544
v -0.060168 0.839192 -0.530695
v -0.060168 0.845309 -0.525544
v -0.060168 0.874464 -0.527289
v -0.065621 0.874381 -0.529240
v -0.065621 0.874464 -0.527289
v -0.060168 0.866397 -0.528948
v -0.065621 0.866481 -0.526998
v -0.065621 0.866397 -0.528948
v -0.060168 0.874381 -0.529240
v -0.065621 0.873257 -0.530913
v -0.060168 0.866481 -0.526998
v -0.065621 0.867604 -0.525325
v -0.060168 0.873257 -0.530913
v -0.065621 0.871353 -0.531855
v -0.060168 0.867604 -0.525325
v -0.065621 0.869508 -0.524384
v -0.060168 0.871353 -0.531855
v -0.065621 0.869184 -0.531774
v -0.060168 0.869508 -0.524384
v -0.065621 0.871676 -0.524465
v -0.060168 0.869184 -0.531774
v -0.065621 0.867371 -0.530695
v -0.060168 0.871676 -0.524465
v -0.065621 0.873489 -0.525544
v -0.060168 0.867371 -0.530695
v -0.065621 0.866397 -0.528948
v -0.060168 0.873489 -0.525544
v -0.064513 -0.897410 -0.528077
v -0.065814 -0.945136 -0.523223
v -0.064513 -0.945136 -0.528077
v -0.065814 -0.897410 -0.523223
v -0.069367 -0.945136 -0.519669
v -0.069367 -0.897410 -0.519669
v -0.074221 -0.945136 -0.518368
v -0.074221 -0.897410 -0.518368
v -0.079076 -0.945136 -0.519669
v -0.079076 -0.897410 -0.519669
v -0.082629 -0.945136 -0.523223
v -0.082629 -0.897410 -0.523223
v -0.083930 -0.945136 -0.528077
v -0.083930 -0.897410 -0.528077
v -0.082629 -0.945136 -0.532931
v -0.082629 -0.897410 -0.532931
v -0.079076 -0.945136 -0.536485
v -0.079076 -0.897410 -0.536485
v -0.074221 -0.945136 -0.537786
v -0.074221 -0.897410 -0.537786
v -0.069367 -0.945136 -0.536485
v -0.069367 -0.897410 -0.536485
v -0.074221 -0.896227 -0.535986
v -0.070266 -0.896227 -0.534927
v -0.065814 -0.897410 -0.532931
v -0.064513 -0.945136 -0.528077
v -0.065814 -0.945136 -0.532931
v -0.069367 -0.897410 -0.536485
v -0.064513 -0.945136 -0.528077
v -0.068145 -0.947862 -0.524569
v -0.067206 -0.947862 -0.528077
v -0.068145 -0.947862 -0.531584
v -0.070713 -0.947862 -0.522001
v -0.074221 -0.947862 -0.521060
v -0.077730 -0.947862 -0.522001
v -0.080298 -0.947862 -0.524569
v -0.081237 -0.947862 -0.528077
v -0.080298 -0.947862 -0.531584
v -0.077730 -0.947862 -0.534153
v -0.074221 -0.947862 -0.535093
v -0.070713 -0.947862 -0.534153
v -0.065814 -0.945136 -0.532931
v -0.069367 -0.945136 -0.536485
v -0.074221 -0.945136 -0.537786
v -0.079076 -0.945136 -0.536485
v -0.083930 -0.945136 -0.528077
v -0.082629 -0.945136 -0.523223
v -0.079076 -0.945136 -0.519669
v -0.069367 -0.945136 -0.519669
v -0.082629 -0.945136 -0.532931
v -0.074221 -0.945136 -0.518368
v -0.065814 -0.945136 -0.523223
v -0.079076 -0.897410 -0.536485
v -0.081071 -0.896227 -0.532031
v -0.078175 -0.896227 -0.534927
v -0.082629 -0.897410 -0.523223
v -0.082130 -0.896227 -0.528077
v -0.083930 -0.897410 -0.528077
v -0.074221 -0.897410 -0.518368
v -0.078175 -0.896227 -0.521228
v -0.079076 -0.897410 -0.519669
v -0.069367 -0.897410 -0.519669
v -0.067372 -0.896227 -0.524122
v -0.070266 -0.896227 -0.521228
v -0.065814 -0.897410 -0.523223
v -0.066312 -0.896227 -0.528077
v -0.065814 -0.897410 -0.532931
v -0.067372 -0.896227 -0.532031
v -0.074221 -0.897410 -0.537786
v -0.082629 -0.897410 -0.532931
v -0.081071 -0.896227 -0.524122
v -0.074221 -0.896227 -0.520168
v -0.064513 -0.897410 -0.528077
v -0.064513 0.881035 -0.528077
v -0.065814 0.833308 -0.523221
v -0.064513 0.833308 -0.528077
v -0.065814 0.881035 -0.523221
v -0.069367 0.833308 -0.519669
v -0.069367 0.881035 -0.519669
v -0.074222 0.833308 -0.518367
v -0.074222 0.881035 -0.518367
v -0.079076 0.833308 -0.519669
v -0.079076 0.881035 -0.519669
v -0.082629 0.833308 -0.523221
v -0.082629 0.881035 -0.523221
v -0.083930 0.833308 -0.528077
v -0.083930 0.881035 -0.528077
v -0.082629 0.833308 -0.532930
v -0.082629 0.881035 -0.532930
v -0.079076 0.833308 -0.536484
v -0.079076 0.881035 -0.536484
v -0.074222 0.833308 -0.537785
v -0.074222 0.881035 -0.537785
v -0.069367 0.833308 -0.536484
v -0.069367 0.881035 -0.536484
v -0.074222 0.882217 -0.535985
v -0.070266 0.882217 -0.534925
v -0.065814 0.881035 -0.532930
v -0.064513 0.833308 -0.528077
v -0.065814 0.833308 -0.532930
v -0.069367 0.881035 -0.536484
v -0.064513 0.833308 -0.528077
v -0.068145 0.830583 -0.524567
v -0.067206 0.830583 -0.528077
v -0.068145 0.830583 -0.531583
v -0.070713 0.830583 -0.522001
v -0.074222 0.830583 -0.521059
v -0.077730 0.830583 -0.522001
v -0.080298 0.830583 -0.524567
v -0.081237 0.830583 -0.528077
v -0.080298 0.830583 -0.531583
v -0.077730 0.830583 -0.534152
v -0.074222 0.830583 -0.535092
v -0.070713 0.830583 -0.534152
v -0.065814 0.833308 -0.532930
v -0.069367 0.833308 -0.536484
v -0.074222 0.833308 -0.537785
v -0.079076 0.833308 -0.536484
v -0.083930 0.833308 -0.528077
v -0.079076 0.833308 -0.519669
v -0.069367 0.833308 -0.519669
v -0.082629 0.833308 -0.532930
v -0.082629 0.833308 -0.523221
v -0.074222 0.833308 -0.518367
v -0.065814 0.833308 -0.523221
v -0.079076 0.881035 -0.536484
v -0.081071 0.882217 -0.532030
v -0.078175 0.882217 -0.534925
v -0.082629 0.881035 -0.523221
v -0.082131 0.882217 -0.528077
v -0.083930 0.881035 -0.528077
v -0.074222 0.881035 -0.518367
v -0.078175 0.882217 -0.521228
v -0.079076 0.881035 -0.519669
v -0.069367 0.881035 -0.519669
v -0.067372 0.882217 -0.524121
v -0.070266 0.882217 -0.521228
v -0.065814 0.881035 -0.523221
v -0.066313 0.882217 -0.528077
v -0.065814 0.881035 -0.532930
v -0.067372 0.882217 -0.532030
v -0.074222 0.881035 -0.537785
v -0.082629 0.881035 -0.532930
v -0.081071 0.882217 -0.524121
v -0.074222 0.882217 -0.520168
v -0.064513 0.881035 -0.528077
v -0.060168 -0.912047 -0.528950
v -0.060168 0.838300 -0.526998
v -0.060168 0.866397 -0.528948
v -0.064513 -0.897410 -0.528077
v -0.064513 0.881035 -0.528077
v -0.065886 -1.250000 -0.000001
v -0.068765 -1.249876 0.515652
v -0.068765 -1.249876 -0.000001
v -0.068765 -1.249876 -0.515654
v -0.065886 -1.250000 -0.515777
v -0.062583 -1.250000 -0.000001
v -0.065886 -1.250000 0.515776
v -0.065887 -0.036408 -0.515777
v -0.068765 -1.249876 -0.515654
v -0.068765 -0.036408 -0.515654
v -0.068765 1.177061 -0.515652
v -0.065887 1.177184 -0.515776
v -0.062583 -0.036408 -0.515777
v -0.065886 -1.250000 -0.515777
v -0.062583 1.171117 -0.509708
v -0.062583 1.177184 0.000001
v -0.062583 1.171117 0.000001
v -0.062583 1.171117 0.509709
v -0.062583 1.165049 0.503641
v -0.062583 1.165049 0.000001
v -0.062583 1.165049 -0.503640
v -0.051668 1.165049 -0.503640
v -0.051668 1.165049 0.000001
v -0.051668 1.165049 0.503641
v -0.040753 1.165049 0.000001
v -0.062583 1.171117 0.509709
v -0.062583 -0.036408 0.515776
v -0.062583 -0.036408 0.509708
v -0.062583 -1.243932 0.509708
v -0.062583 -1.237864 0.503640
v -0.062583 -0.036408 0.503640
v -0.062583 1.165049 0.503641
v -0.062583 -1.243932 -0.509709
v -0.062583 -0.036408 -0.509709
v -0.062583 1.171117 -0.509708
v -0.062583 1.165049 -0.503640
v -0.062583 -0.036408 -0.503641
v -0.062583 -1.237864 -0.503641
v -0.062583 -1.243932 0.509708
v -0.062583 -1.243932 -0.000001
v -0.062583 -1.243932 -0.509709
v -0.062583 -1.237864 -0.503641
v -0.062583 -1.237864 -0.000001
v -0.062583 -1.237864 0.503640
v -0.051668 1.165049 0.503641
v -0.051668 -0.036408 0.503640
v -0.051668 -1.237864 0.503640
v -0.040753 -0.036408 0.503640
v -0.051668 -1.237864 -0.503641
v -0.051668 -0.036408 -0.503641
v -0.051668 1.165049 -0.503640
v -0.040753 -0.036408 -0.503641
v -0.051668 -1.237864 0.503640
v -0.051668 -1.237864 -0.000001
v -0.051668 -1.237864 -0.503641
v -0.040753 -1.237864 -0.000001
v -0.065887 1.177184 0.000001
v -0.068765 1.177061 -0.515652
v -0.068765 1.177061 0.000001
v -0.068765 1.177061 0.515654
v -0.065887 1.177184 0.515777
v -0.065887 1.177184 -0.515776
v -0.065887 -0.036408 0.515776
v -0.068765 1.177061 0.515654
v -0.068765 -0.036408 0.515652
v -0.068765 -1.249876 0.515652
v -0.065886 -1.250000 0.515776
v -0.065887 1.177184 0.515777
v -0.030701 -0.663388 -0.030224
v -0.030701 -0.036408 -0.497573
v -0.030701 -0.055960 -0.030224
v -0.030701 0.551470 -0.030224
v -0.030701 -0.056041 0.437126
v -0.030701 -0.075512 0.437126
v -0.030701 -0.094982 0.437126
v -0.079245 0.762130 0.145564
v -0.079245 1.171117 0.509709
v -0.079245 1.171117 0.000001
v -0.079245 0.557637 -0.036508
v -0.079245 0.557637 0.473201
v -0.074882 -1.247502 -0.513281
v -0.072613 -1.248756 -0.000001
v -0.074882 -1.247502 -0.000001
v -0.074882 -1.247502 0.513280
v -0.076984 -1.246117 0.511893
v -0.076984 -1.246117 -0.000001
v -0.076984 -1.246117 -0.511894
v -0.074882 1.174688 -0.513280
v -0.072613 -0.036408 -0.514533
v -0.074882 -0.036408 -0.513281
v -0.074882 -1.247502 -0.513281
v -0.076984 -1.246117 -0.511894
v -0.076984 -0.036408 -0.511894
v -0.076984 1.173301 -0.511893
v -0.035072 1.162545 -0.501136
v -0.037361 1.163812 0.000001
v -0.035072 1.162545 0.000001
v -0.035072 1.162545 0.501136
v -0.032946 1.161146 0.499737
v -0.032946 1.161146 0.000001
v -0.032946 1.161146 -0.499737
v -0.035072 1.162545 0.501136
v -0.037361 -0.036408 0.502403
v -0.035072 -0.036408 0.501135
v -0.035072 -1.235359 0.501135
v -0.032946 -1.233960 0.499736
v -0.032946 -0.036408 0.499736
v -0.032946 1.161146 0.499737
v -0.035072 -1.235359 -0.501138
v -0.037361 -0.036408 -0.502405
v -0.035072 -0.036408 -0.501138
v -0.035072 1.162545 -0.501136
v -0.032946 1.161146 -0.499737
v -0.032946 -0.036408 -0.499738
v -0.032946 -1.233960 -0.499738
v -0.035072 -1.235359 0.501135
v -0.037361 -1.236626 -0.000001
v -0.035072 -1.235359 -0.000001
v -0.035072 -1.235359 -0.501138
v -0.032946 -1.233960 -0.499738
v -0.032946 -1.233960 -0.000001
v -0.032946 -1.233960 0.499736
v -0.074882 -1.247502 0.513280
v -0.072613 -0.036408 0.514532
v -0.074882 -0.036408 0.513280
v -0.074882 1.174688 0.513281
v -0.076984 1.173301 0.511894
v -0.076984 -0.036408 0.511893
v -0.076984 -1.246117 0.511893
v -0.074882 1.174688 0.513281
v -0.072614 1.175942 0.000001
v -0.074882 1.174688 0.000001
v -0.074882 1.174688 -0.513280
v -0.076984 1.173301 -0.511893
v -0.076984 1.173301 0.000001
v -0.076984 1.173301 0.511894
v -0.078309 -1.244965 -0.510743
v -0.078309 -1.244965 -0.000001
v -0.078309 -1.244965 0.510741
v -0.079245 -1.243932 0.509708
v -0.079245 -1.243932 -0.000001
v -0.079245 -1.243932 -0.509709
v -0.078309 1.172150 -0.510742
v -0.078309 -0.036408 -0.510743
v -0.078309 -1.244965 -0.510743
v -0.079245 -0.036408 -0.509709
v -0.079245 1.171117 -0.509708
v -0.031623 1.160000 -0.498592
v -0.031623 1.160000 0.000001
v -0.031623 1.160000 0.498592
v -0.030701 1.158981 0.497573
v -0.030701 1.158981 0.000001
v -0.030701 1.158981 -0.497572
v -0.031623 1.160000 0.498592
v -0.031623 -0.036408 0.498590
v -0.031623 -1.232814 0.498590
v -0.030701 -1.231796 0.497572
v -0.030701 -0.036408 0.497572
v -0.030701 1.158981 0.497573
v -0.031623 -1.232814 -0.498593
v -0.031623 -0.036408 -0.498593
v -0.031623 1.160000 -0.498592
v -0.030701 1.158981 -0.497572
v -0.030701 -0.036408 -0.497573
v -0.030701 -1.231796 -0.497573
v -0.031623 -1.232814 0.498590
v -0.031623 -1.232814 -0.000001
v -0.031623 -1.232814 -0.498593
v -0.030701 -1.231796 -0.497573
v -0.030701 -1.231796 -0.000001
v -0.030701 -1.231796 0.497572
v -0.078309 -1.244965 0.510741
v -0.078309 -0.036408 0.510741
v -0.078309 1.172150 0.510742
v -0.079245 -0.036408 0.509708
v -0.078309 1.172150 0.510742
v -0.078309 1.172150 0.000001
v -0.078309 1.172150 -0.510742
v -0.070791 -1.249504 -0.000001
v -0.072613 -1.248756 0.514532
v -0.072613 -1.248756 -0.514533
v -0.070791 -1.249504 -0.515282
v -0.070791 -1.249504 0.515280
v -0.070791 -0.036408 -0.515282
v -0.072613 -1.248756 -0.514533
v -0.072614 1.175942 -0.514532
v -0.070791 1.176689 -0.515281
v -0.070791 -1.249504 -0.515282
v -0.039175 1.164561 0.000001
v -0.037361 1.163812 0.502405
v -0.037361 1.163812 -0.502403
v -0.039175 1.164561 -0.503152
v -0.039175 1.164561 0.503152
v -0.039175 -0.036408 0.503151
v -0.037361 -1.236626 0.502403
v -0.037361 1.163812 0.502405
v -0.039175 1.164561 0.503152
v -0.039175 -1.237375 0.503151
v -0.039175 -0.036408 -0.503153
v -0.037361 1.163812 -0.502403
v -0.037361 -1.236626 -0.502405
v -0.039175 -1.237375 -0.503153
v -0.039175 1.164561 -0.503152
v -0.039175 -1.237375 -0.000001
v -0.037361 -1.236626 -0.502405
v -0.037361 -1.236626 0.502403
v -0.039175 -1.237375 0.503151
v -0.039175 -1.237375 -0.503153
v -0.070791 -0.036408 0.515280
v -0.072614 1.175942 0.514533
v -0.072613 -1.248756 0.514532
v -0.070791 -1.249504 0.515280
v -0.070791 1.176689 0.515281
v -0.070791 1.176689 0.000001
v -0.072614 1.175942 -0.514532
v -0.072614 1.175942 0.514533
v -0.070791 1.176689 0.515281
v -0.070791 1.176689 -0.515281
v -0.079245 -0.669556 0.491343
v -0.079245 -0.055960 0.491343
v -0.079245 0.557637 0.491343
v -0.079245 -0.055843 0.472979
v -0.079245 -0.075512 0.472979
v -0.079245 -0.095180 0.472979
v -0.079245 -0.055960 -0.036508
v -0.079245 -0.669556 -0.036508
v -0.079245 -0.095180 0.436694
v -0.079245 -0.075512 0.436694
v -0.079245 -0.055843 0.436694
v -0.030701 0.551470 0.485059
v -0.030701 -0.036408 0.497572
v -0.030701 -0.055960 0.485059
v -0.030701 -0.663388 0.485059
v -0.030701 -0.094982 0.472547
v -0.030701 -0.075512 0.472547
v -0.030701 -0.056041 0.472547
v -0.079245 -0.861015 0.145564
v -0.079245 -0.669556 0.473201
v -0.030701 -0.473920 0.469081
v -0.030701 -0.094982 0.454836
v -0.030701 -0.663388 0.467349
v -0.030701 -1.231796 -0.000001
v -0.030701 -0.852858 0.145708
v -0.030701 -1.231796 0.497572
v -0.030701 1.158981 0.000001
v -0.030701 0.753973 0.145708
v -0.030701 1.158981 0.497573
v -0.030701 0.551470 0.467349
v -0.030701 0.348966 0.469081
v -0.030701 -0.056041 0.454836
v -0.079245 0.353143 0.473127
v -0.079245 -0.055843 0.454836
v -0.079245 -0.478097 0.473127
v -0.079245 -0.095180 0.454836
v -0.062010 -0.038998 0.505986
v -0.060629 -0.060896 0.505986
v -0.061127 -0.030565 0.505986
v -0.059357 -0.013700 0.505986
v -0.060684 0.020017 0.505986
v -0.051425 0.056818 0.505986
v -0.050383 0.058360 0.505986
v -0.053060 0.057846 0.505986
v -0.054998 0.059517 0.505986
v -0.057610 0.058360 0.505986
v -0.059671 0.056818 0.505986
v -0.052469 -0.135430 0.505986
v -0.053458 -0.137280 0.505986
v -0.050555 -0.136664 0.505986
v -0.048207 -0.138667 0.505986
v -0.045480 -0.137280 0.505986
v -0.043668 -0.135430 0.505986
v -0.051993 -0.131729 0.505986
v -0.052429 -0.133580 0.505986
v -0.049089 -0.132962 0.505986
v -0.042629 -0.133580 0.505986
v -0.041976 -0.131729 0.505986
v -0.051993 0.053734 0.505986
v -0.051332 0.055277 0.505986
v -0.054671 0.054762 0.505986
v -0.061019 0.055277 0.505986
v -0.062010 0.053734 0.505986
v -0.051542 -0.115487 0.505986
v -0.047621 -0.101283 0.505986
v -0.055326 -0.107365 0.505986
v -0.062010 -0.131729 0.505986
v -0.050857 -0.011857 0.505986
v -0.050857 -0.010547 0.505986
v -0.052356 -0.011598 0.505986
v -0.055356 -0.011081 0.505986
v -0.055356 -0.012391 0.505986
v -0.055356 -0.013700 0.505986
v -0.054448 0.041119 0.505986
v -0.060684 0.034812 0.505986
v -0.050667 0.034812 0.505986
v -0.041976 0.053734 0.505986
v -0.060242 0.018641 0.505986
v -0.059357 0.001095 0.505986
v -0.059357 0.015888 0.505986
v -0.057113 -0.099244 0.505986
v -0.050639 -0.083001 0.505986
v -0.054666 -0.083001 0.505986
v -0.057685 -0.079794 0.505986
v -0.059404 -0.101166 0.505986
v -0.060129 -0.086837 0.505986
v -0.060020 -0.067590 0.505986
v -0.058691 -0.057341 0.505986
v -0.059025 -0.035521 0.505986
v -0.059798 -0.090691 0.505986
v -0.058691 -0.070171 0.505986
v -0.054998 -0.035521 0.505986
v -0.056229 -0.042795 0.505986
v -0.054666 -0.057341 0.505986
v -0.050639 -0.057341 0.505986
v -0.055117 -0.028248 0.505986
v -0.057357 -0.013700 0.505986
v -0.052997 -0.035521 0.505986
v -0.041976 -0.038998 0.505986
v -0.044167 0.021860 0.505986
v -0.043436 -0.029336 0.505986
v -0.046357 -0.010015 0.505986
v -0.044524 -0.061499 0.505986
v -0.048498 -0.033677 0.505986
v -0.050785 -0.027018 0.505986
v -0.050639 -0.070171 0.505986
v -0.048498 -0.046507 0.505986
v -0.049212 -0.050119 0.505986
v -0.050896 0.027663 0.505986
v -0.055356 0.013367 0.505986
v -0.048666 0.033551 0.505986
v -0.048666 0.034812 0.505986
v -0.055356 0.015888 0.505986
v -0.055356 0.014627 0.505986
v -0.047896 0.026079 0.505986
v -0.046357 0.011135 0.505986
v -0.044167 0.032434 0.505986
v -0.050857 0.012251 0.505986
v -0.052230 0.028504 0.505986
v -0.057357 0.015888 0.505986
v -0.044897 0.018285 0.505986
v -0.046357 0.000561 0.505986
v -0.049316 0.058874 0.505986
v -0.048793 0.059902 0.505986
v -0.051993 0.059902 0.505986
v -0.046377 0.058360 0.505986
v -0.046325 -0.074915 0.505986
v -0.054897 -0.137897 0.505986
v -0.056310 -0.139130 0.505986
v -0.051993 -0.139130 0.505986
v -0.058507 -0.137280 0.505986
v -0.055333 -0.134197 0.505986
v -0.060319 -0.135430 0.505986
v -0.061357 -0.133580 0.505986
v -0.048655 0.055790 0.505986
v -0.044316 0.056818 0.505986
v -0.042968 0.055277 0.505986
v -0.062010 -0.131729 0.504459
v -0.061357 -0.133580 0.504459
v -0.061357 -0.133580 0.502931
v -0.060319 -0.135430 0.504459
v -0.048990 0.059517 0.504459
v -0.051993 0.059902 0.504459
v -0.051993 0.059902 0.502931
v -0.054998 0.059517 0.504459
v -0.055356 0.013367 0.504459
v -0.050857 0.012251 0.504459
v -0.050857 0.012251 0.502931
v -0.046357 0.011135 0.504459
v -0.043668 -0.135430 0.504459
v -0.042629 -0.133580 0.504459
v -0.042629 -0.133580 0.502931
v -0.041976 -0.131729 0.504459
v -0.057610 0.058360 0.504459
v -0.057610 0.058360 0.502931
v -0.059671 0.056818 0.504459
v -0.058691 -0.057341 0.504459
v -0.054666 -0.057341 0.504459
v -0.054666 -0.057341 0.502931
v -0.050639 -0.057341 0.504459
v -0.062010 0.053734 0.504459
v -0.062010 -0.038998 0.504459
v -0.062010 -0.038998 0.502931
v -0.055356 0.015888 0.504459
v -0.055356 0.014627 0.504459
v -0.055356 0.014627 0.502931
v -0.059357 -0.013700 0.504459
v -0.059357 0.001095 0.504459
v -0.059357 0.001095 0.502931
v -0.059357 0.015888 0.504459
v -0.058507 -0.137280 0.504459
v -0.058507 -0.137280 0.502931
v -0.055780 -0.138667 0.504459
v -0.041976 0.053734 0.504459
v -0.042968 0.055277 0.504459
v -0.042968 0.055277 0.502931
v -0.044316 0.056818 0.504459
v -0.050639 -0.070171 0.504459
v -0.050639 -0.070171 0.502931
v -0.050639 -0.083001 0.504459
v -0.041976 -0.038998 0.504459
v -0.041976 -0.038998 0.502931
v -0.057357 0.015888 0.504459
v -0.057357 0.015888 0.502931
v -0.054666 -0.083001 0.504459
v -0.054666 -0.083001 0.502931
v -0.058691 -0.083001 0.504459
v -0.055356 -0.013700 0.504459
v -0.057357 -0.013700 0.504459
v -0.057357 -0.013700 0.502931
v -0.051993 -0.139130 0.504459
v -0.051993 -0.139130 0.502931
v -0.048207 -0.138667 0.504459
v -0.055356 -0.011081 0.504459
v -0.055356 -0.012391 0.504459
v -0.055356 -0.012391 0.502931
v -0.061019 0.055277 0.504459
v -0.061019 0.055277 0.502931
v -0.045480 -0.137280 0.504459
v -0.045480 -0.137280 0.502931
v -0.058691 -0.070171 0.504459
v -0.058691 -0.070171 0.502931
v -0.046357 0.000561 0.504459
v -0.046357 0.000561 0.502931
v -0.046357 -0.010015 0.504459
v -0.050857 -0.010547 0.504459
v -0.050857 -0.010547 0.502931
v -0.046377 0.058360 0.504459
v -0.046377 0.058360 0.502931
v -0.054666 -0.057837 0.502931
v -0.058436 -0.057837 0.505462
v -0.054666 -0.057837 0.505462
v -0.054666 -0.057837 0.507992
v -0.050894 -0.057837 0.505462
v -0.050894 -0.070171 0.502931
v -0.050894 -0.070171 0.505462
v -0.050894 -0.070171 0.507992
v -0.050894 -0.082505 0.505462
v -0.058436 -0.070171 0.502931
v -0.058436 -0.082505 0.505462
v -0.058436 -0.070171 0.505462
v -0.058436 -0.070171 0.507992
v -0.054666 -0.082505 0.502931
v -0.054666 -0.082505 0.505462
v -0.054666 -0.082505 0.507992
v -0.054666 -0.070171 0.507992
v -0.050894 -0.057837 0.507992
v -0.062583 -1.250000 -0.515777
v -0.062583 -1.250000 0.515776
v -0.062583 1.177184 -0.515776
v -0.062583 -1.250000 -0.515777
v -0.062583 1.177184 -0.515776
v -0.062583 1.177184 0.515777
v -0.040753 1.165049 0.503641
v -0.040753 1.165049 -0.503640
v -0.062583 1.177184 0.515777
v -0.062583 -1.250000 0.515776
v -0.040753 -1.237864 0.503640
v -0.040753 1.165049 0.503641
v -0.040753 1.165049 -0.503640
v -0.040753 -1.237864 -0.503641
v -0.040753 -1.237864 -0.503641
v -0.040753 -1.237864 0.503640
v -0.030701 -1.231796 -0.497573
v -0.030701 1.158981 -0.497572
v -0.062010 -0.131729 0.502931
v -0.060319 -0.135430 0.502931
v -0.048990 0.059517 0.505986
v -0.048990 0.059517 0.502931
v -0.054998 0.059517 0.502931
v -0.055356 0.013367 0.502931
v -0.046357 0.011135 0.502931
v -0.043668 -0.135430 0.502931
v -0.041976 -0.131729 0.502931
v -0.059671 0.056818 0.502931
v -0.058691 -0.057341 0.502931
v -0.050639 -0.057341 0.502931
v -0.062010 0.053734 0.502931
v -0.055356 0.015888 0.502931
v -0.059357 -0.013700 0.502931
v -0.059357 0.015888 0.502931
v -0.055780 -0.138667 0.502931
v -0.055780 -0.138667 0.505986
v -0.041976 0.053734 0.502931
v -0.044316 0.056818 0.502931
v -0.050639 -0.083001 0.502931
v -0.058691 -0.083001 0.502931
v -0.058691 -0.083001 0.505986
v -0.055356 -0.013700 0.502931
v -0.048207 -0.138667 0.502931
v -0.055356 -0.011081 0.502931
v -0.046357 -0.010015 0.502931
v -0.058436 -0.057837 0.502931
v -0.058436 -0.057837 0.507992
v -0.050894 -0.057837 0.502931
v -0.050894 -0.082505 0.507992
v -0.050894 -0.082505 0.502931
v -0.058436 -0.082505 0.502931
v -0.058436 -0.082505 0.507992
v -0.072995 0.919772 -0.510237
v -0.071987 0.919676 -0.516039
v -0.072995 0.919772 -0.516039
v -0.072995 0.919772 -0.521843
v -0.073992 0.919590 -0.516039
v -0.072685 0.911359 -0.510237
v -0.073692 0.911455 -0.516039
v -0.072685 0.911359 -0.516039
v -0.072685 0.911359 -0.521843
v -0.071688 0.911541 -0.516039
v -0.074916 0.919133 -0.510237
v -0.074916 0.919133 -0.516039
v -0.074916 0.919133 -0.521843
v -0.075703 0.918437 -0.516039
v -0.070764 0.911998 -0.510237
v -0.070764 0.911998 -0.516039
v -0.070764 0.911998 -0.521843
v -0.069976 0.912693 -0.516039
v -0.076297 0.917536 -0.510237
v -0.076297 0.917536 -0.516039
v -0.076297 0.917536 -0.521843
v -0.076658 0.916500 -0.516039
v -0.069383 0.913593 -0.510237
v -0.069383 0.913593 -0.516039
v -0.069383 0.913593 -0.521843
v -0.069021 0.914630 -0.516039
v -0.076751 0.915396 -0.510237
v -0.076751 0.915396 -0.516039
v -0.076751 0.915396 -0.521843
v -0.076576 0.914302 -0.516039
v -0.068929 0.915735 -0.510237
v -0.069021 0.914630 -0.516039
v -0.068929 0.915735 -0.516039
v -0.068929 0.915735 -0.521843
v -0.069104 0.916828 -0.516039
v -0.076139 0.913301 -0.510237
v -0.076139 0.913301 -0.516039
v -0.076139 0.913301 -0.521843
v -0.075481 0.912456 -0.516039
v -0.069541 0.917829 -0.510237
v -0.069541 0.917829 -0.516039
v -0.069541 0.917829 -0.521843
v -0.070198 0.918673 -0.516039
v -0.074645 0.911831 -0.510237
v -0.074645 0.911831 -0.516039
v -0.074645 0.911831 -0.521843
v -0.071035 0.919300 -0.510237
v -0.071035 0.919300 -0.516039
v -0.071035 0.919300 -0.521843
v -0.072995 -0.858674 -0.510237
v -0.071987 -0.858769 -0.516041
v -0.072995 -0.858674 -0.516041
v -0.072995 -0.858674 -0.521844
v -0.073992 -0.858856 -0.516041
v -0.072685 -0.867086 -0.510237
v -0.073692 -0.866990 -0.516041
v -0.072685 -0.867086 -0.516041
v -0.072685 -0.867086 -0.521844
v -0.071687 -0.866904 -0.516041
v -0.074916 -0.859312 -0.510237
v -0.074916 -0.859312 -0.516041
v -0.074916 -0.859312 -0.521844
v -0.075703 -0.860007 -0.516041
v -0.070764 -0.866448 -0.510237
v -0.070764 -0.866448 -0.516041
v -0.070764 -0.866448 -0.521844
v -0.069976 -0.865751 -0.516041
v -0.076297 -0.860908 -0.510237
v -0.076297 -0.860908 -0.516041
v -0.076297 -0.860908 -0.521844
v -0.076658 -0.861944 -0.516041
v -0.069383 -0.864851 -0.510237
v -0.069383 -0.864851 -0.516041
v -0.069383 -0.864851 -0.521844
v -0.069021 -0.863814 -0.516041
v -0.076751 -0.863050 -0.510237
v -0.076751 -0.863050 -0.516041
v -0.076751 -0.863050 -0.521844
v -0.076576 -0.864143 -0.516041
v -0.068929 -0.862710 -0.510237
v -0.069021 -0.863814 -0.516041
v -0.068929 -0.862710 -0.516041
v -0.068929 -0.862710 -0.521844
v -0.069104 -0.861617 -0.516041
v -0.076139 -0.865143 -0.510237
v -0.076139 -0.865143 -0.516041
v -0.076139 -0.865143 -0.521844
v -0.075481 -0.865988 -0.516041
v -0.069541 -0.860615 -0.510237
v -0.069541 -0.860615 -0.516041
v -0.069541 -0.860615 -0.521844
v -0.070198 -0.859771 -0.516041
v -0.074645 -0.866614 -0.510237
v -0.074645 -0.866614 -0.516041
v -0.074645 -0.866614 -0.521844
v -0.071035 -0.859146 -0.510237
v -0.071035 -0.859146 -0.516041
v -0.071035 -0.859146 -0.521844
v -0.064833 0.907263 -0.528077
v -0.065158 0.931126 -0.525649
v -0.065158 0.907263 -0.525649
v -0.066090 0.907263 -0.523385
v -0.065158 0.883400 -0.525649
v -0.067586 0.931126 -0.521445
v -0.067586 0.907263 -0.521446
v -0.069525 0.931126 -0.519950
v -0.069525 0.907263 -0.519950
v -0.069525 0.883400 -0.519951
v -0.067586 0.883400 -0.521446
v -0.071789 0.931126 -0.519018
v -0.071789 0.907263 -0.519019
v -0.074217 0.907263 -0.518692
v -0.071789 0.883400 -0.519019
v -0.076644 0.931126 -0.519018
v -0.076644 0.907263 -0.519019
v -0.078908 0.907263 -0.519950
v -0.076644 0.883400 -0.519019
v -0.080848 0.931126 -0.521445
v -0.080848 0.907263 -0.521445
v -0.082343 0.907263 -0.523384
v -0.082343 0.883400 -0.523385
v -0.080848 0.883400 -0.521446
v -0.078908 0.883400 -0.519951
v -0.083275 0.931126 -0.525649
v -0.083275 0.907263 -0.525649
v -0.083600 0.907263 -0.528077
v -0.083275 0.883400 -0.525649
v -0.083275 0.907263 -0.530504
v -0.083600 0.931126 -0.528077
v -0.083275 0.931126 -0.530503
v -0.082343 0.931126 -0.532768
v -0.082343 0.907263 -0.532768
v -0.083275 0.883400 -0.530504
v -0.080848 0.931126 -0.534707
v -0.080848 0.907263 -0.534707
v -0.078908 0.907263 -0.536202
v -0.080848 0.883400 -0.534707
v -0.076644 0.931126 -0.537134
v -0.076644 0.907263 -0.537134
v -0.074217 0.907263 -0.537461
v -0.076644 0.883400 -0.537134
v -0.071789 0.931126 -0.537134
v -0.071789 0.907263 -0.537134
v -0.069525 0.907263 -0.536202
v -0.071789 0.883400 -0.537134
v -0.071789 0.883400 -0.537134
v -0.069959 0.882809 -0.535451
v -0.072014 0.882809 -0.536295
v -0.070395 0.882218 -0.534697
v -0.072240 0.882218 -0.535457
v -0.074217 0.882218 -0.535720
v -0.074217 0.882809 -0.536589
v -0.066090 0.907263 -0.532768
v -0.065158 0.931126 -0.530504
v -0.065158 0.907263 -0.530504
v -0.064833 0.907263 -0.528077
v -0.065158 0.883400 -0.530504
v -0.067586 0.931126 -0.534707
v -0.067586 0.907263 -0.534707
v -0.066090 0.883400 -0.532769
v -0.067586 0.883400 -0.534708
v -0.065158 0.931126 -0.525649
v -0.066134 0.932490 -0.528077
v -0.066414 0.932490 -0.525985
v -0.067435 0.933853 -0.528077
v -0.067671 0.933853 -0.526323
v -0.068344 0.933853 -0.524686
v -0.067217 0.932490 -0.524035
v -0.067671 0.933853 -0.529829
v -0.074217 0.933853 -0.528077
v -0.069424 0.933853 -0.532868
v -0.072463 0.933853 -0.534622
v -0.074217 0.933853 -0.535092
v -0.075970 0.933853 -0.534622
v -0.079009 0.933853 -0.532868
v -0.080763 0.933853 -0.529829
v -0.081232 0.933853 -0.528077
v -0.080763 0.933853 -0.526322
v -0.079009 0.933853 -0.523283
v -0.077725 0.933853 -0.522001
v -0.075970 0.933853 -0.521530
v -0.074217 0.933853 -0.521060
v -0.072463 0.933853 -0.521530
v -0.070708 0.933853 -0.522001
v -0.069424 0.933853 -0.523283
v -0.067586 0.931126 -0.534707
v -0.070175 0.932490 -0.535077
v -0.068506 0.932490 -0.533787
v -0.070826 0.933853 -0.533950
v -0.068344 0.933853 -0.531467
v -0.067217 0.932490 -0.532117
v -0.076644 0.931126 -0.537134
v -0.078258 0.932490 -0.535077
v -0.076308 0.932490 -0.535878
v -0.077607 0.933853 -0.533950
v -0.074217 0.933853 -0.534857
v -0.074217 0.932490 -0.536158
v -0.083275 0.931126 -0.530503
v -0.082299 0.932490 -0.528077
v -0.082019 0.932490 -0.530167
v -0.080998 0.933853 -0.528077
v -0.080089 0.933853 -0.531467
v -0.081217 0.932490 -0.532117
v -0.080848 0.931126 -0.521445
v -0.078258 0.932490 -0.521076
v -0.079928 0.932490 -0.522365
v -0.077607 0.933853 -0.522203
v -0.080089 0.933853 -0.524686
v -0.081217 0.932490 -0.524035
v -0.071789 0.931126 -0.519018
v -0.070175 0.932490 -0.521076
v -0.072126 0.932490 -0.520274
v -0.070826 0.933853 -0.522203
v -0.074217 0.933853 -0.521294
v -0.074217 0.932490 -0.519993
v -0.065158 0.931126 -0.530504
v -0.066414 0.932490 -0.530167
v -0.071789 0.931126 -0.537134
v -0.072126 0.932490 -0.535878
v -0.080848 0.931126 -0.534707
v -0.079928 0.932490 -0.533787
v -0.083275 0.931126 -0.525649
v -0.082019 0.932490 -0.525985
v -0.076644 0.931126 -0.519018
v -0.076308 0.932490 -0.520274
v -0.067586 0.931126 -0.521445
v -0.068506 0.932490 -0.522366
v -0.080848 0.883400 -0.534707
v -0.078474 0.882809 -0.535451
v -0.080234 0.882809 -0.534094
v -0.078038 0.882218 -0.534696
v -0.079618 0.882218 -0.533479
v -0.080837 0.882218 -0.531899
v -0.081590 0.882809 -0.532334
v -0.083275 0.883400 -0.525649
v -0.082730 0.882809 -0.528077
v -0.082435 0.882809 -0.525874
v -0.081861 0.882218 -0.528077
v -0.081596 0.882218 -0.526100
v -0.080837 0.882218 -0.524254
v -0.081590 0.882809 -0.523818
v -0.076644 0.883400 -0.519019
v -0.078474 0.882809 -0.520702
v -0.076419 0.882809 -0.519857
v -0.078038 0.882218 -0.521457
v -0.076194 0.882218 -0.520697
v -0.074217 0.882218 -0.520433
v -0.074217 0.882809 -0.519564
v -0.067586 0.883400 -0.521446
v -0.069959 0.882809 -0.520702
v -0.068200 0.882809 -0.522059
v -0.070395 0.882218 -0.521457
v -0.068815 0.882218 -0.522674
v -0.067597 0.882218 -0.524254
v -0.066843 0.882809 -0.523818
v -0.065158 0.883400 -0.525649
v -0.065998 0.882809 -0.525874
v -0.066837 0.882218 -0.526100
v -0.066572 0.882218 -0.528077
v -0.065703 0.882809 -0.528077
v -0.067586 0.883400 -0.534708
v -0.066843 0.882809 -0.532334
v -0.068200 0.882809 -0.534094
v -0.067597 0.882218 -0.531899
v -0.068815 0.882218 -0.533479
v -0.076644 0.883400 -0.537134
v -0.076419 0.882809 -0.536295
v -0.076194 0.882218 -0.535457
v -0.083275 0.883400 -0.530504
v -0.082435 0.882809 -0.530278
v -0.081596 0.882218 -0.530053
v -0.080848 0.883400 -0.521446
v -0.080234 0.882809 -0.522059
v -0.079618 0.882218 -0.522674
v -0.071789 0.883400 -0.519019
v -0.072014 0.882809 -0.519857
v -0.072240 0.882218 -0.520697
v -0.065158 0.883400 -0.530504
v -0.065998 0.882809 -0.530278
v -0.066837 0.882218 -0.530053
v -0.064833 -0.871181 -0.528077
v -0.065158 -0.847318 -0.525650
v -0.065158 -0.871181 -0.525650
v -0.066090 -0.871181 -0.523385
v -0.065158 -0.895044 -0.525650
v -0.067585 -0.847318 -0.521446
v -0.067585 -0.871181 -0.521446
v -0.069525 -0.871181 -0.519951
v -0.067585 -0.895044 -0.521446
v -0.071789 -0.847318 -0.519019
v -0.071789 -0.871181 -0.519019
v -0.074217 -0.871181 -0.518694
v -0.071789 -0.895044 -0.519019
v -0.076644 -0.847318 -0.519019
v -0.076644 -0.871181 -0.519019
v -0.078908 -0.871181 -0.519951
v -0.076644 -0.895044 -0.519019
v -0.080848 -0.847318 -0.521446
v -0.080848 -0.871181 -0.521446
v -0.082343 -0.871181 -0.523385
v -0.080848 -0.895044 -0.521446
v -0.083275 -0.847318 -0.525650
v -0.083275 -0.871181 -0.525650
v -0.083600 -0.871181 -0.528077
v -0.083275 -0.895044 -0.525650
v -0.083275 -0.847318 -0.530504
v -0.083275 -0.871181 -0.530504
v -0.082343 -0.871181 -0.532769
v -0.083275 -0.895044 -0.530504
v -0.080848 -0.847318 -0.534708
v -0.080848 -0.871181 -0.534708
v -0.078908 -0.871181 -0.536203
v -0.080848 -0.895044 -0.534708
v -0.076644 -0.847318 -0.537135
v -0.076644 -0.871181 -0.537135
v -0.074217 -0.871181 -0.537461
v -0.076644 -0.895044 -0.537135
v -0.078908 -0.895044 -0.536203
v -0.071789 -0.847318 -0.537135
v -0.071789 -0.871181 -0.537135
v -0.069525 -0.871181 -0.536203
v -0.071789 -0.895044 -0.537135
v -0.071789 -0.895044 -0.537135
v -0.069959 -0.895636 -0.535451
v -0.072014 -0.895636 -0.536295
v -0.070395 -0.896227 -0.534697
v -0.072240 -0.896227 -0.535457
v -0.074217 -0.896227 -0.535721
v -0.074217 -0.895636 -0.536590
v -0.066090 -0.871181 -0.532769
v -0.065158 -0.847318 -0.530504
v -0.065158 -0.871181 -0.530504
v -0.064833 -0.871181 -0.528077
v -0.065158 -0.895044 -0.530504
v -0.067585 -0.847318 -0.534708
v -0.067585 -0.871181 -0.534708
v -0.067585 -0.895044 -0.534708
v -0.065158 -0.847318 -0.525650
v -0.066134 -0.845955 -0.528077
v -0.066414 -0.845955 -0.525986
v -0.067435 -0.844592 -0.528077
v -0.067671 -0.844592 -0.526323
v -0.068344 -0.844592 -0.524686
v -0.067217 -0.845955 -0.524036
v -0.074217 -0.844592 -0.528077
v -0.067201 -0.844592 -0.528077
v -0.067671 -0.844592 -0.529831
v -0.069424 -0.844592 -0.532869
v -0.072463 -0.844592 -0.534623
v -0.074217 -0.844592 -0.535093
v -0.075970 -0.844592 -0.534623
v -0.079009 -0.844592 -0.532869
v -0.080763 -0.844592 -0.529831
v -0.081232 -0.844592 -0.528077
v -0.080763 -0.844592 -0.526323
v -0.079009 -0.844592 -0.523285
v -0.075970 -0.844592 -0.521531
v -0.074217 -0.844592 -0.521061
v -0.072463 -0.844592 -0.521531
v -0.069424 -0.844592 -0.523285
v -0.067585 -0.847318 -0.534708
v -0.070175 -0.845955 -0.535077
v -0.068505 -0.845955 -0.533788
v -0.070826 -0.844592 -0.533950
v -0.068344 -0.844592 -0.531468
v -0.067217 -0.845955 -0.532118
v -0.076644 -0.847318 -0.537135
v -0.078258 -0.845955 -0.535077
v -0.076308 -0.845955 -0.535879
v -0.077607 -0.844592 -0.533950
v -0.074217 -0.844592 -0.534859
v -0.074217 -0.845955 -0.536160
v -0.083275 -0.847318 -0.530504
v -0.082299 -0.845955 -0.528077
v -0.082019 -0.845955 -0.530168
v -0.080998 -0.844592 -0.528077
v -0.080089 -0.844592 -0.531468
v -0.081217 -0.845955 -0.532118
v -0.080848 -0.847318 -0.521446
v -0.078258 -0.845955 -0.521077
v -0.079928 -0.845955 -0.522366
v -0.077607 -0.844592 -0.522204
v -0.080089 -0.844592 -0.524686
v -0.081217 -0.845955 -0.524036
v -0.071789 -0.847318 -0.519019
v -0.070175 -0.845955 -0.521077
v -0.072126 -0.845955 -0.520275
v -0.070826 -0.844592 -0.522204
v -0.074217 -0.844592 -0.521295
v -0.074217 -0.845955 -0.519994
v -0.065158 -0.847318 -0.530504
v -0.066414 -0.845955 -0.530168
v -0.071789 -0.847318 -0.537135
v -0.072126 -0.845955 -0.535879
v -0.080848 -0.847318 -0.534708
v -0.079928 -0.845955 -0.533788
v -0.083275 -0.847318 -0.525650
v -0.082019 -0.845955 -0.525986
v -0.076644 -0.847318 -0.519019
v -0.076308 -0.845955 -0.520275
v -0.067585 -0.847318 -0.521446
v -0.068505 -0.845955 -0.522366
v -0.080848 -0.895044 -0.534708
v -0.078474 -0.895636 -0.535451
v -0.080234 -0.895636 -0.534094
v -0.078038 -0.896227 -0.534697
v -0.079618 -0.896227 -0.533479
v -0.080837 -0.896227 -0.531899
v -0.081590 -0.895636 -0.532334
v -0.083275 -0.895044 -0.525650
v -0.082730 -0.895636 -0.528077
v -0.082435 -0.895636 -0.525874
v -0.081861 -0.896227 -0.528077
v -0.081596 -0.896227 -0.526100
v -0.080837 -0.896227 -0.524255
v -0.081590 -0.895636 -0.523820
v -0.076644 -0.895044 -0.519019
v -0.078474 -0.895636 -0.520703
v -0.076419 -0.895636 -0.519859
v -0.078038 -0.896227 -0.521457
v -0.076194 -0.896227 -0.520697
v -0.074217 -0.896227 -0.520433
v -0.074217 -0.895636 -0.519564
v -0.067585 -0.895044 -0.521446
v -0.069959 -0.895636 -0.520703
v -0.068200 -0.895636 -0.522060
v -0.070395 -0.896227 -0.521457
v -0.068815 -0.896227 -0.522675
v -0.067596 -0.896227 -0.524255
v -0.066843 -0.895636 -0.523820
v -0.065158 -0.895044 -0.525650
v -0.065998 -0.895636 -0.525874
v -0.066837 -0.896227 -0.526100
v -0.066572 -0.896227 -0.528077
v -0.065703 -0.895636 -0.528077
v -0.067585 -0.895044 -0.534708
v -0.066843 -0.895636 -0.532334
v -0.068200 -0.895636 -0.534094
v -0.067596 -0.896227 -0.531899
v -0.068815 -0.896227 -0.533479
v -0.076644 -0.895044 -0.537135
v -0.076419 -0.895636 -0.536295
v -0.076194 -0.896227 -0.535457
v -0.083275 -0.895044 -0.530504
v -0.082435 -0.895636 -0.530280
v -0.081596 -0.896227 -0.530054
v -0.080848 -0.895044 -0.521446
v -0.080234 -0.895636 -0.522060
v -0.079618 -0.896227 -0.522675
v -0.071789 -0.895044 -0.519019
v -0.072014 -0.895636 -0.519859
v -0.072240 -0.896227 -0.520697
v -0.065158 -0.895044 -0.530504
v -0.065998 -0.895636 -0.530280
v -0.066837 -0.896227 -0.530054
v -0.085312 0.038780 0.484276
v -0.079245 0.049283 0.477378
v -0.085313 0.049283 0.477378
v -0.091380 0.038780 0.484276
v -0.085312 0.026477 0.486825
v -0.079245 0.038780 0.484276
v -0.079245 0.014174 0.424870
v -0.085312 0.003672 0.431768
v -0.085312 0.014174 0.424870
v -0.091380 0.014174 0.424870
v -0.085312 0.026477 0.422321
v -0.079245 0.014174 0.484276
v -0.085312 0.026477 0.486825
v -0.085312 0.014174 0.484276
v -0.091380 0.014174 0.484276
v -0.085312 0.003672 0.477378
v -0.079245 0.038780 0.424870
v -0.085312 0.026477 0.422321
v -0.085312 0.038780 0.424870
v -0.091380 0.038780 0.424870
v -0.085313 0.049283 0.431768
v -0.079245 0.049283 0.431768
v -0.079245 -0.003226 0.466877
v -0.085312 0.003672 0.477378
v -0.085312 -0.003226 0.466877
v -0.091380 -0.003226 0.466877
v -0.085312 -0.005774 0.454572
v -0.079245 0.056181 0.466877
v -0.085313 0.058729 0.454572
v -0.085313 0.056181 0.466877
v -0.091380 0.056181 0.466877
v -0.085313 0.049283 0.477378
v -0.079245 0.056181 0.442269
v -0.085313 0.049283 0.431768
v -0.085313 0.056181 0.442269
v -0.091380 0.056181 0.442269
v -0.085313 0.058729 0.454572
v -0.079245 -0.003226 0.442269
v -0.085312 -0.005774 0.454572
v -0.085312 -0.003226 0.442269
v -0.091380 -0.003226 0.442269
v -0.085312 0.003672 0.431768
v -0.091380 0.026477 0.481342
v -0.091380 0.016266 0.479226
v -0.091380 0.026477 0.475859
v -0.091380 0.018357 0.474177
v -0.091380 0.011426 0.469624
v -0.091380 0.007548 0.473501
v -0.091380 0.026477 0.427804
v -0.091380 0.036689 0.429919
v -0.091380 0.026477 0.433287
v -0.091380 0.034597 0.434969
v -0.091380 0.041529 0.439521
v -0.091380 0.045405 0.435644
v -0.091380 0.001824 0.464785
v -0.091380 0.006872 0.462694
v -0.091380 0.005192 0.454572
v -0.091380 -0.000291 0.454572
v -0.091380 0.053246 0.454572
v -0.091380 0.051131 0.464785
v -0.091380 0.047763 0.454572
v -0.091380 0.046081 0.462694
v -0.091380 0.041529 0.469624
v -0.091380 0.045405 0.473501
v -0.091380 0.051131 0.444361
v -0.091380 0.046081 0.446452
v -0.091380 0.001824 0.444361
v -0.091380 0.006872 0.446452
v -0.091380 0.011426 0.439521
v -0.091380 0.007548 0.435644
v -0.091380 0.036689 0.479226
v -0.091380 0.034597 0.474177
v -0.091380 0.016266 0.429919
v -0.091380 0.018357 0.434969
v -0.089487 0.012417 0.440513
v -0.089487 0.018892 0.436260
v -0.087594 0.013410 0.441505
v -0.087594 0.019427 0.437553
v -0.087594 0.026477 0.436093
v -0.089487 0.026477 0.434690
v -0.089487 0.026477 0.474456
v -0.089487 0.018892 0.472885
v -0.087594 0.026477 0.473053
v -0.087594 0.019427 0.471593
v -0.087594 0.013410 0.467640
v -0.089487 0.012417 0.468632
v -0.089487 0.034063 0.436260
v -0.087594 0.033528 0.437553
v -0.087594 0.039545 0.441505
v -0.089487 0.040536 0.440513
v -0.089487 0.008165 0.462158
v -0.087594 0.009457 0.461623
v -0.087594 0.007996 0.454572
v -0.089487 0.006595 0.454572
v -0.089487 0.046360 0.454572
v -0.089487 0.044790 0.462158
v -0.087594 0.044957 0.454572
v -0.087594 0.043498 0.461623
v -0.087594 0.039545 0.467640
v -0.089487 0.040536 0.468632
v -0.089487 0.044790 0.446987
v -0.087594 0.043498 0.447522
v -0.089487 0.008165 0.446987
v -0.087594 0.009457 0.447522
v -0.089487 0.034062 0.472885
v -0.087594 0.033528 0.471593
v -0.087594 0.010620 0.454572
v -0.087594 0.011874 0.448524
v -0.087594 0.013244 0.454572
v -0.087594 0.014289 0.449525
v -0.087594 0.017120 0.445215
v -0.087594 0.015264 0.443360
v -0.087594 0.037689 0.465786
v -0.087594 0.032527 0.469177
v -0.087594 0.035835 0.463930
v -0.087594 0.031525 0.466760
v -0.087594 0.026477 0.467806
v -0.087594 0.026477 0.470430
v -0.087594 0.020428 0.439969
v -0.087594 0.021428 0.442385
v -0.087594 0.026477 0.441339
v -0.087594 0.026477 0.438715
v -0.087594 0.020428 0.469177
v -0.087594 0.021428 0.466760
v -0.087594 0.017120 0.463930
v -0.087594 0.015264 0.465786
v -0.087594 0.032527 0.439969
v -0.087594 0.031525 0.442385
v -0.087594 0.035835 0.445215
v -0.087594 0.037690 0.443360
v -0.087594 0.011874 0.460622
v -0.087594 0.014289 0.459621
v -0.087594 0.042334 0.454572
v -0.087594 0.041081 0.460622
v -0.087594 0.039711 0.454572
v -0.087594 0.038665 0.459621
v -0.087594 0.041081 0.448524
v -0.087594 0.038665 0.449525
v -0.079245 -0.062791 0.484276
v -0.085312 -0.052289 0.477378
v -0.085312 -0.062791 0.484276
v -0.091380 -0.062791 0.484276
v -0.085312 -0.075095 0.486825
v -0.079245 -0.087398 0.424870
v -0.085312 -0.097899 0.431768
v -0.085312 -0.087398 0.424870
v -0.091380 -0.087398 0.424870
v -0.085312 -0.075095 0.422321
v -0.079245 -0.087398 0.484276
v -0.085312 -0.075095 0.486825
v -0.085312 -0.087398 0.484276
v -0.091380 -0.087398 0.484276
v -0.085312 -0.097899 0.477378
v -0.079245 -0.062791 0.424870
v -0.085312 -0.075095 0.422321
v -0.085312 -0.062791 0.424870
v -0.091380 -0.062791 0.424870
v -0.085312 -0.052289 0.431768
v -0.079245 -0.104797 0.466877
v -0.085312 -0.097899 0.477378
v -0.085312 -0.104797 0.466877
v -0.091380 -0.104797 0.466877
v -0.085312 -0.107346 0.454572
v -0.079245 -0.045391 0.466877
v -0.085312 -0.042844 0.454572
v -0.085312 -0.045391 0.466877
v -0.091380 -0.045391 0.466877
v -0.085312 -0.052289 0.477378
v -0.079245 -0.045391 0.442269
v -0.085312 -0.052289 0.431768
v -0.085312 -0.045391 0.442269
v -0.091380 -0.045391 0.442269
v -0.085312 -0.042844 0.454572
v -0.079245 -0.104797 0.442269
v -0.085312 -0.107346 0.454572
v -0.085312 -0.104797 0.442269
v -0.091380 -0.104797 0.442269
v -0.085312 -0.097899 0.431768
v -0.091380 -0.075095 0.481342
v -0.091380 -0.085306 0.479226
v -0.091380 -0.075095 0.475859
v -0.091380 -0.083215 0.474177
v -0.091380 -0.090146 0.469624
v -0.091380 -0.094023 0.473501
v -0.091380 -0.075095 0.427804
v -0.091380 -0.064882 0.429919
v -0.091380 -0.075095 0.433287
v -0.091380 -0.066975 0.434969
v -0.091380 -0.060043 0.439521
v -0.091380 -0.056166 0.435644
v -0.091380 -0.099749 0.464785
v -0.091380 -0.094699 0.462694
v -0.091380 -0.096380 0.454572
v -0.091380 -0.101863 0.454572
v -0.091380 -0.048325 0.454572
v -0.091380 -0.050441 0.464785
v -0.091380 -0.053808 0.454572
v -0.091380 -0.055490 0.462694
v -0.091380 -0.060043 0.469624
v -0.091380 -0.056166 0.473501
v -0.091380 -0.050441 0.444361
v -0.091380 -0.055490 0.446452
v -0.091380 -0.099748 0.444361
v -0.091380 -0.094699 0.446452
v -0.091380 -0.090146 0.439521
v -0.091380 -0.094023 0.435644
v -0.091380 -0.064882 0.479226
v -0.091380 -0.066975 0.474177
v -0.091380 -0.085306 0.429919
v -0.091380 -0.083215 0.434969
v -0.087425 -0.053808 0.454572
v -0.087425 -0.055490 0.462694
v -0.083471 -0.055490 0.462694
v -0.087425 -0.060043 0.469624
v -0.087425 -0.060043 0.439521
v -0.087425 -0.055490 0.446452
v -0.083471 -0.055490 0.446452
v -0.087425 -0.096380 0.454572
v -0.087425 -0.094699 0.446452
v -0.083471 -0.094699 0.446452
v -0.087425 -0.090146 0.439521
v -0.087425 -0.066975 0.474177
v -0.083471 -0.066975 0.474177
v -0.087425 -0.075095 0.475859
v -0.087425 -0.083215 0.434969
v -0.083471 -0.083215 0.434969
v -0.087425 -0.075095 0.433287
v -0.087425 -0.083215 0.474177
v -0.083471 -0.083215 0.474177
v -0.087425 -0.090146 0.469624
v -0.087425 -0.066975 0.434969
v -0.083471 -0.066975 0.434969
v -0.087425 -0.094699 0.462694
v -0.083471 -0.094699 0.462694
v -0.083471 -0.066975 0.434969
v -0.083471 -0.075095 0.434342
v -0.083471 -0.067376 0.435940
v -0.083471 -0.075095 0.435397
v -0.083471 -0.067779 0.436912
v -0.083471 -0.061535 0.441014
v -0.083471 -0.060789 0.440268
v -0.083471 -0.094699 0.462694
v -0.083471 -0.089399 0.468878
v -0.083471 -0.093727 0.462291
v -0.083471 -0.088654 0.468132
v -0.083471 -0.092755 0.461888
v -0.083471 -0.094271 0.454572
v -0.083471 -0.095325 0.454572
v -0.083471 -0.055490 0.462694
v -0.083471 -0.054864 0.454572
v -0.083471 -0.056462 0.462291
v -0.083471 -0.055919 0.454572
v -0.083471 -0.057433 0.461888
v -0.083471 -0.061535 0.468132
v -0.083471 -0.060789 0.468878
v -0.083471 -0.055490 0.446452
v -0.083471 -0.056462 0.446855
v -0.083471 -0.057433 0.447258
v -0.083471 -0.094699 0.446452
v -0.083471 -0.093727 0.446855
v -0.083471 -0.092755 0.447258
v -0.083471 -0.088654 0.441014
v -0.083471 -0.089399 0.440268
v -0.083471 -0.066975 0.474177
v -0.083471 -0.067376 0.473206
v -0.083471 -0.067779 0.472234
v -0.083471 -0.075095 0.473748
v -0.083471 -0.075095 0.474804
v -0.083471 -0.083215 0.434969
v -0.083471 -0.082812 0.435940
v -0.083471 -0.082410 0.436912
v -0.083471 -0.083215 0.474177
v -0.083471 -0.082812 0.473206
v -0.083471 -0.082410 0.472234
v -0.087762 -0.088654 0.441014
v -0.087762 -0.082410 0.436912
v -0.092053 -0.082410 0.436912
v -0.087762 -0.075095 0.435397
v -0.087762 -0.075095 0.473748
v -0.087762 -0.082410 0.472234
v -0.092053 -0.082410 0.472234
v -0.087762 -0.088654 0.468132
v -0.087762 -0.067779 0.436912
v -0.092053 -0.067779 0.436912
v -0.087762 -0.061535 0.441014
v -0.087762 -0.092755 0.461888
v -0.092053 -0.092755 0.461888
v -0.087762 -0.094271 0.454572
v -0.087762 -0.055919 0.454572
v -0.087762 -0.057433 0.461888
v -0.092053 -0.057433 0.461888
v -0.087762 -0.061535 0.468132
v -0.087762 -0.057433 0.447258
v -0.092053 -0.057433 0.447258
v -0.087762 -0.092755 0.447258
v -0.092053 -0.092755 0.447258
v -0.087762 -0.067779 0.472234
v -0.092053 -0.067779 0.472234
v -0.092053 -0.057433 0.447258
v -0.092053 -0.064030 0.445099
v -0.092053 -0.060684 0.449376
v -0.092053 -0.066527 0.449185
v -0.092053 -0.063935 0.451495
v -0.092053 -0.059448 0.454572
v -0.092053 -0.055919 0.454572
v -0.092053 -0.089505 0.449376
v -0.092053 -0.094271 0.454572
v -0.092053 -0.090742 0.454572
v -0.092053 -0.086255 0.451495
v -0.092053 -0.083663 0.449185
v -0.092053 -0.086158 0.445099
v -0.092053 -0.092755 0.447258
v -0.092053 -0.069125 0.466481
v -0.092053 -0.061535 0.468132
v -0.092053 -0.064030 0.464045
v -0.092053 -0.066527 0.459959
v -0.092053 -0.070472 0.460730
v -0.092053 -0.075095 0.467238
v -0.092053 -0.067779 0.472234
v -0.092053 -0.081063 0.442664
v -0.092053 -0.088654 0.441014
v -0.092053 -0.079717 0.448416
v -0.092053 -0.075095 0.441906
v -0.092053 -0.082410 0.436912
v -0.092053 -0.082410 0.472234
v -0.092053 -0.081063 0.466481
v -0.092053 -0.079717 0.460730
v -0.092053 -0.083663 0.459959
v -0.092053 -0.086158 0.464045
v -0.092053 -0.088654 0.468132
v -0.092053 -0.067779 0.436912
v -0.092053 -0.069125 0.442664
v -0.092053 -0.070472 0.448416
v -0.092053 -0.061535 0.441014
v -0.092053 -0.092755 0.461888
v -0.092053 -0.089505 0.459770
v -0.092053 -0.086255 0.457651
v -0.092053 -0.060684 0.459770
v -0.092053 -0.063935 0.457651
v -0.092053 -0.057433 0.461888
v -0.087679 -0.061447 0.459018
v -0.087679 -0.062977 0.454572
v -0.087679 -0.060277 0.454572
v -0.087679 -0.057577 0.454572
v -0.087679 -0.058960 0.460385
v -0.087679 -0.062708 0.464745
v -0.087679 -0.064617 0.462353
v -0.087679 -0.063935 0.457651
v -0.087679 -0.070472 0.448416
v -0.087679 -0.075095 0.445681
v -0.087679 -0.069442 0.445681
v -0.087679 -0.075095 0.442948
v -0.087679 -0.068411 0.442948
v -0.087679 -0.064617 0.446793
v -0.087679 -0.066527 0.449185
v -0.087679 -0.086255 0.457651
v -0.087679 -0.085573 0.462353
v -0.087679 -0.088742 0.459018
v -0.087679 -0.087482 0.464745
v -0.087679 -0.091229 0.460385
v -0.087679 -0.092613 0.454572
v -0.087679 -0.089913 0.454572
v -0.087679 -0.087212 0.454572
v -0.087679 -0.079717 0.460730
v -0.087679 -0.075095 0.463463
v -0.087679 -0.080748 0.463463
v -0.087679 -0.075095 0.466197
v -0.087679 -0.081778 0.466197
v -0.087679 -0.083663 0.459959
v -0.089866 -0.083663 0.459959
v -0.089866 -0.086255 0.457651
v -0.087679 -0.086255 0.457651
v -0.089866 -0.087212 0.454572
v -0.089866 -0.062977 0.454572
v -0.089866 -0.063935 0.457651
v -0.087679 -0.063935 0.457651
v -0.089866 -0.066526 0.459959
v -0.089866 -0.066526 0.449185
v -0.089866 -0.063935 0.451495
v -0.087679 -0.063935 0.451495
v -0.089866 -0.086255 0.451495
v -0.087679 -0.086255 0.451495
v -0.089866 -0.083663 0.449185
v -0.089866 -0.070472 0.460730
v -0.087679 -0.066527 0.459959
v -0.087679 -0.070472 0.460730
v -0.089866 -0.075095 0.460730
v -0.089866 -0.079717 0.448416
v -0.087679 -0.079717 0.448416
v -0.089866 -0.075095 0.448416
v -0.089866 -0.079717 0.460730
v -0.087679 -0.079717 0.460730
v -0.089866 -0.070472 0.448416
v -0.087679 -0.070472 0.448416
v -0.087679 -0.066527 0.449185
v -0.087679 -0.091229 0.460385
v -0.071326 -0.087482 0.464745
v -0.071326 -0.091229 0.460385
v -0.054973 -0.091229 0.460385
v -0.071326 -0.092613 0.454572
v -0.071326 -0.058960 0.460385
v -0.087679 -0.057577 0.454572
v -0.071326 -0.057575 0.454572
v -0.054973 -0.058960 0.460385
v -0.071326 -0.062708 0.464745
v -0.087679 -0.058960 0.460385
v -0.087679 -0.058960 0.448760
v -0.071326 -0.062708 0.444401
v -0.071326 -0.058960 0.448760
v -0.054973 -0.058960 0.448760
v -0.071326 -0.057575 0.454572
v -0.087679 -0.057577 0.454572
v -0.087679 -0.091229 0.448760
v -0.071326 -0.091229 0.448760
v -0.054973 -0.091229 0.448760
v -0.071326 -0.087482 0.444401
v -0.087679 -0.068411 0.466197
v -0.071326 -0.068411 0.466197
v -0.054973 -0.068411 0.466197
v -0.071326 -0.075095 0.466197
v -0.087679 -0.081778 0.442948
v -0.071326 -0.081778 0.442948
v -0.054973 -0.081778 0.442948
v -0.071326 -0.075095 0.442948
v -0.087679 -0.081778 0.466197
v -0.071326 -0.081778 0.466197
v -0.054973 -0.081778 0.466197
v -0.087679 -0.068411 0.442948
v -0.071326 -0.068411 0.442948
v -0.054973 -0.068411 0.442948
v -0.087679 -0.063935 0.451495
v -0.087679 -0.061447 0.450127
v -0.087679 -0.062708 0.444401
v -0.087679 -0.058960 0.448760
v -0.087679 -0.088742 0.450127
v -0.087679 -0.091229 0.448760
v -0.087679 -0.087482 0.444401
v -0.087679 -0.085573 0.446793
v -0.087679 -0.086255 0.451495
v -0.087679 -0.069442 0.463463
v -0.087679 -0.066527 0.459959
v -0.087679 -0.068411 0.466197
v -0.087679 -0.070472 0.460730
v -0.087679 -0.080748 0.445681
v -0.087679 -0.083663 0.449185
v -0.087679 -0.081778 0.442948
v -0.087679 -0.079717 0.448416
v -0.024633 0.049283 0.477378
v -0.030701 0.038780 0.484276
v -0.024633 0.038780 0.484276
v -0.024633 0.026477 0.486825
v -0.018565 0.038780 0.484276
v -0.024633 0.003672 0.431768
v -0.030701 0.014174 0.424870
v -0.024633 0.014174 0.424870
v -0.024633 0.026477 0.422321
v -0.018565 0.014174 0.424870
v -0.024633 0.026477 0.486825
v -0.030701 0.014174 0.484276
v -0.024633 0.014174 0.484276
v -0.024633 0.003672 0.477378
v -0.018565 0.014174 0.484276
v -0.024633 0.026477 0.422321
v -0.030701 0.038780 0.424870
v -0.024633 0.038780 0.424870
v -0.024633 0.049283 0.431768
v -0.018565 0.038780 0.424870
v -0.024633 0.003672 0.477378
v -0.030701 -0.003226 0.466877
v -0.024633 -0.003226 0.466877
v -0.024633 -0.005774 0.454572
v -0.018565 -0.003226 0.466877
v -0.024633 0.058729 0.454572
v -0.030701 0.056181 0.466877
v -0.024633 0.056181 0.466877
v -0.024633 0.049283 0.477378
v -0.018565 0.056181 0.466877
v -0.024633 0.049283 0.431768
v -0.030701 0.056181 0.442269
v -0.024633 0.056181 0.442269
v -0.024633 0.058729 0.454572
v -0.018565 0.056181 0.442269
v -0.024633 -0.005774 0.454572
v -0.030701 -0.003226 0.442269
v -0.024633 -0.003226 0.442269
v -0.030701 0.003672 0.431768
v -0.024633 0.003672 0.431768
v -0.018565 -0.003226 0.442269
v -0.018565 0.026477 0.481342
v -0.018565 0.016266 0.479226
v -0.018565 0.007548 0.473501
v -0.018565 0.011426 0.469624
v -0.018565 0.018357 0.474177
v -0.018565 0.026477 0.475859
v -0.018565 0.026477 0.427804
v -0.018565 0.036689 0.429919
v -0.018565 0.045405 0.435644
v -0.018565 0.041529 0.439521
v -0.018565 0.034597 0.434969
v -0.018565 0.026477 0.433287
v -0.018565 0.001824 0.464785
v -0.018565 -0.000291 0.454572
v -0.018565 0.005192 0.454572
v -0.018565 0.006872 0.462694
v -0.018565 0.053246 0.454572
v -0.018565 0.051131 0.464785
v -0.018565 0.045405 0.473501
v -0.018565 0.041529 0.469624
v -0.018565 0.046081 0.462694
v -0.018565 0.047763 0.454572
v -0.018565 0.051131 0.444361
v -0.018565 0.046081 0.446452
v -0.018565 0.001824 0.444361
v -0.018565 0.007548 0.435644
v -0.018565 0.011426 0.439521
v -0.018565 0.006872 0.446452
v -0.018565 0.036689 0.479226
v -0.018565 0.034597 0.474177
v -0.018565 0.016266 0.429919
v -0.018565 0.018357 0.434969
v -0.020457 0.012417 0.440513
v -0.020457 0.018892 0.436260
v -0.020457 0.026477 0.434690
v -0.022350 0.026477 0.436093
v -0.022350 0.019427 0.437553
v -0.022350 0.013410 0.441505
v -0.020457 0.026477 0.474456
v -0.020457 0.018892 0.472885
v -0.020457 0.012417 0.468633
v -0.022350 0.013410 0.467640
v -0.022350 0.019427 0.471593
v -0.022350 0.026477 0.473053
v -0.020457 0.034062 0.436260
v -0.020457 0.040536 0.440513
v -0.022350 0.039545 0.441505
v -0.022350 0.033528 0.437553
v -0.020457 0.008165 0.462158
v -0.020457 0.006595 0.454572
v -0.022350 0.007996 0.454572
v -0.022350 0.009457 0.461623
v -0.020457 0.046360 0.454572
v -0.020457 0.044790 0.462158
v -0.020457 0.040536 0.468633
v -0.022350 0.039545 0.467640
v -0.022350 0.043498 0.461623
v -0.022350 0.044957 0.454572
v -0.020457 0.044790 0.446987
v -0.022350 0.043498 0.447522
v -0.020457 0.008165 0.446987
v -0.022350 0.009457 0.447522
v -0.020457 0.034063 0.472885
v -0.022350 0.033528 0.471593
v -0.022350 0.010620 0.454572
v -0.022350 0.011872 0.448524
v -0.022350 0.015265 0.443360
v -0.022350 0.017120 0.445215
v -0.022350 0.014289 0.449525
v -0.022350 0.013244 0.454572
v -0.022350 0.037689 0.465786
v -0.022350 0.032527 0.469177
v -0.022350 0.026477 0.470430
v -0.022350 0.026477 0.467806
v -0.022350 0.031525 0.466760
v -0.022350 0.035835 0.463930
v -0.022350 0.020428 0.439969
v -0.022350 0.026477 0.438715
v -0.022350 0.026477 0.441339
v -0.022350 0.021428 0.442385
v -0.022350 0.020428 0.469177
v -0.022350 0.015265 0.465786
v -0.022350 0.017120 0.463930
v -0.022350 0.021428 0.466760
v -0.022350 0.032527 0.439969
v -0.022350 0.037689 0.443360
v -0.022350 0.035835 0.445215
v -0.022350 0.031525 0.442385
v -0.022350 0.011874 0.460622
v -0.022350 0.014289 0.459621
v -0.022350 0.042334 0.454572
v -0.022350 0.041081 0.460622
v -0.022350 0.038665 0.459621
v -0.022350 0.039711 0.454572
v -0.022350 0.041081 0.448524
v -0.022350 0.038665 0.449525
v -0.024633 -0.052289 0.477378
v -0.030701 -0.062791 0.484276
v -0.024633 -0.062791 0.484276
v -0.024633 -0.075095 0.486825
v -0.018565 -0.062791 0.484276
v -0.018565 -0.052289 0.477378
v -0.024633 -0.097899 0.431768
v -0.030701 -0.087398 0.424870
v -0.024633 -0.087398 0.424870
v -0.024633 -0.075095 0.422321
v -0.018565 -0.087398 0.424870
v -0.024633 -0.075095 0.486825
v -0.030701 -0.087398 0.484276
v -0.024633 -0.087398 0.484276
v -0.024633 -0.097899 0.477378
v -0.018565 -0.087398 0.484276
v -0.024633 -0.075095 0.422321
v -0.030701 -0.062791 0.424870
v -0.024633 -0.062791 0.424870
v -0.024633 -0.052289 0.431768
v -0.018565 -0.052289 0.431768
v -0.018565 -0.062791 0.424870
v -0.024633 -0.097899 0.477378
v -0.030701 -0.104797 0.466877
v -0.024633 -0.104797 0.466877
v -0.024633 -0.107346 0.454572
v -0.018565 -0.104797 0.466877
v -0.024633 -0.042844 0.454572
v -0.030701 -0.045391 0.466877
v -0.024633 -0.045391 0.466877
v -0.024633 -0.052289 0.477378
v -0.018565 -0.045391 0.466877
v -0.024633 -0.052289 0.431768
v -0.030701 -0.045391 0.442269
v -0.024633 -0.045391 0.442269
v -0.024633 -0.042844 0.454572
v -0.018565 -0.045391 0.442269
v -0.024633 -0.107346 0.454572
v -0.030701 -0.104797 0.442269
v -0.024633 -0.104797 0.442269
v -0.024633 -0.097899 0.431768
v -0.018565 -0.104797 0.442269
v -0.018565 -0.075095 0.481342
v -0.018565 -0.085306 0.479226
v -0.018565 -0.094023 0.473501
v -0.018565 -0.090146 0.469624
v -0.018565 -0.083215 0.474177
v -0.018565 -0.075095 0.475859
v -0.018565 -0.075095 0.427804
v -0.018565 -0.064882 0.429919
v -0.018565 -0.056166 0.435644
v -0.018565 -0.060043 0.439521
v -0.018565 -0.066975 0.434969
v -0.018565 -0.075095 0.433287
v -0.018565 -0.099749 0.464785
v -0.018565 -0.101863 0.454572
v -0.018565 -0.096380 0.454572
v -0.018565 -0.094699 0.462694
v -0.018565 -0.048325 0.454572
v -0.018565 -0.050441 0.464785
v -0.018565 -0.056166 0.473501
v -0.018565 -0.060043 0.469624
v -0.018565 -0.055490 0.462694
v -0.018565 -0.053808 0.454572
v -0.018565 -0.050441 0.444361
v -0.018565 -0.055490 0.446452
v -0.018565 -0.099748 0.444361
v -0.018565 -0.094023 0.435644
v -0.018565 -0.090146 0.439521
v -0.018565 -0.094699 0.446452
v -0.018565 -0.064882 0.479226
v -0.018565 -0.066975 0.474177
v -0.018565 -0.085306 0.429919
v -0.018565 -0.083215 0.434969
v -0.022519 -0.053808 0.454572
v -0.022519 -0.055490 0.462694
v -0.022519 -0.060043 0.469624
v -0.026474 -0.055490 0.462694
v -0.022519 -0.060043 0.439521
v -0.022519 -0.055490 0.446452
v -0.026474 -0.055490 0.446452
v -0.022519 -0.096380 0.454572
v -0.022519 -0.094699 0.446452
v -0.022519 -0.090146 0.439521
v -0.026474 -0.094699 0.446452
v -0.022519 -0.066975 0.474177
v -0.022519 -0.075095 0.475859
v -0.026474 -0.066975 0.474177
v -0.022519 -0.083215 0.434969
v -0.022519 -0.075095 0.433287
v -0.026474 -0.083215 0.434969
v -0.022519 -0.083215 0.474177
v -0.022519 -0.090146 0.469624
v -0.026474 -0.083215 0.474177
v -0.022519 -0.066975 0.434969
v -0.026474 -0.066975 0.434969
v -0.022519 -0.094699 0.462694
v -0.026474 -0.094699 0.462694
v -0.026474 -0.075095 0.434342
v -0.026474 -0.066975 0.434969
v -0.026474 -0.067376 0.435940
v -0.026474 -0.060789 0.440268
v -0.026474 -0.061535 0.441014
v -0.026474 -0.067779 0.436912
v -0.026474 -0.075095 0.435397
v -0.026474 -0.089399 0.468878
v -0.026474 -0.094699 0.462694
v -0.026474 -0.093727 0.462291
v -0.026474 -0.095325 0.454572
v -0.026474 -0.094271 0.454572
v -0.026474 -0.092755 0.461888
v -0.026474 -0.088654 0.468132
v -0.026474 -0.054864 0.454572
v -0.026474 -0.055490 0.462694
v -0.026474 -0.056462 0.462291
v -0.026474 -0.060789 0.468878
v -0.026474 -0.061535 0.468132
v -0.026474 -0.057433 0.461888
v -0.026474 -0.055919 0.454572
v -0.026474 -0.055490 0.446452
v -0.026474 -0.056462 0.446855
v -0.026474 -0.057433 0.447258
v -0.026474 -0.094699 0.446452
v -0.026474 -0.093727 0.446855
v -0.026474 -0.089399 0.440268
v -0.026474 -0.088654 0.441014
v -0.026474 -0.092755 0.447258
v -0.026474 -0.066975 0.474177
v -0.026474 -0.067376 0.473206
v -0.026474 -0.075095 0.474804
v -0.026474 -0.075095 0.473748
v -0.026474 -0.067779 0.472234
v -0.026474 -0.083215 0.434969
v -0.026474 -0.082812 0.435940
v -0.026474 -0.082410 0.436912
v -0.026474 -0.083215 0.474177
v -0.026474 -0.082812 0.473206
v -0.026474 -0.082410 0.472234
v -0.022183 -0.088654 0.441014
v -0.022183 -0.082410 0.436912
v -0.022183 -0.075095 0.435397
v -0.017891 -0.082410 0.436912
v -0.022183 -0.075095 0.473748
v -0.022183 -0.082410 0.472234
v -0.022183 -0.088654 0.468132
v -0.017891 -0.082410 0.472234
v -0.022183 -0.067779 0.436912
v -0.022183 -0.061535 0.441014
v -0.017891 -0.067779 0.436912
v -0.022183 -0.092755 0.461888
v -0.022183 -0.094271 0.454572
v -0.017891 -0.092755 0.461888
v -0.022183 -0.055919 0.454572
v -0.022183 -0.057433 0.461888
v -0.022183 -0.061535 0.468132
v -0.017891 -0.057433 0.461888
v -0.022183 -0.057433 0.447258
v -0.017891 -0.057433 0.447258
v -0.022183 -0.092755 0.447258
v -0.017891 -0.092755 0.447258
v -0.022183 -0.067779 0.472234
v -0.017891 -0.067779 0.472234
v -0.017891 -0.064030 0.445099
v -0.017891 -0.057433 0.447258
v -0.017891 -0.060684 0.449376
v -0.017891 -0.055919 0.454572
v -0.017891 -0.059448 0.454572
v -0.017891 -0.063935 0.451495
v -0.017891 -0.066527 0.449185
v -0.017891 -0.089505 0.449376
v -0.017891 -0.094271 0.454572
v -0.017891 -0.092755 0.447258
v -0.017891 -0.086158 0.445099
v -0.017891 -0.083663 0.449185
v -0.017891 -0.086255 0.451495
v -0.017891 -0.090742 0.454572
v -0.017891 -0.069125 0.466481
v -0.017891 -0.061535 0.468132
v -0.017891 -0.067779 0.472234
v -0.017891 -0.075095 0.467238
v -0.017891 -0.070472 0.460730
v -0.017891 -0.066527 0.459959
v -0.017891 -0.064030 0.464045
v -0.017891 -0.081063 0.442664
v -0.017891 -0.088654 0.441014
v -0.017891 -0.082410 0.436912
v -0.017891 -0.075095 0.441906
v -0.017891 -0.079717 0.448416
v -0.017891 -0.082410 0.472234
v -0.017891 -0.081063 0.466481
v -0.017891 -0.088654 0.468132
v -0.017891 -0.086158 0.464045
v -0.017891 -0.083663 0.459959
v -0.017891 -0.079717 0.460730
v -0.017891 -0.067779 0.436912
v -0.017891 -0.069125 0.442664
v -0.017891 -0.061535 0.441014
v -0.017891 -0.070472 0.448416
v -0.017891 -0.092755 0.461888
v -0.017891 -0.089505 0.459770
v -0.017891 -0.086255 0.457651
v -0.017891 -0.060684 0.459770
v -0.017891 -0.057433 0.461888
v -0.017891 -0.063935 0.457651
v -0.022265 -0.061447 0.459018
v -0.022265 -0.062977 0.454572
v -0.022265 -0.063935 0.457651
v -0.022265 -0.064617 0.462353
v -0.022265 -0.062708 0.464745
v -0.022265 -0.058960 0.460385
v -0.022265 -0.057577 0.454572
v -0.022265 -0.060277 0.454572
v -0.022265 -0.075095 0.445681
v -0.022265 -0.070472 0.448416
v -0.022265 -0.069442 0.445681
v -0.022265 -0.066527 0.449185
v -0.022265 -0.064617 0.446793
v -0.022265 -0.068411 0.442948
v -0.022265 -0.075095 0.442948
v -0.022265 -0.085573 0.462353
v -0.022265 -0.086255 0.457651
v -0.022265 -0.088742 0.459018
v -0.022265 -0.087212 0.454572
v -0.022265 -0.089913 0.454572
v -0.022265 -0.092613 0.454572
v -0.022265 -0.091229 0.460385
v -0.022265 -0.087482 0.464745
v -0.022265 -0.075095 0.463463
v -0.022265 -0.079717 0.460730
v -0.022265 -0.080748 0.463463
v -0.022265 -0.083663 0.459959
v -0.022265 -0.081778 0.466197
v -0.022265 -0.075095 0.466197
v -0.020078 -0.083663 0.459959
v -0.020078 -0.086255 0.457651
v -0.020078 -0.087212 0.454572
v -0.022265 -0.086255 0.457651
v -0.020078 -0.062977 0.454572
v -0.020078 -0.063935 0.457651
v -0.020078 -0.066526 0.459959
v -0.022265 -0.063935 0.457651
v -0.020078 -0.066526 0.449185
v -0.020078 -0.063935 0.451495
v -0.022265 -0.063935 0.451495
v -0.020078 -0.086255 0.451495
v -0.020078 -0.083663 0.449185
v -0.022265 -0.086255 0.451495
v -0.020078 -0.070472 0.460730
v -0.020078 -0.075095 0.460730
v -0.022265 -0.070472 0.460730
v -0.022265 -0.066527 0.459959
v -0.020078 -0.079717 0.448416
v -0.020078 -0.075095 0.448416
v -0.022265 -0.079717 0.448416
v -0.020078 -0.079717 0.460730
v -0.022265 -0.079717 0.460730
v -0.020078 -0.070472 0.448416
v -0.022265 -0.066527 0.449185
v -0.022265 -0.070472 0.448416
v -0.038618 -0.087482 0.464745
v -0.022265 -0.091229 0.460385
v -0.038618 -0.091229 0.460385
v -0.038618 -0.092613 0.454572
v -0.038618 -0.058960 0.460385
v -0.022265 -0.057577 0.454572
v -0.022265 -0.058960 0.460385
v -0.038618 -0.062708 0.464745
v -0.038618 -0.057575 0.454572
v -0.038618 -0.062708 0.444401
v -0.022265 -0.058960 0.448760
v -0.038618 -0.058960 0.448760
v -0.022265 -0.057577 0.454572
v -0.038618 -0.057575 0.454572
v -0.022265 -0.091229 0.448760
v -0.038618 -0.091229 0.448760
v -0.038618 -0.087482 0.444401
v -0.022265 -0.068411 0.466197
v -0.038618 -0.068411 0.466197
v -0.038618 -0.075095 0.466197
v -0.022265 -0.081778 0.442948
v -0.038618 -0.081778 0.442948
v -0.038618 -0.075095 0.442948
v -0.022265 -0.081778 0.466197
v -0.038618 -0.081778 0.466197
v -0.022265 -0.068411 0.442948
v -0.038618 -0.068411 0.442948
v -0.022265 -0.063935 0.451495
v -0.022265 -0.061447 0.450127
v -0.022265 -0.058960 0.448760
v -0.022265 -0.062708 0.444401
v -0.022265 -0.088742 0.450127
v -0.022265 -0.086255 0.451495
v -0.022265 -0.085573 0.446793
v -0.022265 -0.087482 0.444401
v -0.022265 -0.091229 0.448760
v -0.022265 -0.069442 0.463463
v -0.022265 -0.066527 0.459959
v -0.022265 -0.070472 0.460730
v -0.022265 -0.068411 0.466197
v -0.022265 -0.080748 0.445681
v -0.022265 -0.083663 0.449185
v -0.022265 -0.079717 0.448416
v -0.022265 -0.081778 0.442948
v -0.071987 0.919676 -0.510237
v -0.071987 0.919676 -0.521843
v -0.073992 0.919590 -0.521843
v -0.073992 0.919590 -0.510237
v -0.073692 0.911455 -0.510237
v -0.073692 0.911455 -0.521843
v -0.071688 0.911541 -0.521843
v -0.071688 0.911541 -0.510237
v -0.075703 0.918437 -0.521843
v -0.075703 0.918437 -0.510237
v -0.069976 0.912693 -0.521843
v -0.069976 0.912693 -0.510237
v -0.076658 0.916500 -0.521843
v -0.076658 0.916500 -0.510237
v -0.069021 0.914630 -0.521843
v -0.069021 0.914630 -0.510237
v -0.076576 0.914302 -0.521843
v -0.076576 0.914302 -0.510237
v -0.069021 0.914630 -0.510237
v -0.069021 0.914630 -0.521843
v -0.069104 0.916828 -0.521843
v -0.069104 0.916828 -0.510237
v -0.075481 0.912456 -0.521843
v -0.075481 0.912456 -0.510237
v -0.070198 0.918673 -0.521843
v -0.070198 0.918673 -0.510237
v -0.071987 -0.858769 -0.510237
v -0.071987 -0.858769 -0.521844
v -0.073992 -0.858856 -0.521844
v -0.073992 -0.858856 -0.510237
v -0.073692 -0.866990 -0.510237
v -0.073692 -0.866990 -0.521844
v -0.071687 -0.866904 -0.521844
v -0.071687 -0.866904 -0.510237
v -0.075703 -0.860007 -0.521844
v -0.075703 -0.860007 -0.510237
v -0.069976 -0.865751 -0.521844
v -0.069976 -0.865751 -0.510237
v -0.076658 -0.861944 -0.521844
v -0.076658 -0.861944 -0.510237
v -0.069021 -0.863814 -0.521844
v -0.069021 -0.863814 -0.510237
v -0.076576 -0.864143 -0.521844
v -0.076576 -0.864143 -0.510237
v -0.069021 -0.863814 -0.510237
v -0.069021 -0.863814 -0.521844
v -0.069104 -0.861617 -0.521844
v -0.069104 -0.861617 -0.510237
v -0.075481 -0.865988 -0.521844
v -0.075481 -0.865988 -0.510237
v -0.070198 -0.859771 -0.521844
v -0.070198 -0.859771 -0.510237
v -0.064833 0.931126 -0.528077
v -0.066090 0.931126 -0.523384
v -0.066090 0.883400 -0.523385
v -0.064833 0.883400 -0.528077
v -0.074217 0.931126 -0.518692
v -0.074217 0.883400 -0.518692
v -0.078908 0.931126 -0.519950
v -0.082343 0.931126 -0.523384
v -0.083600 0.883400 -0.528077
v -0.082343 0.883400 -0.532768
v -0.078908 0.931126 -0.536202
v -0.078908 0.883400 -0.536203
v -0.074217 0.931126 -0.537461
v -0.074217 0.883400 -0.537461
v -0.069525 0.931126 -0.536202
v -0.069525 0.883400 -0.536203
v -0.069525 0.883400 -0.536203
v -0.074217 0.883400 -0.537461
v -0.066090 0.931126 -0.532768
v -0.064833 0.931126 -0.528077
v -0.064833 0.883400 -0.528077
v -0.064833 0.931126 -0.528077
v -0.066090 0.931126 -0.523384
v -0.067201 0.933853 -0.528077
v -0.068140 0.933853 -0.531586
v -0.070708 0.933853 -0.534152
v -0.077725 0.933853 -0.534152
v -0.080293 0.933853 -0.531584
v -0.080293 0.933853 -0.524567
v -0.068140 0.933853 -0.524567
v -0.069525 0.931126 -0.536202
v -0.066090 0.931126 -0.532768
v -0.078908 0.931126 -0.536202
v -0.074217 0.931126 -0.537461
v -0.083600 0.931126 -0.528077
v -0.082343 0.931126 -0.532768
v -0.078908 0.931126 -0.519950
v -0.082343 0.931126 -0.523384
v -0.069525 0.931126 -0.519950
v -0.074217 0.931126 -0.518692
v -0.078908 0.883400 -0.536203
v -0.082343 0.883400 -0.532768
v -0.083600 0.883400 -0.528077
v -0.082343 0.883400 -0.523385
v -0.078908 0.883400 -0.519951
v -0.074217 0.883400 -0.518692
v -0.069525 0.883400 -0.519951
v -0.066090 0.883400 -0.523385
v -0.064833 0.883400 -0.528077
v -0.066090 0.883400 -0.532769
v -0.064833 -0.847318 -0.528077
v -0.066090 -0.847318 -0.523385
v -0.066090 -0.895044 -0.523385
v -0.064833 -0.895044 -0.528077
v -0.069525 -0.847318 -0.519951
v -0.069525 -0.895044 -0.519951
v -0.074217 -0.847318 -0.518694
v -0.074217 -0.895044 -0.518694
v -0.078908 -0.847318 -0.519951
v -0.078908 -0.895044 -0.519951
v -0.082343 -0.847318 -0.523385
v -0.082343 -0.895044 -0.523385
v -0.083600 -0.847318 -0.528077
v -0.083600 -0.895044 -0.528077
v -0.082343 -0.847318 -0.532769
v -0.082343 -0.895044 -0.532769
v -0.078908 -0.847318 -0.536203
v -0.074217 -0.847318 -0.537461
v -0.074217 -0.895044 -0.537461
v -0.069525 -0.847318 -0.536203
v -0.069525 -0.895044 -0.536203
v -0.069525 -0.895044 -0.536203
v -0.074217 -0.895044 -0.537461
v -0.066090 -0.847318 -0.532769
v -0.064833 -0.847318 -0.528077
v -0.064833 -0.895044 -0.528077
v -0.066090 -0.895044 -0.532769
v -0.064833 -0.847318 -0.528077
v -0.066090 -0.847318 -0.523385
v -0.068140 -0.844592 -0.531586
v -0.070708 -0.844592 -0.534153
v -0.077725 -0.844592 -0.534153
v -0.080293 -0.844592 -0.531586
v -0.080293 -0.844592 -0.524569
v -0.077725 -0.844592 -0.522001
v -0.070708 -0.844592 -0.522001
v -0.068140 -0.844592 -0.524569
v -0.069525 -0.847318 -0.536203
v -0.066090 -0.847318 -0.532769
v -0.078908 -0.847318 -0.536203
v -0.074217 -0.847318 -0.537461
v -0.083600 -0.847318 -0.528077
v -0.082343 -0.847318 -0.532769
v -0.078908 -0.847318 -0.519951
v -0.082343 -0.847318 -0.523385
v -0.069525 -0.847318 -0.519951
v -0.074217 -0.847318 -0.518694
v -0.078908 -0.895044 -0.536203
v -0.082343 -0.895044 -0.532769
v -0.083600 -0.895044 -0.528077
v -0.082343 -0.895044 -0.523385
v -0.078908 -0.895044 -0.519951
v -0.074217 -0.895044 -0.518694
v -0.069525 -0.895044 -0.519951
v -0.066090 -0.895044 -0.523385
v -0.064833 -0.895044 -0.528077
v -0.066090 -0.895044 -0.532769
v -0.091380 0.049283 0.477378
v -0.091380 0.026477 0.486825
v -0.079245 0.026477 0.486825
v -0.079245 0.003672 0.431768
v -0.091380 0.003672 0.431768
v -0.091380 0.026477 0.422321
v -0.079245 0.026477 0.422321
v -0.079245 0.026477 0.486825
v -0.091380 0.003672 0.477378
v -0.079245 0.003672 0.477378
v -0.079245 0.026477 0.422321
v -0.091380 0.049283 0.431768
v -0.079245 0.003672 0.477378
v -0.091380 -0.005774 0.454572
v -0.079245 -0.005774 0.454572
v -0.079245 0.058729 0.454572
v -0.091380 0.058729 0.454572
v -0.079245 0.049283 0.477378
v -0.079245 0.049283 0.431768
v -0.079245 0.058729 0.454572
v -0.079245 -0.005774 0.454572
v -0.079245 0.003672 0.431768
v -0.079245 -0.052289 0.477378
v -0.091380 -0.052289 0.477378
v -0.091380 -0.075095 0.486825
v -0.079245 -0.075095 0.486825
v -0.079245 -0.097899 0.431768
v -0.091380 -0.097899 0.431768
v -0.091380 -0.075095 0.422321
v -0.079245 -0.075095 0.422321
v -0.079245 -0.075095 0.486825
v -0.091380 -0.097899 0.477378
v -0.079245 -0.097899 0.477378
v -0.079245 -0.075095 0.422321
v -0.091380 -0.052289 0.431768
v -0.079245 -0.052289 0.431768
v -0.079245 -0.097899 0.477378
v -0.091380 -0.107346 0.454572
v -0.079245 -0.107346 0.454572
v -0.079245 -0.042844 0.454572
v -0.091380 -0.042844 0.454572
v -0.079245 -0.052289 0.477378
v -0.079245 -0.052289 0.431768
v -0.079245 -0.042844 0.454572
v -0.079245 -0.107346 0.454572
v -0.079245 -0.097899 0.431768
v -0.083471 -0.053808 0.454572
v -0.083471 -0.060043 0.469624
v -0.083471 -0.060043 0.439521
v -0.083471 -0.096380 0.454572
v -0.083471 -0.090146 0.439521
v -0.083471 -0.075095 0.475859
v -0.083471 -0.075095 0.433287
v -0.083471 -0.090146 0.469624
v -0.083471 -0.075095 0.433287
v -0.083471 -0.060043 0.439521
v -0.083471 -0.090146 0.469624
v -0.083471 -0.096380 0.454572
v -0.083471 -0.053808 0.454572
v -0.083471 -0.060043 0.469624
v -0.083471 -0.090146 0.439521
v -0.083471 -0.075095 0.475859
v -0.092053 -0.088654 0.441014
v -0.092053 -0.075095 0.435397
v -0.092053 -0.075095 0.473748
v -0.092053 -0.088654 0.468132
v -0.092053 -0.061535 0.441014
v -0.092053 -0.094271 0.454572
v -0.092053 -0.055919 0.454572
v -0.092053 -0.061535 0.468132
v -0.092053 -0.062977 0.454572
v -0.092053 -0.087212 0.454572
v -0.092053 -0.075095 0.460730
v -0.092053 -0.075095 0.473748
v -0.092053 -0.075095 0.448416
v -0.092053 -0.075095 0.435397
v -0.087679 -0.075095 0.448416
v -0.087679 -0.075095 0.460730
v -0.087679 -0.083663 0.459959
v -0.087679 -0.087212 0.454572
v -0.087679 -0.062977 0.454572
v -0.087679 -0.083663 0.449185
v -0.087679 -0.075095 0.460730
v -0.087679 -0.075095 0.448416
v -0.087679 -0.087482 0.464745
v -0.054973 -0.087482 0.464745
v -0.054973 -0.092613 0.454572
v -0.087679 -0.092613 0.454572
v -0.054973 -0.057575 0.454572
v -0.054973 -0.062708 0.464745
v -0.087679 -0.062708 0.464745
v -0.087679 -0.062708 0.444401
v -0.054973 -0.062708 0.444401
v -0.054973 -0.057575 0.454572
v -0.054973 -0.087482 0.444401
v -0.087679 -0.087482 0.444401
v -0.054973 -0.075095 0.466197
v -0.087679 -0.075095 0.466197
v -0.054973 -0.075095 0.442948
v -0.087679 -0.075095 0.442948
v -0.030701 0.049283 0.477378
v -0.030701 0.026477 0.486825
v -0.018565 0.026477 0.486825
v -0.018565 0.049283 0.477378
v -0.030701 0.003672 0.431768
v -0.030701 0.026477 0.422321
v -0.018565 0.026477 0.422321
v -0.018565 0.003672 0.431768
v -0.030701 0.026477 0.486825
v -0.030701 0.003672 0.477378
v -0.018565 0.003672 0.477378
v -0.030701 0.026477 0.422321
v -0.030701 0.049283 0.431768
v -0.018565 0.049283 0.431768
v -0.030701 0.003672 0.477378
v -0.030701 -0.005774 0.454572
v -0.018565 -0.005774 0.454572
v -0.030701 0.058729 0.454572
v -0.030701 0.049283 0.477378
v -0.018565 0.058729 0.454572
v -0.030701 0.049283 0.431768
v -0.030701 0.058729 0.454572
v -0.030701 -0.005774 0.454572
v -0.030701 -0.052289 0.477378
v -0.030701 -0.075095 0.486825
v -0.018565 -0.075095 0.486825
v -0.030701 -0.097899 0.431768
v -0.030701 -0.075095 0.422321
v -0.018565 -0.075095 0.422321
v -0.018565 -0.097899 0.431768
v -0.030701 -0.075095 0.486825
v -0.030701 -0.097899 0.477378
v -0.018565 -0.097899 0.477378
v -0.030701 -0.075095 0.422321
v -0.030701 -0.052289 0.431768
v -0.030701 -0.097899 0.477378
v -0.030701 -0.107346 0.454572
v -0.018565 -0.107346 0.454572
v -0.030701 -0.042844 0.454572
v -0.030701 -0.052289 0.477378
v -0.018565 -0.042844 0.454572
v -0.030701 -0.052289 0.431768
v -0.030701 -0.042844 0.454572
v -0.030701 -0.107346 0.454572
v -0.030701 -0.097899 0.431768
v -0.026474 -0.060043 0.469624
v -0.026474 -0.053808 0.454572
v -0.026474 -0.060043 0.439521
v -0.026474 -0.090146 0.439521
v -0.026474 -0.096380 0.454572
v -0.026474 -0.075095 0.475859
v -0.026474 -0.075095 0.433287
v -0.026474 -0.090146 0.469624
v -0.026474 -0.075095 0.433287
v -0.026474 -0.060043 0.439521
v -0.026474 -0.090146 0.469624
v -0.026474 -0.096380 0.454572
v -0.026474 -0.053808 0.454572
v -0.026474 -0.060043 0.469624
v -0.026474 -0.090146 0.439521
v -0.026474 -0.075095 0.475859
v -0.017891 -0.075095 0.435397
v -0.017891 -0.088654 0.441014
v -0.017891 -0.088654 0.468132
v -0.017891 -0.075095 0.473748
v -0.017891 -0.061535 0.441014
v -0.017891 -0.094271 0.454572
v -0.017891 -0.061535 0.468132
v -0.017891 -0.055919 0.454572
v -0.017891 -0.062977 0.454572
v -0.017891 -0.087212 0.454572
v -0.017891 -0.075095 0.473748
v -0.017891 -0.075095 0.460730
v -0.017891 -0.075095 0.435397
v -0.017891 -0.075095 0.448416
v -0.022265 -0.075095 0.448416
v -0.022265 -0.075095 0.460730
v -0.022265 -0.087212 0.454572
v -0.022265 -0.083663 0.459959
v -0.022265 -0.062977 0.454572
v -0.022265 -0.083663 0.449185
v -0.022265 -0.075095 0.460730
v -0.022265 -0.075095 0.448416
v -0.022265 -0.087482 0.464745
v -0.022265 -0.092613 0.454572
v -0.022265 -0.062708 0.464745
v -0.022265 -0.062708 0.444401
v -0.022265 -0.087482 0.444401
v -0.022265 -0.075095 0.466197
v -0.022265 -0.075095 0.442948
v -0.108936 0.021428 0.442384
v -0.087594 0.017119 0.445214
v -0.110351 0.017119 0.445214
v -0.130279 0.021428 0.442384
v -0.129232 0.026477 0.441339
v -0.108413 0.026477 0.441339
v -0.087594 0.021428 0.442384
v -0.136513 0.040849 0.368168
v -0.131462 0.037482 0.423266
v -0.131431 0.037511 0.368168
v -0.131402 0.037541 0.313070
v -0.136497 0.040888 0.313070
v -0.142467 0.042083 0.368168
v -0.142467 0.042040 0.423266
v -0.136530 0.040809 0.423266
v -0.148419 0.040849 0.368168
v -0.142467 0.042125 0.313070
v -0.148436 0.040888 0.313070
v -0.153501 0.037511 0.368168
v -0.148404 0.040809 0.423266
v -0.128055 0.032446 0.313070
v -0.129685 0.026482 0.311310
v -0.130679 0.031370 0.311270
v -0.132550 0.026487 0.309549
v -0.133304 0.030295 0.309470
v -0.135404 0.033555 0.309391
v -0.133402 0.035547 0.311231
v -0.148436 0.012066 0.313070
v -0.151531 0.017405 0.311231
v -0.147360 0.014661 0.311218
v -0.149530 0.019399 0.309391
v -0.146285 0.017258 0.309366
v -0.142476 0.016478 0.309391
v -0.142471 0.013653 0.311231
v -0.148436 0.040888 0.313070
v -0.142462 0.039300 0.311231
v -0.147340 0.038272 0.311270
v -0.142457 0.036476 0.309391
v -0.146246 0.035655 0.309470
v -0.149471 0.033495 0.309549
v -0.151502 0.035518 0.311310
v -0.136497 0.040888 0.313070
v -0.137572 0.038291 0.311218
v -0.138649 0.035695 0.309366
v -0.136497 0.012066 0.313070
v -0.137592 0.014682 0.311270
v -0.138688 0.017297 0.309470
v -0.135462 0.019457 0.309549
v -0.133431 0.017436 0.311310
v -0.156878 0.032446 0.313070
v -0.154234 0.031351 0.311323
v -0.151590 0.030256 0.309576
v -0.152383 0.026467 0.309549
v -0.155248 0.026472 0.311310
v -0.128055 0.020507 0.313070
v -0.130698 0.021602 0.311323
v -0.133343 0.022698 0.309576
v -0.156878 0.020507 0.313070
v -0.154254 0.021582 0.311270
v -0.151629 0.022659 0.309470
v -0.148937 0.029158 0.309470
v -0.150025 0.034035 0.309576
v -0.145993 0.027938 0.309391
v -0.153156 0.026477 0.309576
v -0.142467 0.026477 0.309366
v -0.138940 0.025016 0.309391
v -0.135996 0.023796 0.309470
v -0.134908 0.018919 0.309576
v -0.131777 0.026477 0.309576
v -0.128094 0.032430 0.368168
v -0.126904 0.026477 0.423266
v -0.126861 0.026477 0.368168
v -0.126819 0.026477 0.313070
v -0.128055 0.032446 0.313070
v -0.128133 0.032414 0.423266
v -0.137418 0.014289 0.449524
v -0.142467 0.013243 0.439593
v -0.137418 0.014289 0.437069
v -0.142467 0.013243 0.424615
v -0.137418 0.014289 0.424615
v -0.133109 0.017119 0.434914
v -0.133109 0.017119 0.445214
v -0.156799 0.032414 0.423266
v -0.156839 0.032430 0.368168
v -0.156878 0.032446 0.313070
v -0.158072 0.026477 0.368168
v -0.158030 0.026477 0.423266
v -0.154655 0.021428 0.466760
v -0.155700 0.026477 0.446211
v -0.154655 0.021428 0.445687
v -0.155700 0.026477 0.424615
v -0.154655 0.021428 0.424615
v -0.151823 0.017119 0.444272
v -0.151825 0.017119 0.463930
v -0.147515 0.014289 0.459621
v -0.147515 0.014289 0.442117
v -0.151825 0.017119 0.424615
v -0.147515 0.014289 0.424615
v -0.142467 0.013243 0.454572
v -0.130279 0.021428 0.442384
v -0.130279 0.021428 0.433499
v -0.133109 0.017119 0.424615
v -0.130279 0.021428 0.424615
v -0.129232 0.026477 0.432976
v -0.129232 0.026477 0.441339
v -0.154655 0.031525 0.445687
v -0.151825 0.035834 0.463930
v -0.151825 0.035834 0.444272
v -0.154655 0.031525 0.424615
v -0.154655 0.031525 0.466760
v -0.130279 0.031525 0.433499
v -0.129232 0.026477 0.441339
v -0.129232 0.026477 0.432976
v -0.130279 0.031525 0.424615
v -0.133109 0.035834 0.424615
v -0.133109 0.035834 0.434914
v -0.130279 0.031525 0.442384
v -0.147515 0.038665 0.442117
v -0.142467 0.039710 0.454572
v -0.142467 0.039710 0.439593
v -0.147515 0.038665 0.424615
v -0.151825 0.035834 0.424615
v -0.147515 0.038665 0.459621
v -0.137418 0.038665 0.437069
v -0.133109 0.035834 0.445214
v -0.137418 0.038665 0.424615
v -0.142467 0.039710 0.424615
v -0.137418 0.038665 0.449524
v -0.121124 0.021428 0.466760
v -0.087594 0.026477 0.467805
v -0.121647 0.026477 0.467805
v -0.154655 0.021428 0.466760
v -0.151825 0.017119 0.463930
v -0.119709 0.017119 0.463930
v -0.087594 0.021428 0.466760
v -0.117554 0.014289 0.459621
v -0.087594 0.017119 0.463930
v -0.147515 0.014289 0.459621
v -0.142467 0.013243 0.454572
v -0.115030 0.013243 0.454572
v -0.087594 0.014289 0.459621
v -0.087594 0.031525 0.442384
v -0.108413 0.026477 0.441339
v -0.108936 0.031525 0.442384
v -0.129232 0.026477 0.441339
v -0.130279 0.031525 0.442384
v -0.110351 0.035834 0.445214
v -0.087594 0.035834 0.445214
v -0.112505 0.014289 0.449524
v -0.087594 0.013243 0.454572
v -0.137418 0.014289 0.449524
v -0.133109 0.017119 0.445214
v -0.087594 0.014289 0.449524
v -0.087594 0.038665 0.449524
v -0.112505 0.038665 0.449524
v -0.133109 0.035834 0.445214
v -0.137418 0.038665 0.449524
v -0.115030 0.039710 0.454572
v -0.087594 0.039710 0.454572
v -0.087594 0.038665 0.459621
v -0.117554 0.038665 0.459621
v -0.142467 0.039710 0.454572
v -0.147515 0.038665 0.459621
v -0.119709 0.035834 0.463930
v -0.087594 0.035834 0.463930
v -0.128094 0.020523 0.368168
v -0.131462 0.015472 0.423266
v -0.131431 0.015442 0.368168
v -0.128055 0.020507 0.313070
v -0.126861 0.026477 0.368168
v -0.128133 0.020540 0.423266
v -0.148404 0.012143 0.423266
v -0.153501 0.015442 0.368168
v -0.148419 0.012104 0.368168
v -0.148436 0.012066 0.313070
v -0.142467 0.010829 0.313070
v -0.142467 0.010871 0.368168
v -0.142467 0.010914 0.423266
v -0.087594 0.031525 0.466760
v -0.121124 0.031525 0.466760
v -0.151825 0.035834 0.463930
v -0.154655 0.031525 0.466760
v -0.156799 0.020540 0.423266
v -0.156839 0.020523 0.368168
v -0.156878 0.020507 0.313070
v -0.153531 0.015413 0.313070
v -0.153472 0.015472 0.423266
v -0.136530 0.012143 0.423266
v -0.136513 0.012104 0.368168
v -0.136497 0.012066 0.313070
v -0.132286 0.016296 0.423940
v -0.136974 0.013216 0.423940
v -0.133109 0.017119 0.424615
v -0.137418 0.014289 0.424615
v -0.142467 0.013243 0.424615
v -0.142467 0.012079 0.423940
v -0.152647 0.016296 0.423940
v -0.155728 0.020984 0.423940
v -0.151825 0.017119 0.424615
v -0.154655 0.021428 0.424615
v -0.155700 0.026477 0.424615
v -0.156865 0.026477 0.423940
v -0.147959 0.013216 0.423940
v -0.147515 0.014289 0.424615
v -0.128069 0.026477 0.423940
v -0.129206 0.020984 0.423940
v -0.129232 0.026477 0.424615
v -0.130279 0.021428 0.424615
v -0.155728 0.031970 0.423940
v -0.154655 0.031525 0.424615
v -0.151825 0.035834 0.424615
v -0.152647 0.036658 0.423940
v -0.132286 0.036658 0.423940
v -0.129206 0.031970 0.423940
v -0.133109 0.035834 0.424615
v -0.130279 0.031525 0.424615
v -0.129232 0.026477 0.424615
v -0.128069 0.026477 0.423940
v -0.147959 0.039738 0.423940
v -0.147515 0.038665 0.424615
v -0.142467 0.039710 0.424615
v -0.142467 0.040875 0.423940
v -0.136974 0.039738 0.423940
v -0.137418 0.038665 0.424615
v -0.001008 0.021428 0.442384
v -0.022350 0.017119 0.445214
v -0.022350 0.021428 0.442384
v -0.001531 0.026477 0.441339
v 0.019289 0.026477 0.441339
v 0.020334 0.021428 0.442384
v 0.000407 0.017119 0.445214
v 0.021487 0.037512 0.368168
v 0.026586 0.040809 0.423266
v 0.026570 0.040849 0.368168
v 0.032522 0.042040 0.423266
v 0.032522 0.042083 0.368168
v 0.032522 0.042125 0.313070
v 0.026553 0.040888 0.313070
v 0.038475 0.040849 0.368168
v 0.038459 0.040809 0.423266
v 0.043556 0.037512 0.368168
v 0.038492 0.040888 0.313070
v 0.019741 0.026482 0.311310
v 0.018111 0.032446 0.313070
v 0.020735 0.031371 0.311270
v 0.023458 0.035548 0.311231
v 0.025459 0.033555 0.309391
v 0.023360 0.030295 0.309470
v 0.022606 0.026487 0.309550
v 0.041587 0.017406 0.311231
v 0.038492 0.012066 0.313070
v 0.037417 0.014662 0.311218
v 0.032527 0.013653 0.311231
v 0.032532 0.016478 0.309391
v 0.036340 0.017258 0.309366
v 0.039586 0.019399 0.309391
v 0.032518 0.039301 0.311231
v 0.038492 0.040888 0.313070
v 0.037396 0.038272 0.311270
v 0.041558 0.035518 0.311310
v 0.039527 0.033495 0.309550
v 0.036302 0.035656 0.309470
v 0.032513 0.036476 0.309391
v 0.026553 0.040888 0.313070
v 0.027628 0.038291 0.311218
v 0.028704 0.035695 0.309366
v 0.026553 0.012066 0.313070
v 0.027649 0.014682 0.311270
v 0.023487 0.017436 0.311310
v 0.025518 0.019459 0.309550
v 0.028743 0.017298 0.309470
v 0.046934 0.032446 0.313070
v 0.044289 0.031351 0.311323
v 0.045304 0.026472 0.311310
v 0.042439 0.026467 0.309550
v 0.041646 0.030256 0.309576
v 0.018111 0.020507 0.313070
v 0.020754 0.021603 0.311323
v 0.023399 0.022698 0.309576
v 0.046934 0.020507 0.313070
v 0.044310 0.021584 0.311270
v 0.041685 0.022659 0.309470
v 0.038993 0.029158 0.309470
v 0.040081 0.034035 0.309576
v 0.043212 0.026477 0.309576
v 0.036049 0.027938 0.309391
v 0.032522 0.026477 0.309366
v 0.028996 0.025016 0.309391
v 0.026052 0.023796 0.309470
v 0.024964 0.018919 0.309576
v 0.021833 0.026477 0.309576
v 0.018150 0.032430 0.368168
v 0.016959 0.026477 0.423266
v 0.018189 0.032414 0.423266
v 0.021518 0.037482 0.423266
v 0.018111 0.032446 0.313070
v 0.016917 0.026477 0.368168
v 0.032522 0.013244 0.439593
v 0.027474 0.014289 0.449524
v 0.027474 0.014289 0.437070
v 0.023164 0.017119 0.445214
v 0.023164 0.017119 0.434914
v 0.027474 0.014289 0.424615
v 0.032522 0.013244 0.424615
v 0.046895 0.032430 0.368168
v 0.043527 0.037482 0.423266
v 0.046855 0.032414 0.423266
v 0.048086 0.026477 0.423266
v 0.048128 0.026477 0.368168
v 0.048171 0.026477 0.313070
v 0.046934 0.032446 0.313070
v 0.045755 0.026477 0.446211
v 0.044711 0.021428 0.466760
v 0.044711 0.021428 0.445687
v 0.041880 0.017119 0.463930
v 0.041880 0.017119 0.444272
v 0.044711 0.021428 0.424615
v 0.045755 0.026477 0.424615
v 0.037571 0.014289 0.459621
v 0.037571 0.014289 0.442117
v 0.032522 0.013244 0.454572
v 0.037571 0.014289 0.424615
v 0.041880 0.017119 0.424615
v 0.020334 0.021428 0.442384
v 0.020334 0.021428 0.433499
v 0.019289 0.026477 0.441339
v 0.019289 0.026477 0.432976
v 0.020334 0.021428 0.424615
v 0.023164 0.017119 0.424615
v 0.044711 0.031525 0.445687
v 0.041880 0.035835 0.463930
v 0.044711 0.031525 0.466760
v 0.044711 0.031525 0.424615
v 0.041880 0.035835 0.444272
v 0.020334 0.031525 0.433499
v 0.019289 0.026477 0.441339
v 0.020334 0.031525 0.442384
v 0.023164 0.035835 0.434914
v 0.023164 0.035835 0.424615
v 0.020334 0.031525 0.424615
v 0.019289 0.026477 0.432976
v 0.037571 0.038665 0.442117
v 0.032522 0.039710 0.454572
v 0.037571 0.038665 0.459621
v 0.041880 0.035835 0.424615
v 0.037571 0.038665 0.424615
v 0.032522 0.039710 0.439594
v 0.027474 0.038665 0.437070
v 0.023164 0.035835 0.445214
v 0.027474 0.038665 0.449524
v 0.032522 0.039710 0.424615
v 0.027474 0.038665 0.424615
v 0.011180 0.021428 0.466760
v -0.022350 0.026477 0.467806
v -0.022350 0.021428 0.466760
v 0.009765 0.017119 0.463930
v 0.041880 0.017119 0.463930
v 0.044711 0.021428 0.466760
v 0.011703 0.026477 0.467806
v 0.007610 0.014289 0.459621
v -0.022350 0.017119 0.463930
v -0.022350 0.014289 0.459621
v 0.005086 0.013244 0.454572
v 0.032522 0.013244 0.454572
v 0.037571 0.014289 0.459621
v -0.001531 0.026477 0.441339
v -0.022350 0.031525 0.442384
v -0.001008 0.031525 0.442384
v -0.022350 0.035835 0.445214
v 0.000407 0.035835 0.445214
v 0.020334 0.031525 0.442384
v 0.019289 0.026477 0.441339
v 0.002562 0.014289 0.449524
v -0.022350 0.013244 0.454572
v -0.022350 0.014289 0.449524
v 0.023164 0.017119 0.445214
v 0.027474 0.014289 0.449524
v -0.022350 0.038665 0.449524
v 0.002562 0.038665 0.449524
v -0.022350 0.039710 0.454572
v 0.005086 0.039710 0.454572
v 0.027474 0.038665 0.449524
v 0.023164 0.035835 0.445214
v -0.022350 0.038665 0.459621
v 0.007610 0.038665 0.459621
v -0.022350 0.035835 0.463930
v 0.009765 0.035835 0.463930
v 0.037571 0.038665 0.459621
v 0.032522 0.039710 0.454572
v 0.021487 0.015443 0.368168
v 0.018189 0.020540 0.423266
v 0.018150 0.020524 0.368168
v 0.016959 0.026477 0.423266
v 0.016917 0.026477 0.368168
v 0.018111 0.020507 0.313070
v 0.043556 0.015443 0.368168
v 0.038459 0.012144 0.423266
v 0.038475 0.012104 0.368168
v 0.032522 0.010914 0.423266
v 0.032522 0.010871 0.368168
v 0.032522 0.010829 0.313070
v 0.038492 0.012066 0.313070
v -0.022350 0.031525 0.466760
v 0.011180 0.031525 0.466760
v 0.044711 0.031525 0.466760
v 0.041880 0.035835 0.463930
v 0.046895 0.020524 0.368168
v 0.046855 0.020540 0.423266
v 0.046934 0.020507 0.313070
v 0.026570 0.012104 0.368168
v 0.026586 0.012144 0.423266
v 0.021518 0.015472 0.423266
v 0.026553 0.012066 0.313070
v 0.022342 0.016296 0.423940
v 0.027030 0.013216 0.423940
v 0.032522 0.012079 0.423940
v 0.032522 0.013244 0.424615
v 0.027474 0.014289 0.424615
v 0.023164 0.017119 0.424615
v 0.042703 0.016296 0.423940
v 0.045783 0.020984 0.423940
v 0.046920 0.026477 0.423940
v 0.045755 0.026477 0.424615
v 0.044711 0.021428 0.424615
v 0.041880 0.017119 0.424615
v 0.038015 0.013216 0.423940
v 0.037571 0.014289 0.424615
v 0.018124 0.026477 0.423940
v 0.019262 0.020984 0.423940
v 0.020334 0.021428 0.424615
v 0.019289 0.026477 0.424615
v 0.045783 0.031970 0.423940
v 0.042703 0.036658 0.423940
v 0.041880 0.035835 0.424615
v 0.044711 0.031525 0.424615
v 0.022342 0.036658 0.423940
v 0.019262 0.031970 0.423940
v 0.018124 0.026477 0.423940
v 0.019289 0.026477 0.424615
v 0.020334 0.031525 0.424615
v 0.023164 0.035835 0.424615
v 0.038015 0.039738 0.423940
v 0.032522 0.040875 0.423940
v 0.032522 0.039710 0.424615
v 0.037571 0.038665 0.424615
v 0.027030 0.039738 0.423940
v 0.027474 0.038665 0.424615
v -0.087594 0.026477 0.441339
v -0.153531 0.037541 0.313070
v -0.153472 0.037482 0.423266
v -0.126819 0.026477 0.313070
v -0.131402 0.037541 0.313070
v -0.153531 0.015413 0.313070
v -0.142467 0.010829 0.313070
v -0.142467 0.042125 0.313070
v -0.153531 0.037541 0.313070
v -0.131402 0.015413 0.313070
v -0.158115 0.026477 0.313070
v -0.158115 0.026477 0.313070
v -0.155700 0.026477 0.467805
v -0.129232 0.026477 0.424615
v -0.129232 0.026477 0.424615
v -0.155700 0.026477 0.467805
v -0.087594 0.026477 0.441339
v -0.131402 0.015413 0.313070
v -0.126819 0.026477 0.313070
v -0.126904 0.026477 0.423266
v -0.022350 0.026477 0.441339
v 0.021458 0.037541 0.313070
v 0.043587 0.037541 0.313070
v 0.016874 0.026477 0.313070
v 0.021458 0.037541 0.313070
v 0.043587 0.015413 0.313070
v 0.032522 0.010829 0.313070
v 0.032522 0.042125 0.313070
v 0.043587 0.037541 0.313070
v 0.021458 0.015413 0.313070
v 0.048171 0.026477 0.313070
v 0.016874 0.026477 0.313070
v 0.045755 0.026477 0.467806
v 0.019289 0.026477 0.424615
v 0.019289 0.026477 0.424615
v 0.045755 0.026477 0.467806
v -0.022350 0.026477 0.441339
v 0.016874 0.026477 0.313070
v 0.021458 0.015413 0.313070
v 0.043527 0.015472 0.423266
v 0.043587 0.015413 0.313070
# num_vertices: 3077

vt 0.712300 0.022800
vt 0.709100 0.674200
vt 0.709100 0.022800
vt 0.807700 0.623000
vt 0.804600 0.025200
vt 0.807700 0.025200
vt 0.366000 0.826900
vt 0.035100 0.830800
vt 0.039100 0.826900
vt 0.774500 0.025200
vt 0.795100 0.626000
vt 0.774500 0.646200
vt 0.743500 0.022800
vt 0.722200 0.677400
vt 0.722200 0.022800
vt 0.395900 0.737100
vt 0.035100 0.763000
vt 0.009200 0.737100
vt 0.858200 0.677400
vt 0.880200 0.025200
vt 0.880200 0.698800
vt 0.635200 0.022800
vt 0.656500 0.677400
vt 0.635200 0.698800
vt 0.848700 0.620100
vt 0.854900 0.305000
vt 0.854900 0.345100
vt 0.666400 0.677400
vt 0.656500 0.022800
vt 0.666400 0.022800
vt 0.035100 0.775000
vt 0.370000 0.763000
vt 0.370000 0.775000
vt 0.039100 0.779000
vt 0.366000 0.779000
vt 0.845500 0.623500
vt 0.849300 0.025200
vt 0.849300 0.625600
vt 0.669700 0.674200
vt 0.669600 0.022800
vt 0.009200 0.868700
vt 0.395900 0.876700
vt 0.009200 0.876700
vt 0.743500 0.698800
vt 0.750100 0.022800
vt 0.750100 0.698800
vt 0.768200 0.025200
vt 0.768200 0.646100
vt 0.887500 0.753400
vt 0.887500 0.025200
vt 0.628600 0.022800
vt 0.628600 0.698800
vt 0.395900 0.729200
vt 0.009200 0.729200
vt 0.370000 0.842800
vt 0.370000 0.830800
vt 0.035100 0.842800
vt 0.395900 0.868700
vt 0.712300 0.677400
vt 0.712300 0.022800
vt 0.804600 0.626100
vt 0.391800 0.722500
vt 0.391800 0.883300
vt 0.765100 0.640800
vt 0.625300 0.693300
vt 0.625300 0.022800
vt 0.753400 0.693300
vt 0.891200 0.747300
vt 0.374500 0.943500
vt 0.018300 0.995600
vt 0.018300 0.943500
vt 0.910700 0.020800
vt 0.956300 0.691400
vt 0.910700 0.691400
vt 0.015500 0.937800
vt 0.378900 0.890000
vt 0.381200 0.937800
vt 0.857600 0.620100
vt 0.857500 0.305000
vt 0.857600 0.028500
vt 0.848700 0.028500
vt 0.857500 0.345100
vt 0.436900 0.832900
vt 0.436700 0.874100
vt 0.435600 0.714500
vt 0.435300 0.988100
vt 0.451600 0.955000
vt 0.455600 0.987000
vt 0.452100 0.751900
vt 0.437000 0.752200
vt 0.436300 0.955200
vt 0.455600 0.713300
vt 0.451800 0.832900
vt 0.451800 0.874000
vt 0.433000 0.985400
vt 0.425700 0.727500
vt 0.433300 0.717300
vt 0.440800 0.828500
vt 0.447900 0.828500
vt 0.441000 0.756500
vt 0.440700 0.878500
vt 0.448200 0.756400
vt 0.440300 0.950700
vt 0.447800 0.878400
vt 0.447600 0.950600
vt 0.425400 0.975100
vt 0.431600 0.988100
vt 0.422300 0.975900
vt 0.436600 0.711000
vt 0.455600 0.706900
vt 0.431600 0.715300
vt 0.422700 0.727500
vt 0.435300 0.994500
vt 0.458700 0.987000
vt 0.432200 0.712500
vt 0.712300 0.022800
vt 0.795100 0.025200
vt 0.858200 0.025200
vt 0.845500 0.025200
vt 0.880200 0.753400
vt 0.013300 0.722500
vt 0.013300 0.883300
vt 0.765100 0.025200
vt 0.753400 0.022800
vt 0.891200 0.025200
vt 0.374500 0.995600
vt 0.956300 0.020800
vt 0.013200 0.890000
vt 0.422600 0.726700
vt 0.422400 0.975100
vt 0.456200 0.990500
vt 0.431800 0.988800
vt 0.458700 0.713300
vt 0.596800 0.819400
vt 0.598200 0.813500
vt 0.595300 0.812400
vt 0.603700 0.772600
vt 0.603500 0.817600
vt 0.591600 0.771100
vt 0.580200 0.779300
vt 0.594200 0.778800
vt 0.594400 0.811400
vt 0.591300 0.818700
vt 0.597100 0.770600
vt 0.595300 0.777700
vt 0.580200 0.809400
vt 0.579000 0.810000
vt 0.598300 0.776600
vt 0.579000 0.778600
vt 0.739200 0.743600
vt 0.744200 0.745500
vt 0.744200 0.743600
vt 0.739200 0.732200
vt 0.744200 0.734000
vt 0.744200 0.732200
vt 0.739200 0.745500
vt 0.744200 0.747300
vt 0.739200 0.734000
vt 0.744200 0.735800
vt 0.739200 0.747300
vt 0.744200 0.749300
vt 0.739200 0.735800
vt 0.744200 0.737800
vt 0.739200 0.749300
vt 0.744200 0.751300
vt 0.739200 0.737800
vt 0.744200 0.739800
vt 0.739200 0.751300
vt 0.744200 0.753300
vt 0.739200 0.739800
vt 0.744200 0.741800
vt 0.744200 0.755100
vt 0.739200 0.753300
vt 0.739200 0.755100
vt 0.739200 0.741800
vt 0.749400 0.743600
vt 0.744300 0.741800
vt 0.744300 0.743600
vt 0.749400 0.755100
vt 0.744300 0.753300
vt 0.744300 0.755100
vt 0.749400 0.741800
vt 0.744300 0.740000
vt 0.749400 0.753300
vt 0.744300 0.751400
vt 0.749400 0.740000
vt 0.744300 0.738000
vt 0.749400 0.751400
vt 0.744300 0.749500
vt 0.749400 0.738000
vt 0.744300 0.736000
vt 0.749400 0.749500
vt 0.744300 0.747500
vt 0.749400 0.736000
vt 0.744300 0.734000
vt 0.749400 0.747500
vt 0.744300 0.745500
vt 0.749400 0.734000
vt 0.744300 0.732200
vt 0.749400 0.745500
vt 0.739100 0.745400
vt 0.734000 0.743600
vt 0.734000 0.745400
vt 0.739100 0.734000
vt 0.734000 0.732200
vt 0.734000 0.734000
vt 0.739100 0.743600
vt 0.734000 0.741800
vt 0.739100 0.755100
vt 0.734000 0.753300
vt 0.734000 0.755100
vt 0.739100 0.741800
vt 0.734000 0.739800
vt 0.739100 0.753300
vt 0.734000 0.751300
vt 0.739100 0.739800
vt 0.734000 0.737800
vt 0.739100 0.751300
vt 0.734000 0.749300
vt 0.739100 0.737800
vt 0.734000 0.735800
vt 0.739100 0.749300
vt 0.734000 0.747300
vt 0.739100 0.735800
vt 0.739100 0.747300
vt 0.728900 0.743600
vt 0.734000 0.745500
vt 0.734000 0.743600
vt 0.728900 0.732200
vt 0.734000 0.734000
vt 0.734000 0.732200
vt 0.728900 0.745400
vt 0.734000 0.747300
vt 0.728900 0.734000
vt 0.734000 0.735800
vt 0.728900 0.747300
vt 0.734000 0.749300
vt 0.728900 0.735800
vt 0.734000 0.737800
vt 0.728900 0.749300
vt 0.734000 0.751300
vt 0.728900 0.737800
vt 0.734000 0.739800
vt 0.728900 0.751300
vt 0.734000 0.753300
vt 0.728900 0.739800
vt 0.734000 0.741800
vt 0.728900 0.753300
vt 0.734000 0.755100
vt 0.728900 0.741800
vt 0.728800 0.799500
vt 0.724200 0.755200
vt 0.728800 0.755200
vt 0.724200 0.799500
vt 0.719500 0.755200
vt 0.719500 0.799500
vt 0.714800 0.755200
vt 0.714800 0.799500
vt 0.710200 0.755200
vt 0.710200 0.799500
vt 0.705500 0.755200
vt 0.705500 0.799500
vt 0.700800 0.755200
vt 0.700800 0.799500
vt 0.696200 0.755200
vt 0.696200 0.799500
vt 0.691500 0.755200
vt 0.691500 0.799500
vt 0.686800 0.755200
vt 0.686800 0.799500
vt 0.682200 0.755200
vt 0.728900 0.805200
vt 0.730900 0.800900
vt 0.730900 0.804700
vt 0.677500 0.799500
vt 0.672800 0.755200
vt 0.677500 0.755200
vt 0.682200 0.799500
vt 0.745400 0.777100
vt 0.744500 0.782500
vt 0.742900 0.779700
vt 0.740100 0.778100
vt 0.744600 0.785700
vt 0.743000 0.788500
vt 0.740200 0.790200
vt 0.737000 0.790200
vt 0.734200 0.788500
vt 0.732500 0.785800
vt 0.732500 0.782600
vt 0.734000 0.779700
vt 0.736800 0.778100
vt 0.741000 0.774500
vt 0.735900 0.774500
vt 0.731400 0.777100
vt 0.728900 0.781600
vt 0.731600 0.791100
vt 0.736000 0.793700
vt 0.741200 0.793700
vt 0.748100 0.786600
vt 0.729000 0.786800
vt 0.745700 0.791100
vt 0.748100 0.781500
vt 0.731300 0.796200
vt 0.736000 0.795700
vt 0.732700 0.797600
vt 0.744500 0.796200
vt 0.739800 0.795700
vt 0.740300 0.793800
vt 0.746900 0.805200
vt 0.745000 0.800900
vt 0.746900 0.800400
vt 0.744500 0.809400
vt 0.739800 0.809800
vt 0.743100 0.808000
vt 0.740300 0.811800
vt 0.736000 0.809800
vt 0.731300 0.809400
vt 0.732800 0.807900
vt 0.728900 0.800400
vt 0.735500 0.793800
vt 0.743100 0.797600
vt 0.745000 0.804700
vt 0.735500 0.811800
vt 0.728800 0.755100
vt 0.724200 0.710800
vt 0.728800 0.710800
vt 0.724200 0.755100
vt 0.719500 0.710800
vt 0.719500 0.755100
vt 0.714800 0.710800
vt 0.714800 0.755100
vt 0.710200 0.710800
vt 0.710200 0.755100
vt 0.705500 0.710800
vt 0.705500 0.755100
vt 0.700800 0.710800
vt 0.700800 0.755100
vt 0.696200 0.710800
vt 0.696200 0.755100
vt 0.691500 0.710800
vt 0.691500 0.755100
vt 0.686800 0.710800
vt 0.686800 0.755100
vt 0.682200 0.710800
vt 0.728900 0.722200
vt 0.730900 0.717900
vt 0.730900 0.721700
vt 0.677500 0.755100
vt 0.672800 0.710800
vt 0.677500 0.710800
vt 0.682200 0.755100
vt 0.745400 0.757800
vt 0.744500 0.763200
vt 0.742900 0.760400
vt 0.740100 0.758800
vt 0.744600 0.766400
vt 0.743000 0.769200
vt 0.740200 0.770900
vt 0.737000 0.770900
vt 0.734200 0.769200
vt 0.732500 0.766500
vt 0.732500 0.763300
vt 0.734000 0.760400
vt 0.736800 0.758800
vt 0.741000 0.755200
vt 0.735900 0.755200
vt 0.731400 0.757800
vt 0.728900 0.762300
vt 0.731600 0.771800
vt 0.741200 0.774400
vt 0.748100 0.767300
vt 0.729000 0.767500
vt 0.736000 0.774400
vt 0.745700 0.771900
vt 0.748100 0.762200
vt 0.731300 0.713200
vt 0.736000 0.712800
vt 0.732800 0.714600
vt 0.744500 0.713200
vt 0.739800 0.712800
vt 0.740300 0.710800
vt 0.746900 0.722200
vt 0.745000 0.717900
vt 0.746900 0.717400
vt 0.744500 0.726400
vt 0.739800 0.726900
vt 0.743100 0.725000
vt 0.740300 0.728800
vt 0.736000 0.726800
vt 0.731300 0.726400
vt 0.732800 0.725000
vt 0.728900 0.717400
vt 0.735500 0.710800
vt 0.743100 0.714700
vt 0.745000 0.721700
vt 0.735500 0.728800
vt 0.749400 0.732200
vt 0.739100 0.732200
vt 0.728900 0.755100
vt 0.672800 0.799500
vt 0.672800 0.755100
vt 0.162300 0.014000
vt 0.307900 0.014800
vt 0.162300 0.014800
vt 0.016600 0.014800
vt 0.016600 0.014000
vt 0.162300 0.013100
vt 0.307900 0.014000
vt 0.014000 0.359400
vt 0.014800 0.016700
vt 0.014800 0.359400
vt 0.014900 0.702100
vt 0.014100 0.702100
vt 0.013100 0.359400
vt 0.014000 0.016600
vt 0.018400 0.707400
vt 0.162300 0.705700
vt 0.162300 0.707400
vt 0.306300 0.707400
vt 0.304600 0.709100
vt 0.162300 0.709100
vt 0.020100 0.709100
vt 0.020100 0.712200
vt 0.162300 0.712200
vt 0.304600 0.712200
vt 0.162300 0.715300
vt 0.313200 0.700400
vt 0.311500 0.359300
vt 0.313200 0.359300
vt 0.313200 0.018300
vt 0.314900 0.020000
vt 0.314900 0.359300
vt 0.314900 0.698700
vt 0.011300 0.018300
vt 0.011400 0.359400
vt 0.011400 0.700400
vt 0.009700 0.698700
vt 0.009600 0.359400
vt 0.009600 0.020000
vt 0.306200 0.011400
vt 0.162300 0.011400
vt 0.018300 0.011400
vt 0.020000 0.009700
vt 0.162300 0.009600
vt 0.304500 0.009600
vt 0.318000 0.698700
vt 0.318000 0.359300
vt 0.318000 0.020000
vt 0.321100 0.359300
vt 0.006500 0.020000
vt 0.006600 0.359400
vt 0.006600 0.698700
vt 0.003500 0.359400
vt 0.304500 0.006600
vt 0.162300 0.006600
vt 0.020000 0.006600
vt 0.162300 0.003500
vt 0.162300 0.704700
vt 0.016700 0.703900
vt 0.162300 0.703900
vt 0.308000 0.703900
vt 0.308000 0.704700
vt 0.016700 0.704700
vt 0.310600 0.359300
vt 0.309800 0.702100
vt 0.309800 0.359300
vt 0.309800 0.016600
vt 0.310600 0.016600
vt 0.310600 0.702100
vt 0.465700 0.533700
vt 0.333700 0.356700
vt 0.465800 0.362100
vt 0.465800 0.190600
vt 0.597800 0.362200
vt 0.597800 0.367600
vt 0.597800 0.373100
vt 0.203400 0.584900
vt 0.306300 0.700400
vt 0.162300 0.700400
vt 0.152000 0.527200
vt 0.296000 0.527100
vt 0.017300 0.016700
vt 0.162300 0.016000
vt 0.162300 0.016700
vt 0.307200 0.016700
vt 0.306900 0.017400
vt 0.162300 0.017400
vt 0.017700 0.017400
vt 0.016800 0.701400
vt 0.016000 0.359400
vt 0.016700 0.359400
vt 0.016700 0.017300
vt 0.017400 0.017700
vt 0.017400 0.359400
vt 0.017500 0.701000
vt 0.020800 0.717000
vt 0.162300 0.716300
vt 0.162300 0.717000
vt 0.303900 0.717000
vt 0.303500 0.717700
vt 0.162300 0.717800
vt 0.021200 0.717800
vt 0.322900 0.698000
vt 0.322100 0.359300
vt 0.322900 0.359300
vt 0.322900 0.020700
vt 0.323600 0.021100
vt 0.323600 0.359400
vt 0.323600 0.697600
vt 0.001700 0.020700
vt 0.002500 0.359400
vt 0.001700 0.359400
vt 0.001800 0.698000
vt 0.001000 0.697600
vt 0.001000 0.359400
vt 0.000900 0.021100
vt 0.303800 0.001700
vt 0.162300 0.002500
vt 0.162300 0.001700
vt 0.020700 0.001700
vt 0.021100 0.001000
vt 0.162300 0.001000
vt 0.303400 0.001000
vt 0.307900 0.017300
vt 0.308600 0.359300
vt 0.307900 0.359300
vt 0.307900 0.701400
vt 0.307200 0.701000
vt 0.307200 0.359300
vt 0.307200 0.017700
vt 0.307300 0.702000
vt 0.162300 0.702800
vt 0.162300 0.702000
vt 0.017400 0.702000
vt 0.017800 0.701300
vt 0.162300 0.701300
vt 0.306900 0.701300
vt 0.018000 0.017900
vt 0.162300 0.017900
vt 0.306500 0.017900
vt 0.306200 0.018300
vt 0.162300 0.018300
vt 0.018300 0.018300
vt 0.018000 0.700700
vt 0.017900 0.359400
vt 0.017900 0.018000
vt 0.018300 0.359400
vt 0.018400 0.700400
vt 0.021500 0.718300
vt 0.162300 0.718300
vt 0.303100 0.718200
vt 0.302900 0.718600
vt 0.162300 0.718600
vt 0.021800 0.718700
vt 0.324100 0.697300
vt 0.324100 0.359400
vt 0.324100 0.021400
vt 0.324500 0.021700
vt 0.324500 0.359400
vt 0.324400 0.697000
vt 0.000500 0.021500
vt 0.000500 0.359400
vt 0.000500 0.697300
vt 0.000100 0.697000
vt 0.000100 0.359400
vt 0.000100 0.021700
vt 0.303100 0.000500
vt 0.162300 0.000500
vt 0.021400 0.000500
vt 0.021700 0.000100
vt 0.162300 0.000100
vt 0.302800 0.000100
vt 0.306600 0.018000
vt 0.306700 0.359300
vt 0.306700 0.700700
vt 0.306300 0.359400
vt 0.306600 0.700800
vt 0.162300 0.700800
vt 0.018100 0.700800
vt 0.162300 0.015400
vt 0.307600 0.016000
vt 0.016900 0.016000
vt 0.016700 0.015400
vt 0.307800 0.015400
vt 0.015400 0.359400
vt 0.015900 0.017000
vt 0.016000 0.701800
vt 0.015500 0.702000
vt 0.015400 0.016800
vt 0.162300 0.715700
vt 0.304200 0.716300
vt 0.020400 0.716300
vt 0.020200 0.715700
vt 0.304400 0.715700
vt 0.321600 0.359300
vt 0.322100 0.020400
vt 0.322100 0.698300
vt 0.321600 0.698600
vt 0.321600 0.020100
vt 0.003000 0.359400
vt 0.002500 0.698400
vt 0.002400 0.020400
vt 0.003000 0.020200
vt 0.003100 0.698600
vt 0.162300 0.003000
vt 0.020300 0.002500
vt 0.304200 0.002400
vt 0.304400 0.003000
vt 0.020100 0.003000
vt 0.309200 0.359300
vt 0.308600 0.701800
vt 0.308600 0.016900
vt 0.309200 0.016700
vt 0.309200 0.702000
vt 0.162300 0.703300
vt 0.017000 0.702800
vt 0.307600 0.702800
vt 0.307900 0.703300
vt 0.016800 0.703300
vt 0.301100 0.180600
vt 0.301100 0.353900
vt 0.301100 0.527100
vt 0.295900 0.353800
vt 0.295900 0.348300
vt 0.295900 0.342900
vt 0.152000 0.353900
vt 0.152000 0.180600
vt 0.285600 0.342800
vt 0.285600 0.348300
vt 0.285600 0.353900
vt 0.611300 0.190700
vt 0.614800 0.356700
vt 0.611300 0.362100
vt 0.611300 0.533600
vt 0.607700 0.373000
vt 0.607700 0.367600
vt 0.607700 0.362300
vt 0.203400 0.126500
vt 0.295900 0.180600
vt 0.606800 0.480100
vt 0.602700 0.373000
vt 0.606300 0.533700
vt 0.474300 0.694300
vt 0.515500 0.587200
vt 0.614900 0.694300
vt 0.474300 0.019000
vt 0.515400 0.133400
vt 0.614800 0.019100
vt 0.606300 0.190600
vt 0.606800 0.247800
vt 0.602700 0.362200
vt 0.295900 0.469400
vt 0.290800 0.353900
vt 0.295900 0.234700
vt 0.290800 0.342800
vt 0.506200 0.836800
vt 0.504300 0.813000
vt 0.505000 0.847300
vt 0.502500 0.868300
vt 0.504400 0.905500
vt 0.493100 0.947300
vt 0.491900 0.949700
vt 0.495300 0.948700
vt 0.498000 0.951000
vt 0.501200 0.949100
vt 0.503600 0.946800
vt 0.495200 0.725900
vt 0.496600 0.723500
vt 0.493100 0.724100
vt 0.490600 0.721200
vt 0.487200 0.722900
vt 0.485000 0.725300
vt 0.494400 0.730600
vt 0.495100 0.728200
vt 0.491100 0.728800
vt 0.483600 0.727800
vt 0.482700 0.730300
vt 0.493600 0.943100
vt 0.492900 0.945100
vt 0.497100 0.944300
vt 0.505200 0.944700
vt 0.506200 0.942700
vt 0.493800 0.749600
vt 0.489000 0.766000
vt 0.498100 0.759200
vt 0.506200 0.730900
vt 0.491800 0.870700
vt 0.491000 0.871800
vt 0.493000 0.871100
vt 0.495300 0.871900
vt 0.496100 0.870800
vt 0.497000 0.869700
vt 0.496600 0.926900
vt 0.504400 0.918600
vt 0.491800 0.919000
vt 0.480900 0.943500
vt 0.503800 0.901900
vt 0.502600 0.881400
vt 0.502600 0.894600
vt 0.500200 0.768800
vt 0.492400 0.787700
vt 0.497200 0.787700
vt 0.500800 0.791400
vt 0.502900 0.766500
vt 0.503800 0.782900
vt 0.503500 0.805400
vt 0.501900 0.816900
vt 0.502200 0.842600
vt 0.503400 0.778600
vt 0.501900 0.802400
vt 0.497400 0.842600
vt 0.498900 0.834000
vt 0.497100 0.816900
vt 0.492300 0.816800
vt 0.497300 0.851600
vt 0.499800 0.869000
vt 0.494700 0.843200
vt 0.481800 0.836900
vt 0.483800 0.907600
vt 0.483400 0.848500
vt 0.486700 0.871700
vt 0.485000 0.811800
vt 0.489500 0.844300
vt 0.492000 0.852700
vt 0.492300 0.802200
vt 0.489500 0.829700
vt 0.490500 0.825400
vt 0.491200 0.910000
vt 0.495600 0.893000
vt 0.488300 0.918200
vt 0.489100 0.918500
vt 0.497200 0.893500
vt 0.496400 0.893200
vt 0.487500 0.909500
vt 0.486000 0.892000
vt 0.483500 0.917800
vt 0.490800 0.892500
vt 0.493600 0.910500
vt 0.499900 0.894100
vt 0.484500 0.902400
vt 0.486300 0.881900
vt 0.490600 0.950600
vt 0.490000 0.952600
vt 0.494200 0.952000
vt 0.486700 0.950200
vt 0.487200 0.796600
vt 0.498300 0.722900
vt 0.500200 0.721700
vt 0.495100 0.721000
vt 0.502500 0.724100
vt 0.498500 0.727600
vt 0.504400 0.726400
vt 0.505500 0.728700
vt 0.489500 0.946000
vt 0.484000 0.947900
vt 0.482200 0.945700
vt 0.508000 0.730500
vt 0.507200 0.728000
vt 0.509000 0.727300
vt 0.506000 0.725400
vt 0.489700 0.954200
vt 0.494300 0.954300
vt 0.494500 0.956600
vt 0.498800 0.953000
vt 0.494900 0.891600
vt 0.491000 0.891300
vt 0.491100 0.890000
vt 0.487000 0.890900
vt 0.483300 0.724000
vt 0.481700 0.726900
vt 0.479900 0.726000
vt 0.480700 0.729700
vt 0.502500 0.950800
vt 0.503700 0.952400
vt 0.505200 0.948100
vt 0.501200 0.816000
vt 0.497100 0.816000
vt 0.497100 0.815100
vt 0.493000 0.815900
vt 0.508000 0.943200
vt 0.508000 0.836900
vt 0.509900 0.836900
vt 0.497600 0.890100
vt 0.496300 0.890900
vt 0.496200 0.888500
vt 0.502100 0.870400
vt 0.502100 0.881400
vt 0.501600 0.881300
vt 0.502200 0.892400
vt 0.503700 0.722700
vt 0.505000 0.721300
vt 0.500300 0.720400
vt 0.479000 0.944100
vt 0.480400 0.946800
vt 0.478600 0.947900
vt 0.482400 0.949500
vt 0.493000 0.802200
vt 0.493700 0.802300
vt 0.493000 0.788600
vt 0.479900 0.836900
vt 0.478000 0.837000
vt 0.499900 0.891300
vt 0.499800 0.888500
vt 0.497200 0.788600
vt 0.497200 0.789500
vt 0.501300 0.788700
vt 0.497500 0.872800
vt 0.499800 0.871600
vt 0.499800 0.874100
vt 0.495200 0.719100
vt 0.495400 0.717100
vt 0.490000 0.719100
vt 0.495400 0.873500
vt 0.496400 0.873100
vt 0.496700 0.875400
vt 0.506900 0.945600
vt 0.508600 0.946600
vt 0.486100 0.721100
vt 0.484900 0.719300
vt 0.501300 0.802400
vt 0.500600 0.802300
vt 0.487200 0.881900
vt 0.488200 0.881900
vt 0.487500 0.872900
vt 0.491400 0.873200
vt 0.491900 0.874500
vt 0.485600 0.952300
vt 0.484500 0.954300
vt 0.586400 0.763300
vt 0.592200 0.762400
vt 0.586600 0.761200
vt 0.586800 0.759000
vt 0.580900 0.759900
vt 0.579000 0.740500
vt 0.580900 0.740500
vt 0.582800 0.740500
vt 0.580900 0.721100
vt 0.593700 0.740500
vt 0.592200 0.718600
vt 0.592200 0.740500
vt 0.590700 0.740500
vt 0.586400 0.717700
vt 0.586600 0.719800
vt 0.586800 0.722000
vt 0.586800 0.740500
vt 0.582800 0.758300
vt 0.016600 0.013100
vt 0.307900 0.013100
vt 0.013100 0.702100
vt 0.013000 0.016600
vt 0.016700 0.705700
vt 0.308000 0.705700
vt 0.304600 0.715200
vt 0.020100 0.715300
vt 0.311500 0.702100
vt 0.311500 0.016600
vt 0.321100 0.020000
vt 0.321100 0.698700
vt 0.003500 0.698700
vt 0.003400 0.020000
vt 0.020000 0.003500
vt 0.304500 0.003500
vt 0.333700 0.694300
vt 0.333800 0.019000
vt 0.509900 0.730100
vt 0.507500 0.724400
vt 0.490200 0.951900
vt 0.489200 0.956500
vt 0.499600 0.955000
vt 0.494300 0.890300
vt 0.488000 0.889700
vt 0.481700 0.722700
vt 0.478800 0.729200
vt 0.506800 0.949400
vt 0.500600 0.815100
vt 0.493700 0.815100
vt 0.509900 0.943800
vt 0.498000 0.886700
vt 0.501600 0.872400
vt 0.501700 0.890300
vt 0.501000 0.718700
vt 0.499500 0.722100
vt 0.477100 0.944800
vt 0.480800 0.951100
vt 0.493700 0.789500
vt 0.500600 0.789500
vt 0.502000 0.787800
vt 0.498000 0.875800
vt 0.489500 0.717000
vt 0.495500 0.875100
vt 0.488300 0.874000
vt 0.593700 0.765100
vt 0.590700 0.759800
vt 0.579000 0.761500
vt 0.582800 0.722700
vt 0.579000 0.719500
vt 0.593700 0.715900
vt 0.590700 0.721200
vt 0.600100 0.856400
vt 0.601300 0.849800
vt 0.600100 0.849800
vt 0.600100 0.843100
vt 0.598900 0.849800
vt 0.585200 0.856400
vt 0.586400 0.849800
vt 0.585200 0.849800
vt 0.585200 0.843100
vt 0.584000 0.849800
vt 0.597700 0.856400
vt 0.597700 0.849800
vt 0.597700 0.843100
vt 0.596500 0.849800
vt 0.582800 0.856400
vt 0.582800 0.849800
vt 0.582800 0.843100
vt 0.581500 0.849800
vt 0.595200 0.856400
vt 0.595200 0.849800
vt 0.595200 0.843100
vt 0.593900 0.849800
vt 0.580300 0.856400
vt 0.580300 0.849800
vt 0.580300 0.843100
vt 0.579000 0.849800
vt 0.592600 0.856400
vt 0.592600 0.849800
vt 0.592600 0.843100
vt 0.591300 0.849800
vt 0.607600 0.856400
vt 0.608900 0.849800
vt 0.607600 0.849800
vt 0.607600 0.843100
vt 0.606300 0.849800
vt 0.590100 0.856400
vt 0.590100 0.849800
vt 0.590100 0.843100
vt 0.588800 0.849800
vt 0.605000 0.856400
vt 0.605000 0.849800
vt 0.605000 0.843100
vt 0.603700 0.849800
vt 0.587600 0.856400
vt 0.587600 0.849800
vt 0.587600 0.843100
vt 0.602500 0.856400
vt 0.602500 0.849800
vt 0.602500 0.843100
vt 0.607100 0.744000
vt 0.600400 0.742800
vt 0.600400 0.744000
vt 0.593800 0.744000
vt 0.600400 0.745200
vt 0.607100 0.758900
vt 0.600400 0.757700
vt 0.600400 0.758900
vt 0.593800 0.758900
vt 0.600400 0.760100
vt 0.607100 0.746400
vt 0.600400 0.746400
vt 0.593800 0.746400
vt 0.600400 0.747600
vt 0.607100 0.761300
vt 0.600400 0.761300
vt 0.593800 0.761300
vt 0.600400 0.762600
vt 0.607100 0.748900
vt 0.600400 0.748900
vt 0.593800 0.748900
vt 0.600400 0.750200
vt 0.607100 0.763800
vt 0.600400 0.763800
vt 0.593800 0.763800
vt 0.600400 0.765100
vt 0.607100 0.751500
vt 0.600400 0.751500
vt 0.593800 0.751500
vt 0.600400 0.752800
vt 0.607100 0.736500
vt 0.600400 0.735200
vt 0.600400 0.736500
vt 0.593800 0.736500
vt 0.600400 0.737800
vt 0.607100 0.754000
vt 0.600400 0.754000
vt 0.593800 0.754000
vt 0.600400 0.755300
vt 0.607100 0.739100
vt 0.600400 0.739100
vt 0.593800 0.739100
vt 0.600400 0.740400
vt 0.607100 0.756500
vt 0.600400 0.756500
vt 0.593800 0.756500
vt 0.607100 0.741600
vt 0.600400 0.741600
vt 0.593800 0.741600
vt 0.578900 0.743200
vt 0.576000 0.770500
vt 0.576000 0.743200
vt 0.573200 0.743200
vt 0.576100 0.715900
vt 0.570300 0.770500
vt 0.570300 0.743200
vt 0.567400 0.770500
vt 0.567400 0.743200
vt 0.567400 0.715900
vt 0.570300 0.715900
vt 0.564500 0.770500
vt 0.564600 0.743200
vt 0.561700 0.743200
vt 0.564600 0.715900
vt 0.558800 0.770500
vt 0.558800 0.743200
vt 0.555900 0.743200
vt 0.558800 0.715900
vt 0.553100 0.770500
vt 0.553100 0.743200
vt 0.550200 0.743200
vt 0.550200 0.715900
vt 0.553100 0.715900
vt 0.555900 0.715900
vt 0.547300 0.770500
vt 0.547300 0.743200
vt 0.544400 0.743200
vt 0.547300 0.715900
vt 0.541600 0.743200
vt 0.544400 0.770500
vt 0.541600 0.770500
vt 0.538700 0.770500
vt 0.538700 0.743200
vt 0.541600 0.715900
vt 0.535800 0.770500
vt 0.535800 0.743200
vt 0.532900 0.743200
vt 0.535800 0.715900
vt 0.530100 0.770500
vt 0.530100 0.743200
vt 0.527200 0.743200
vt 0.530100 0.715900
vt 0.524300 0.770500
vt 0.524300 0.743200
vt 0.521400 0.743200
vt 0.524300 0.715900
vt 0.549400 0.826700
vt 0.550800 0.829300
vt 0.548800 0.827800
vt 0.550000 0.830200
vt 0.548200 0.828800
vt 0.546100 0.828000
vt 0.546400 0.826800
vt 0.515700 0.743200
vt 0.512800 0.770500
vt 0.512800 0.743200
vt 0.509900 0.743200
vt 0.512800 0.715900
vt 0.518600 0.770500
vt 0.518600 0.743200
vt 0.515700 0.715900
vt 0.518600 0.715900
vt 0.577300 0.831100
vt 0.576400 0.834600
vt 0.575400 0.832200
vt 0.574200 0.835200
vt 0.573500 0.833400
vt 0.572300 0.831800
vt 0.573900 0.830200
vt 0.574500 0.837100
vt 0.567000 0.837000
vt 0.573400 0.840800
vt 0.570600 0.843500
vt 0.568900 0.844400
vt 0.566900 0.844400
vt 0.563200 0.843400
vt 0.560500 0.840700
vt 0.559500 0.838900
vt 0.559500 0.837000
vt 0.560600 0.833300
vt 0.561600 0.831500
vt 0.563300 0.830600
vt 0.565100 0.829600
vt 0.567100 0.829600
vt 0.569100 0.829600
vt 0.570800 0.830600
vt 0.577200 0.843000
vt 0.573700 0.843800
vt 0.575300 0.841900
vt 0.572200 0.842300
vt 0.574200 0.839000
vt 0.576300 0.839600
vt 0.566900 0.848800
vt 0.564400 0.846300
vt 0.566900 0.846600
vt 0.565000 0.844200
vt 0.568800 0.844200
vt 0.569400 0.846300
vt 0.556700 0.842900
vt 0.557600 0.839500
vt 0.558600 0.841800
vt 0.559700 0.838900
vt 0.561600 0.842200
vt 0.560100 0.843800
vt 0.556800 0.831100
vt 0.560200 0.830200
vt 0.558700 0.832200
vt 0.561800 0.831700
vt 0.559800 0.835000
vt 0.557700 0.834500
vt 0.567000 0.825200
vt 0.569500 0.827800
vt 0.567000 0.827400
vt 0.569000 0.829900
vt 0.565100 0.829800
vt 0.564600 0.827700
vt 0.578900 0.837100
vt 0.576700 0.837100
vt 0.572800 0.847200
vt 0.571700 0.845300
vt 0.561000 0.847200
vt 0.562100 0.845300
vt 0.555100 0.837000
vt 0.557300 0.837000
vt 0.561100 0.826800
vt 0.562200 0.828700
vt 0.572900 0.826800
vt 0.571800 0.828700
vt 0.538300 0.826700
vt 0.541300 0.826800
vt 0.538900 0.827800
vt 0.541600 0.828000
vt 0.539500 0.828800
vt 0.537700 0.830200
vt 0.536900 0.829300
vt 0.532700 0.836300
vt 0.534300 0.833800
vt 0.534000 0.836300
vt 0.535500 0.834100
vt 0.535200 0.836300
vt 0.535500 0.838600
vt 0.534300 0.838900
vt 0.538300 0.845900
vt 0.536900 0.843300
vt 0.538900 0.844900
vt 0.537700 0.842500
vt 0.539500 0.843900
vt 0.541600 0.844700
vt 0.541300 0.845900
vt 0.549400 0.845900
vt 0.546400 0.845900
vt 0.548800 0.844900
vt 0.546100 0.844700
vt 0.548200 0.843900
vt 0.550000 0.842500
vt 0.550800 0.843300
vt 0.553500 0.841900
vt 0.552400 0.841300
vt 0.551400 0.840700
vt 0.552200 0.838600
vt 0.553400 0.838900
vt 0.553500 0.830800
vt 0.553400 0.833800
vt 0.552400 0.831400
vt 0.552200 0.834100
vt 0.551400 0.832000
vt 0.543800 0.825200
vt 0.543900 0.826500
vt 0.543900 0.827700
vt 0.534200 0.830800
vt 0.535300 0.831400
vt 0.536300 0.832000
vt 0.534200 0.841900
vt 0.535300 0.841300
vt 0.536300 0.840700
vt 0.543900 0.847400
vt 0.543800 0.846200
vt 0.543800 0.845000
vt 0.555000 0.836300
vt 0.553700 0.836300
vt 0.552500 0.836300
vt 0.578900 0.797900
vt 0.576000 0.825200
vt 0.576000 0.797900
vt 0.573200 0.797900
vt 0.576000 0.770600
vt 0.570300 0.825200
vt 0.570300 0.797900
vt 0.567400 0.797900
vt 0.570300 0.770600
vt 0.564500 0.825200
vt 0.564500 0.797900
vt 0.561700 0.797900
vt 0.564500 0.770600
vt 0.558800 0.825200
vt 0.558800 0.797900
vt 0.555900 0.797900
vt 0.558800 0.770600
vt 0.553100 0.825200
vt 0.553100 0.797900
vt 0.550200 0.797900
vt 0.553100 0.770600
vt 0.547300 0.825200
vt 0.547300 0.797900
vt 0.544400 0.797900
vt 0.547300 0.770600
vt 0.541600 0.825200
vt 0.541600 0.797900
vt 0.538700 0.797900
vt 0.541600 0.770600
vt 0.535800 0.825200
vt 0.535800 0.797900
vt 0.532900 0.797900
vt 0.535800 0.770600
vt 0.530100 0.825200
vt 0.530100 0.797900
vt 0.527200 0.797900
vt 0.530100 0.770600
vt 0.532900 0.770600
vt 0.524300 0.825200
vt 0.524300 0.797900
vt 0.521400 0.797900
vt 0.524300 0.770600
vt 0.526600 0.826700
vt 0.528100 0.829300
vt 0.526000 0.827800
vt 0.527200 0.830200
vt 0.525400 0.828800
vt 0.523300 0.828000
vt 0.523600 0.826800
vt 0.515700 0.797900
vt 0.512800 0.825200
vt 0.512800 0.797900
vt 0.509900 0.797900
vt 0.512800 0.770600
vt 0.518600 0.825200
vt 0.518600 0.797900
vt 0.518600 0.770600
vt 0.602800 0.831200
vt 0.600300 0.833800
vt 0.600600 0.831300
vt 0.598200 0.833200
vt 0.598400 0.831300
vt 0.598100 0.829400
vt 0.600300 0.828800
vt 0.590900 0.831300
vt 0.598400 0.833300
vt 0.597400 0.835000
vt 0.594700 0.837700
vt 0.590900 0.838700
vt 0.588900 0.838700
vt 0.587200 0.837700
vt 0.584500 0.834900
vt 0.583500 0.831200
vt 0.583500 0.829200
vt 0.584500 0.827500
vt 0.587200 0.824800
vt 0.590900 0.823900
vt 0.592900 0.823900
vt 0.594700 0.824900
vt 0.597400 0.827600
vt 0.596900 0.841500
vt 0.593400 0.840500
vt 0.595800 0.839600
vt 0.592900 0.838400
vt 0.596200 0.836500
vt 0.597800 0.838100
vt 0.585100 0.841500
vt 0.584200 0.838100
vt 0.586200 0.839600
vt 0.585700 0.836500
vt 0.589000 0.838400
vt 0.588500 0.840500
vt 0.579100 0.831300
vt 0.581600 0.828800
vt 0.581300 0.831300
vt 0.583700 0.829300
vt 0.583700 0.833200
vt 0.581600 0.833800
vt 0.585000 0.821100
vt 0.588400 0.822000
vt 0.586100 0.822900
vt 0.589000 0.824100
vt 0.585700 0.826000
vt 0.584100 0.824500
vt 0.596800 0.821100
vt 0.597700 0.824500
vt 0.595700 0.823000
vt 0.596200 0.826000
vt 0.592900 0.824100
vt 0.593400 0.822000
vt 0.601300 0.837200
vt 0.599300 0.836100
vt 0.591000 0.843000
vt 0.591000 0.840900
vt 0.580700 0.837200
vt 0.582600 0.836100
vt 0.580600 0.825400
vt 0.582500 0.826400
vt 0.590900 0.819500
vt 0.590900 0.821700
vt 0.601100 0.825300
vt 0.599300 0.826500
vt 0.515500 0.826700
vt 0.518500 0.826800
vt 0.516100 0.827800
vt 0.518800 0.828000
vt 0.516700 0.828800
vt 0.514900 0.830200
vt 0.514100 0.829300
vt 0.509900 0.836300
vt 0.511500 0.833800
vt 0.511200 0.836300
vt 0.512700 0.834100
vt 0.512400 0.836300
vt 0.512700 0.838600
vt 0.511500 0.838900
vt 0.515500 0.845900
vt 0.514100 0.843300
vt 0.516100 0.844900
vt 0.514900 0.842500
vt 0.516700 0.843900
vt 0.518800 0.844700
vt 0.518500 0.845900
vt 0.526600 0.845900
vt 0.523600 0.845900
vt 0.526000 0.844900
vt 0.523300 0.844700
vt 0.525400 0.843900
vt 0.527200 0.842500
vt 0.528100 0.843300
vt 0.530700 0.841900
vt 0.529600 0.841300
vt 0.528600 0.840700
vt 0.529500 0.838600
vt 0.530600 0.838900
vt 0.530700 0.830800
vt 0.530600 0.833800
vt 0.529600 0.831400
vt 0.529500 0.834100
vt 0.528600 0.832000
vt 0.521000 0.825200
vt 0.521100 0.826500
vt 0.521100 0.827700
vt 0.511400 0.830800
vt 0.512500 0.831400
vt 0.513500 0.832000
vt 0.511400 0.841900
vt 0.512500 0.841300
vt 0.513500 0.840700
vt 0.521100 0.847400
vt 0.521100 0.846200
vt 0.521000 0.845000
vt 0.532200 0.836300
vt 0.531000 0.836300
vt 0.529700 0.836300
vt 0.838700 0.770500
vt 0.839100 0.782300
vt 0.834600 0.780400
vt 0.834200 0.768700
vt 0.842800 0.760700
vt 0.843200 0.772400
vt 0.778000 0.745300
vt 0.786600 0.737400
vt 0.782400 0.747200
vt 0.786900 0.749100
vt 0.778300 0.756900
vt 0.843000 0.745300
vt 0.842700 0.756900
vt 0.838600 0.747200
vt 0.834100 0.749100
vt 0.834400 0.737400
vt 0.777800 0.772400
vt 0.778200 0.760700
vt 0.782300 0.770500
vt 0.786800 0.768700
vt 0.786400 0.780400
vt 0.781900 0.782300
vt 0.823900 0.726400
vt 0.831800 0.734900
vt 0.822100 0.730900
vt 0.820200 0.735300
vt 0.812300 0.726900
vt 0.824000 0.791500
vt 0.812300 0.791100
vt 0.822100 0.787000
vt 0.820300 0.782600
vt 0.832000 0.783000
vt 0.797000 0.791500
vt 0.789000 0.783000
vt 0.798800 0.787000
vt 0.800700 0.782600
vt 0.808700 0.791100
vt 0.797100 0.726400
vt 0.808700 0.726900
vt 0.798900 0.730900
vt 0.800700 0.735300
vt 0.789200 0.734900
vt 0.831800 0.758900
vt 0.830100 0.750700
vt 0.827400 0.758900
vt 0.826100 0.752400
vt 0.822400 0.746900
vt 0.825500 0.743800
vt 0.789200 0.758800
vt 0.790800 0.767000
vt 0.793500 0.758900
vt 0.794900 0.765300
vt 0.798500 0.770900
vt 0.795400 0.774000
vt 0.818600 0.739300
vt 0.816900 0.743300
vt 0.810500 0.742000
vt 0.810500 0.737600
vt 0.810500 0.780200
vt 0.818600 0.778500
vt 0.810500 0.775800
vt 0.817000 0.774500
vt 0.822500 0.770900
vt 0.825600 0.774000
vt 0.802400 0.778500
vt 0.804000 0.774500
vt 0.802400 0.739300
vt 0.804100 0.743300
vt 0.798500 0.746900
vt 0.795500 0.743800
vt 0.830100 0.767000
vt 0.826100 0.765300
vt 0.790900 0.750700
vt 0.794900 0.752400
vt 0.799700 0.748100
vt 0.796500 0.753100
vt 0.801000 0.749300
vt 0.798000 0.753700
vt 0.797000 0.758900
vt 0.795300 0.758900
vt 0.825700 0.758900
vt 0.824500 0.753100
vt 0.824000 0.758900
vt 0.823000 0.753700
vt 0.820100 0.749300
vt 0.821300 0.748100
vt 0.796400 0.764700
vt 0.798000 0.764000
vt 0.800900 0.768400
vt 0.799700 0.769700
vt 0.816300 0.744900
vt 0.815700 0.746500
vt 0.810500 0.745400
vt 0.810500 0.743700
vt 0.810500 0.774100
vt 0.816300 0.772900
vt 0.810500 0.772400
vt 0.815600 0.771400
vt 0.820100 0.768500
vt 0.821300 0.769700
vt 0.804700 0.772900
vt 0.805300 0.771300
vt 0.804700 0.744900
vt 0.805400 0.746400
vt 0.824500 0.764700
vt 0.823000 0.764100
vt 0.810500 0.747300
vt 0.806100 0.748200
vt 0.810500 0.749200
vt 0.806800 0.750000
vt 0.803700 0.752000
vt 0.802300 0.750700
vt 0.818700 0.767100
vt 0.821200 0.763300
vt 0.817300 0.765800
vt 0.819400 0.762600
vt 0.820200 0.758900
vt 0.822100 0.758900
vt 0.799800 0.754400
vt 0.801600 0.755200
vt 0.800800 0.758900
vt 0.798900 0.758900
vt 0.821200 0.754500
vt 0.819400 0.755200
vt 0.817400 0.752100
vt 0.818700 0.750700
vt 0.799800 0.763300
vt 0.801600 0.762600
vt 0.803600 0.765700
vt 0.802300 0.767100
vt 0.814900 0.748200
vt 0.814200 0.750000
vt 0.810500 0.770500
vt 0.814900 0.769600
vt 0.810500 0.768600
vt 0.814200 0.767800
vt 0.806000 0.769600
vt 0.806800 0.767800
vt 0.851200 0.672900
vt 0.848600 0.686100
vt 0.845600 0.674400
vt 0.840100 0.676000
vt 0.842600 0.662800
vt 0.776500 0.695200
vt 0.779100 0.682000
vt 0.782100 0.693600
vt 0.787600 0.692100
vt 0.785100 0.705300
vt 0.830900 0.650400
vt 0.839100 0.659800
vt 0.828800 0.655100
vt 0.826600 0.659800
vt 0.818500 0.650400
vt 0.796800 0.717700
vt 0.788600 0.708300
vt 0.798900 0.713000
vt 0.801100 0.708300
vt 0.809200 0.717700
vt 0.803000 0.649000
vt 0.814800 0.650400
vt 0.804500 0.653700
vt 0.806000 0.658400
vt 0.794200 0.657000
vt 0.846200 0.702000
vt 0.836300 0.708900
vt 0.841900 0.699400
vt 0.837600 0.696900
vt 0.847500 0.690000
vt 0.824700 0.719000
vt 0.812900 0.717700
vt 0.823200 0.714300
vt 0.821700 0.709600
vt 0.833500 0.711000
vt 0.781500 0.666100
vt 0.791400 0.659200
vt 0.785800 0.668600
vt 0.790100 0.671200
vt 0.780200 0.678100
vt 0.831400 0.669400
vt 0.824400 0.664100
vt 0.827700 0.672500
vt 0.822200 0.668300
vt 0.815600 0.666400
vt 0.816000 0.661800
vt 0.796300 0.698700
vt 0.803300 0.704000
vt 0.800000 0.695500
vt 0.805500 0.699800
vt 0.812100 0.701700
vt 0.811800 0.706300
vt 0.807400 0.662800
vt 0.808800 0.667200
vt 0.802700 0.670400
vt 0.799800 0.666900
vt 0.827900 0.701200
vt 0.833500 0.694600
vt 0.825000 0.697600
vt 0.829400 0.692300
vt 0.831500 0.685800
vt 0.836300 0.686300
vt 0.820300 0.705200
vt 0.819000 0.700800
vt 0.794200 0.673500
vt 0.798300 0.675700
vt 0.796200 0.682300
vt 0.791400 0.681700
vt 0.835500 0.677400
vt 0.830900 0.678800
vt 0.792200 0.690700
vt 0.796800 0.689300
vt 0.823500 0.695800
vt 0.827300 0.691200
vt 0.825200 0.690000
vt 0.829100 0.685500
vt 0.812300 0.699300
vt 0.818200 0.698600
vt 0.817500 0.696300
vt 0.804200 0.672300
vt 0.800400 0.676900
vt 0.802600 0.678000
vt 0.798600 0.682600
vt 0.828600 0.679500
vt 0.826200 0.680200
vt 0.825800 0.674100
vt 0.799200 0.688600
vt 0.801500 0.687900
vt 0.801900 0.693900
vt 0.821100 0.670500
vt 0.820000 0.672600
vt 0.815400 0.668800
vt 0.806600 0.697600
vt 0.807700 0.695400
vt 0.809500 0.669500
vt 0.810200 0.671800
vt 0.909200 0.804300
vt 0.911200 0.796200
vt 0.910600 0.804300
vt 0.912700 0.796800
vt 0.912000 0.804300
vt 0.914400 0.811700
vt 0.913400 0.812200
vt 0.946000 0.788400
vt 0.950400 0.795300
vt 0.945300 0.789200
vt 0.949400 0.795800
vt 0.944600 0.790000
vt 0.938300 0.786200
vt 0.938600 0.785200
vt 0.932900 0.824600
vt 0.925200 0.822300
vt 0.932900 0.823600
vt 0.925500 0.821300
vt 0.932900 0.822500
vt 0.940200 0.821000
vt 0.940700 0.822100
vt 0.917800 0.819200
vt 0.918500 0.818300
vt 0.919100 0.817500
vt 0.931000 0.782900
vt 0.931000 0.783900
vt 0.931000 0.785000
vt 0.923600 0.786400
vt 0.923100 0.785400
vt 0.948900 0.818600
vt 0.947800 0.817800
vt 0.946700 0.816900
vt 0.951000 0.810700
vt 0.952500 0.811200
vt 0.914900 0.788800
vt 0.916000 0.789700
vt 0.917000 0.790600
vt 0.954500 0.803200
vt 0.953100 0.803200
vt 0.951700 0.803200
vt 0.924800 0.789200
vt 0.919400 0.792700
vt 0.921700 0.794900
vt 0.915800 0.797900
vt 0.947900 0.809600
vt 0.948500 0.803300
vt 0.945400 0.803400
vt 0.946600 0.797100
vt 0.915200 0.804200
vt 0.918400 0.804000
vt 0.917100 0.810300
vt 0.942700 0.792200
vt 0.940700 0.794500
vt 0.937300 0.789000
vt 0.926600 0.818500
vt 0.932800 0.819500
vt 0.932700 0.816500
vt 0.939000 0.818300
vt 0.921100 0.815300
vt 0.923100 0.813000
vt 0.931100 0.788000
vt 0.931100 0.791000
vt 0.944400 0.814700
vt 0.942000 0.812600
vt 0.939300 0.728500
vt 0.939400 0.722400
vt 0.942100 0.726300
vt 0.943500 0.721400
vt 0.944900 0.724100
vt 0.946200 0.728800
vt 0.945100 0.731900
vt 0.950200 0.704300
vt 0.956100 0.702000
vt 0.955000 0.705100
vt 0.950900 0.707800
vt 0.948100 0.708900
vt 0.945600 0.705500
vt 0.949600 0.700900
vt 0.959300 0.725400
vt 0.958100 0.731800
vt 0.955600 0.728400
vt 0.953000 0.725000
vt 0.955100 0.722400
vt 0.961700 0.721100
vt 0.963500 0.728300
vt 0.941900 0.708500
vt 0.943100 0.702100
vt 0.946100 0.711400
vt 0.939400 0.712800
vt 0.937700 0.705600
vt 0.967700 0.716800
vt 0.962700 0.716200
vt 0.957600 0.715700
vt 0.957700 0.712500
vt 0.961800 0.711500
vt 0.966000 0.710600
vt 0.933500 0.717100
vt 0.938500 0.717700
vt 0.943600 0.718200
vt 0.935200 0.723300
vt 0.961900 0.705500
vt 0.959100 0.707600
vt 0.956300 0.709800
vt 0.950900 0.729600
vt 0.950200 0.726100
vt 0.951600 0.733000
vt 0.938500 0.778700
vt 0.942000 0.777500
vt 0.942000 0.779600
vt 0.942000 0.781700
vt 0.937400 0.780600
vt 0.934000 0.777700
vt 0.935900 0.776200
vt 0.939600 0.776700
vt 0.946800 0.771600
vt 0.948900 0.768000
vt 0.948900 0.772400
vt 0.951000 0.768000
vt 0.951000 0.773200
vt 0.948000 0.776200
vt 0.946200 0.774700
vt 0.939600 0.759300
vt 0.935900 0.759900
vt 0.938500 0.757400
vt 0.934000 0.758400
vt 0.937400 0.755400
vt 0.942000 0.754400
vt 0.942000 0.756500
vt 0.942000 0.758600
vt 0.937200 0.764400
vt 0.935000 0.768000
vt 0.935000 0.763600
vt 0.932900 0.768000
vt 0.932900 0.762800
vt 0.937800 0.761300
vt 0.956500 0.712800
vt 0.955400 0.710600
vt 0.954500 0.711400
vt 0.953500 0.709200
vt 0.947700 0.724700
vt 0.950100 0.724900
vt 0.949900 0.723700
vt 0.952300 0.723900
vt 0.944800 0.721100
vt 0.945800 0.723300
vt 0.946700 0.722500
vt 0.951100 0.709000
vt 0.951300 0.710200
vt 0.948800 0.710000
vt 0.954000 0.721600
vt 0.951600 0.722800
vt 0.953000 0.720800
vt 0.955300 0.718700
vt 0.947200 0.712300
vt 0.948200 0.713100
vt 0.945900 0.715200
vt 0.956300 0.715600
vt 0.954900 0.715600
vt 0.945000 0.718300
vt 0.946300 0.718300
vt 0.946000 0.720700
vt 0.907300 0.736800
vt 0.920100 0.731700
vt 0.920100 0.736800
vt 0.932800 0.736800
vt 0.920100 0.741800
vt 0.920100 0.705900
vt 0.907300 0.700900
vt 0.920100 0.700900
vt 0.932800 0.705900
vt 0.920100 0.711000
vt 0.907300 0.705900
vt 0.907300 0.777700
vt 0.920100 0.772700
vt 0.920100 0.777700
vt 0.932800 0.777700
vt 0.920100 0.782800
vt 0.907300 0.782800
vt 0.907300 0.746900
vt 0.920100 0.746900
vt 0.932800 0.746900
vt 0.920100 0.751900
vt 0.907300 0.716100
vt 0.920100 0.716100
vt 0.932800 0.716100
vt 0.920100 0.721400
vt 0.907300 0.757100
vt 0.920100 0.757100
vt 0.932800 0.757100
vt 0.920100 0.762300
vt 0.907300 0.726600
vt 0.920100 0.726600
vt 0.932800 0.726600
vt 0.907300 0.767500
vt 0.920100 0.767500
vt 0.932800 0.767500
vt 0.944400 0.776700
vt 0.945400 0.778700
vt 0.949900 0.777700
vt 0.946500 0.780600
vt 0.945400 0.757400
vt 0.946500 0.755400
vt 0.949900 0.758400
vt 0.948000 0.759900
vt 0.944400 0.759300
vt 0.935000 0.772400
vt 0.937800 0.774700
vt 0.932900 0.773200
vt 0.937200 0.771600
vt 0.948900 0.763600
vt 0.946200 0.761300
vt 0.951000 0.762800
vt 0.946800 0.764400
vt 0.834600 0.780400
vt 0.843200 0.772400
vt 0.838700 0.770500
vt 0.842800 0.760700
vt 0.834200 0.768700
vt 0.786600 0.737400
vt 0.778000 0.745300
vt 0.782400 0.747200
vt 0.778300 0.756900
vt 0.786900 0.749100
vt 0.842700 0.756900
vt 0.843000 0.745300
vt 0.838600 0.747200
vt 0.834400 0.737400
vt 0.834100 0.749100
vt 0.778200 0.760700
vt 0.777800 0.772400
vt 0.782300 0.770500
vt 0.786400 0.780400
vt 0.786800 0.768700
vt 0.831800 0.734900
vt 0.823900 0.726400
vt 0.822100 0.730900
vt 0.812300 0.726900
vt 0.820200 0.735300
vt 0.812300 0.791100
vt 0.824000 0.791500
vt 0.822100 0.787000
vt 0.832000 0.783000
vt 0.820300 0.782600
vt 0.789000 0.783000
vt 0.797000 0.791500
vt 0.798800 0.787000
vt 0.808700 0.791100
vt 0.800700 0.782600
vt 0.808700 0.726900
vt 0.797100 0.726400
vt 0.798900 0.730900
vt 0.787300 0.730400
vt 0.789200 0.734900
vt 0.800700 0.735300
vt 0.831800 0.758900
vt 0.830100 0.750700
vt 0.825500 0.743800
vt 0.822400 0.746900
vt 0.826100 0.752400
vt 0.827400 0.758900
vt 0.789200 0.758800
vt 0.790800 0.767000
vt 0.795400 0.774000
vt 0.798500 0.770900
vt 0.794900 0.765300
vt 0.793500 0.758900
vt 0.818600 0.739300
vt 0.810500 0.737600
vt 0.810500 0.742000
vt 0.816900 0.743300
vt 0.810500 0.780200
vt 0.818600 0.778500
vt 0.825600 0.774000
vt 0.822500 0.770900
vt 0.817000 0.774500
vt 0.810500 0.775800
vt 0.802400 0.778500
vt 0.804000 0.774500
vt 0.802400 0.739300
vt 0.795500 0.743800
vt 0.798500 0.746900
vt 0.804100 0.743300
vt 0.830100 0.767000
vt 0.826100 0.765300
vt 0.790900 0.750700
vt 0.794900 0.752400
vt 0.799700 0.748100
vt 0.796500 0.753100
vt 0.795300 0.758900
vt 0.797000 0.758900
vt 0.798000 0.753700
vt 0.801000 0.749300
vt 0.825700 0.758900
vt 0.824500 0.753100
vt 0.821300 0.748100
vt 0.820100 0.749300
vt 0.823000 0.753700
vt 0.824000 0.758900
vt 0.796400 0.764700
vt 0.799700 0.769700
vt 0.800900 0.768400
vt 0.798000 0.764000
vt 0.816300 0.744900
vt 0.810500 0.743700
vt 0.810500 0.745400
vt 0.815700 0.746500
vt 0.810500 0.774100
vt 0.816300 0.772900
vt 0.821300 0.769700
vt 0.820100 0.768500
vt 0.815600 0.771400
vt 0.810500 0.772400
vt 0.804700 0.772900
vt 0.805300 0.771300
vt 0.804700 0.744900
vt 0.805400 0.746400
vt 0.824500 0.764700
vt 0.823000 0.764100
vt 0.810500 0.747300
vt 0.806100 0.748200
vt 0.802300 0.750700
vt 0.803700 0.752000
vt 0.806800 0.750000
vt 0.810500 0.749200
vt 0.818700 0.767100
vt 0.821200 0.763300
vt 0.822100 0.758900
vt 0.820200 0.758900
vt 0.819400 0.762600
vt 0.817300 0.765800
vt 0.799800 0.754400
vt 0.798900 0.758900
vt 0.800800 0.758900
vt 0.801600 0.755200
vt 0.821200 0.754500
vt 0.818700 0.750700
vt 0.817400 0.752100
vt 0.819400 0.755200
vt 0.799800 0.763300
vt 0.802300 0.767100
vt 0.803600 0.765700
vt 0.801600 0.762600
vt 0.814900 0.748200
vt 0.814200 0.750000
vt 0.810500 0.770500
vt 0.814900 0.769600
vt 0.814200 0.767800
vt 0.810500 0.768600
vt 0.806000 0.769600
vt 0.806800 0.767800
vt 0.848600 0.686100
vt 0.851200 0.672900
vt 0.845600 0.674400
vt 0.842600 0.662800
vt 0.840100 0.676000
vt 0.841000 0.686900
vt 0.779100 0.682000
vt 0.776500 0.695200
vt 0.782100 0.693600
vt 0.785100 0.705300
vt 0.787600 0.692100
vt 0.839100 0.659800
vt 0.830900 0.650400
vt 0.828800 0.655100
vt 0.818500 0.650400
vt 0.826600 0.659800
vt 0.788600 0.708300
vt 0.796800 0.717700
vt 0.798900 0.713000
vt 0.809200 0.717700
vt 0.811400 0.711000
vt 0.801100 0.708300
vt 0.814800 0.650400
vt 0.803000 0.649000
vt 0.804500 0.653700
vt 0.794200 0.657000
vt 0.806000 0.658400
vt 0.836300 0.708900
vt 0.846200 0.702000
vt 0.841900 0.699400
vt 0.847500 0.690000
vt 0.837600 0.696900
vt 0.812900 0.717700
vt 0.824700 0.719000
vt 0.823200 0.714300
vt 0.833500 0.711000
vt 0.821700 0.709600
vt 0.791400 0.659200
vt 0.781500 0.666100
vt 0.785800 0.668600
vt 0.780200 0.678100
vt 0.790100 0.671200
vt 0.831400 0.669400
vt 0.824400 0.664100
vt 0.816000 0.661800
vt 0.815600 0.666400
vt 0.822200 0.668300
vt 0.827700 0.672500
vt 0.796300 0.698700
vt 0.803300 0.704000
vt 0.811800 0.706300
vt 0.812100 0.701700
vt 0.805500 0.699800
vt 0.800000 0.695500
vt 0.807400 0.662800
vt 0.799800 0.666900
vt 0.802700 0.670400
vt 0.808800 0.667200
vt 0.827900 0.701200
vt 0.833500 0.694600
vt 0.836300 0.686300
vt 0.831500 0.685800
vt 0.829400 0.692300
vt 0.825000 0.697600
vt 0.820300 0.705200
vt 0.819000 0.700800
vt 0.794200 0.673500
vt 0.791400 0.681700
vt 0.796200 0.682300
vt 0.798300 0.675700
vt 0.835500 0.677400
vt 0.830900 0.678800
vt 0.792200 0.690700
vt 0.796800 0.689300
vt 0.823500 0.695800
vt 0.827300 0.691200
vt 0.829100 0.685500
vt 0.825200 0.690000
vt 0.812300 0.699300
vt 0.818200 0.698600
vt 0.817500 0.696300
vt 0.804200 0.672300
vt 0.800400 0.676900
vt 0.798600 0.682600
vt 0.802600 0.678000
vt 0.828600 0.679500
vt 0.825800 0.674100
vt 0.826200 0.680200
vt 0.799200 0.688600
vt 0.801900 0.693900
vt 0.801500 0.687900
vt 0.821100 0.670500
vt 0.815400 0.668800
vt 0.820000 0.672600
vt 0.806600 0.697600
vt 0.807700 0.695400
vt 0.809500 0.669500
vt 0.810200 0.671800
vt 0.911200 0.796200
vt 0.909200 0.804300
vt 0.910600 0.804300
vt 0.913400 0.812200
vt 0.914400 0.811700
vt 0.912000 0.804300
vt 0.912700 0.796800
vt 0.950400 0.795300
vt 0.946000 0.788400
vt 0.945300 0.789200
vt 0.938600 0.785200
vt 0.938300 0.786200
vt 0.944600 0.790000
vt 0.949400 0.795800
vt 0.925200 0.822300
vt 0.932900 0.824600
vt 0.932900 0.823600
vt 0.940700 0.822100
vt 0.940200 0.821000
vt 0.932900 0.822500
vt 0.925500 0.821300
vt 0.917800 0.819200
vt 0.918500 0.818300
vt 0.919100 0.817500
vt 0.931000 0.782900
vt 0.931000 0.783900
vt 0.923100 0.785400
vt 0.923600 0.786400
vt 0.931000 0.785000
vt 0.948900 0.818600
vt 0.947800 0.817800
vt 0.952500 0.811200
vt 0.951000 0.810700
vt 0.946700 0.816900
vt 0.914900 0.788800
vt 0.916000 0.789700
vt 0.917000 0.790600
vt 0.954500 0.803200
vt 0.953100 0.803200
vt 0.951700 0.803200
vt 0.924800 0.789200
vt 0.919400 0.792700
vt 0.915800 0.797900
vt 0.921700 0.794900
vt 0.947900 0.809600
vt 0.948500 0.803300
vt 0.946600 0.797100
vt 0.945400 0.803400
vt 0.915200 0.804200
vt 0.917100 0.810300
vt 0.918400 0.804000
vt 0.942700 0.792200
vt 0.937300 0.789000
vt 0.940700 0.794500
vt 0.926600 0.818500
vt 0.932800 0.819500
vt 0.939000 0.818300
vt 0.932700 0.816500
vt 0.921100 0.815300
vt 0.923100 0.813000
vt 0.931100 0.788000
vt 0.931100 0.791000
vt 0.944400 0.814700
vt 0.942000 0.812600
vt 0.939400 0.722400
vt 0.939300 0.728500
vt 0.942100 0.726300
vt 0.945100 0.731900
vt 0.946200 0.728800
vt 0.944900 0.724100
vt 0.943500 0.721400
vt 0.950200 0.704300
vt 0.956100 0.702000
vt 0.949600 0.700900
vt 0.945600 0.705500
vt 0.948100 0.708900
vt 0.950900 0.707800
vt 0.955000 0.705100
vt 0.959300 0.725400
vt 0.958100 0.731800
vt 0.963500 0.728300
vt 0.961700 0.721100
vt 0.955100 0.722400
vt 0.953000 0.725000
vt 0.955600 0.728400
vt 0.941900 0.708500
vt 0.943100 0.702100
vt 0.937700 0.705600
vt 0.939400 0.712800
vt 0.946100 0.711400
vt 0.967700 0.716800
vt 0.962700 0.716200
vt 0.966000 0.710600
vt 0.961800 0.711500
vt 0.957700 0.712500
vt 0.957600 0.715700
vt 0.933500 0.717100
vt 0.938500 0.717700
vt 0.935200 0.723300
vt 0.943600 0.718200
vt 0.961900 0.705500
vt 0.959100 0.707600
vt 0.956300 0.709800
vt 0.950900 0.729600
vt 0.951600 0.733000
vt 0.950200 0.726100
vt 0.938500 0.778700
vt 0.942000 0.777500
vt 0.939600 0.776700
vt 0.935900 0.776200
vt 0.934000 0.777700
vt 0.937400 0.780600
vt 0.942000 0.781700
vt 0.942000 0.779600
vt 0.948900 0.768000
vt 0.946800 0.771600
vt 0.948900 0.772400
vt 0.946200 0.774700
vt 0.948000 0.776200
vt 0.951000 0.773200
vt 0.951000 0.768000
vt 0.935900 0.759900
vt 0.939600 0.759300
vt 0.938500 0.757400
vt 0.942000 0.758600
vt 0.942000 0.756500
vt 0.942000 0.754400
vt 0.937400 0.755400
vt 0.934000 0.758400
vt 0.935000 0.768000
vt 0.937200 0.764400
vt 0.935000 0.763600
vt 0.937800 0.761300
vt 0.932900 0.762800
vt 0.932900 0.768000
vt 0.956500 0.712800
vt 0.955400 0.710600
vt 0.953500 0.709200
vt 0.954500 0.711400
vt 0.947700 0.724700
vt 0.950100 0.724900
vt 0.952300 0.723900
vt 0.949900 0.723700
vt 0.944800 0.721100
vt 0.945800 0.723300
vt 0.946700 0.722500
vt 0.951100 0.709000
vt 0.948800 0.710000
vt 0.951300 0.710200
vt 0.954000 0.721600
vt 0.955300 0.718700
vt 0.953000 0.720800
vt 0.951600 0.722800
vt 0.947200 0.712300
vt 0.945900 0.715200
vt 0.948200 0.713100
vt 0.956300 0.715600
vt 0.954900 0.715600
vt 0.945000 0.718300
vt 0.946000 0.720700
vt 0.946300 0.718300
vt 0.920100 0.731700
vt 0.907300 0.736800
vt 0.920100 0.736800
vt 0.920100 0.741800
vt 0.920100 0.705900
vt 0.907300 0.700900
vt 0.907300 0.705900
vt 0.920100 0.711000
vt 0.920100 0.700900
vt 0.920100 0.772700
vt 0.907300 0.777700
vt 0.920100 0.777700
vt 0.907300 0.782800
vt 0.920100 0.782800
vt 0.907300 0.746900
vt 0.920100 0.746900
vt 0.920100 0.751900
vt 0.907300 0.716100
vt 0.920100 0.716100
vt 0.920100 0.721400
vt 0.907300 0.757100
vt 0.920100 0.757100
vt 0.920100 0.762300
vt 0.907300 0.726600
vt 0.920100 0.726600
vt 0.907300 0.767500
vt 0.920100 0.767500
vt 0.944400 0.776700
vt 0.945400 0.778700
vt 0.946500 0.780600
vt 0.949900 0.777700
vt 0.945400 0.757400
vt 0.944400 0.759300
vt 0.948000 0.759900
vt 0.949900 0.758400
vt 0.946500 0.755400
vt 0.935000 0.772400
vt 0.937800 0.774700
vt 0.937200 0.771600
vt 0.932900 0.773200
vt 0.948900 0.763600
vt 0.946200 0.761300
vt 0.946800 0.764400
vt 0.951000 0.762800
vt 0.601300 0.856400
vt 0.601300 0.843100
vt 0.598900 0.843100
vt 0.598900 0.856400
vt 0.586400 0.856400
vt 0.586400 0.843100
vt 0.584000 0.843100
vt 0.584000 0.856400
vt 0.596500 0.843100
vt 0.596500 0.856400
vt 0.581500 0.843100
vt 0.581500 0.856400
vt 0.593900 0.843100
vt 0.593900 0.856400
vt 0.579000 0.843100
vt 0.579000 0.856400
vt 0.591300 0.843100
vt 0.591300 0.856400
vt 0.608900 0.856400
vt 0.608900 0.843100
vt 0.606300 0.843100
vt 0.606300 0.856400
vt 0.588800 0.843100
vt 0.588800 0.856400
vt 0.603700 0.843100
vt 0.603700 0.856400
vt 0.607100 0.742800
vt 0.593800 0.742800
vt 0.593800 0.745200
vt 0.607100 0.745200
vt 0.607100 0.757700
vt 0.593800 0.757700
vt 0.593800 0.760100
vt 0.607100 0.760100
vt 0.593800 0.747600
vt 0.607100 0.747600
vt 0.593800 0.762600
vt 0.607100 0.762600
vt 0.593800 0.750200
vt 0.607100 0.750200
vt 0.593800 0.765100
vt 0.607100 0.765100
vt 0.593800 0.752800
vt 0.607100 0.752800
vt 0.607100 0.735200
vt 0.593800 0.735200
vt 0.593800 0.737800
vt 0.607100 0.737800
vt 0.593800 0.755300
vt 0.607100 0.755300
vt 0.593800 0.740400
vt 0.607100 0.740400
vt 0.578900 0.770500
vt 0.573200 0.770500
vt 0.573200 0.715900
vt 0.578900 0.715900
vt 0.561700 0.770500
vt 0.561700 0.715900
vt 0.555900 0.770500
vt 0.550200 0.770500
vt 0.544400 0.715900
vt 0.538700 0.715900
vt 0.532900 0.770500
vt 0.532900 0.715900
vt 0.527200 0.770500
vt 0.527200 0.715900
vt 0.521400 0.770500
vt 0.521400 0.715900
vt 0.551700 0.828500
vt 0.546700 0.825600
vt 0.515700 0.770500
vt 0.510000 0.770500
vt 0.509900 0.715900
vt 0.578500 0.834000
vt 0.575400 0.828700
vt 0.574500 0.835100
vt 0.574400 0.839100
vt 0.572400 0.842500
vt 0.564900 0.844400
vt 0.561500 0.842400
vt 0.559500 0.835000
vt 0.572500 0.831600
vt 0.575300 0.845400
vt 0.578400 0.840100
vt 0.563900 0.848400
vt 0.570000 0.848400
vt 0.555500 0.840100
vt 0.558600 0.845400
vt 0.558700 0.828600
vt 0.555500 0.833900
vt 0.570100 0.825600
vt 0.564000 0.825600
vt 0.541000 0.825600
vt 0.536000 0.828500
vt 0.533100 0.833500
vt 0.533100 0.839200
vt 0.536000 0.844200
vt 0.541000 0.847100
vt 0.546700 0.847100
vt 0.551700 0.844200
vt 0.554600 0.839200
vt 0.554600 0.833500
vt 0.578900 0.825200
vt 0.573200 0.825200
vt 0.573200 0.770600
vt 0.578900 0.770600
vt 0.567400 0.825200
vt 0.567400 0.770600
vt 0.561700 0.825200
vt 0.561700 0.770600
vt 0.555900 0.825200
vt 0.555900 0.770600
vt 0.550200 0.825200
vt 0.550200 0.770600
vt 0.544400 0.825200
vt 0.544400 0.770600
vt 0.538700 0.825200
vt 0.538700 0.770600
vt 0.532900 0.825200
vt 0.527200 0.825200
vt 0.527200 0.770600
vt 0.521400 0.825200
vt 0.521400 0.770600
vt 0.528900 0.828500
vt 0.523900 0.825600
vt 0.515700 0.825200
vt 0.509900 0.825200
vt 0.509900 0.770600
vt 0.515700 0.770600
vt 0.602500 0.834300
vt 0.602400 0.828200
vt 0.596400 0.836700
vt 0.592900 0.838700
vt 0.585500 0.836700
vt 0.583500 0.833200
vt 0.585500 0.825800
vt 0.589000 0.823900
vt 0.596400 0.825900
vt 0.598400 0.829300
vt 0.594000 0.842600
vt 0.599300 0.839600
vt 0.582600 0.839600
vt 0.587900 0.842600
vt 0.579400 0.828200
vt 0.579500 0.834400
vt 0.587800 0.819900
vt 0.582500 0.822900
vt 0.599200 0.822900
vt 0.593900 0.819900
vt 0.518200 0.825600
vt 0.513200 0.828500
vt 0.510300 0.833500
vt 0.510300 0.839200
vt 0.513200 0.844200
vt 0.518200 0.847100
vt 0.523900 0.847100
vt 0.528900 0.844200
vt 0.531800 0.839200
vt 0.531800 0.833500
vt 0.828700 0.777100
vt 0.836200 0.758800
vt 0.847300 0.762500
vt 0.782100 0.735500
vt 0.792400 0.740700
vt 0.784800 0.758800
vt 0.773800 0.755000
vt 0.847100 0.755000
vt 0.828600 0.740700
vt 0.838900 0.735500
vt 0.773700 0.762500
vt 0.792300 0.777100
vt 0.833600 0.730400
vt 0.810500 0.733300
vt 0.814100 0.722400
vt 0.814200 0.795500
vt 0.810500 0.784600
vt 0.833800 0.787400
vt 0.787200 0.787400
vt 0.806800 0.795500
vt 0.806800 0.722400
vt 0.787300 0.730400
vt 0.854000 0.684800
vt 0.841000 0.686900
vt 0.835200 0.666200
vt 0.848300 0.661000
vt 0.773700 0.683300
vt 0.786700 0.681200
vt 0.792600 0.701900
vt 0.779400 0.707000
vt 0.841200 0.655100
vt 0.816300 0.657100
vt 0.820600 0.645700
vt 0.786500 0.712900
vt 0.811400 0.711000
vt 0.807100 0.722400
vt 0.813300 0.645700
vt 0.796900 0.663300
vt 0.792700 0.652300
vt 0.840600 0.711400
vt 0.830800 0.704800
vt 0.851800 0.692500
vt 0.814400 0.722400
vt 0.835000 0.715700
vt 0.787100 0.656600
vt 0.775900 0.675600
vt 0.822000 0.693900
vt 0.826700 0.685200
vt 0.812600 0.696900
vt 0.805700 0.674200
vt 0.801000 0.682800
vt 0.823900 0.675700
vt 0.803800 0.692300
vt 0.815100 0.671200
vt 0.909700 0.795700
vt 0.912300 0.812700
vt 0.951400 0.794800
vt 0.939000 0.784300
vt 0.924800 0.823300
vt 0.941100 0.823100
vt 0.922700 0.784300
vt 0.954000 0.811800
vt 0.926100 0.792000
vt 0.918900 0.799000
vt 0.944800 0.808400
vt 0.943900 0.798500
vt 0.919900 0.809000
vt 0.936200 0.791800
vt 0.927600 0.815700
vt 0.937700 0.815500
vt 0.947300 0.725800
vt 0.953900 0.708100
vt 0.956500 0.719200
vt 0.967000 0.723000
vt 0.944700 0.714700
vt 0.934200 0.710900
vt 0.946800 0.768000
vt 0.937200 0.768000
vt 0.955200 0.713200
vt 0.953000 0.710300
vt 0.948100 0.723600
vt 0.949500 0.711100
vt 0.954000 0.718200
vt 0.947200 0.715700
vt 0.907300 0.731700
vt 0.932800 0.731700
vt 0.932800 0.741800
vt 0.907300 0.741800
vt 0.932800 0.700900
vt 0.932800 0.711000
vt 0.907300 0.711000
vt 0.907300 0.772700
vt 0.932800 0.772700
vt 0.932800 0.782800
vt 0.932800 0.751900
vt 0.907300 0.751900
vt 0.932800 0.721400
vt 0.907300 0.721400
vt 0.932800 0.762300
vt 0.907300 0.762300
vt 0.839100 0.782300
vt 0.847300 0.762500
vt 0.836200 0.758800
vt 0.828700 0.777100
vt 0.782100 0.735500
vt 0.773800 0.755000
vt 0.784800 0.758800
vt 0.792400 0.740700
vt 0.847100 0.755000
vt 0.838900 0.735500
vt 0.828600 0.740700
vt 0.773700 0.762500
vt 0.781900 0.782300
vt 0.792300 0.777100
vt 0.833600 0.730400
vt 0.814100 0.722400
vt 0.810500 0.733300
vt 0.814200 0.795500
vt 0.833800 0.787400
vt 0.810500 0.784600
vt 0.787200 0.787400
vt 0.806800 0.795500
vt 0.806800 0.722400
vt 0.854000 0.684800
vt 0.848300 0.661000
vt 0.835200 0.666200
vt 0.773700 0.683300
vt 0.779400 0.707000
vt 0.792600 0.701900
vt 0.786700 0.681200
vt 0.841200 0.655100
vt 0.820600 0.645700
vt 0.816300 0.657100
vt 0.786500 0.712900
vt 0.807100 0.722400
vt 0.813300 0.645700
vt 0.792700 0.652300
vt 0.796900 0.663300
vt 0.840600 0.711400
vt 0.851800 0.692500
vt 0.830800 0.704800
vt 0.814400 0.722400
vt 0.835000 0.715700
vt 0.787100 0.656600
vt 0.775900 0.675600
vt 0.826700 0.685200
vt 0.822000 0.693900
vt 0.812600 0.696900
vt 0.801000 0.682800
vt 0.805700 0.674200
vt 0.823900 0.675700
vt 0.803800 0.692300
vt 0.815100 0.671200
vt 0.909700 0.795700
vt 0.912300 0.812700
vt 0.951400 0.794800
vt 0.939000 0.784300
vt 0.924800 0.823300
vt 0.941100 0.823100
vt 0.922700 0.784300
vt 0.954000 0.811800
vt 0.918900 0.799000
vt 0.926100 0.792000
vt 0.943900 0.798500
vt 0.944800 0.808400
vt 0.919900 0.809000
vt 0.936200 0.791800
vt 0.937700 0.815500
vt 0.927600 0.815700
vt 0.947300 0.725800
vt 0.953900 0.708100
vt 0.967000 0.723000
vt 0.956500 0.719200
vt 0.934200 0.710900
vt 0.944700 0.714700
vt 0.946800 0.768000
vt 0.937200 0.768000
vt 0.953000 0.710300
vt 0.955200 0.713200
vt 0.948100 0.723600
vt 0.949500 0.711100
vt 0.954000 0.718200
vt 0.947200 0.715700
vt 0.907300 0.731700
vt 0.907300 0.741800
vt 0.907300 0.711000
vt 0.907300 0.772700
vt 0.907300 0.751900
vt 0.907300 0.721400
vt 0.907300 0.762300
vt 0.785100 0.885000
vt 0.806200 0.890400
vt 0.783800 0.890400
vt 0.764100 0.885000
vt 0.766200 0.879600
vt 0.786200 0.879600
vt 0.806200 0.885000
vt 0.680400 0.962400
vt 0.734900 0.968500
vt 0.680400 0.968700
vt 0.625800 0.969000
vt 0.625900 0.962600
vt 0.680400 0.956000
vt 0.734800 0.955900
vt 0.734800 0.962200
vt 0.680400 0.949700
vt 0.625900 0.956200
vt 0.625900 0.949800
vt 0.680400 0.943400
vt 0.734800 0.949600
vt 0.888000 0.885300
vt 0.883800 0.890300
vt 0.884700 0.885300
vt 0.880700 0.889000
vt 0.881400 0.885300
vt 0.880700 0.881500
vt 0.883700 0.880200
vt 0.860000 0.896300
vt 0.859700 0.889800
vt 0.862400 0.894000
vt 0.862700 0.888600
vt 0.864700 0.891700
vt 0.867800 0.893900
vt 0.866400 0.896900
vt 0.871800 0.868900
vt 0.876700 0.873200
vt 0.871800 0.872200
vt 0.875500 0.876200
vt 0.871800 0.875500
vt 0.868100 0.876200
vt 0.866900 0.873100
vt 0.883200 0.873600
vt 0.880900 0.876000
vt 0.878600 0.878400
vt 0.871100 0.901300
vt 0.871300 0.898000
vt 0.871400 0.894700
vt 0.875200 0.894100
vt 0.876300 0.897200
vt 0.860400 0.873600
vt 0.862700 0.875900
vt 0.865000 0.878200
vt 0.862900 0.881300
vt 0.859800 0.880000
vt 0.882900 0.896900
vt 0.880700 0.894500
vt 0.878400 0.892100
vt 0.855500 0.884800
vt 0.858800 0.884900
vt 0.862100 0.884900
vt 0.867000 0.880200
vt 0.867900 0.875500
vt 0.869100 0.882400
vt 0.862200 0.881000
vt 0.871700 0.885000
vt 0.874200 0.887700
vt 0.876400 0.890000
vt 0.875400 0.894800
vt 0.881500 0.889400
vt 0.680400 0.975100
vt 0.735200 0.981100
vt 0.680500 0.981500
vt 0.625800 0.981800
vt 0.625800 0.975400
vt 0.735000 0.974800
vt 0.845000 0.894200
vt 0.835200 0.899600
vt 0.832700 0.894200
vt 0.820400 0.899600
vt 0.820400 0.894200
vt 0.830600 0.888900
vt 0.840700 0.888900
vt 0.734700 0.937100
vt 0.680400 0.937100
vt 0.626000 0.937000
vt 0.680400 0.930700
vt 0.734700 0.930900
vt 0.862000 0.915800
vt 0.841700 0.921200
vt 0.841200 0.915800
vt 0.820400 0.921200
vt 0.820400 0.915800
vt 0.839800 0.910400
vt 0.859200 0.910400
vt 0.854900 0.905000
vt 0.837700 0.905000
vt 0.820400 0.910400
vt 0.820400 0.905000
vt 0.850000 0.899600
vt 0.837900 0.883500
vt 0.829200 0.883500
vt 0.820400 0.888900
vt 0.820400 0.883500
vt 0.828200 0.878100
vt 0.835900 0.878100
vt 0.841200 0.926600
vt 0.859200 0.931900
vt 0.839800 0.931900
vt 0.820400 0.926600
vt 0.862000 0.926600
vt 0.829200 0.958900
vt 0.835900 0.964200
vt 0.828200 0.964200
vt 0.820400 0.958900
vt 0.820400 0.953500
vt 0.830600 0.953500
vt 0.837900 0.958900
vt 0.837700 0.937300
vt 0.850000 0.942700
vt 0.835200 0.942700
vt 0.820400 0.937300
vt 0.820400 0.931900
vt 0.854900 0.937300
vt 0.832700 0.948100
vt 0.840700 0.953500
vt 0.820400 0.948100
vt 0.820400 0.942700
vt 0.845000 0.948100
vt 0.773100 0.917300
vt 0.806200 0.922700
vt 0.772600 0.922700
vt 0.740100 0.917300
vt 0.742900 0.911900
vt 0.774500 0.911900
vt 0.806200 0.917300
vt 0.776700 0.906500
vt 0.806200 0.911900
vt 0.747100 0.906500
vt 0.752100 0.901200
vt 0.779100 0.901200
vt 0.806200 0.906500
vt 0.806200 0.960400
vt 0.786200 0.965800
vt 0.785200 0.960400
vt 0.766200 0.965800
vt 0.764100 0.960400
vt 0.783800 0.955000
vt 0.806200 0.955000
vt 0.781600 0.895800
vt 0.806200 0.901200
vt 0.757100 0.895800
vt 0.761300 0.890400
vt 0.806200 0.895800
vt 0.806200 0.949600
vt 0.781600 0.949600
vt 0.761300 0.955000
vt 0.757100 0.949600
vt 0.779100 0.944200
vt 0.806200 0.944200
vt 0.806200 0.938900
vt 0.776700 0.938900
vt 0.752100 0.944200
vt 0.747100 0.938900
vt 0.774500 0.933500
vt 0.806200 0.933500
vt 0.680800 0.886600
vt 0.734900 0.893500
vt 0.680600 0.892900
vt 0.626500 0.886000
vt 0.680900 0.880300
vt 0.735000 0.887200
vt 0.734700 0.912200
vt 0.680400 0.918100
vt 0.680500 0.911800
vt 0.626200 0.911500
vt 0.626300 0.905100
vt 0.680500 0.905500
vt 0.734700 0.905900
vt 0.806200 0.928100
vt 0.773100 0.928100
vt 0.742900 0.933500
vt 0.740100 0.928100
vt 0.734700 0.924700
vt 0.680400 0.924400
vt 0.626100 0.924200
vt 0.626200 0.917800
vt 0.734700 0.918400
vt 0.734800 0.899700
vt 0.680600 0.899200
vt 0.626400 0.898700
vt 0.736200 0.893600
vt 0.736200 0.899800
vt 0.737600 0.893700
vt 0.737500 0.899800
vt 0.737500 0.906000
vt 0.736100 0.906000
vt 0.736100 0.918400
vt 0.736100 0.924700
vt 0.737500 0.918400
vt 0.737500 0.924700
vt 0.737500 0.930900
vt 0.736100 0.930900
vt 0.736100 0.912200
vt 0.737500 0.912200
vt 0.736600 0.881500
vt 0.736400 0.887500
vt 0.738000 0.882000
vt 0.737800 0.887800
vt 0.736100 0.937100
vt 0.737500 0.937200
vt 0.737600 0.943400
vt 0.736100 0.943400
vt 0.736300 0.968400
vt 0.736400 0.974500
vt 0.737700 0.968300
vt 0.737800 0.974200
vt 0.738000 0.980000
vt 0.736600 0.980600
vt 0.736200 0.949600
vt 0.737600 0.949700
vt 0.737700 0.955900
vt 0.736200 0.955900
vt 0.736300 0.962200
vt 0.737700 0.962100
vt 0.785100 0.885000
vt 0.806200 0.890400
vt 0.806200 0.885000
vt 0.786200 0.879600
vt 0.766200 0.879600
vt 0.764100 0.885000
vt 0.783800 0.890400
vt 0.680400 0.968700
vt 0.734800 0.962200
vt 0.680400 0.962400
vt 0.734800 0.955900
vt 0.680400 0.956000
vt 0.625900 0.956200
vt 0.625900 0.962600
vt 0.680400 0.949700
vt 0.734800 0.949600
vt 0.680400 0.943400
vt 0.625900 0.949800
vt 0.883800 0.890300
vt 0.888000 0.885300
vt 0.884700 0.885300
vt 0.883700 0.880200
vt 0.880700 0.881500
vt 0.881400 0.885300
vt 0.880700 0.889000
vt 0.859700 0.889800
vt 0.860000 0.896300
vt 0.862400 0.894000
vt 0.866400 0.896900
vt 0.867800 0.893900
vt 0.864700 0.891700
vt 0.862700 0.888600
vt 0.876700 0.873200
vt 0.871800 0.868900
vt 0.871800 0.872200
vt 0.866900 0.873100
vt 0.868100 0.876200
vt 0.871800 0.875500
vt 0.875500 0.876200
vt 0.883200 0.873600
vt 0.880900 0.876000
vt 0.878600 0.878400
vt 0.871100 0.901300
vt 0.871300 0.898000
vt 0.876300 0.897200
vt 0.875200 0.894100
vt 0.871400 0.894700
vt 0.860400 0.873600
vt 0.862700 0.875900
vt 0.859800 0.880000
vt 0.862900 0.881300
vt 0.865000 0.878200
vt 0.882900 0.896900
vt 0.880700 0.894500
vt 0.878400 0.892100
vt 0.855500 0.884800
vt 0.858800 0.884900
vt 0.862100 0.884900
vt 0.867000 0.880200
vt 0.867900 0.875500
vt 0.862200 0.881000
vt 0.869100 0.882400
vt 0.871700 0.885000
vt 0.874200 0.887700
vt 0.876400 0.890000
vt 0.875400 0.894800
vt 0.881500 0.889400
vt 0.680400 0.975100
vt 0.735200 0.981100
vt 0.735000 0.974800
vt 0.734900 0.968500
vt 0.625800 0.975400
vt 0.680500 0.981500
vt 0.835200 0.899600
vt 0.845000 0.894200
vt 0.832700 0.894200
vt 0.840700 0.888900
vt 0.830600 0.888900
vt 0.820400 0.894200
vt 0.820400 0.899600
vt 0.680400 0.937100
vt 0.734700 0.943400
vt 0.734700 0.937100
vt 0.734700 0.930900
vt 0.680400 0.930700
vt 0.626100 0.930600
vt 0.626000 0.937000
vt 0.841700 0.921200
vt 0.862000 0.915800
vt 0.841200 0.915800
vt 0.859200 0.910400
vt 0.839800 0.910400
vt 0.820400 0.915800
vt 0.820400 0.921200
vt 0.854900 0.905000
vt 0.837700 0.905000
vt 0.850000 0.899600
vt 0.820400 0.905000
vt 0.820400 0.910400
vt 0.837900 0.883500
vt 0.829200 0.883500
vt 0.835900 0.878100
vt 0.828200 0.878100
vt 0.820400 0.883500
vt 0.820400 0.888900
vt 0.841200 0.926600
vt 0.859200 0.931900
vt 0.862000 0.926600
vt 0.820400 0.926600
vt 0.839800 0.931900
vt 0.829200 0.958900
vt 0.835900 0.964200
vt 0.837900 0.958900
vt 0.830600 0.953500
vt 0.820400 0.953500
vt 0.820400 0.958900
vt 0.828200 0.964200
vt 0.837700 0.937300
vt 0.850000 0.942700
vt 0.854900 0.937300
vt 0.820400 0.931900
vt 0.820400 0.937300
vt 0.835200 0.942700
vt 0.832700 0.948100
vt 0.840700 0.953500
vt 0.845000 0.948100
vt 0.820400 0.942700
vt 0.820400 0.948100
vt 0.773100 0.917300
vt 0.806200 0.922700
vt 0.806200 0.917300
vt 0.774500 0.911900
vt 0.742900 0.911900
vt 0.740100 0.917300
vt 0.772600 0.922700
vt 0.776700 0.906500
vt 0.806200 0.911900
vt 0.806200 0.906500
vt 0.779100 0.901200
vt 0.752100 0.901200
vt 0.747100 0.906500
vt 0.786200 0.965800
vt 0.806200 0.960400
vt 0.785200 0.960400
vt 0.806200 0.955000
vt 0.783800 0.955000
vt 0.764100 0.960400
vt 0.766200 0.965800
vt 0.781600 0.895800
vt 0.806200 0.901200
vt 0.806200 0.895800
vt 0.761300 0.890400
vt 0.757100 0.895800
vt 0.806200 0.949600
vt 0.781600 0.949600
vt 0.806200 0.944200
vt 0.779100 0.944200
vt 0.757100 0.949600
vt 0.761300 0.955000
vt 0.806200 0.938900
vt 0.776700 0.938900
vt 0.806200 0.933500
vt 0.774500 0.933500
vt 0.747100 0.938900
vt 0.752100 0.944200
vt 0.680600 0.892900
vt 0.735000 0.887200
vt 0.680800 0.886600
vt 0.735200 0.880900
vt 0.680900 0.880300
vt 0.626500 0.886000
vt 0.680400 0.918100
vt 0.734700 0.912200
vt 0.680500 0.911800
vt 0.734700 0.905900
vt 0.680500 0.905500
vt 0.626300 0.905100
vt 0.626200 0.911500
vt 0.806200 0.928100
vt 0.773100 0.928100
vt 0.740100 0.928100
vt 0.742900 0.933500
vt 0.680400 0.924400
vt 0.734700 0.924700
vt 0.626100 0.924200
vt 0.680600 0.899200
vt 0.734800 0.899700
vt 0.734900 0.893500
vt 0.626400 0.898700
vt 0.736200 0.893600
vt 0.736200 0.899800
vt 0.736100 0.906000
vt 0.737500 0.906000
vt 0.737500 0.899800
vt 0.737600 0.893700
vt 0.736100 0.918400
vt 0.736100 0.924700
vt 0.736100 0.930900
vt 0.737500 0.930900
vt 0.737500 0.924700
vt 0.737500 0.918400
vt 0.736100 0.912200
vt 0.737500 0.912200
vt 0.736600 0.881500
vt 0.736400 0.887500
vt 0.737800 0.887800
vt 0.738000 0.882000
vt 0.736100 0.937100
vt 0.736100 0.943400
vt 0.737600 0.943400
vt 0.737500 0.937200
vt 0.736300 0.968400
vt 0.736400 0.974500
vt 0.736600 0.980600
vt 0.738000 0.980000
vt 0.737800 0.974200
vt 0.737700 0.968300
vt 0.736200 0.949600
vt 0.736200 0.955900
vt 0.737700 0.955900
vt 0.737600 0.949700
vt 0.736300 0.962200
vt 0.737700 0.962100
vt 0.806200 0.879600
vt 0.626000 0.943400
vt 0.734700 0.943400
vt 0.886800 0.891700
vt 0.886700 0.878800
vt 0.856600 0.891000
vt 0.865100 0.899900
vt 0.878000 0.870100
vt 0.865700 0.870100
vt 0.877400 0.900300
vt 0.856800 0.878700
vt 0.626100 0.930600
vt 0.863000 0.921200
vt 0.820400 0.878100
vt 0.820400 0.964200
vt 0.739100 0.922700
vt 0.806200 0.965800
vt 0.626400 0.892400
vt 0.626600 0.879600
vt 0.735200 0.880900
vt 0.806200 0.879600
vt 0.625800 0.969000
vt 0.626000 0.943400
vt 0.886800 0.891700
vt 0.886700 0.878800
vt 0.856600 0.891000
vt 0.865100 0.899900
vt 0.878000 0.870100
vt 0.865700 0.870100
vt 0.877400 0.900300
vt 0.856800 0.878700
vt 0.625800 0.981800
vt 0.863000 0.921200
vt 0.820400 0.878100
vt 0.820400 0.964200
vt 0.739100 0.922700
vt 0.806200 0.965800
vt 0.626600 0.879600
vt 0.626400 0.892400
vt 0.734700 0.918400
vt 0.626200 0.917800
# num_vertices: 3077


g Object_Door_C.jpg

usemtl mat_0-Door_C.jpg

f 1/1 2/2 3/3
f 4/4 5/5 6/6
f 7/7 8/8 9/9
f 10/10 11/11 12/12
f 13/13 14/14 15/15
f 16/16 17/17 18/18
f 19/19 20/20 21/21
f 22/22 23/23 24/24
f 25/25 26/26 27/27
f 28/28 29/29 30/30
f 31/31 32/32 33/33
f 34/34 33/33 35/35
f 36/36 37/37 38/38
f 39/39 30/30 40/40
f 41/41 42/42 43/43
f 44/44 45/45 46/46
f 47/47 12/12 48/48
f 49/49 20/20 50/50
f 51/51 24/24 52/52
f 2/2 40/40 3/3
f 6/6 36/36 4/4
f 53/53 18/18 54/54
f 9/9 35/35 7/7
f 55/55 8/8 56/56
f 57/57 58/58 41/41
f 15/15 59/59 60/60
f 11/11 5/5 61/61
f 54/54 62/62 53/53
f 63/63 43/43 42/42
f 64/64 47/47 48/48
f 51/51 65/65 66/66
f 45/45 67/67 46/46
f 50/50 68/68 49/49
f 69/69 70/70 71/71
f 72/72 73/73 74/74
f 75/75 76/76 77/77
f 78/78 79/79 80/80
f 80/80 26/26 81/81
f 78/78 27/27 82/82
f 83/83 84/84 85/85
f 86/86 87/87 88/88
f 85/85 89/89 90/90
f 86/86 84/84 91/91
f 89/89 92/92 93/93
f 85/85 90/90 83/83
f 88/88 87/87 94/94
f 92/92 88/88 94/94
f 84/84 86/86 85/85
f 93/93 92/92 94/94
f 95/95 96/96 97/97
f 85/85 95/95 97/97
f 84/84 93/93 94/94
f 93/93 98/98 99/99
f 89/89 100/100 90/90
f 94/94 101/101 84/84
f 93/93 102/102 89/89
f 90/90 98/98 83/83
f 84/84 103/103 91/91
f 87/87 104/104 94/94
f 87/87 103/103 105/105
f 102/102 98/98 100/100
f 105/105 101/101 104/104
f 106/106 107/107 108/108
f 92/92 109/109 110/110
f 96/96 111/111 97/97
f 106/106 112/112 96/96
f 88/88 113/113 86/86
f 86/86 107/107 95/95
f 92/92 114/114 88/88
f 85/85 111/111 115/115
f 116/116 59/59 2/2
f 4/4 61/61 5/5
f 7/7 56/56 8/8
f 10/10 117/117 11/11
f 13/13 44/44 14/14
f 16/16 32/32 17/17
f 19/19 118/118 20/20
f 22/22 29/29 23/23
f 25/25 81/81 26/26
f 28/28 23/23 29/29
f 31/31 17/17 32/32
f 34/34 31/31 33/33
f 36/36 119/119 37/37
f 39/39 28/28 30/30
f 41/41 58/58 42/42
f 44/44 13/13 45/45
f 47/47 10/10 12/12
f 49/49 120/120 20/20
f 51/51 22/22 24/24
f 2/2 39/39 40/40
f 6/6 119/119 36/36
f 53/53 16/16 18/18
f 9/9 34/34 35/35
f 55/55 57/57 8/8
f 57/57 55/55 58/58
f 15/15 14/14 59/59
f 11/11 117/117 5/5
f 54/54 121/121 62/62
f 63/63 122/122 43/43
f 64/64 123/123 47/47
f 51/51 52/52 65/65
f 45/45 124/124 67/67
f 50/50 125/125 68/68
f 69/69 126/126 70/70
f 72/72 127/127 73/73
f 75/75 128/128 76/76
f 78/78 82/82 79/79
f 80/80 79/79 26/26
f 78/78 25/25 27/27
f 86/86 91/91 87/87
f 85/85 92/92 89/89
f 95/95 106/106 96/96
f 85/85 86/86 95/95
f 84/84 83/83 93/93
f 93/93 83/83 98/98
f 89/89 102/102 100/100
f 94/94 104/104 101/101
f 93/93 99/99 102/102
f 90/90 100/100 98/98
f 84/84 101/101 103/103
f 87/87 105/105 104/104
f 87/87 91/91 103/103
f 102/102 99/99 98/98
f 105/105 103/103 101/101
f 106/106 95/95 107/107
f 92/92 85/85 109/109
f 96/96 129/129 111/111
f 106/106 130/130 112/112
f 88/88 131/131 113/113
f 86/86 132/132 107/107
f 92/92 133/133 114/114
f 85/85 97/97 111/111
f 134/134 135/135 136/136
f 137/137 135/135 138/138
f 139/139 140/140 141/141
f 134/134 142/142 143/143
f 144/144 141/141 145/145
f 143/143 146/146 147/147
f 144/144 148/148 137/137
f 147/147 140/140 149/149
f 135/135 145/145 136/136
f 141/141 146/146 142/142
f 136/136 141/141 142/142
f 134/134 138/138 135/135
f 137/137 148/148 135/135
f 139/139 149/149 140/140
f 134/134 136/136 142/142
f 144/144 139/139 141/141
f 143/143 142/142 146/146
f 144/144 145/145 148/148
f 147/147 146/146 140/140
f 135/135 148/148 145/145
f 141/141 140/140 146/146
f 136/136 145/145 141/141
f 402/402 403/403 404/404
f 402/402 405/405 406/406
f 406/406 407/407 402/402
f 407/407 408/408 402/402
f 409/409 410/410 411/411
f 409/409 412/412 413/413
f 413/413 414/414 409/409
f 414/414 415/415 409/409
f 416/416 417/417 418/418
f 417/417 419/419 418/418
f 418/418 420/420 421/421
f 418/418 422/422 416/416
f 423/423 421/421 424/424
f 421/421 425/425 424/424
f 425/425 426/426 424/424
f 426/426 423/423 424/424
f 427/427 428/428 429/429
f 428/428 430/430 429/429
f 429/429 431/431 432/432
f 429/429 433/433 427/427
f 434/434 414/414 435/435
f 414/414 436/436 435/435
f 435/435 437/437 438/438
f 435/435 439/439 434/434
f 440/440 407/407 441/441
f 407/407 442/442 441/441
f 441/441 443/443 444/444
f 441/441 445/445 440/440
f 446/446 432/432 447/447
f 432/432 448/448 447/447
f 448/448 449/449 447/447
f 449/449 446/446 447/447
f 450/450 438/438 451/451
f 438/438 452/452 451/451
f 452/452 453/453 451/451
f 453/453 450/450 451/451
f 454/454 444/444 455/455
f 444/444 456/456 455/455
f 456/456 457/457 455/455
f 457/457 454/454 455/455
f 458/458 459/459 460/460
f 458/458 461/461 462/462
f 462/462 417/417 458/458
f 417/417 463/463 458/458
f 464/464 465/465 466/466
f 464/464 467/467 468/468
f 468/468 428/428 464/464
f 428/428 469/469 464/464
f 470/470 471/471 472/472
f 471/471 473/473 472/472
f 472/472 474/474 475/475
f 472/472 476/476 470/470
f 477/477 478/478 479/479
f 479/479 480/480 477/477
f 480/480 481/481 477/477
f 482/482 483/483 484/484
f 483/483 485/485 484/484
f 484/484 486/486 487/487
f 484/484 488/488 482/482
f 489/489 490/490 491/491
f 490/490 492/492 491/491
f 491/491 493/493 494/494
f 491/491 495/495 489/489
f 496/496 497/497 498/498
f 497/497 499/499 498/498
f 498/498 500/500 501/501
f 498/498 502/502 496/496
f 503/503 504/504 505/505
f 504/504 506/506 505/505
f 505/505 507/507 508/508
f 505/505 509/509 503/503
f 510/510 511/511 512/512
f 511/511 513/513 512/512
f 512/512 514/514 515/515
f 512/512 516/516 510/510
f 517/517 518/518 519/519
f 518/518 520/520 519/519
f 519/519 521/521 522/522
f 519/519 523/523 517/517
f 524/524 525/525 526/526
f 525/525 527/527 526/526
f 526/526 528/528 529/529
f 526/526 530/530 524/524
f 531/531 532/532 533/533
f 532/532 534/534 533/533
f 533/533 535/535 536/536
f 533/533 537/537 531/531
f 538/538 487/487 539/539
f 487/487 540/540 539/539
f 539/539 541/541 542/542
f 539/539 543/543 538/538
f 544/544 494/494 545/545
f 494/494 546/546 545/545
f 545/545 543/543 547/547
f 545/545 548/548 544/544
f 549/549 501/501 550/550
f 501/501 551/551 550/550
f 550/550 552/552 553/553
f 550/550 554/554 549/549
f 555/555 508/508 556/556
f 508/508 557/557 556/556
f 556/556 558/558 559/559
f 556/556 560/560 555/555
f 561/561 515/515 562/562
f 515/515 563/563 562/562
f 562/562 564/564 565/565
f 562/562 566/566 561/561
f 567/567 522/522 568/568
f 522/522 569/569 568/568
f 568/568 570/570 571/571
f 568/568 572/572 567/567
f 573/573 529/529 574/574
f 529/529 575/575 574/574
f 574/574 478/478 576/576
f 574/574 541/541 573/573
f 577/577 536/536 578/578
f 536/536 579/579 578/578
f 578/578 548/548 479/479
f 578/578 478/478 577/577
f 580/580 581/581 483/483
f 580/580 582/582 583/583
f 583/583 404/404 580/580
f 404/404 584/584 580/580
f 585/585 586/586 490/490
f 585/585 587/587 588/588
f 588/588 411/411 585/585
f 411/411 589/589 585/585
f 590/590 591/591 497/497
f 590/590 592/592 593/593
f 593/593 426/426 590/590
f 426/426 594/594 590/590
f 595/595 596/596 504/504
f 595/595 597/597 598/598
f 598/598 449/449 595/595
f 449/449 599/599 595/595
f 600/600 601/601 511/511
f 600/600 602/602 603/603
f 603/603 453/453 600/600
f 453/453 604/604 600/600
f 605/605 606/606 518/518
f 605/605 607/607 608/608
f 608/608 457/457 605/605
f 457/457 609/609 605/605
f 610/610 611/611 525/525
f 610/610 612/612 613/613
f 613/613 466/466 610/610
f 466/466 614/614 610/610
f 615/615 616/616 532/532
f 615/615 617/617 618/618
f 618/618 460/460 615/615
f 460/460 619/619 615/615
f 620/620 576/576 621/621
f 576/576 622/622 621/621
f 621/621 623/623 624/624
f 621/621 625/625 620/620
f 480/480 547/547 626/626
f 547/547 627/627 626/626
f 626/626 628/628 629/629
f 626/626 630/630 480/480
f 631/631 632/632 633/633
f 632/632 634/634 633/633
f 633/633 635/635 636/636
f 633/633 637/637 631/631
f 627/627 542/542 638/638
f 638/638 541/541 639/639
f 639/639 627/627 638/638
f 640/640 476/476 641/641
f 640/640 635/635 634/634
f 634/634 642/642 640/640
f 643/643 470/470 644/644
f 470/470 642/642 644/644
f 644/644 645/645 643/643
f 473/473 646/646 647/647
f 647/647 648/648 649/649
f 649/649 473/473 647/647
f 649/649 631/631 650/650
f 650/650 637/637 651/651
f 650/650 474/474 649/649
f 652/652 623/623 622/622
f 622/622 481/481 652/652
f 652/652 630/630 653/653
f 639/639 620/620 654/654
f 654/654 625/625 655/655
f 654/654 628/628 639/639
f 656/656 657/657 658/658
f 658/658 659/659 660/660
f 660/660 656/656 658/658
f 661/661 662/662 663/663
f 663/663 664/664 665/665
f 663/663 666/666 661/661
f 667/667 668/668 669/669
f 669/669 670/670 671/671
f 669/669 672/672 667/667
f 673/673 674/674 675/675
f 675/675 672/672 676/676
f 675/675 677/677 673/673
f 678/678 679/679 680/680
f 680/680 666/666 681/681
f 680/680 682/682 678/678
f 683/683 677/677 684/684
f 684/684 685/685 683/683
f 683/683 686/686 673/673
f 687/687 688/688 689/689
f 689/689 690/690 691/691
f 689/689 692/692 687/687
f 693/693 682/682 694/694
f 694/694 695/695 693/693
f 693/693 696/696 678/678
f 694/694 660/660 697/697
f 660/660 698/698 697/697
f 697/697 699/699 694/694
f 700/700 701/701 702/702
f 700/700 703/703 704/704
f 704/704 685/685 700/700
f 657/657 705/705 706/706
f 706/706 707/707 708/708
f 708/708 657/657 706/706
f 709/709 703/703 710/710
f 710/710 705/705 709/709
f 705/705 704/704 709/709
f 711/711 708/708 712/712
f 712/712 707/707 713/713
f 712/712 714/714 711/711
f 715/715 692/692 716/716
f 715/715 659/659 711/711
f 711/711 717/717 715/715
f 718/718 719/719 720/720
f 720/720 721/721 722/722
f 722/722 718/718 720/720
f 717/717 723/723 724/724
f 724/724 721/721 687/687
f 724/724 692/692 717/717
f 725/725 726/726 727/727
f 726/726 723/723 727/727
f 727/727 714/714 725/725
f 728/728 729/729 730/730
f 730/730 731/731 728/728
f 728/728 732/732 733/733
f 734/734 735/735 736/736
f 736/736 730/730 734/734
f 734/734 729/729 737/737
f 738/738 699/699 739/739
f 738/738 732/732 731/731
f 731/731 695/695 738/738
f 719/719 736/736 740/740
f 740/740 735/735 741/741
f 741/741 719/719 740/740
f 742/742 743/743 744/744
f 744/744 662/662 742/742
f 662/662 745/745 742/742
f 746/746 677/677 722/722
f 722/722 726/726 746/746
f 746/746 701/701 684/684
f 747/747 748/748 749/749
f 749/749 668/668 747/747
f 668/668 750/750 747/747
f 751/751 752/752 667/667
f 667/667 674/674 751/751
f 751/751 686/686 753/753
f 754/754 755/755 661/661
f 661/661 679/679 754/754
f 754/754 696/696 756/756
f 753/753 757/757 758/758
f 757/757 759/759 758/758
f 759/759 760/760 758/758
f 760/760 753/753 758/758
f 744/744 761/761 762/762
f 761/761 763/763 762/762
f 763/763 764/764 762/762
f 764/764 744/744 762/762
f 737/737 765/765 766/766
f 765/765 767/767 766/766
f 767/767 768/768 766/766
f 768/768 737/737 766/766
f 676/676 769/769 770/770
f 769/769 771/771 770/770
f 771/771 772/772 770/770
f 772/772 676/676 770/770
f 665/665 764/764 773/773
f 764/764 774/774 773/773
f 774/774 775/775 773/773
f 775/775 665/665 773/773
f 713/713 776/776 777/777
f 776/776 778/778 777/777
f 778/778 779/779 777/777
f 779/779 713/713 777/777
f 656/656 780/780 781/781
f 780/780 782/782 781/781
f 782/782 757/757 781/781
f 757/757 656/656 781/781
f 733/733 783/783 784/784
f 783/783 785/785 784/784
f 785/785 765/765 784/784
f 765/765 733/733 784/784
f 698/698 786/786 787/787
f 786/786 788/788 787/787
f 788/788 789/789 787/787
f 789/789 698/698 787/787
f 750/750 760/760 790/790
f 760/760 791/791 790/790
f 791/791 792/792 790/790
f 792/792 750/750 790/790
f 756/756 793/793 794/794
f 793/793 795/795 794/794
f 795/795 796/796 794/794
f 796/796 756/756 794/794
f 725/725 779/779 797/797
f 779/779 798/798 797/797
f 798/798 799/799 797/797
f 799/799 725/725 797/797
f 718/718 772/772 800/800
f 772/772 801/801 800/800
f 801/801 793/793 800/800
f 793/793 718/718 800/800
f 739/739 789/789 802/802
f 789/789 803/803 802/802
f 803/803 783/783 802/802
f 783/783 739/739 802/802
f 702/702 799/799 804/804
f 799/799 805/805 804/804
f 805/805 806/806 804/804
f 806/806 702/702 804/804
f 716/716 807/807 808/808
f 807/807 809/809 808/808
f 809/809 786/786 808/808
f 786/786 716/716 808/808
f 749/749 792/792 810/810
f 792/792 811/811 810/810
f 811/811 812/812 810/810
f 812/812 749/749 810/810
f 691/691 813/813 814/814
f 813/813 815/815 814/814
f 815/815 807/807 814/814
f 807/807 691/691 814/814
f 681/681 775/775 816/816
f 775/775 817/817 816/816
f 817/817 780/780 816/816
f 780/780 681/681 816/816
f 671/671 812/812 818/818
f 812/812 819/819 818/818
f 819/819 769/769 818/818
f 769/769 671/671 818/818
f 710/710 806/806 820/820
f 806/806 821/821 820/820
f 821/821 776/776 820/820
f 776/776 710/710 820/820
f 741/741 768/768 822/822
f 768/768 823/823 822/822
f 823/823 824/824 822/822
f 824/824 741/741 822/822
f 688/688 824/824 825/825
f 824/824 826/826 825/825
f 826/826 813/813 825/825
f 813/813 688/688 825/825
f 745/745 796/796 827/827
f 796/796 828/828 827/827
f 828/828 761/761 827/827
f 761/761 745/745 827/827
f 829/829 830/830 831/831
f 830/830 832/832 831/831
f 832/832 833/833 831/831
f 833/833 829/829 831/831
f 834/834 833/833 835/835
f 833/833 836/836 835/835
f 836/836 837/837 835/835
f 837/837 834/834 835/835
f 838/838 839/839 840/840
f 839/839 841/841 840/840
f 841/841 830/830 840/840
f 830/830 838/838 840/840
f 842/842 837/837 843/843
f 837/837 844/844 843/843
f 844/844 839/839 843/843
f 839/839 842/842 843/843
f 845/845 846/846 832/832
f 832/832 841/841 845/845
f 841/841 844/844 845/845
f 844/844 836/836 845/845
f 402/402 408/408 403/403
f 402/402 404/404 405/405
f 406/406 847/847 407/407
f 407/407 848/848 408/408
f 409/409 415/415 410/410
f 409/409 411/411 412/412
f 413/413 849/849 414/414
f 414/414 850/850 415/415
f 416/416 851/851 417/417
f 417/417 852/852 419/419
f 418/418 419/419 420/420
f 418/418 421/421 422/422
f 423/423 422/422 421/421
f 421/421 420/420 425/425
f 425/425 853/853 426/426
f 426/426 854/854 423/423
f 427/427 855/855 428/428
f 428/428 856/856 430/430
f 429/429 430/430 431/431
f 429/429 432/432 433/433
f 434/434 850/850 414/414
f 414/414 849/849 436/436
f 435/435 436/436 437/437
f 435/435 438/438 439/439
f 440/440 848/848 407/407
f 407/407 847/847 442/442
f 441/441 442/442 443/443
f 441/441 444/444 445/445
f 446/446 433/433 432/432
f 432/432 431/431 448/448
f 448/448 857/857 449/449
f 449/449 858/858 446/446
f 450/450 439/439 438/438
f 438/438 437/437 452/452
f 452/452 859/859 453/453
f 453/453 860/860 450/450
f 454/454 445/445 444/444
f 444/444 443/443 456/456
f 456/456 861/861 457/457
f 457/457 862/862 454/454
f 458/458 463/463 459/459
f 458/458 460/460 461/461
f 462/462 852/852 417/417
f 417/417 851/851 463/463
f 464/464 469/469 465/465
f 464/464 466/466 467/467
f 468/468 856/856 428/428
f 428/428 855/855 469/469
f 470/470 863/863 471/471
f 471/471 864/864 473/473
f 472/472 473/473 474/474
f 472/472 475/475 476/476
f 477/477 481/481 478/478
f 479/479 548/548 480/480
f 480/480 630/630 481/481
f 482/482 582/582 483/483
f 483/483 581/581 485/485
f 484/484 485/485 486/486
f 484/484 487/487 488/488
f 489/489 587/587 490/490
f 490/490 586/586 492/492
f 491/491 492/492 493/493
f 491/491 494/494 495/495
f 496/496 592/592 497/497
f 497/497 591/591 499/499
f 498/498 499/499 500/500
f 498/498 501/501 502/502
f 503/503 597/597 504/504
f 504/504 596/596 506/506
f 505/505 506/506 507/507
f 505/505 508/508 509/509
f 510/510 602/602 511/511
f 511/511 601/601 513/513
f 512/512 513/513 514/514
f 512/512 515/515 516/516
f 517/517 607/607 518/518
f 518/518 606/606 520/520
f 519/519 520/520 521/521
f 519/519 522/522 523/523
f 524/524 612/612 525/525
f 525/525 611/611 527/527
f 526/526 527/527 528/528
f 526/526 529/529 530/530
f 531/531 617/617 532/532
f 532/532 616/616 534/534
f 533/533 534/534 535/535
f 533/533 536/536 537/537
f 538/538 488/488 487/487
f 487/487 486/486 540/540
f 539/539 540/540 541/541
f 539/539 542/542 543/543
f 544/544 495/495 494/494
f 494/494 493/493 546/546
f 545/545 546/546 543/543
f 545/545 547/547 548/548
f 549/549 502/502 501/501
f 501/501 500/500 551/551
f 550/550 551/551 552/552
f 550/550 553/553 554/554
f 555/555 509/509 508/508
f 508/508 507/507 557/557
f 556/556 557/557 558/558
f 556/556 559/559 560/560
f 561/561 516/516 515/515
f 515/515 514/514 563/563
f 562/562 563/563 564/564
f 562/562 565/565 566/566
f 567/567 523/523 522/522
f 522/522 521/521 569/569
f 568/568 569/569 570/570
f 568/568 571/571 572/572
f 573/573 530/530 529/529
f 529/529 528/528 575/575
f 574/574 575/575 478/478
f 574/574 576/576 541/541
f 577/577 537/537 536/536
f 536/536 535/535 579/579
f 578/578 579/579 548/548
f 578/578 479/479 478/478
f 580/580 584/584 581/581
f 580/580 483/483 582/582
f 583/583 405/405 404/404
f 404/404 403/403 584/584
f 585/585 589/589 586/586
f 585/585 490/490 587/587
f 588/588 412/412 411/411
f 411/411 410/410 589/589
f 590/590 594/594 591/591
f 590/590 497/497 592/592
f 593/593 854/854 426/426
f 426/426 853/853 594/594
f 595/595 599/599 596/596
f 595/595 504/504 597/597
f 598/598 858/858 449/449
f 449/449 857/857 599/599
f 600/600 604/604 601/601
f 600/600 511/511 602/602
f 603/603 860/860 453/453
f 453/453 859/859 604/604
f 605/605 609/609 606/606
f 605/605 518/518 607/607
f 608/608 862/862 457/457
f 457/457 861/861 609/609
f 610/610 614/614 611/611
f 610/610 525/525 612/612
f 613/613 467/467 466/466
f 466/466 465/465 614/614
f 615/615 619/619 616/616
f 615/615 532/532 617/617
f 618/618 461/461 460/460
f 460/460 459/459 619/619
f 620/620 541/541 576/576
f 576/576 478/478 622/622
f 621/621 622/622 623/623
f 621/621 624/624 625/625
f 480/480 548/548 547/547
f 547/547 543/543 627/627
f 626/626 627/627 628/628
f 626/626 629/629 630/630
f 631/631 648/648 632/632
f 632/632 645/645 634/634
f 633/633 634/634 635/635
f 633/633 636/636 637/637
f 627/627 543/543 542/542
f 638/638 542/542 541/541
f 639/639 628/628 627/627
f 640/640 642/642 476/476
f 640/640 641/641 635/635
f 634/634 645/645 642/642
f 643/643 863/863 470/470
f 470/470 476/476 642/642
f 644/644 642/642 645/645
f 473/473 864/864 646/646
f 647/647 646/646 648/648
f 649/649 474/474 473/473
f 649/649 648/648 631/631
f 650/650 631/631 637/637
f 650/650 651/651 474/474
f 652/652 653/653 623/623
f 622/622 478/478 481/481
f 652/652 481/481 630/630
f 639/639 541/541 620/620
f 654/654 620/620 625/625
f 654/654 655/655 628/628
f 656/656 686/686 657/657
f 658/658 657/657 659/659
f 660/660 682/682 656/656
f 661/661 755/755 662/662
f 663/663 662/662 664/664
f 663/663 665/665 666/666
f 667/667 752/752 668/668
f 669/669 668/668 670/670
f 669/669 671/671 672/672
f 673/673 686/686 674/674
f 675/675 674/674 672/672
f 675/675 676/676 677/677
f 678/678 696/696 679/679
f 680/680 679/679 666/666
f 680/680 681/681 682/682
f 683/683 673/673 677/677
f 684/684 701/701 685/685
f 683/683 685/685 686/686
f 687/687 721/721 688/688
f 689/689 688/688 690/690
f 689/689 691/691 692/692
f 693/693 678/678 682/682
f 694/694 699/699 695/695
f 693/693 695/695 696/696
f 694/694 682/682 660/660
f 660/660 659/659 698/698
f 697/697 698/698 699/699
f 700/700 685/685 701/701
f 700/700 702/702 703/703
f 704/704 686/686 685/685
f 657/657 686/686 705/705
f 706/706 705/705 707/707
f 708/708 659/659 657/657
f 709/709 704/704 703/703
f 710/710 707/707 705/705
f 705/705 686/686 704/704
f 711/711 659/659 708/708
f 712/712 708/708 707/707
f 712/712 713/713 714/714
f 715/715 717/717 692/692
f 715/715 716/716 659/659
f 711/711 714/714 717/717
f 718/718 696/696 719/719
f 720/720 719/719 721/721
f 722/722 677/677 718/718
f 717/717 714/714 723/723
f 724/724 723/723 721/721
f 724/724 687/687 692/692
f 725/725 701/701 726/726
f 726/726 721/721 723/723
f 727/727 723/723 714/714
f 728/728 733/733 729/729
f 730/730 696/696 731/731
f 728/728 731/731 732/732
f 734/734 737/737 735/735
f 736/736 696/696 730/730
f 734/734 730/730 729/729
f 738/738 695/695 699/699
f 738/738 739/739 732/732
f 731/731 696/696 695/695
f 719/719 696/696 736/736
f 740/740 736/736 735/735
f 741/741 721/721 719/719
f 742/742 745/745 743/743
f 744/744 664/664 662/662
f 662/662 755/755 745/745
f 746/746 684/684 677/677
f 722/722 721/721 726/726
f 746/746 726/726 701/701
f 747/747 750/750 748/748
f 749/749 670/670 668/668
f 668/668 752/752 750/750
f 751/751 753/753 752/752
f 667/667 672/672 674/674
f 751/751 674/674 686/686
f 754/754 756/756 755/755
f 661/661 666/666 679/679
f 754/754 679/679 696/696
f 753/753 686/686 757/757
f 757/757 865/865 759/759
f 759/759 866/866 760/760
f 760/760 752/752 753/753
f 744/744 867/867 761/761
f 761/761 868/868 763/763
f 763/763 869/869 764/764
f 764/764 664/664 744/744
f 737/737 729/729 765/765
f 765/765 870/870 767/767
f 767/767 871/871 768/768
f 768/768 735/735 737/737
f 676/676 672/672 769/769
f 769/769 872/872 771/771
f 771/771 873/873 772/772
f 772/772 677/677 676/676
f 665/665 664/664 764/764
f 764/764 869/869 774/774
f 774/774 874/874 775/775
f 775/775 666/666 665/665
f 713/713 707/707 776/776
f 776/776 875/875 778/778
f 778/778 876/876 779/779
f 779/779 714/714 713/713
f 656/656 682/682 780/780
f 780/780 877/877 782/782
f 782/782 865/865 757/757
f 757/757 686/686 656/656
f 733/733 732/732 783/783
f 783/783 878/878 785/785
f 785/785 870/870 765/765
f 765/765 729/729 733/733
f 698/698 659/659 786/786
f 786/786 879/879 788/788
f 788/788 880/880 789/789
f 789/789 699/699 698/698
f 750/750 752/752 760/760
f 760/760 866/866 791/791
f 791/791 881/881 792/792
f 792/792 882/882 750/750
f 756/756 696/696 793/793
f 793/793 883/883 795/795
f 795/795 884/884 796/796
f 796/796 755/755 756/756
f 725/725 714/714 779/779
f 779/779 876/876 798/798
f 798/798 885/885 799/799
f 799/799 701/701 725/725
f 718/718 677/677 772/772
f 772/772 873/873 801/801
f 801/801 883/883 793/793
f 793/793 696/696 718/718
f 739/739 699/699 789/789
f 789/789 880/880 803/803
f 803/803 878/878 783/783
f 783/783 732/732 739/739
f 702/702 701/701 799/799
f 799/799 885/885 805/805
f 805/805 886/886 806/806
f 806/806 887/887 702/702
f 716/716 692/692 807/807
f 807/807 888/888 809/809
f 809/809 879/879 786/786
f 786/786 659/659 716/716
f 749/749 882/882 792/792
f 792/792 881/881 811/811
f 811/811 889/889 812/812
f 812/812 670/670 749/749
f 691/691 690/690 813/813
f 813/813 890/890 815/815
f 815/815 888/888 807/807
f 807/807 692/692 691/691
f 681/681 666/666 775/775
f 775/775 874/874 817/817
f 817/817 877/877 780/780
f 780/780 682/682 681/681
f 671/671 670/670 812/812
f 812/812 889/889 819/819
f 819/819 872/872 769/769
f 769/769 672/672 671/671
f 710/710 887/887 806/806
f 806/806 886/886 821/821
f 821/821 875/875 776/776
f 776/776 707/707 710/710
f 741/741 735/735 768/768
f 768/768 871/871 823/823
f 823/823 891/891 824/824
f 824/824 721/721 741/741
f 688/688 721/721 824/824
f 824/824 891/891 826/826
f 826/826 890/890 813/813
f 813/813 690/690 688/688
f 745/745 755/755 796/796
f 796/796 884/884 828/828
f 828/828 868/868 761/761
f 761/761 867/867 745/745
f 829/829 892/892 830/830
f 830/830 893/893 832/832
f 832/832 846/846 833/833
f 833/833 894/894 829/829
f 834/834 894/894 833/833
f 833/833 846/846 836/836
f 836/836 895/895 837/837
f 837/837 896/896 834/834
f 838/838 897/897 839/839
f 839/839 898/898 841/841
f 841/841 893/893 830/830
f 830/830 892/892 838/838
f 842/842 896/896 837/837
f 837/837 895/895 844/844
f 844/844 898/898 839/839
f 839/839 897/897 842/842
f 845/845 836/836 846/846
f 832/832 893/893 841/841
f 841/841 898/898 844/844
f 844/844 895/895 836/836

g Object_Door_C.jpg

usemtl mat_1-Door_C.jpg

f 150/150 151/151 152/152
f 153/153 154/154 155/155
f 156/156 157/157 151/151
f 158/158 159/159 154/154
f 160/160 161/161 157/157
f 162/162 163/163 159/159
f 164/164 165/165 161/161
f 166/166 167/167 163/163
f 168/168 169/169 165/165
f 170/170 171/171 167/167
f 172/172 173/173 174/174
f 175/175 152/152 171/171
f 176/176 177/177 178/178
f 179/179 180/180 181/181
f 182/182 183/183 177/177
f 184/184 185/185 180/180
f 186/186 187/187 183/183
f 188/188 189/189 185/185
f 190/190 191/191 187/187
f 192/192 193/193 189/189
f 194/194 195/195 191/191
f 196/196 197/197 193/193
f 198/198 199/199 195/195
f 200/200 178/178 197/197
f 201/201 202/202 203/203
f 204/204 205/205 206/206
f 207/207 208/208 202/202
f 209/209 210/210 211/211
f 212/212 213/213 208/208
f 214/214 215/215 210/210
f 216/216 217/217 213/213
f 218/218 219/219 215/215
f 220/220 221/221 217/217
f 222/222 223/223 219/219
f 224/224 206/206 221/221
f 225/225 203/203 223/223
f 226/226 227/227 228/228
f 229/229 230/230 231/231
f 232/232 233/233 227/227
f 234/234 235/235 230/230
f 236/236 237/237 233/233
f 238/238 239/239 235/235
f 240/240 241/241 237/237
f 242/242 243/243 239/239
f 244/244 245/245 241/241
f 246/246 247/247 243/243
f 248/248 249/249 245/245
f 250/250 228/228 247/247
f 251/251 252/252 253/253
f 254/254 255/255 252/252
f 256/256 257/257 255/255
f 258/258 259/259 257/257
f 260/260 261/261 259/259
f 262/262 263/263 261/261
f 264/264 265/265 263/263
f 266/266 267/267 265/265
f 268/268 269/269 267/267
f 270/270 271/271 269/269
f 272/272 273/273 274/274
f 275/275 276/276 277/277
f 278/278 277/277 271/271
f 279/279 280/280 281/281
f 282/282 281/281 280/280
f 280/280 283/283 284/284
f 284/284 285/285 286/286
f 286/286 287/287 288/288
f 288/288 289/289 290/290
f 290/290 291/291 282/282
f 282/282 280/280 284/284
f 284/284 286/286 288/288
f 288/288 290/290 282/282
f 284/284 288/288 282/282
f 292/292 291/291 293/293
f 294/294 289/289 295/295
f 296/296 288/288 287/287
f 297/297 285/285 298/298
f 299/299 284/284 283/283
f 279/279 282/282 292/292
f 294/294 291/291 290/290
f 300/300 289/289 288/288
f 296/296 286/286 297/297
f 298/298 284/284 301/301
f 302/302 283/283 280/280
f 303/303 304/304 305/305
f 306/306 307/307 308/308
f 309/309 310/310 311/311
f 312/312 313/313 314/314
f 315/315 316/316 313/313
f 317/317 274/274 318/318
f 319/319 305/305 273/273
f 308/308 304/304 320/320
f 311/311 321/321 306/306
f 312/312 322/322 309/309
f 323/323 318/318 316/316
f 324/324 325/325 326/326
f 327/327 328/328 325/325
f 329/329 330/330 328/328
f 331/331 332/332 330/330
f 333/333 334/334 332/332
f 335/335 336/336 334/334
f 337/337 338/338 336/336
f 339/339 340/340 338/338
f 341/341 342/342 340/340
f 343/343 344/344 342/342
f 345/345 346/346 347/347
f 348/348 349/349 350/350
f 351/351 350/350 344/344
f 352/352 353/353 354/354
f 355/355 354/354 353/353
f 353/353 356/356 357/357
f 357/357 358/358 359/359
f 359/359 360/360 361/361
f 361/361 362/362 363/363
f 363/363 364/364 355/355
f 355/355 353/353 357/357
f 357/357 359/359 361/361
f 361/361 363/363 355/355
f 357/357 361/361 355/355
f 365/365 364/364 366/366
f 367/367 362/362 368/368
f 369/369 361/361 360/360
f 370/370 359/359 358/358
f 371/371 357/357 356/356
f 352/352 355/355 365/365
f 367/367 364/364 363/363
f 372/372 362/362 361/361
f 369/369 359/359 373/373
f 370/370 357/357 374/374
f 371/371 353/353 375/375
f 376/376 377/377 378/378
f 379/379 380/380 381/381
f 382/382 383/383 384/384
f 385/385 386/386 387/387
f 388/388 389/389 386/386
f 390/390 347/347 391/391
f 392/392 378/378 346/346
f 381/381 377/377 393/393
f 384/384 394/394 379/379
f 385/385 395/395 382/382
f 396/396 391/391 389/389
f 150/150 156/156 151/151
f 153/153 158/158 154/154
f 156/156 160/160 157/157
f 158/158 162/162 159/159
f 160/160 164/164 161/161
f 162/162 166/166 163/163
f 164/164 168/168 165/165
f 166/166 170/170 167/167
f 168/168 173/173 169/169
f 170/170 175/175 171/171
f 172/172 169/169 173/173
f 175/175 150/150 152/152
f 176/176 182/182 177/177
f 179/179 184/184 180/180
f 182/182 186/186 183/183
f 184/184 188/188 185/185
f 186/186 190/190 187/187
f 188/188 192/192 189/189
f 190/190 194/194 191/191
f 192/192 196/196 193/193
f 194/194 198/198 195/195
f 196/196 200/200 197/197
f 198/198 397/397 199/199
f 200/200 176/176 178/178
f 201/201 207/207 202/202
f 204/204 398/398 205/205
f 207/207 212/212 208/208
f 209/209 214/214 210/210
f 212/212 216/216 213/213
f 214/214 218/218 215/215
f 216/216 220/220 217/217
f 218/218 222/222 219/219
f 220/220 224/224 221/221
f 222/222 225/225 223/223
f 224/224 204/204 206/206
f 225/225 201/201 203/203
f 226/226 232/232 227/227
f 229/229 234/234 230/230
f 232/232 236/236 233/233
f 234/234 238/238 235/235
f 236/236 240/240 237/237
f 238/238 242/242 239/239
f 240/240 244/244 241/241
f 242/242 246/246 243/243
f 244/244 248/248 245/245
f 246/246 250/250 247/247
f 248/248 399/399 249/249
f 250/250 226/226 228/228
f 251/251 254/254 252/252
f 254/254 256/256 255/255
f 256/256 258/258 257/257
f 258/258 260/260 259/259
f 260/260 262/262 261/261
f 262/262 264/264 263/263
f 264/264 266/266 265/265
f 266/266 268/268 267/267
f 268/268 270/270 269/269
f 270/270 278/278 271/271
f 272/272 319/319 273/273
f 275/275 400/400 276/276
f 278/278 275/275 277/277
f 279/279 302/302 280/280
f 292/292 282/282 291/291
f 294/294 290/290 289/289
f 296/296 300/300 288/288
f 297/297 286/286 285/285
f 299/299 301/301 284/284
f 279/279 281/281 282/282
f 294/294 293/293 291/291
f 300/300 295/295 289/289
f 296/296 287/287 286/286
f 298/298 285/285 284/284
f 302/302 299/299 283/283
f 303/303 320/320 304/304
f 306/306 321/321 307/307
f 309/309 322/322 310/310
f 312/312 315/315 313/313
f 315/315 323/323 316/316
f 317/317 272/272 274/274
f 319/319 303/303 305/305
f 308/308 307/307 304/304
f 311/311 310/310 321/321
f 312/312 314/314 322/322
f 323/323 317/317 318/318
f 324/324 327/327 325/325
f 327/327 329/329 328/328
f 329/329 331/331 330/330
f 331/331 333/333 332/332
f 333/333 335/335 334/334
f 335/335 337/337 336/336
f 337/337 339/339 338/338
f 339/339 341/341 340/340
f 341/341 343/343 342/342
f 343/343 351/351 344/344
f 345/345 392/392 346/346
f 348/348 401/401 349/349
f 351/351 348/348 350/350
f 352/352 375/375 353/353
f 365/365 355/355 364/364
f 367/367 363/363 362/362
f 369/369 372/372 361/361
f 370/370 373/373 359/359
f 371/371 374/374 357/357
f 352/352 354/354 355/355
f 367/367 366/366 364/364
f 372/372 368/368 362/362
f 369/369 360/360 359/359
f 370/370 358/358 357/357
f 371/371 356/356 353/353
f 376/376 393/393 377/377
f 379/379 394/394 380/380
f 382/382 395/395 383/383
f 385/385 388/388 386/386
f 388/388 396/396 389/389
f 390/390 345/345 347/347
f 392/392 376/376 378/378
f 381/381 380/380 377/377
f 384/384 383/383 394/394
f 385/385 387/387 395/395
f 396/396 390/390 391/391
f 899/899 900/900 901/901
f 900/900 902/902 901/901
f 902/902 903/903 901/901
f 903/903 899/899 901/901
f 904/904 905/905 906/906
f 905/905 907/907 906/906
f 907/907 908/908 906/906
f 908/908 904/904 906/906
f 909/909 903/903 910/910
f 903/903 911/911 910/910
f 911/911 912/912 910/910
f 912/912 909/909 910/910
f 913/913 908/908 914/914
f 908/908 915/915 914/914
f 915/915 916/916 914/914
f 916/916 913/913 914/914
f 917/917 912/912 918/918
f 912/912 919/919 918/918
f 919/919 920/920 918/918
f 920/920 917/917 918/918
f 921/921 916/916 922/922
f 916/916 923/923 922/922
f 923/923 924/924 922/922
f 924/924 921/921 922/922
f 925/925 920/920 926/926
f 920/920 927/927 926/926
f 927/927 928/928 926/926
f 928/928 925/925 926/926
f 929/929 930/930 931/931
f 930/930 932/932 931/931
f 932/932 933/933 931/931
f 933/933 929/929 931/931
f 934/934 928/928 935/935
f 928/928 936/936 935/935
f 936/936 937/937 935/935
f 937/937 934/934 935/935
f 938/938 933/933 939/939
f 933/933 940/940 939/939
f 940/940 941/941 939/939
f 941/941 938/938 939/939
f 942/942 937/937 943/943
f 937/937 944/944 943/943
f 944/944 905/905 943/943
f 905/905 942/942 943/943
f 945/945 941/941 946/946
f 941/941 947/947 946/946
f 947/947 900/900 946/946
f 900/900 945/945 946/946
f 948/948 949/949 950/950
f 949/949 951/951 950/950
f 951/951 952/952 950/950
f 952/952 948/948 950/950
f 953/953 954/954 955/955
f 954/954 956/956 955/955
f 956/956 957/957 955/955
f 957/957 953/953 955/955
f 958/958 952/952 959/959
f 952/952 960/960 959/959
f 960/960 961/961 959/959
f 961/961 958/958 959/959
f 962/962 957/957 963/963
f 957/957 964/964 963/963
f 964/964 965/965 963/963
f 965/965 962/962 963/963
f 966/966 961/961 967/967
f 961/961 968/968 967/967
f 968/968 969/969 967/967
f 969/969 966/966 967/967
f 970/970 965/965 971/971
f 965/965 972/972 971/971
f 972/972 973/973 971/971
f 973/973 970/970 971/971
f 974/974 969/969 975/975
f 969/969 976/976 975/975
f 976/976 977/977 975/975
f 977/977 974/974 975/975
f 978/978 979/979 980/980
f 979/979 981/981 980/980
f 981/981 982/982 980/980
f 982/982 978/978 980/980
f 983/983 977/977 984/984
f 977/977 985/985 984/984
f 985/985 986/986 984/984
f 986/986 983/983 984/984
f 987/987 982/982 988/988
f 982/982 989/989 988/988
f 989/989 990/990 988/988
f 990/990 987/987 988/988
f 991/991 986/986 992/992
f 986/986 993/993 992/992
f 993/993 954/954 992/992
f 954/954 991/991 992/992
f 994/994 990/990 995/995
f 990/990 996/996 995/995
f 996/996 949/949 995/995
f 949/949 994/994 995/995
f 997/997 998/998 999/999
f 998/998 1000/1000 999/999
f 1000/1000 1001/1001 999/999
f 1001/1001 997/997 999/999
f 1000/1000 1002/1002 1003/1003
f 1003/1003 1004/1004 1005/1005
f 1003/1003 1006/1006 1007/1007
f 1007/1007 1000/1000 1003/1003
f 1005/1005 1008/1008 1009/1009
f 1008/1008 1010/1010 1009/1009
f 1010/1010 1011/1011 1009/1009
f 1011/1011 1005/1005 1009/1009
f 1010/1010 1012/1012 1013/1013
f 1012/1012 1014/1014 1013/1013
f 1014/1014 1015/1015 1013/1013
f 1015/1015 1010/1010 1013/1013
f 1014/1014 1016/1016 1017/1017
f 1016/1016 1018/1018 1017/1017
f 1017/1017 1019/1019 1020/1020
f 1017/1017 1021/1021 1014/1014
f 1018/1018 1022/1022 1023/1023
f 1022/1022 1024/1024 1023/1023
f 1024/1024 1025/1025 1023/1023
f 1025/1025 1018/1018 1023/1023
f 1026/1026 1027/1027 1028/1028
f 1026/1026 1029/1029 1030/1030
f 1030/1030 1031/1031 1026/1026
f 1031/1031 1024/1024 1026/1026
f 1030/1030 1032/1032 1033/1033
f 1032/1032 1034/1034 1033/1033
f 1034/1034 1035/1035 1033/1033
f 1035/1035 1030/1030 1033/1033
f 1034/1034 1036/1036 1037/1037
f 1036/1036 1038/1038 1037/1037
f 1038/1038 1039/1039 1037/1037
f 1039/1039 1034/1034 1037/1037
f 1038/1038 1040/1040 1041/1041
f 1040/1040 1042/1042 1041/1041
f 1042/1042 1043/1043 1041/1041
f 1043/1043 1038/1038 1041/1041
f 1044/1044 1045/1045 1046/1046
f 1046/1046 1047/1047 1048/1048
f 1046/1046 1049/1049 1050/1050
f 1050/1050 1044/1044 1046/1046
f 1051/1051 1052/1052 1053/1053
f 1052/1052 1054/1054 1053/1053
f 1054/1054 1055/1055 1053/1053
f 1055/1055 1051/1051 1053/1053
f 1042/1042 1056/1056 1057/1057
f 1056/1056 1051/1051 1057/1057
f 1057/1057 1058/1058 1059/1059
f 1059/1059 1042/1042 1057/1057
f 1060/1060 1061/1061 1062/1062
f 1062/1062 1063/1063 1064/1064
f 1062/1062 1065/1065 1066/1066
f 1066/1066 1060/1060 1062/1062
f 1064/1064 1067/1067 1068/1068
f 1067/1067 1069/1069 1068/1068
f 1069/1069 1070/1070 1068/1068
f 1068/1068 1071/1071 1072/1072
f 1072/1072 1073/1073 1068/1068
f 1073/1073 1074/1074 1068/1068
f 1068/1068 1075/1075 1076/1076
f 1076/1076 1077/1077 1068/1068
f 1068/1068 1078/1078 1079/1079
f 1068/1068 1080/1080 1081/1081
f 1068/1068 1082/1082 1083/1083
f 1083/1083 1064/1064 1068/1068
f 1084/1084 1085/1085 1086/1086
f 1086/1086 1087/1087 1069/1069
f 1086/1086 1088/1088 1089/1089
f 1089/1089 1084/1084 1086/1086
f 1090/1090 1091/1091 1092/1092
f 1092/1092 1093/1093 1072/1072
f 1092/1092 1094/1094 1095/1095
f 1095/1095 1090/1090 1092/1092
f 1096/1096 1097/1097 1098/1098
f 1098/1098 1099/1099 1074/1074
f 1098/1098 1100/1100 1101/1101
f 1101/1101 1096/1096 1098/1098
f 1102/1102 1103/1103 1104/1104
f 1104/1104 1105/1105 1077/1077
f 1104/1104 1106/1106 1107/1107
f 1107/1107 1102/1102 1104/1104
f 1108/1108 1109/1109 1110/1110
f 1110/1110 1111/1111 1081/1081
f 1110/1110 1112/1112 1113/1113
f 1113/1113 1108/1108 1110/1110
f 1114/1114 1089/1089 1115/1115
f 1115/1115 1088/1088 1067/1067
f 1115/1115 1063/1063 1061/1061
f 1061/1061 1114/1114 1115/1115
f 1116/1116 1095/1095 1117/1117
f 1117/1117 1094/1094 1070/1070
f 1117/1117 1087/1087 1085/1085
f 1085/1085 1116/1116 1117/1117
f 1118/1118 1101/1101 1119/1119
f 1119/1119 1100/1100 1073/1073
f 1119/1119 1093/1093 1091/1091
f 1091/1091 1118/1118 1119/1119
f 1120/1120 1107/1107 1121/1121
f 1121/1121 1106/1106 1076/1076
f 1121/1121 1099/1099 1097/1097
f 1097/1097 1120/1120 1121/1121
f 1122/1122 1113/1113 1123/1123
f 1123/1123 1112/1112 1079/1079
f 1123/1123 1105/1105 1103/1103
f 1103/1103 1122/1122 1123/1123
f 1124/1124 1066/1066 1125/1125
f 1125/1125 1065/1065 1083/1083
f 1125/1125 1111/1111 1109/1109
f 1109/1109 1124/1124 1125/1125
f 1126/1126 1127/1127 1128/1128
f 1128/1128 1129/1129 1130/1130
f 1128/1128 1131/1131 1132/1132
f 1132/1132 1126/1126 1128/1128
f 1133/1133 1134/1134 1135/1135
f 1135/1135 1136/1136 1137/1137
f 1135/1135 1138/1138 1139/1139
f 1139/1139 1133/1133 1135/1135
f 1140/1140 1141/1141 1142/1142
f 1142/1142 1143/1143 1144/1144
f 1142/1142 1145/1145 1146/1146
f 1146/1146 1140/1140 1142/1142
f 1147/1147 1148/1148 1149/1149
f 1149/1149 1150/1150 1151/1151
f 1149/1149 1152/1152 1153/1153
f 1153/1153 1147/1147 1149/1149
f 1154/1154 1153/1153 1155/1155
f 1155/1155 1152/1152 1156/1156
f 1155/1155 1157/1157 1158/1158
f 1158/1158 1154/1154 1155/1155
f 1159/1159 1160/1160 1161/1161
f 1161/1161 1162/1162 1163/1163
f 1161/1161 1047/1047 1045/1045
f 1045/1045 1159/1159 1161/1161
f 1164/1164 1050/1050 1165/1165
f 1165/1165 1049/1049 1166/1166
f 1165/1165 1129/1129 1127/1127
f 1127/1127 1164/1164 1165/1165
f 1167/1167 1132/1132 1168/1168
f 1168/1168 1131/1131 1169/1169
f 1168/1168 1136/1136 1134/1134
f 1134/1134 1167/1167 1168/1168
f 1170/1170 1139/1139 1171/1171
f 1171/1171 1138/1138 1172/1172
f 1171/1171 1143/1143 1141/1141
f 1141/1141 1170/1170 1171/1171
f 1173/1173 1146/1146 1174/1174
f 1174/1174 1145/1145 1175/1175
f 1174/1174 1150/1150 1148/1148
f 1148/1148 1173/1173 1174/1174
f 1176/1176 1158/1158 1177/1177
f 1177/1177 1157/1157 1178/1178
f 1177/1177 1162/1162 1160/1160
f 1160/1160 1176/1176 1177/1177
f 1179/1179 1180/1180 1181/1181
f 1180/1180 1182/1182 1181/1181
f 1182/1182 1183/1183 1181/1181
f 1183/1183 1179/1179 1181/1181
f 1182/1182 1184/1184 1185/1185
f 1184/1184 1186/1186 1185/1185
f 1186/1186 1187/1187 1185/1185
f 1187/1187 1182/1182 1185/1185
f 1186/1186 1188/1188 1189/1189
f 1188/1188 1190/1190 1189/1189
f 1190/1190 1191/1191 1189/1189
f 1191/1191 1186/1186 1189/1189
f 1190/1190 1192/1192 1193/1193
f 1192/1192 1194/1194 1193/1193
f 1194/1194 1195/1195 1193/1193
f 1195/1195 1190/1190 1193/1193
f 1194/1194 1196/1196 1197/1197
f 1196/1196 1198/1198 1197/1197
f 1198/1198 1199/1199 1197/1197
f 1199/1199 1194/1194 1197/1197
f 1198/1198 1200/1200 1201/1201
f 1200/1200 1202/1202 1201/1201
f 1202/1202 1203/1203 1201/1201
f 1203/1203 1198/1198 1201/1201
f 1202/1202 1204/1204 1205/1205
f 1204/1204 1206/1206 1205/1205
f 1206/1206 1207/1207 1205/1205
f 1207/1207 1202/1202 1205/1205
f 1206/1206 1208/1208 1209/1209
f 1208/1208 1210/1210 1209/1209
f 1210/1210 1211/1211 1209/1209
f 1211/1211 1206/1206 1209/1209
f 1210/1210 1212/1212 1213/1213
f 1212/1212 1214/1214 1213/1213
f 1214/1214 1215/1215 1213/1213
f 1213/1213 1216/1216 1210/1210
f 1214/1214 1217/1217 1218/1218
f 1217/1217 1219/1219 1218/1218
f 1219/1219 1220/1220 1218/1218
f 1220/1220 1214/1214 1218/1218
f 1221/1221 1222/1222 1223/1223
f 1223/1223 1224/1224 1225/1225
f 1223/1223 1226/1226 1227/1227
f 1227/1227 1221/1221 1223/1223
f 1228/1228 1229/1229 1230/1230
f 1229/1229 1231/1231 1230/1230
f 1231/1231 1232/1232 1230/1230
f 1232/1232 1228/1228 1230/1230
f 1219/1219 1233/1233 1234/1234
f 1233/1233 1228/1228 1234/1234
f 1228/1228 1235/1235 1234/1234
f 1235/1235 1219/1219 1234/1234
f 1236/1236 1237/1237 1238/1238
f 1238/1238 1239/1239 1240/1240
f 1238/1238 1241/1241 1242/1242
f 1242/1242 1236/1236 1238/1238
f 1243/1243 1244/1244 1245/1245
f 1245/1245 1246/1246 1243/1243
f 1246/1246 1247/1247 1243/1243
f 1243/1243 1248/1248 1249/1249
f 1249/1249 1250/1250 1243/1243
f 1250/1250 1251/1251 1243/1243
f 1243/1243 1252/1252 1253/1253
f 1253/1253 1254/1254 1243/1243
f 1254/1254 1255/1255 1243/1243
f 1243/1243 1256/1256 1257/1257
f 1257/1257 1258/1258 1243/1243
f 1258/1258 1240/1240 1243/1243
f 1259/1259 1260/1260 1261/1261
f 1261/1261 1262/1262 1246/1246
f 1261/1261 1263/1263 1264/1264
f 1264/1264 1259/1259 1261/1261
f 1265/1265 1266/1266 1267/1267
f 1267/1267 1268/1268 1249/1249
f 1267/1267 1269/1269 1270/1270
f 1270/1270 1265/1265 1267/1267
f 1271/1271 1272/1272 1273/1273
f 1273/1273 1274/1274 1251/1251
f 1273/1273 1275/1275 1276/1276
f 1276/1276 1271/1271 1273/1273
f 1277/1277 1278/1278 1279/1279
f 1279/1279 1280/1280 1254/1254
f 1279/1279 1281/1281 1282/1282
f 1282/1282 1277/1277 1279/1279
f 1283/1283 1284/1284 1285/1285
f 1285/1285 1286/1286 1257/1257
f 1285/1285 1287/1287 1288/1288
f 1288/1288 1283/1283 1285/1285
f 1289/1289 1264/1264 1290/1290
f 1290/1290 1263/1263 1245/1245
f 1290/1290 1239/1239 1237/1237
f 1237/1237 1289/1289 1290/1290
f 1291/1291 1270/1270 1292/1292
f 1292/1292 1269/1269 1247/1247
f 1292/1292 1262/1262 1260/1260
f 1260/1260 1291/1291 1292/1292
f 1293/1293 1276/1276 1294/1294
f 1294/1294 1275/1275 1250/1250
f 1294/1294 1268/1268 1266/1266
f 1266/1266 1293/1293 1294/1294
f 1295/1295 1282/1282 1296/1296
f 1296/1296 1281/1281 1253/1253
f 1296/1296 1274/1274 1272/1272
f 1272/1272 1295/1295 1296/1296
f 1297/1297 1288/1288 1298/1298
f 1298/1298 1287/1287 1255/1255
f 1298/1298 1280/1280 1278/1278
f 1278/1278 1297/1297 1298/1298
f 1299/1299 1242/1242 1300/1300
f 1300/1300 1241/1241 1258/1258
f 1300/1300 1286/1286 1284/1284
f 1284/1284 1299/1299 1300/1300
f 1301/1301 1302/1302 1303/1303
f 1303/1303 1304/1304 1305/1305
f 1303/1303 1306/1306 1307/1307
f 1307/1307 1301/1301 1303/1303
f 1308/1308 1309/1309 1310/1310
f 1310/1310 1311/1311 1312/1312
f 1310/1310 1313/1313 1314/1314
f 1314/1314 1308/1308 1310/1310
f 1315/1315 1316/1316 1317/1317
f 1317/1317 1318/1318 1319/1319
f 1317/1317 1320/1320 1321/1321
f 1321/1321 1315/1315 1317/1317
f 1322/1322 1323/1323 1324/1324
f 1324/1324 1325/1325 1326/1326
f 1324/1324 1327/1327 1328/1328
f 1328/1328 1322/1322 1324/1324
f 1329/1329 1328/1328 1330/1330
f 1330/1330 1327/1327 1331/1331
f 1330/1330 1332/1332 1333/1333
f 1333/1333 1329/1329 1330/1330
f 1334/1334 1335/1335 1336/1336
f 1336/1336 1337/1337 1338/1338
f 1336/1336 1224/1224 1222/1222
f 1222/1222 1334/1334 1336/1336
f 1339/1339 1227/1227 1340/1340
f 1340/1340 1226/1226 1341/1341
f 1340/1340 1304/1304 1302/1302
f 1302/1302 1339/1339 1340/1340
f 1342/1342 1307/1307 1343/1343
f 1343/1343 1306/1306 1344/1344
f 1343/1343 1311/1311 1309/1309
f 1309/1309 1342/1342 1343/1343
f 1345/1345 1314/1314 1346/1346
f 1346/1346 1313/1313 1347/1347
f 1346/1346 1318/1318 1316/1316
f 1316/1316 1345/1345 1346/1346
f 1348/1348 1321/1321 1349/1349
f 1349/1349 1320/1320 1350/1350
f 1349/1349 1325/1325 1323/1323
f 1323/1323 1348/1348 1349/1349
f 1351/1351 1333/1333 1352/1352
f 1352/1352 1332/1332 1353/1353
f 1352/1352 1337/1337 1335/1335
f 1335/1335 1351/1351 1352/1352
f 1354/1354 1355/1355 1356/1356
f 1356/1356 1357/1357 1354/1354
f 1357/1357 1358/1358 1354/1354
f 1358/1358 1359/1359 1354/1354
f 1360/1360 1361/1361 1362/1362
f 1361/1361 1363/1363 1362/1362
f 1363/1363 1364/1364 1362/1362
f 1364/1364 1360/1360 1362/1362
f 1365/1365 1366/1366 1367/1367
f 1366/1366 1368/1368 1367/1367
f 1368/1368 1369/1369 1367/1367
f 1369/1369 1365/1365 1367/1367
f 1370/1370 1371/1371 1372/1372
f 1371/1371 1373/1373 1372/1372
f 1373/1373 1374/1374 1372/1372
f 1372/1372 1375/1375 1370/1370
f 1376/1376 1377/1377 1378/1378
f 1377/1377 1379/1379 1378/1378
f 1379/1379 1380/1380 1378/1378
f 1380/1380 1376/1376 1378/1378
f 1381/1381 1382/1382 1383/1383
f 1382/1382 1384/1384 1383/1383
f 1384/1384 1385/1385 1383/1383
f 1385/1385 1381/1381 1383/1383
f 1386/1386 1387/1387 1388/1388
f 1387/1387 1389/1389 1388/1388
f 1389/1389 1390/1390 1388/1388
f 1390/1390 1386/1386 1388/1388
f 1391/1391 1392/1392 1393/1393
f 1392/1392 1394/1394 1393/1393
f 1394/1394 1395/1395 1393/1393
f 1395/1395 1391/1391 1393/1393
f 1368/1368 1396/1396 1397/1397
f 1397/1397 1398/1398 1399/1399
f 1397/1397 1400/1400 1401/1401
f 1401/1401 1368/1368 1397/1397
f 1373/1373 1402/1402 1403/1403
f 1403/1403 1404/1404 1405/1405
f 1403/1403 1406/1406 1407/1407
f 1407/1407 1373/1373 1403/1403
f 1379/1379 1401/1401 1408/1408
f 1408/1408 1400/1400 1409/1409
f 1408/1408 1410/1410 1411/1411
f 1411/1411 1379/1379 1408/1408
f 1384/1384 1412/1412 1413/1413
f 1413/1413 1414/1414 1415/1415
f 1413/1413 1416/1416 1417/1417
f 1417/1417 1384/1384 1413/1413
f 1389/1389 1407/1407 1418/1418
f 1418/1418 1406/1406 1419/1419
f 1418/1418 1414/1414 1412/1412
f 1412/1412 1389/1389 1418/1418
f 1394/1394 1411/1411 1420/1420
f 1420/1420 1410/1410 1421/1421
f 1420/1420 1422/1422 1423/1423
f 1423/1423 1394/1394 1420/1420
f 1357/1357 1417/1417 1424/1424
f 1424/1424 1416/1416 1425/1425
f 1424/1424 1398/1398 1396/1396
f 1396/1396 1357/1357 1424/1424
f 1363/1363 1423/1423 1426/1426
f 1426/1426 1422/1422 1427/1427
f 1426/1426 1404/1404 1402/1402
f 1402/1402 1363/1363 1426/1426
f 1427/1427 1428/1428 1429/1429
f 1429/1429 1430/1430 1431/1431
f 1429/1429 1432/1432 1433/1433
f 1433/1433 1427/1427 1429/1429
f 1399/1399 1434/1434 1435/1435
f 1435/1435 1436/1436 1437/1437
f 1435/1435 1438/1438 1439/1439
f 1439/1439 1399/1399 1435/1435
f 1405/1405 1433/1433 1440/1440
f 1440/1440 1432/1432 1441/1441
f 1440/1440 1442/1442 1443/1443
f 1443/1443 1405/1405 1440/1440
f 1409/1409 1439/1439 1444/1444
f 1444/1444 1438/1438 1445/1445
f 1444/1444 1446/1446 1447/1447
f 1447/1447 1409/1409 1444/1444
f 1415/1415 1448/1448 1449/1449
f 1449/1449 1450/1450 1451/1451
f 1449/1449 1452/1452 1453/1453
f 1453/1453 1415/1415 1449/1449
f 1419/1419 1443/1443 1454/1454
f 1454/1454 1442/1442 1455/1455
f 1454/1454 1450/1450 1448/1448
f 1448/1448 1419/1419 1454/1454
f 1421/1421 1447/1447 1456/1456
f 1456/1456 1446/1446 1457/1457
f 1456/1456 1430/1430 1428/1428
f 1428/1428 1421/1421 1456/1456
f 1425/1425 1453/1453 1458/1458
f 1458/1458 1452/1452 1459/1459
f 1458/1458 1436/1436 1434/1434
f 1434/1434 1425/1425 1458/1458
f 1457/1457 1460/1460 1461/1461
f 1461/1461 1462/1462 1463/1463
f 1461/1461 1464/1464 1465/1465
f 1465/1465 1457/1457 1461/1461
f 1459/1459 1466/1466 1467/1467
f 1467/1467 1468/1468 1469/1469
f 1467/1467 1470/1470 1471/1471
f 1471/1471 1459/1459 1467/1467
f 1431/1431 1465/1465 1472/1472
f 1472/1472 1464/1464 1473/1473
f 1472/1472 1474/1474 1475/1475
f 1475/1475 1431/1431 1472/1472
f 1437/1437 1471/1471 1476/1476
f 1476/1476 1470/1470 1477/1477
f 1476/1476 1478/1478 1479/1479
f 1479/1479 1437/1437 1476/1476
f 1441/1441 1475/1475 1480/1480
f 1480/1480 1474/1474 1481/1481
f 1480/1480 1482/1482 1483/1483
f 1483/1483 1441/1441 1480/1480
f 1445/1445 1479/1479 1484/1484
f 1484/1484 1478/1478 1485/1485
f 1484/1484 1462/1462 1460/1460
f 1460/1460 1445/1445 1484/1484
f 1451/1451 1486/1486 1487/1487
f 1487/1487 1488/1488 1489/1489
f 1487/1487 1468/1468 1466/1466
f 1466/1466 1451/1451 1487/1487
f 1455/1455 1483/1483 1490/1490
f 1490/1490 1482/1482 1491/1491
f 1490/1490 1488/1488 1486/1486
f 1486/1486 1455/1455 1490/1490
f 1492/1492 1493/1493 1494/1494
f 1493/1493 1495/1495 1494/1494
f 1495/1495 1496/1496 1494/1494
f 1496/1496 1492/1492 1494/1494
f 1497/1497 1498/1498 1499/1499
f 1498/1498 1500/1500 1499/1499
f 1500/1500 1501/1501 1499/1499
f 1501/1501 1497/1497 1499/1499
f 1502/1502 1503/1503 1504/1504
f 1503/1503 1505/1505 1504/1504
f 1505/1505 1506/1506 1504/1504
f 1506/1506 1502/1502 1504/1504
f 1507/1507 1508/1508 1509/1509
f 1508/1508 1510/1510 1509/1509
f 1510/1510 1511/1511 1509/1509
f 1511/1511 1507/1507 1509/1509
f 1512/1512 1513/1513 1514/1514
f 1513/1513 1515/1515 1514/1514
f 1515/1515 1516/1516 1514/1514
f 1516/1516 1512/1512 1514/1514
f 1517/1517 1518/1518 1519/1519
f 1518/1518 1520/1520 1519/1519
f 1520/1520 1521/1521 1519/1519
f 1521/1521 1517/1517 1519/1519
f 1522/1522 1523/1523 1524/1524
f 1523/1523 1525/1525 1524/1524
f 1525/1525 1526/1526 1524/1524
f 1526/1526 1522/1522 1524/1524
f 1527/1527 1528/1528 1529/1529
f 1528/1528 1530/1530 1529/1529
f 1530/1530 1531/1531 1529/1529
f 1531/1531 1527/1527 1529/1529
f 1505/1505 1532/1532 1533/1533
f 1533/1533 1534/1534 1535/1535
f 1533/1533 1536/1536 1537/1537
f 1537/1537 1505/1505 1533/1533
f 1510/1510 1538/1538 1539/1539
f 1539/1539 1540/1540 1541/1541
f 1539/1539 1542/1542 1543/1543
f 1543/1543 1510/1510 1539/1539
f 1515/1515 1537/1537 1544/1544
f 1544/1544 1536/1536 1545/1545
f 1544/1544 1546/1546 1547/1547
f 1547/1547 1515/1515 1544/1544
f 1520/1520 1548/1548 1549/1549
f 1549/1549 1550/1550 1551/1551
f 1549/1549 1552/1552 1553/1553
f 1553/1553 1520/1520 1549/1549
f 1525/1525 1543/1543 1554/1554
f 1554/1554 1542/1542 1555/1555
f 1554/1554 1550/1550 1548/1548
f 1548/1548 1525/1525 1554/1554
f 1530/1530 1547/1547 1556/1556
f 1556/1556 1546/1546 1557/1557
f 1556/1556 1558/1558 1559/1559
f 1559/1559 1530/1530 1556/1556
f 1495/1495 1553/1553 1560/1560
f 1560/1560 1552/1552 1561/1561
f 1560/1560 1534/1534 1532/1532
f 1532/1532 1495/1495 1560/1560
f 1500/1500 1559/1559 1562/1562
f 1562/1562 1558/1558 1563/1563
f 1562/1562 1540/1540 1538/1538
f 1538/1538 1500/1500 1562/1562
f 1551/1551 1564/1564 1565/1565
f 1564/1564 1566/1566 1565/1565
f 1566/1566 1567/1567 1565/1565
f 1567/1567 1551/1551 1565/1565
f 1555/1555 1568/1568 1569/1569
f 1568/1568 1570/1570 1569/1569
f 1570/1570 1564/1564 1569/1569
f 1564/1564 1555/1555 1569/1569
f 1557/1557 1571/1571 1572/1572
f 1571/1571 1573/1573 1572/1572
f 1573/1573 1574/1574 1572/1572
f 1574/1574 1557/1557 1572/1572
f 1561/1561 1567/1567 1575/1575
f 1567/1567 1576/1576 1575/1575
f 1576/1576 1577/1577 1575/1575
f 1577/1577 1561/1561 1575/1575
f 1563/1563 1574/1574 1578/1578
f 1574/1574 1579/1579 1578/1578
f 1579/1579 1580/1580 1578/1578
f 1580/1580 1563/1563 1578/1578
f 1535/1535 1577/1577 1581/1581
f 1577/1577 1582/1582 1581/1581
f 1582/1582 1583/1583 1581/1581
f 1583/1583 1535/1535 1581/1581
f 1541/1541 1580/1580 1584/1584
f 1580/1580 1585/1585 1584/1584
f 1585/1585 1568/1568 1584/1584
f 1568/1568 1541/1541 1584/1584
f 1545/1545 1583/1583 1586/1586
f 1583/1583 1587/1587 1586/1586
f 1587/1587 1571/1571 1586/1586
f 1571/1571 1545/1545 1586/1586
f 1588/1588 1589/1589 1590/1590
f 1590/1590 1591/1591 1592/1592
f 1590/1590 1593/1593 1594/1594
f 1594/1594 1588/1588 1590/1590
f 1595/1595 1596/1596 1597/1597
f 1597/1597 1598/1598 1599/1599
f 1597/1597 1600/1600 1601/1601
f 1601/1601 1595/1595 1597/1597
f 1602/1602 1603/1603 1604/1604
f 1604/1604 1605/1605 1606/1606
f 1604/1604 1607/1607 1608/1608
f 1608/1608 1602/1602 1604/1604
f 1609/1609 1594/1594 1610/1610
f 1610/1610 1593/1593 1611/1611
f 1610/1610 1605/1605 1603/1603
f 1603/1603 1609/1609 1610/1610
f 1612/1612 1601/1601 1613/1613
f 1613/1613 1600/1600 1614/1614
f 1613/1613 1615/1615 1616/1616
f 1616/1616 1612/1612 1613/1613
f 1617/1617 1608/1608 1618/1618
f 1618/1618 1607/1607 1619/1619
f 1618/1618 1620/1620 1621/1621
f 1621/1621 1617/1617 1618/1618
f 1622/1622 1616/1616 1623/1623
f 1623/1623 1615/1615 1624/1624
f 1623/1623 1591/1591 1589/1589
f 1589/1589 1622/1622 1623/1623
f 1625/1625 1621/1621 1626/1626
f 1626/1626 1620/1620 1627/1627
f 1626/1626 1598/1598 1596/1596
f 1596/1596 1625/1625 1626/1626
f 1624/1624 1628/1628 1629/1629
f 1628/1628 1630/1630 1629/1629
f 1630/1630 1631/1631 1629/1629
f 1631/1631 1624/1624 1629/1629
f 1627/1627 1632/1632 1633/1633
f 1632/1632 1634/1634 1633/1633
f 1634/1634 1635/1635 1633/1633
f 1635/1635 1627/1627 1633/1633
f 1592/1592 1631/1631 1636/1636
f 1631/1631 1637/1637 1636/1636
f 1637/1637 1638/1638 1636/1636
f 1638/1638 1592/1592 1636/1636
f 1599/1599 1635/1635 1639/1639
f 1635/1635 1640/1640 1639/1639
f 1640/1640 1641/1641 1639/1639
f 1641/1641 1599/1599 1639/1639
f 1606/1606 1642/1642 1643/1643
f 1642/1642 1644/1644 1643/1643
f 1644/1644 1645/1645 1643/1643
f 1645/1645 1606/1606 1643/1643
f 1611/1611 1638/1638 1646/1646
f 1638/1638 1647/1647 1646/1646
f 1647/1647 1642/1642 1646/1646
f 1642/1642 1611/1611 1646/1646
f 1614/1614 1641/1641 1648/1648
f 1641/1641 1649/1649 1648/1648
f 1649/1649 1628/1628 1648/1648
f 1628/1628 1614/1614 1648/1648
f 1619/1619 1645/1645 1650/1650
f 1645/1645 1651/1651 1650/1650
f 1651/1651 1632/1632 1650/1650
f 1632/1632 1619/1619 1650/1650
f 1652/1652 1653/1653 1654/1654
f 1654/1654 1655/1655 1656/1656
f 1656/1656 1657/1657 1654/1654
f 1654/1654 1658/1658 1652/1652
f 1659/1659 1660/1660 1661/1661
f 1661/1661 1662/1662 1659/1659
f 1659/1659 1663/1663 1664/1664
f 1664/1664 1665/1665 1659/1659
f 1666/1666 1667/1667 1668/1668
f 1666/1666 1669/1669 1670/1670
f 1670/1670 1671/1671 1666/1666
f 1671/1671 1672/1672 1666/1666
f 1673/1673 1674/1674 1664/1664
f 1673/1673 1663/1663 1675/1675
f 1675/1675 1676/1676 1673/1673
f 1676/1676 1677/1677 1673/1673
f 1678/1678 1671/1671 1679/1679
f 1671/1671 1680/1680 1679/1679
f 1679/1679 1681/1681 1682/1682
f 1679/1679 1683/1683 1678/1678
f 1684/1684 1676/1676 1685/1685
f 1676/1676 1686/1686 1685/1685
f 1685/1685 1655/1655 1653/1653
f 1685/1685 1687/1687 1684/1684
f 1688/1688 1682/1682 1689/1689
f 1689/1689 1681/1681 1690/1690
f 1690/1690 1661/1661 1689/1689
f 1689/1689 1660/1660 1688/1688
f 1691/1691 1658/1658 1657/1657
f 1657/1657 1692/1692 1691/1691
f 1691/1691 1669/1669 1668/1668
f 1668/1668 1693/1693 1691/1691
f 1694/1694 1695/1695 1696/1696
f 1694/1694 1697/1697 1698/1698
f 1694/1694 1699/1699 1700/1700
f 1700/1700 1701/1701 1694/1694
f 1702/1702 1703/1703 1704/1704
f 1704/1704 1705/1705 1706/1706
f 1706/1706 1707/1707 1704/1704
f 1704/1704 1708/1708 1702/1702
f 1709/1709 1710/1710 1711/1711
f 1711/1711 1712/1712 1713/1713
f 1711/1711 1714/1714 1715/1715
f 1711/1711 1716/1716 1709/1709
f 1717/1717 1718/1718 1719/1719
f 1719/1719 1720/1720 1721/1721
f 1721/1721 1710/1710 1719/1719
f 1719/1719 1722/1722 1717/1717
f 1690/1690 1723/1723 1724/1724
f 1723/1723 1725/1725 1724/1724
f 1725/1725 1726/1726 1724/1724
f 1726/1726 1690/1690 1724/1724
f 1692/1692 1727/1727 1728/1728
f 1727/1727 1729/1729 1728/1728
f 1729/1729 1730/1730 1728/1728
f 1730/1730 1692/1692 1728/1728
f 1656/1656 1731/1731 1732/1732
f 1731/1731 1733/1733 1732/1732
f 1733/1733 1727/1727 1732/1732
f 1727/1727 1656/1656 1732/1732
f 1662/1662 1726/1726 1734/1734
f 1726/1726 1735/1735 1734/1734
f 1735/1735 1736/1736 1734/1734
f 1736/1736 1662/1662 1734/1734
f 1737/1737 1669/1669 1730/1730
f 1737/1737 1738/1738 1739/1739
f 1739/1739 1740/1740 1737/1737
f 1740/1740 1670/1670 1737/1737
f 1675/1675 1736/1736 1741/1741
f 1736/1736 1742/1742 1741/1741
f 1742/1742 1743/1743 1741/1741
f 1743/1743 1675/1675 1741/1741
f 1680/1680 1740/1740 1744/1744
f 1740/1740 1745/1745 1744/1744
f 1745/1745 1723/1723 1744/1744
f 1723/1723 1680/1680 1744/1744
f 1686/1686 1743/1743 1746/1746
f 1743/1743 1747/1747 1746/1746
f 1746/1746 1748/1748 1731/1731
f 1746/1746 1655/1655 1686/1686
f 1749/1749 1750/1750 1751/1751
f 1750/1750 1752/1752 1751/1751
f 1752/1752 1753/1753 1751/1751
f 1753/1753 1749/1749 1751/1751
f 1754/1754 1755/1755 1756/1756
f 1756/1756 1757/1757 1754/1754
f 1757/1757 1758/1758 1754/1754
f 1758/1758 1759/1759 1754/1754
f 1760/1760 1761/1761 1762/1762
f 1761/1761 1763/1763 1762/1762
f 1763/1763 1764/1764 1762/1762
f 1762/1762 1765/1765 1760/1760
f 1766/1766 1753/1753 1767/1767
f 1753/1753 1768/1768 1767/1767
f 1768/1768 1769/1769 1767/1767
f 1769/1769 1766/1766 1767/1767
f 1770/1770 1758/1758 1771/1771
f 1758/1758 1772/1772 1771/1771
f 1772/1772 1773/1773 1771/1771
f 1773/1773 1770/1770 1771/1771
f 1774/1774 1769/1769 1775/1775
f 1769/1769 1776/1776 1775/1775
f 1776/1776 1777/1777 1775/1775
f 1777/1777 1774/1774 1775/1775
f 1778/1778 1773/1773 1779/1779
f 1773/1773 1780/1780 1779/1779
f 1780/1780 1750/1750 1779/1779
f 1750/1750 1778/1778 1779/1779
f 1781/1781 1777/1777 1782/1782
f 1777/1777 1783/1783 1782/1782
f 1783/1783 1761/1761 1782/1782
f 1761/1761 1781/1781 1782/1782
f 1784/1784 1707/1707 1785/1785
f 1785/1785 1786/1786 1787/1787
f 1785/1785 1697/1697 1696/1696
f 1785/1785 1695/1695 1784/1784
f 1788/1788 1716/1716 1715/1715
f 1788/1788 1714/1714 1789/1789
f 1788/1788 1790/1790 1791/1791
f 1791/1791 1792/1792 1788/1788
f 1793/1793 1794/1794 1700/1700
f 1700/1700 1795/1795 1793/1793
f 1793/1793 1720/1720 1718/1718
f 1718/1718 1796/1796 1793/1793
f 1797/1797 1798/1798 1791/1791
f 1791/1791 1799/1799 1797/1797
f 1797/1797 1705/1705 1703/1703
f 1703/1703 1800/1800 1797/1797
f 1801/1801 1802/1802 1803/1803
f 1802/1802 1804/1804 1803/1803
f 1804/1804 1805/1805 1803/1803
f 1805/1805 1801/1801 1803/1803
f 1806/1806 1807/1807 1808/1808
f 1807/1807 1809/1809 1808/1808
f 1809/1809 1810/1810 1808/1808
f 1810/1810 1806/1806 1808/1808
f 1811/1811 1812/1812 1813/1813
f 1812/1812 1814/1814 1813/1813
f 1814/1814 1815/1815 1813/1813
f 1815/1815 1811/1811 1813/1813
f 1816/1816 1817/1817 1818/1818
f 1817/1817 1819/1819 1818/1818
f 1819/1819 1820/1820 1818/1818
f 1820/1820 1816/1816 1818/1818
f 1821/1821 1822/1822 1823/1823
f 1822/1822 1824/1824 1823/1823
f 1824/1824 1825/1825 1823/1823
f 1825/1825 1821/1821 1823/1823
f 1826/1826 1827/1827 1828/1828
f 1827/1827 1829/1829 1828/1828
f 1829/1829 1830/1830 1828/1828
f 1830/1830 1826/1826 1828/1828
f 1831/1831 1832/1832 1833/1833
f 1832/1832 1834/1834 1833/1833
f 1834/1834 1835/1835 1833/1833
f 1835/1835 1831/1831 1833/1833
f 1836/1836 1837/1837 1838/1838
f 1838/1838 1839/1839 1840/1840
f 1840/1840 1841/1841 1838/1838
f 1841/1841 1836/1836 1838/1838
f 1842/1842 1815/1815 1843/1843
f 1815/1815 1844/1844 1843/1843
f 1843/1843 1845/1845 1846/1846
f 1843/1843 1847/1847 1842/1842
f 1848/1848 1820/1820 1849/1849
f 1820/1820 1850/1850 1849/1849
f 1849/1849 1851/1851 1852/1852
f 1849/1849 1853/1853 1848/1848
f 1844/1844 1825/1825 1854/1854
f 1825/1825 1855/1855 1854/1854
f 1854/1854 1856/1856 1857/1857
f 1854/1854 1845/1845 1844/1844
f 1858/1858 1830/1830 1859/1859
f 1830/1830 1860/1860 1859/1859
f 1859/1859 1861/1861 1862/1862
f 1859/1859 1863/1863 1858/1858
f 1850/1850 1835/1835 1864/1864
f 1835/1835 1858/1858 1864/1864
f 1864/1864 1863/1863 1865/1865
f 1864/1864 1851/1851 1850/1850
f 1855/1855 1841/1841 1866/1866
f 1841/1841 1867/1867 1866/1866
f 1866/1866 1868/1868 1869/1869
f 1866/1866 1856/1856 1855/1855
f 1860/1860 1805/1805 1870/1870
f 1805/1805 1842/1842 1870/1870
f 1870/1870 1847/1847 1871/1871
f 1870/1870 1861/1861 1860/1860
f 1867/1867 1810/1810 1872/1872
f 1810/1810 1848/1848 1872/1872
f 1872/1872 1853/1853 1873/1873
f 1872/1872 1868/1868 1867/1867
f 1874/1874 1873/1873 1875/1875
f 1873/1873 1876/1876 1875/1875
f 1875/1875 1877/1877 1878/1878
f 1875/1875 1879/1879 1874/1874
f 1880/1880 1846/1846 1881/1881
f 1846/1846 1882/1882 1881/1881
f 1881/1881 1883/1883 1884/1884
f 1881/1881 1885/1885 1880/1880
f 1876/1876 1852/1852 1886/1886
f 1852/1852 1887/1887 1886/1886
f 1886/1886 1888/1888 1889/1889
f 1886/1886 1877/1877 1876/1876
f 1882/1882 1857/1857 1890/1890
f 1857/1857 1891/1891 1890/1890
f 1890/1890 1892/1892 1893/1893
f 1890/1890 1883/1883 1882/1882
f 1894/1894 1862/1862 1895/1895
f 1862/1862 1896/1896 1895/1895
f 1895/1895 1897/1897 1898/1898
f 1895/1895 1899/1899 1894/1894
f 1887/1887 1865/1865 1900/1900
f 1865/1865 1894/1894 1900/1900
f 1900/1900 1899/1899 1901/1901
f 1900/1900 1888/1888 1887/1887
f 1891/1891 1869/1869 1902/1902
f 1869/1869 1874/1874 1902/1902
f 1902/1902 1879/1879 1903/1903
f 1902/1902 1892/1892 1891/1891
f 1896/1896 1871/1871 1904/1904
f 1871/1871 1880/1880 1904/1904
f 1904/1904 1885/1885 1905/1905
f 1904/1904 1897/1897 1896/1896
f 1906/1906 1903/1903 1907/1907
f 1903/1903 1908/1908 1907/1907
f 1907/1907 1909/1909 1910/1910
f 1907/1907 1911/1911 1906/1906
f 1912/1912 1905/1905 1913/1913
f 1905/1905 1914/1914 1913/1913
f 1913/1913 1915/1915 1916/1916
f 1913/1913 1917/1917 1912/1912
f 1908/1908 1878/1878 1918/1918
f 1878/1878 1919/1919 1918/1918
f 1918/1918 1920/1920 1921/1921
f 1918/1918 1909/1909 1908/1908
f 1914/1914 1884/1884 1922/1922
f 1884/1884 1923/1923 1922/1922
f 1922/1922 1924/1924 1925/1925
f 1922/1922 1915/1915 1914/1914
f 1919/1919 1889/1889 1926/1926
f 1889/1889 1927/1927 1926/1926
f 1926/1926 1928/1928 1929/1929
f 1926/1926 1920/1920 1919/1919
f 1923/1923 1893/1893 1930/1930
f 1893/1893 1906/1906 1930/1930
f 1930/1930 1911/1911 1931/1931
f 1930/1930 1924/1924 1923/1923
f 1932/1932 1898/1898 1933/1933
f 1898/1898 1912/1912 1933/1933
f 1933/1933 1917/1917 1934/1934
f 1933/1933 1935/1935 1932/1932
f 1927/1927 1901/1901 1936/1936
f 1901/1901 1932/1932 1936/1936
f 1936/1936 1935/1935 1937/1937
f 1936/1936 1928/1928 1927/1927
f 1938/1938 1939/1939 1940/1940
f 1939/1939 1941/1941 1940/1940
f 1941/1941 1942/1942 1940/1940
f 1940/1940 1943/1943 1938/1938
f 1944/1944 1945/1945 1946/1946
f 1945/1945 1947/1947 1946/1946
f 1947/1947 1948/1948 1946/1946
f 1948/1948 1944/1944 1946/1946
f 1949/1949 1950/1950 1951/1951
f 1950/1950 1952/1952 1951/1951
f 1952/1952 1953/1953 1951/1951
f 1953/1953 1949/1949 1951/1951
f 1954/1954 1955/1955 1956/1956
f 1955/1955 1957/1957 1956/1956
f 1956/1956 1958/1958 1959/1959
f 1959/1959 1954/1954 1956/1956
f 1960/1960 1961/1961 1962/1962
f 1961/1961 1963/1963 1962/1962
f 1963/1963 1964/1964 1962/1962
f 1964/1964 1960/1960 1962/1962
f 1965/1965 1966/1966 1967/1967
f 1966/1966 1968/1968 1967/1967
f 1968/1968 1969/1969 1967/1967
f 1969/1969 1965/1965 1967/1967
f 1970/1970 1971/1971 1972/1972
f 1971/1971 1973/1973 1972/1972
f 1973/1973 1974/1974 1972/1972
f 1974/1974 1970/1970 1972/1972
f 1975/1975 1976/1976 1977/1977
f 1976/1976 1978/1978 1977/1977
f 1978/1978 1979/1979 1977/1977
f 1979/1979 1975/1975 1977/1977
f 1980/1980 1953/1953 1981/1981
f 1953/1953 1982/1982 1981/1981
f 1981/1981 1983/1983 1984/1984
f 1981/1981 1985/1985 1980/1980
f 1986/1986 1959/1959 1987/1987
f 1959/1959 1988/1988 1987/1987
f 1987/1987 1989/1989 1990/1990
f 1987/1987 1991/1991 1986/1986
f 1982/1982 1964/1964 1992/1992
f 1964/1964 1993/1993 1992/1992
f 1992/1992 1994/1994 1995/1995
f 1992/1992 1983/1983 1982/1982
f 1996/1996 1969/1969 1997/1997
f 1969/1969 1998/1998 1997/1997
f 1997/1997 1999/1999 2000/2000
f 1997/1997 2001/2001 1996/1996
f 1988/1988 1974/1974 2002/2002
f 1974/1974 1996/1996 2002/2002
f 2002/2002 2001/2001 2003/2003
f 2002/2002 1989/1989 1988/1988
f 1993/1993 1979/1979 2004/2004
f 1979/1979 2005/2005 2004/2004
f 2004/2004 2006/2006 2007/2007
f 2004/2004 1994/1994 1993/1993
f 1998/1998 1942/1942 2008/2008
f 1942/1942 1980/1980 2008/2008
f 2008/2008 1985/1985 2009/2009
f 2008/2008 1999/1999 1998/1998
f 2005/2005 1948/1948 2010/2010
f 1948/1948 1986/1986 2010/2010
f 2010/2010 1991/1991 2011/2011
f 2010/2010 2006/2006 2005/2005
f 2012/2012 2000/2000 2013/2013
f 2000/2000 2014/2014 2013/2013
f 2014/2014 2015/2015 2013/2013
f 2015/2015 2012/2012 2013/2013
f 2016/2016 2003/2003 2017/2017
f 2003/2003 2012/2012 2017/2017
f 2012/2012 2018/2018 2017/2017
f 2018/2018 2016/2016 2017/2017
f 2019/2019 2007/2007 2020/2020
f 2007/2007 2021/2021 2020/2020
f 2021/2021 2022/2022 2020/2020
f 2022/2022 2019/2019 2020/2020
f 2014/2014 2009/2009 2023/2023
f 2009/2009 2024/2024 2023/2023
f 2024/2024 2025/2025 2023/2023
f 2025/2025 2014/2014 2023/2023
f 2021/2021 2011/2011 2026/2026
f 2011/2011 2027/2027 2026/2026
f 2027/2027 2028/2028 2026/2026
f 2028/2028 2021/2021 2026/2026
f 2024/2024 1984/1984 2029/2029
f 1984/1984 2030/2030 2029/2029
f 2030/2030 2031/2031 2029/2029
f 2031/2031 2024/2024 2029/2029
f 2027/2027 1990/1990 2032/2032
f 1990/1990 2016/2016 2032/2032
f 2016/2016 2033/2033 2032/2032
f 2033/2033 2027/2027 2032/2032
f 2030/2030 1995/1995 2034/2034
f 1995/1995 2019/2019 2034/2034
f 2019/2019 2035/2035 2034/2034
f 2035/2035 2030/2030 2034/2034
f 2036/2036 2037/2037 2038/2038
f 2037/2037 2039/2039 2038/2038
f 2038/2038 2040/2040 2041/2041
f 2038/2038 2042/2042 2036/2036
f 2043/2043 2044/2044 2045/2045
f 2044/2044 2046/2046 2045/2045
f 2045/2045 2047/2047 2048/2048
f 2045/2045 2049/2049 2043/2043
f 2050/2050 2051/2051 2052/2052
f 2051/2051 2053/2053 2052/2052
f 2052/2052 2054/2054 2055/2055
f 2052/2052 2056/2056 2050/2050
f 2039/2039 2057/2057 2058/2058
f 2057/2057 2050/2050 2058/2058
f 2058/2058 2056/2056 2059/2059
f 2058/2058 2040/2040 2039/2039
f 2046/2046 2060/2060 2061/2061
f 2060/2060 2062/2062 2061/2061
f 2061/2061 2063/2063 2064/2064
f 2061/2061 2047/2047 2046/2046
f 2053/2053 2065/2065 2066/2066
f 2065/2065 2067/2067 2066/2066
f 2066/2066 2068/2068 2069/2069
f 2066/2066 2054/2054 2053/2053
f 2062/2062 2070/2070 2071/2071
f 2070/2070 2036/2036 2071/2071
f 2071/2071 2042/2042 2072/2072
f 2071/2071 2063/2063 2062/2062
f 2067/2067 2073/2073 2074/2074
f 2073/2073 2043/2043 2074/2074
f 2074/2074 2049/2049 2075/2075
f 2074/2074 2068/2068 2067/2067
f 2076/2076 2072/2072 2077/2077
f 2072/2072 2078/2078 2077/2077
f 2078/2078 2079/2079 2077/2077
f 2079/2079 2076/2076 2077/2077
f 2080/2080 2075/2075 2081/2081
f 2075/2075 2082/2082 2081/2081
f 2082/2082 2083/2083 2081/2081
f 2083/2083 2080/2080 2081/2081
f 2078/2078 2041/2041 2084/2084
f 2041/2041 2085/2085 2084/2084
f 2085/2085 2086/2086 2084/2084
f 2086/2086 2078/2078 2084/2084
f 2082/2082 2048/2048 2087/2087
f 2048/2048 2088/2088 2087/2087
f 2088/2088 2089/2089 2087/2087
f 2089/2089 2082/2082 2087/2087
f 2090/2090 2055/2055 2091/2091
f 2055/2055 2092/2092 2091/2091
f 2092/2092 2093/2093 2091/2091
f 2093/2093 2090/2090 2091/2091
f 2085/2085 2059/2059 2094/2094
f 2059/2059 2090/2090 2094/2094
f 2090/2090 2095/2095 2094/2094
f 2095/2095 2085/2085 2094/2094
f 2088/2088 2064/2064 2096/2096
f 2064/2064 2076/2076 2096/2096
f 2076/2076 2097/2097 2096/2096
f 2097/2097 2088/2088 2096/2096
f 2092/2092 2069/2069 2098/2098
f 2069/2069 2080/2080 2098/2098
f 2080/2080 2099/2099 2098/2098
f 2099/2099 2092/2092 2098/2098
f 2100/2100 2101/2101 2102/2102
f 2102/2102 2103/2103 2104/2104
f 2104/2104 2105/2105 2102/2102
f 2102/2102 2106/2106 2100/2100
f 2107/2107 2108/2108 2109/2109
f 2109/2109 2110/2110 2107/2107
f 2107/2107 2111/2111 2112/2112
f 2112/2112 2113/2113 2107/2107
f 2114/2114 2115/2115 2116/2116
f 2116/2116 2117/2117 2114/2114
f 2117/2117 2118/2118 2114/2114
f 2114/2114 2119/2119 2120/2120
f 2121/2121 2122/2122 2123/2123
f 2123/2123 2124/2124 2121/2121
f 2124/2124 2125/2125 2121/2121
f 2121/2121 2111/2111 2110/2110
f 2117/2117 2126/2126 2127/2127
f 2127/2127 2128/2128 2129/2129
f 2127/2127 2130/2130 2131/2131
f 2131/2131 2117/2117 2127/2127
f 2124/2124 2132/2132 2133/2133
f 2133/2133 2134/2134 2100/2100
f 2133/2133 2106/2106 2135/2135
f 2135/2135 2124/2124 2133/2133
f 2129/2129 2136/2136 2137/2137
f 2137/2137 2108/2108 2113/2113
f 2113/2113 2138/2138 2137/2137
f 2137/2137 2130/2130 2129/2129
f 2139/2139 2103/2103 2140/2140
f 2140/2140 2120/2120 2139/2139
f 2139/2139 2119/2119 2141/2141
f 2141/2141 2104/2104 2139/2139
f 2142/2142 2143/2143 2144/2144
f 2144/2144 2145/2145 2142/2142
f 2142/2142 2146/2146 2147/2147
f 2142/2142 2148/2148 2149/2149
f 2150/2150 2151/2151 2152/2152
f 2152/2152 2153/2153 2154/2154
f 2154/2154 2155/2155 2152/2152
f 2152/2152 2156/2156 2150/2150
f 2157/2157 2158/2158 2159/2159
f 2159/2159 2160/2160 2161/2161
f 2159/2159 2162/2162 2163/2163
f 2159/2159 2164/2164 2157/2157
f 2165/2165 2166/2166 2167/2167
f 2167/2167 2168/2168 2157/2157
f 2157/2157 2169/2169 2167/2167
f 2167/2167 2170/2170 2165/2165
f 2171/2171 2138/2138 2172/2172
f 2138/2138 2173/2173 2172/2172
f 2173/2173 2174/2174 2172/2172
f 2174/2174 2171/2171 2172/2172
f 2175/2175 2141/2141 2176/2176
f 2141/2141 2177/2177 2176/2176
f 2177/2177 2178/2178 2176/2176
f 2178/2178 2175/2175 2176/2176
f 2179/2179 2105/2105 2180/2180
f 2105/2105 2175/2175 2180/2180
f 2175/2175 2181/2181 2180/2180
f 2181/2181 2179/2179 2180/2180
f 2173/2173 2112/2112 2182/2182
f 2112/2112 2183/2183 2182/2182
f 2183/2183 2184/2184 2182/2182
f 2184/2184 2173/2173 2182/2182
f 2185/2185 2119/2119 2118/2118
f 2118/2118 2186/2186 2185/2185
f 2186/2186 2187/2187 2185/2185
f 2185/2185 2188/2188 2177/2177
f 2183/2183 2125/2125 2189/2189
f 2125/2125 2190/2190 2189/2189
f 2190/2190 2191/2191 2189/2189
f 2191/2191 2183/2183 2189/2189
f 2186/2186 2131/2131 2192/2192
f 2131/2131 2171/2171 2192/2192
f 2171/2171 2193/2193 2192/2192
f 2193/2193 2186/2186 2192/2192
f 2190/2190 2135/2135 2194/2194
f 2194/2194 2106/2106 2179/2179
f 2194/2194 2195/2195 2196/2196
f 2196/2196 2190/2190 2194/2194
f 2197/2197 2198/2198 2199/2199
f 2198/2198 2200/2200 2199/2199
f 2200/2200 1752/1752 2199/2199
f 1752/1752 2197/2197 2199/2199
f 2201/2201 2202/2202 2203/2203
f 2203/2203 2204/2204 2201/2201
f 2204/2204 1757/1757 2201/2201
f 1757/1757 2205/2205 2201/2201
f 2206/2206 2207/2207 2208/2208
f 2208/2208 2209/2209 2210/2210
f 2210/2210 1763/1763 2208/2208
f 1763/1763 2206/2206 2208/2208
f 2200/2200 2211/2211 2212/2212
f 2211/2211 2213/2213 2212/2212
f 2213/2213 1768/1768 2212/2212
f 1768/1768 2200/2200 2212/2212
f 2204/2204 2214/2214 2215/2215
f 2214/2214 2216/2216 2215/2215
f 2216/2216 1772/1772 2215/2215
f 1772/1772 2204/2204 2215/2215
f 2213/2213 2217/2217 2218/2218
f 2217/2217 2219/2219 2218/2218
f 2219/2219 1776/1776 2218/2218
f 1776/1776 2213/2213 2218/2218
f 2216/2216 2220/2220 2221/2221
f 2220/2220 2197/2197 2221/2221
f 2197/2197 1780/1780 2221/2221
f 1780/1780 2216/2216 2221/2221
f 2219/2219 2222/2222 2223/2223
f 2222/2222 2206/2206 2223/2223
f 2206/2206 1783/1783 2223/2223
f 1783/1783 2219/2219 2223/2223
f 2154/2154 2224/2224 2225/2225
f 2225/2225 2143/2143 2149/2149
f 2225/2225 2148/2148 2226/2226
f 2225/2225 2227/2227 2154/2154
f 2228/2228 2160/2160 2229/2229
f 2229/2229 2230/2230 2228/2228
f 2228/2228 2231/2231 2232/2232
f 2228/2228 2162/2162 2161/2161
f 2233/2233 2234/2234 2235/2235
f 2235/2235 2165/2165 2233/2233
f 2233/2233 2170/2170 2236/2236
f 2236/2236 2145/2145 2233/2233
f 2237/2237 2238/2238 2239/2239
f 2239/2239 2150/2150 2237/2237
f 2237/2237 2156/2156 2240/2240
f 2240/2240 2230/2230 2237/2237
f 899/899 2241/2241 900/900
f 900/900 2242/2242 902/902
f 902/902 2243/2243 903/903
f 903/903 2244/2244 899/899
f 904/904 2245/2245 905/905
f 905/905 2246/2246 907/907
f 907/907 2247/2247 908/908
f 908/908 2248/2248 904/904
f 909/909 2244/2244 903/903
f 903/903 2243/2243 911/911
f 911/911 2249/2249 912/912
f 912/912 2250/2250 909/909
f 913/913 2248/2248 908/908
f 908/908 2247/2247 915/915
f 915/915 2251/2251 916/916
f 916/916 2252/2252 913/913
f 917/917 2250/2250 912/912
f 912/912 2249/2249 919/919
f 919/919 2253/2253 920/920
f 920/920 2254/2254 917/917
f 921/921 2252/2252 916/916
f 916/916 2251/2251 923/923
f 923/923 2255/2255 924/924
f 924/924 2256/2256 921/921
f 925/925 2254/2254 920/920
f 920/920 2253/2253 927/927
f 927/927 2257/2257 928/928
f 928/928 2258/2258 925/925
f 929/929 2259/2259 930/930
f 930/930 2260/2260 932/932
f 932/932 2261/2261 933/933
f 933/933 2262/2262 929/929
f 934/934 2258/2258 928/928
f 928/928 2257/2257 936/936
f 936/936 2263/2263 937/937
f 937/937 2264/2264 934/934
f 938/938 2262/2262 933/933
f 933/933 2261/2261 940/940
f 940/940 2265/2265 941/941
f 941/941 2266/2266 938/938
f 942/942 2264/2264 937/937
f 937/937 2263/2263 944/944
f 944/944 2246/2246 905/905
f 905/905 2245/2245 942/942
f 945/945 2266/2266 941/941
f 941/941 2265/2265 947/947
f 947/947 2242/2242 900/900
f 900/900 2241/2241 945/945
f 948/948 2267/2267 949/949
f 949/949 2268/2268 951/951
f 951/951 2269/2269 952/952
f 952/952 2270/2270 948/948
f 953/953 2271/2271 954/954
f 954/954 2272/2272 956/956
f 956/956 2273/2273 957/957
f 957/957 2274/2274 953/953
f 958/958 2270/2270 952/952
f 952/952 2269/2269 960/960
f 960/960 2275/2275 961/961
f 961/961 2276/2276 958/958
f 962/962 2274/2274 957/957
f 957/957 2273/2273 964/964
f 964/964 2277/2277 965/965
f 965/965 2278/2278 962/962
f 966/966 2276/2276 961/961
f 961/961 2275/2275 968/968
f 968/968 2279/2279 969/969
f 969/969 2280/2280 966/966
f 970/970 2278/2278 965/965
f 965/965 2277/2277 972/972
f 972/972 2281/2281 973/973
f 973/973 2282/2282 970/970
f 974/974 2280/2280 969/969
f 969/969 2279/2279 976/976
f 976/976 2283/2283 977/977
f 977/977 2284/2284 974/974
f 978/978 2285/2285 979/979
f 979/979 2286/2286 981/981
f 981/981 2287/2287 982/982
f 982/982 2288/2288 978/978
f 983/983 2284/2284 977/977
f 977/977 2283/2283 985/985
f 985/985 2289/2289 986/986
f 986/986 2290/2290 983/983
f 987/987 2288/2288 982/982
f 982/982 2287/2287 989/989
f 989/989 2291/2291 990/990
f 990/990 2292/2292 987/987
f 991/991 2290/2290 986/986
f 986/986 2289/2289 993/993
f 993/993 2272/2272 954/954
f 954/954 2271/2271 991/991
f 994/994 2292/2292 990/990
f 990/990 2291/2291 996/996
f 996/996 2268/2268 949/949
f 949/949 2267/2267 994/994
f 997/997 2293/2293 998/998
f 998/998 2294/2294 1000/1000
f 1000/1000 2295/2295 1001/1001
f 1001/1001 2296/2296 997/997
f 1000/1000 2294/2294 1002/1002
f 1003/1003 1002/1002 1004/1004
f 1003/1003 1005/1005 1006/1006
f 1007/1007 2295/2295 1000/1000
f 1005/1005 1004/1004 1008/1008
f 1008/1008 2297/2297 1010/1010
f 1010/1010 2298/2298 1011/1011
f 1011/1011 1006/1006 1005/1005
f 1010/1010 2297/2297 1012/1012
f 1012/1012 2299/2299 1014/1014
f 1014/1014 1021/1021 1015/1015
f 1015/1015 2298/2298 1010/1010
f 1014/1014 2299/2299 1016/1016
f 1016/1016 2300/2300 1018/1018
f 1017/1017 1018/1018 1019/1019
f 1017/1017 1020/1020 1021/1021
f 1018/1018 2300/2300 1022/1022
f 1022/1022 1027/1027 1024/1024
f 1024/1024 2301/2301 1025/1025
f 1025/1025 1019/1019 1018/1018
f 1026/1026 1024/1024 1027/1027
f 1026/1026 1028/1028 1029/1029
f 1030/1030 2302/2302 1031/1031
f 1031/1031 2301/2301 1024/1024
f 1030/1030 1029/1029 1032/1032
f 1032/1032 2303/2303 1034/1034
f 1034/1034 2304/2304 1035/1035
f 1035/1035 2302/2302 1030/1030
f 1034/1034 2303/2303 1036/1036
f 1036/1036 2305/2305 1038/1038
f 1038/1038 2306/2306 1039/1039
f 1039/1039 2304/2304 1034/1034
f 1038/1038 2305/2305 1040/1040
f 1040/1040 2307/2307 1042/1042
f 1042/1042 2308/2308 1043/1043
f 1043/1043 2306/2306 1038/1038
f 1044/1044 2309/2309 1045/1045
f 1046/1046 1045/1045 1047/1047
f 1046/1046 1048/1048 1049/1049
f 1050/1050 2310/2310 1044/1044
f 1051/1051 2311/2311 1052/1052
f 1052/1052 2312/2312 1054/1054
f 1054/1054 2313/2313 1055/1055
f 1055/1055 1058/1058 1051/1051
f 1042/1042 2307/2307 1056/1056
f 1056/1056 2311/2311 1051/1051
f 1057/1057 1051/1051 1058/1058
f 1059/1059 2308/2308 1042/1042
f 1060/1060 2314/2314 1061/1061
f 1062/1062 1061/1061 1063/1063
f 1062/1062 1064/1064 1065/1065
f 1066/1066 2315/2315 1060/1060
f 1064/1064 2316/2316 1067/1067
f 1067/1067 2317/2317 1069/1069
f 1069/1069 2318/2318 1070/1070
f 1068/1068 1070/1070 1071/1071
f 1072/1072 2319/2319 1073/1073
f 1073/1073 2320/2320 1074/1074
f 1068/1068 1074/1074 1075/1075
f 1076/1076 2321/2321 1077/1077
f 1068/1068 1077/1077 1078/1078
f 1068/1068 1079/1079 1080/1080
f 1068/1068 1081/1081 1082/1082
f 1083/1083 2322/2322 1064/1064
f 1084/1084 2323/2323 1085/1085
f 1086/1086 1085/1085 1087/1087
f 1086/1086 1069/1069 1088/1088
f 1089/1089 2324/2324 1084/1084
f 1090/1090 2325/2325 1091/1091
f 1092/1092 1091/1091 1093/1093
f 1092/1092 1072/1072 1094/1094
f 1095/1095 2326/2326 1090/1090
f 1096/1096 2327/2327 1097/1097
f 1098/1098 1097/1097 1099/1099
f 1098/1098 1074/1074 1100/1100
f 1101/1101 2328/2328 1096/1096
f 1102/1102 2329/2329 1103/1103
f 1104/1104 1103/1103 1105/1105
f 1104/1104 1077/1077 1106/1106
f 1107/1107 2330/2330 1102/1102
f 1108/1108 2331/2331 1109/1109
f 1110/1110 1109/1109 1111/1111
f 1110/1110 1081/1081 1112/1112
f 1113/1113 2332/2332 1108/1108
f 1114/1114 2324/2324 1089/1089
f 1115/1115 1089/1089 1088/1088
f 1115/1115 1067/1067 1063/1063
f 1061/1061 2314/2314 1114/1114
f 1116/1116 2326/2326 1095/1095
f 1117/1117 1095/1095 1094/1094
f 1117/1117 1070/1070 1087/1087
f 1085/1085 2323/2323 1116/1116
f 1118/1118 2328/2328 1101/1101
f 1119/1119 1101/1101 1100/1100
f 1119/1119 1073/1073 1093/1093
f 1091/1091 2325/2325 1118/1118
f 1120/1120 2330/2330 1107/1107
f 1121/1121 1107/1107 1106/1106
f 1121/1121 1076/1076 1099/1099
f 1097/1097 2327/2327 1120/1120
f 1122/1122 2332/2332 1113/1113
f 1123/1123 1113/1113 1112/1112
f 1123/1123 1079/1079 1105/1105
f 1103/1103 2329/2329 1122/1122
f 1124/1124 2315/2315 1066/1066
f 1125/1125 1066/1066 1065/1065
f 1125/1125 1083/1083 1111/1111
f 1109/1109 2331/2331 1124/1124
f 1126/1126 2333/2333 1127/1127
f 1128/1128 1127/1127 1129/1129
f 1128/1128 1130/1130 1131/1131
f 1132/1132 2334/2334 1126/1126
f 1133/1133 2335/2335 1134/1134
f 1135/1135 1134/1134 1136/1136
f 1135/1135 1137/1137 1138/1138
f 1139/1139 2336/2336 1133/1133
f 1140/1140 2337/2337 1141/1141
f 1142/1142 1141/1141 1143/1143
f 1142/1142 1144/1144 1145/1145
f 1146/1146 2338/2338 1140/1140
f 1147/1147 2339/2339 1148/1148
f 1149/1149 1148/1148 1150/1150
f 1149/1149 1151/1151 1152/1152
f 1153/1153 2340/2340 1147/1147
f 1154/1154 2340/2340 1153/1153
f 1155/1155 1153/1153 1152/1152
f 1155/1155 1156/1156 1157/1157
f 1158/1158 2341/2341 1154/1154
f 1159/1159 2342/2342 1160/1160
f 1161/1161 1160/1160 1162/1162
f 1161/1161 1163/1163 1047/1047
f 1045/1045 2309/2309 1159/1159
f 1164/1164 2310/2310 1050/1050
f 1165/1165 1050/1050 1049/1049
f 1165/1165 1166/1166 1129/1129
f 1127/1127 2333/2333 1164/1164
f 1167/1167 2334/2334 1132/1132
f 1168/1168 1132/1132 1131/1131
f 1168/1168 1169/1169 1136/1136
f 1134/1134 2335/2335 1167/1167
f 1170/1170 2336/2336 1139/1139
f 1171/1171 1139/1139 1138/1138
f 1171/1171 1172/1172 1143/1143
f 1141/1141 2337/2337 1170/1170
f 1173/1173 2338/2338 1146/1146
f 1174/1174 1146/1146 1145/1145
f 1174/1174 1175/1175 1150/1150
f 1148/1148 2339/2339 1173/1173
f 1176/1176 2341/2341 1158/1158
f 1177/1177 1158/1158 1157/1157
f 1177/1177 1178/1178 1162/1162
f 1160/1160 2342/2342 1176/1176
f 1179/1179 2343/2343 1180/1180
f 1180/1180 2344/2344 1182/1182
f 1182/1182 2345/2345 1183/1183
f 1183/1183 2346/2346 1179/1179
f 1182/1182 2344/2344 1184/1184
f 1184/1184 2347/2347 1186/1186
f 1186/1186 2348/2348 1187/1187
f 1187/1187 2345/2345 1182/1182
f 1186/1186 2347/2347 1188/1188
f 1188/1188 2349/2349 1190/1190
f 1190/1190 2350/2350 1191/1191
f 1191/1191 2348/2348 1186/1186
f 1190/1190 2349/2349 1192/1192
f 1192/1192 2351/2351 1194/1194
f 1194/1194 2352/2352 1195/1195
f 1195/1195 2350/2350 1190/1190
f 1194/1194 2351/2351 1196/1196
f 1196/1196 2353/2353 1198/1198
f 1198/1198 2354/2354 1199/1199
f 1199/1199 2352/2352 1194/1194
f 1198/1198 2353/2353 1200/1200
f 1200/1200 2355/2355 1202/1202
f 1202/1202 2356/2356 1203/1203
f 1203/1203 2354/2354 1198/1198
f 1202/1202 2355/2355 1204/1204
f 1204/1204 2357/2357 1206/1206
f 1206/1206 2358/2358 1207/1207
f 1207/1207 2356/2356 1202/1202
f 1206/1206 2357/2357 1208/1208
f 1208/1208 2359/2359 1210/1210
f 1210/1210 1216/1216 1211/1211
f 1211/1211 2358/2358 1206/1206
f 1210/1210 2359/2359 1212/1212
f 1212/1212 2360/2360 1214/1214
f 1214/1214 2361/2361 1215/1215
f 1213/1213 1215/1215 1216/1216
f 1214/1214 2360/2360 1217/1217
f 1217/1217 2362/2362 1219/1219
f 1219/1219 2363/2363 1220/1220
f 1220/1220 2361/2361 1214/1214
f 1221/1221 2364/2364 1222/1222
f 1223/1223 1222/1222 1224/1224
f 1223/1223 1225/1225 1226/1226
f 1227/1227 2365/2365 1221/1221
f 1228/1228 2366/2366 1229/1229
f 1229/1229 2367/2367 1231/1231
f 1231/1231 2368/2368 1232/1232
f 1232/1232 2369/2369 1228/1228
f 1219/1219 2362/2362 1233/1233
f 1233/1233 2366/2366 1228/1228
f 1228/1228 2369/2369 1235/1235
f 1235/1235 2363/2363 1219/1219
f 1236/1236 2370/2370 1237/1237
f 1238/1238 1237/1237 1239/1239
f 1238/1238 1240/1240 1241/1241
f 1242/1242 2371/2371 1236/1236
f 1243/1243 1240/1240 1244/1244
f 1245/1245 2372/2372 1246/1246
f 1246/1246 2373/2373 1247/1247
f 1243/1243 1247/1247 1248/1248
f 1249/1249 2374/2374 1250/1250
f 1250/1250 2375/2375 1251/1251
f 1243/1243 1251/1251 1252/1252
f 1253/1253 2376/2376 1254/1254
f 1254/1254 2377/2377 1255/1255
f 1243/1243 1255/1255 1256/1256
f 1257/1257 2378/2378 1258/1258
f 1258/1258 2379/2379 1240/1240
f 1259/1259 2380/2380 1260/1260
f 1261/1261 1260/1260 1262/1262
f 1261/1261 1246/1246 1263/1263
f 1264/1264 2381/2381 1259/1259
f 1265/1265 2382/2382 1266/1266
f 1267/1267 1266/1266 1268/1268
f 1267/1267 1249/1249 1269/1269
f 1270/1270 2383/2383 1265/1265
f 1271/1271 2384/2384 1272/1272
f 1273/1273 1272/1272 1274/1274
f 1273/1273 1251/1251 1275/1275
f 1276/1276 2385/2385 1271/1271
f 1277/1277 2386/2386 1278/1278
f 1279/1279 1278/1278 1280/1280
f 1279/1279 1254/1254 1281/1281
f 1282/1282 2387/2387 1277/1277
f 1283/1283 2388/2388 1284/1284
f 1285/1285 1284/1284 1286/1286
f 1285/1285 1257/1257 1287/1287
f 1288/1288 2389/2389 1283/1283
f 1289/1289 2381/2381 1264/1264
f 1290/1290 1264/1264 1263/1263
f 1290/1290 1245/1245 1239/1239
f 1237/1237 2370/2370 1289/1289
f 1291/1291 2383/2383 1270/1270
f 1292/1292 1270/1270 1269/1269
f 1292/1292 1247/1247 1262/1262
f 1260/1260 2380/2380 1291/1291
f 1293/1293 2385/2385 1276/1276
f 1294/1294 1276/1276 1275/1275
f 1294/1294 1250/1250 1268/1268
f 1266/1266 2382/2382 1293/1293
f 1295/1295 2387/2387 1282/1282
f 1296/1296 1282/1282 1281/1281
f 1296/1296 1253/1253 1274/1274
f 1272/1272 2384/2384 1295/1295
f 1297/1297 2389/2389 1288/1288
f 1298/1298 1288/1288 1287/1287
f 1298/1298 1255/1255 1280/1280
f 1278/1278 2386/2386 1297/1297
f 1299/1299 2371/2371 1242/1242
f 1300/1300 1242/1242 1241/1241
f 1300/1300 1258/1258 1286/1286
f 1284/1284 2388/2388 1299/1299
f 1301/1301 2390/2390 1302/1302
f 1303/1303 1302/1302 1304/1304
f 1303/1303 1305/1305 1306/1306
f 1307/1307 2391/2391 1301/1301
f 1308/1308 2392/2392 1309/1309
f 1310/1310 1309/1309 1311/1311
f 1310/1310 1312/1312 1313/1313
f 1314/1314 2393/2393 1308/1308
f 1315/1315 2394/2394 1316/1316
f 1317/1317 1316/1316 1318/1318
f 1317/1317 1319/1319 1320/1320
f 1321/1321 2395/2395 1315/1315
f 1322/1322 2396/2396 1323/1323
f 1324/1324 1323/1323 1325/1325
f 1324/1324 1326/1326 1327/1327
f 1328/1328 2397/2397 1322/1322
f 1329/1329 2397/2397 1328/1328
f 1330/1330 1328/1328 1327/1327
f 1330/1330 1331/1331 1332/1332
f 1333/1333 2398/2398 1329/1329
f 1334/1334 2399/2399 1335/1335
f 1336/1336 1335/1335 1337/1337
f 1336/1336 1338/1338 1224/1224
f 1222/1222 2364/2364 1334/1334
f 1339/1339 2365/2365 1227/1227
f 1340/1340 1227/1227 1226/1226
f 1340/1340 1341/1341 1304/1304
f 1302/1302 2390/2390 1339/1339
f 1342/1342 2391/2391 1307/1307
f 1343/1343 1307/1307 1306/1306
f 1343/1343 1344/1344 1311/1311
f 1309/1309 2392/2392 1342/1342
f 1345/1345 2393/2393 1314/1314
f 1346/1346 1314/1314 1313/1313
f 1346/1346 1347/1347 1318/1318
f 1316/1316 2394/2394 1345/1345
f 1348/1348 2395/2395 1321/1321
f 1349/1349 1321/1321 1320/1320
f 1349/1349 1350/1350 1325/1325
f 1323/1323 2396/2396 1348/1348
f 1351/1351 2398/2398 1333/1333
f 1352/1352 1333/1333 1332/1332
f 1352/1352 1353/1353 1337/1337
f 1335/1335 2399/2399 1351/1351
f 1354/1354 1359/1359 1355/1355
f 1356/1356 2400/2400 1357/1357
f 1357/1357 2401/2401 1358/1358
f 1358/1358 2402/2402 1359/1359
f 1360/1360 2403/2403 1361/1361
f 1361/1361 2404/2404 1363/1363
f 1363/1363 2405/2405 1364/1364
f 1364/1364 2406/2406 1360/1360
f 1365/1365 2407/2407 1366/1366
f 1366/1366 2401/2401 1368/1368
f 1368/1368 2408/2408 1369/1369
f 1369/1369 2409/2409 1365/1365
f 1370/1370 2410/2410 1371/1371
f 1371/1371 2405/2405 1373/1373
f 1373/1373 2411/2411 1374/1374
f 1372/1372 1374/1374 1375/1375
f 1376/1376 2412/2412 1377/1377
f 1377/1377 2408/2408 1379/1379
f 1379/1379 2413/2413 1380/1380
f 1380/1380 2414/2414 1376/1376
f 1381/1381 2415/2415 1382/1382
f 1382/1382 2416/2416 1384/1384
f 1384/1384 2400/2400 1385/1385
f 1385/1385 2417/2417 1381/1381
f 1386/1386 2418/2418 1387/1387
f 1387/1387 2411/2411 1389/1389
f 1389/1389 2416/2416 1390/1390
f 1390/1390 2419/2419 1386/1386
f 1391/1391 2420/2420 1392/1392
f 1392/1392 2413/2413 1394/1394
f 1394/1394 2404/2404 1395/1395
f 1395/1395 2421/2421 1391/1391
f 1368/1368 2401/2401 1396/1396
f 1397/1397 1396/1396 1398/1398
f 1397/1397 1399/1399 1400/1400
f 1401/1401 2408/2408 1368/1368
f 1373/1373 2405/2405 1402/1402
f 1403/1403 1402/1402 1404/1404
f 1403/1403 1405/1405 1406/1406
f 1407/1407 2411/2411 1373/1373
f 1379/1379 2408/2408 1401/1401
f 1408/1408 1401/1401 1400/1400
f 1408/1408 1409/1409 1410/1410
f 1411/1411 2413/2413 1379/1379
f 1384/1384 2416/2416 1412/1412
f 1413/1413 1412/1412 1414/1414
f 1413/1413 1415/1415 1416/1416
f 1417/1417 2400/2400 1384/1384
f 1389/1389 2411/2411 1407/1407
f 1418/1418 1407/1407 1406/1406
f 1418/1418 1419/1419 1414/1414
f 1412/1412 2416/2416 1389/1389
f 1394/1394 2413/2413 1411/1411
f 1420/1420 1411/1411 1410/1410
f 1420/1420 1421/1421 1422/1422
f 1423/1423 2404/2404 1394/1394
f 1357/1357 2400/2400 1417/1417
f 1424/1424 1417/1417 1416/1416
f 1424/1424 1425/1425 1398/1398
f 1396/1396 2401/2401 1357/1357
f 1363/1363 2404/2404 1423/1423
f 1426/1426 1423/1423 1422/1422
f 1426/1426 1427/1427 1404/1404
f 1402/1402 2405/2405 1363/1363
f 1427/1427 1422/1422 1428/1428
f 1429/1429 1428/1428 1430/1430
f 1429/1429 1431/1431 1432/1432
f 1433/1433 1404/1404 1427/1427
f 1399/1399 1398/1398 1434/1434
f 1435/1435 1434/1434 1436/1436
f 1435/1435 1437/1437 1438/1438
f 1439/1439 1400/1400 1399/1399
f 1405/1405 1404/1404 1433/1433
f 1440/1440 1433/1433 1432/1432
f 1440/1440 1441/1441 1442/1442
f 1443/1443 1406/1406 1405/1405
f 1409/1409 1400/1400 1439/1439
f 1444/1444 1439/1439 1438/1438
f 1444/1444 1445/1445 1446/1446
f 1447/1447 1410/1410 1409/1409
f 1415/1415 1414/1414 1448/1448
f 1449/1449 1448/1448 1450/1450
f 1449/1449 1451/1451 1452/1452
f 1453/1453 1416/1416 1415/1415
f 1419/1419 1406/1406 1443/1443
f 1454/1454 1443/1443 1442/1442
f 1454/1454 1455/1455 1450/1450
f 1448/1448 1414/1414 1419/1419
f 1421/1421 1410/1410 1447/1447
f 1456/1456 1447/1447 1446/1446
f 1456/1456 1457/1457 1430/1430
f 1428/1428 1422/1422 1421/1421
f 1425/1425 1416/1416 1453/1453
f 1458/1458 1453/1453 1452/1452
f 1458/1458 1459/1459 1436/1436
f 1434/1434 1398/1398 1425/1425
f 1457/1457 1446/1446 1460/1460
f 1461/1461 1460/1460 1462/1462
f 1461/1461 1463/1463 1464/1464
f 1465/1465 1430/1430 1457/1457
f 1459/1459 1452/1452 1466/1466
f 1467/1467 1466/1466 1468/1468
f 1467/1467 1469/1469 1470/1470
f 1471/1471 1436/1436 1459/1459
f 1431/1431 1430/1430 1465/1465
f 1472/1472 1465/1465 1464/1464
f 1472/1472 1473/1473 1474/1474
f 1475/1475 1432/1432 1431/1431
f 1437/1437 1436/1436 1471/1471
f 1476/1476 1471/1471 1470/1470
f 1476/1476 1477/1477 1478/1478
f 1479/1479 1438/1438 1437/1437
f 1441/1441 1432/1432 1475/1475
f 1480/1480 1475/1475 1474/1474
f 1480/1480 1481/1481 1482/1482
f 1483/1483 1442/1442 1441/1441
f 1445/1445 1438/1438 1479/1479
f 1484/1484 1479/1479 1478/1478
f 1484/1484 1485/1485 1462/1462
f 1460/1460 1446/1446 1445/1445
f 1451/1451 1450/1450 1486/1486
f 1487/1487 1486/1486 1488/1488
f 1487/1487 1489/1489 1468/1468
f 1466/1466 1452/1452 1451/1451
f 1455/1455 1442/1442 1483/1483
f 1490/1490 1483/1483 1482/1482
f 1490/1490 1491/1491 1488/1488
f 1486/1486 1450/1450 1455/1455
f 1492/1492 2422/2422 1493/1493
f 1493/1493 2423/2423 1495/1495
f 1495/1495 2424/2424 1496/1496
f 1496/1496 2425/2425 1492/1492
f 1497/1497 2426/2426 1498/1498
f 1498/1498 2427/2427 1500/1500
f 1500/1500 2428/2428 1501/1501
f 1501/1501 2429/2429 1497/1497
f 1502/1502 2430/2430 1503/1503
f 1503/1503 2424/2424 1505/1505
f 1505/1505 2431/2431 1506/1506
f 1506/1506 2432/2432 1502/1502
f 1507/1507 2433/2433 1508/1508
f 1508/1508 2428/2428 1510/1510
f 1510/1510 2434/2434 1511/1511
f 1511/1511 2435/2435 1507/1507
f 1512/1512 2436/2436 1513/1513
f 1513/1513 2431/2431 1515/1515
f 1515/1515 2437/2437 1516/1516
f 1516/1516 2438/2438 1512/1512
f 1517/1517 2439/2439 1518/1518
f 1518/1518 2440/2440 1520/1520
f 1520/1520 2423/2423 1521/1521
f 1521/1521 2441/2441 1517/1517
f 1522/1522 2442/2442 1523/1523
f 1523/1523 2434/2434 1525/1525
f 1525/1525 2440/2440 1526/1526
f 1526/1526 2443/2443 1522/1522
f 1527/1527 2444/2444 1528/1528
f 1528/1528 2437/2437 1530/1530
f 1530/1530 2427/2427 1531/1531
f 1531/1531 2445/2445 1527/1527
f 1505/1505 2424/2424 1532/1532
f 1533/1533 1532/1532 1534/1534
f 1533/1533 1535/1535 1536/1536
f 1537/1537 2431/2431 1505/1505
f 1510/1510 2428/2428 1538/1538
f 1539/1539 1538/1538 1540/1540
f 1539/1539 1541/1541 1542/1542
f 1543/1543 2434/2434 1510/1510
f 1515/1515 2431/2431 1537/1537
f 1544/1544 1537/1537 1536/1536
f 1544/1544 1545/1545 1546/1546
f 1547/1547 2437/2437 1515/1515
f 1520/1520 2440/2440 1548/1548
f 1549/1549 1548/1548 1550/1550
f 1549/1549 1551/1551 1552/1552
f 1553/1553 2423/2423 1520/1520
f 1525/1525 2434/2434 1543/1543
f 1554/1554 1543/1543 1542/1542
f 1554/1554 1555/1555 1550/1550
f 1548/1548 2440/2440 1525/1525
f 1530/1530 2437/2437 1547/1547
f 1556/1556 1547/1547 1546/1546
f 1556/1556 1557/1557 1558/1558
f 1559/1559 2427/2427 1530/1530
f 1495/1495 2423/2423 1553/1553
f 1560/1560 1553/1553 1552/1552
f 1560/1560 1561/1561 1534/1534
f 1532/1532 2424/2424 1495/1495
f 1500/1500 2427/2427 1559/1559
f 1562/1562 1559/1559 1558/1558
f 1562/1562 1563/1563 1540/1540
f 1538/1538 2428/2428 1500/1500
f 1551/1551 1550/1550 1564/1564
f 1564/1564 2446/2446 1566/1566
f 1566/1566 2447/2447 1567/1567
f 1567/1567 1552/1552 1551/1551
f 1555/1555 1542/1542 1568/1568
f 1568/1568 2448/2448 1570/1570
f 1570/1570 2446/2446 1564/1564
f 1564/1564 1550/1550 1555/1555
f 1557/1557 1546/1546 1571/1571
f 1571/1571 2449/2449 1573/1573
f 1573/1573 2450/2450 1574/1574
f 1574/1574 1558/1558 1557/1557
f 1561/1561 1552/1552 1567/1567
f 1567/1567 2447/2447 1576/1576
f 1576/1576 2451/2451 1577/1577
f 1577/1577 1534/1534 1561/1561
f 1563/1563 1558/1558 1574/1574
f 1574/1574 2450/2450 1579/1579
f 1579/1579 2452/2452 1580/1580
f 1580/1580 1540/1540 1563/1563
f 1535/1535 1534/1534 1577/1577
f 1577/1577 2451/2451 1582/1582
f 1582/1582 2453/2453 1583/1583
f 1583/1583 1536/1536 1535/1535
f 1541/1541 1540/1540 1580/1580
f 1580/1580 2452/2452 1585/1585
f 1585/1585 2448/2448 1568/1568
f 1568/1568 1542/1542 1541/1541
f 1545/1545 1536/1536 1583/1583
f 1583/1583 2453/2453 1587/1587
f 1587/1587 2449/2449 1571/1571
f 1571/1571 1546/1546 1545/1545
f 1588/1588 2454/2454 1589/1589
f 1590/1590 1589/1589 1591/1591
f 1590/1590 1592/1592 1593/1593
f 1594/1594 2455/2455 1588/1588
f 1595/1595 2456/2456 1596/1596
f 1597/1597 1596/1596 1598/1598
f 1597/1597 1599/1599 1600/1600
f 1601/1601 2457/2457 1595/1595
f 1602/1602 2458/2458 1603/1603
f 1604/1604 1603/1603 1605/1605
f 1604/1604 1606/1606 1607/1607
f 1608/1608 2459/2459 1602/1602
f 1609/1609 2455/2455 1594/1594
f 1610/1610 1594/1594 1593/1593
f 1610/1610 1611/1611 1605/1605
f 1603/1603 2458/2458 1609/1609
f 1612/1612 2457/2457 1601/1601
f 1613/1613 1601/1601 1600/1600
f 1613/1613 1614/1614 1615/1615
f 1616/1616 2460/2460 1612/1612
f 1617/1617 2459/2459 1608/1608
f 1618/1618 1608/1608 1607/1607
f 1618/1618 1619/1619 1620/1620
f 1621/1621 2461/2461 1617/1617
f 1622/1622 2460/2460 1616/1616
f 1623/1623 1616/1616 1615/1615
f 1623/1623 1624/1624 1591/1591
f 1589/1589 2454/2454 1622/1622
f 1625/1625 2461/2461 1621/1621
f 1626/1626 1621/1621 1620/1620
f 1626/1626 1627/1627 1598/1598
f 1596/1596 2456/2456 1625/1625
f 1624/1624 1615/1615 1628/1628
f 1628/1628 2462/2462 1630/1630
f 1630/1630 2463/2463 1631/1631
f 1631/1631 1591/1591 1624/1624
f 1627/1627 1620/1620 1632/1632
f 1632/1632 2464/2464 1634/1634
f 1634/1634 2465/2465 1635/1635
f 1635/1635 1598/1598 1627/1627
f 1592/1592 1591/1591 1631/1631
f 1631/1631 2463/2463 1637/1637
f 1637/1637 2466/2466 1638/1638
f 1638/1638 1593/1593 1592/1592
f 1599/1599 1598/1598 1635/1635
f 1635/1635 2465/2465 1640/1640
f 1640/1640 2467/2467 1641/1641
f 1641/1641 1600/1600 1599/1599
f 1606/1606 1605/1605 1642/1642
f 1642/1642 2468/2468 1644/1644
f 1644/1644 2469/2469 1645/1645
f 1645/1645 1607/1607 1606/1606
f 1611/1611 1593/1593 1638/1638
f 1638/1638 2466/2466 1647/1647
f 1647/1647 2468/2468 1642/1642
f 1642/1642 1605/1605 1611/1611
f 1614/1614 1600/1600 1641/1641
f 1641/1641 2467/2467 1649/1649
f 1649/1649 2462/2462 1628/1628
f 1628/1628 1615/1615 1614/1614
f 1619/1619 1607/1607 1645/1645
f 1645/1645 2469/2469 1651/1651
f 1651/1651 2464/2464 1632/1632
f 1632/1632 1620/1620 1619/1619
f 1652/1652 1687/1687 1653/1653
f 1654/1654 1653/1653 1655/1655
f 1656/1656 2470/2470 1657/1657
f 1654/1654 1657/1657 1658/1658
f 1659/1659 1665/1665 1660/1660
f 1661/1661 2471/2471 1662/1662
f 1659/1659 1662/1662 1663/1663
f 1664/1664 1674/1674 1665/1665
f 1666/1666 1672/1672 1667/1667
f 1666/1666 1668/1668 1669/1669
f 1670/1670 2472/2472 1671/1671
f 1671/1671 2473/2473 1672/1672
f 1673/1673 1677/1677 1674/1674
f 1673/1673 1664/1664 1663/1663
f 1675/1675 2474/2474 1676/1676
f 1676/1676 2475/2475 1677/1677
f 1678/1678 2473/2473 1671/1671
f 1671/1671 2472/2472 1680/1680
f 1679/1679 1680/1680 1681/1681
f 1679/1679 1682/1682 1683/1683
f 1684/1684 2475/2475 1676/1676
f 1676/1676 2474/2474 1686/1686
f 1685/1685 1686/1686 1655/1655
f 1685/1685 1653/1653 1687/1687
f 1688/1688 1683/1683 1682/1682
f 1689/1689 1682/1682 1681/1681
f 1690/1690 2471/2471 1661/1661
f 1689/1689 1661/1661 1660/1660
f 1691/1691 1693/1693 1658/1658
f 1657/1657 2470/2470 1692/1692
f 1691/1691 1692/1692 1669/1669
f 1668/1668 1667/1667 1693/1693
f 1694/1694 1701/1701 1695/1695
f 1694/1694 1696/1696 1697/1697
f 1694/1694 1698/1698 1699/1699
f 1700/1700 1794/1794 1701/1701
f 1702/1702 2476/2476 1703/1703
f 1704/1704 1703/1703 1705/1705
f 1706/1706 1786/1786 1707/1707
f 1704/1704 1707/1707 1708/1708
f 1709/1709 1722/1722 1710/1710
f 1711/1711 1710/1710 1712/1712
f 1711/1711 1713/1713 1714/1714
f 1711/1711 1715/1715 1716/1716
f 1717/1717 2477/2477 1718/1718
f 1719/1719 1718/1718 1720/1720
f 1721/1721 1712/1712 1710/1710
f 1719/1719 1710/1710 1722/1722
f 1690/1690 1681/1681 1723/1723
f 1723/1723 2478/2478 1725/1725
f 1725/1725 2479/2479 1726/1726
f 1726/1726 2471/2471 1690/1690
f 1692/1692 2470/2470 1727/1727
f 1727/1727 2480/2480 1729/1729
f 1729/1729 1738/1738 1730/1730
f 1730/1730 1669/1669 1692/1692
f 1656/1656 1655/1655 1731/1731
f 1731/1731 1748/1748 1733/1733
f 1733/1733 2480/2480 1727/1727
f 1727/1727 2470/2470 1656/1656
f 1662/1662 2471/2471 1726/1726
f 1726/1726 2479/2479 1735/1735
f 1735/1735 2481/2481 1736/1736
f 1736/1736 1663/1663 1662/1662
f 1737/1737 1670/1670 1669/1669
f 1737/1737 1730/1730 1738/1738
f 1739/1739 2482/2482 1740/1740
f 1740/1740 2472/2472 1670/1670
f 1675/1675 1663/1663 1736/1736
f 1736/1736 2481/2481 1742/1742
f 1742/1742 2483/2483 1743/1743
f 1743/1743 2474/2474 1675/1675
f 1680/1680 2472/2472 1740/1740
f 1740/1740 2482/2482 1745/1745
f 1745/1745 2478/2478 1723/1723
f 1723/1723 1681/1681 1680/1680
f 1686/1686 2474/2474 1743/1743
f 1743/1743 2483/2483 1747/1747
f 1746/1746 1747/1747 1748/1748
f 1746/1746 1731/1731 1655/1655
f 1749/1749 2484/2484 1750/1750
f 1750/1750 2485/2485 1752/1752
f 1752/1752 2486/2486 1753/1753
f 1753/1753 2487/2487 1749/1749
f 1754/1754 1759/1759 1755/1755
f 1756/1756 2488/2488 1757/1757
f 1757/1757 2489/2489 1758/1758
f 1758/1758 2490/2490 1759/1759
f 1760/1760 2491/2491 1761/1761
f 1761/1761 2492/2492 1763/1763
f 1763/1763 2493/2493 1764/1764
f 1762/1762 1764/1764 1765/1765
f 1766/1766 2487/2487 1753/1753
f 1753/1753 2486/2486 1768/1768
f 1768/1768 2494/2494 1769/1769
f 1769/1769 2495/2495 1766/1766
f 1770/1770 2490/2490 1758/1758
f 1758/1758 2489/2489 1772/1772
f 1772/1772 2496/2496 1773/1773
f 1773/1773 2497/2497 1770/1770
f 1774/1774 2495/2495 1769/1769
f 1769/1769 2494/2494 1776/1776
f 1776/1776 2498/2498 1777/1777
f 1777/1777 2499/2499 1774/1774
f 1778/1778 2497/2497 1773/1773
f 1773/1773 2496/2496 1780/1780
f 1780/1780 2485/2485 1750/1750
f 1750/1750 2484/2484 1778/1778
f 1781/1781 2499/2499 1777/1777
f 1777/1777 2498/2498 1783/1783
f 1783/1783 2492/2492 1761/1761
f 1761/1761 2491/2491 1781/1781
f 1784/1784 1708/1708 1707/1707
f 1785/1785 1707/1707 1786/1786
f 1785/1785 1787/1787 1697/1697
f 1785/1785 1696/1696 1695/1695
f 1788/1788 1792/1792 1716/1716
f 1788/1788 1715/1715 1714/1714
f 1788/1788 1789/1789 1790/1790
f 1791/1791 1798/1798 1792/1792
f 1793/1793 1796/1796 1794/1794
f 1700/1700 1699/1699 1795/1795
f 1793/1793 1795/1795 1720/1720
f 1718/1718 2477/2477 1796/1796
f 1797/1797 1800/1800 1798/1798
f 1791/1791 1790/1790 1799/1799
f 1797/1797 1799/1799 1705/1705
f 1703/1703 2476/2476 1800/1800
f 1801/1801 2500/2500 1802/1802
f 1802/1802 2501/2501 1804/1804
f 1804/1804 2502/2502 1805/1805
f 1805/1805 2503/2503 1801/1801
f 1806/1806 2504/2504 1807/1807
f 1807/1807 2505/2505 1809/1809
f 1809/1809 2506/2506 1810/1810
f 1810/1810 2507/2507 1806/1806
f 1811/1811 2508/2508 1812/1812
f 1812/1812 2509/2509 1814/1814
f 1814/1814 2510/2510 1815/1815
f 1815/1815 2502/2502 1811/1811
f 1816/1816 2511/2511 1817/1817
f 1817/1817 2512/2512 1819/1819
f 1819/1819 2513/2513 1820/1820
f 1820/1820 2506/2506 1816/1816
f 1821/1821 2514/2514 1822/1822
f 1822/1822 2515/2515 1824/1824
f 1824/1824 2516/2516 1825/1825
f 1825/1825 2510/2510 1821/1821
f 1826/1826 2517/2517 1827/1827
f 1827/1827 2518/2518 1829/1829
f 1829/1829 2503/2503 1830/1830
f 1830/1830 2519/2519 1826/1826
f 1831/1831 2520/2520 1832/1832
f 1832/1832 2521/2521 1834/1834
f 1834/1834 2519/2519 1835/1835
f 1835/1835 2513/2513 1831/1831
f 1836/1836 2522/2522 1837/1837
f 1838/1838 1837/1837 1839/1839
f 1840/1840 2507/2507 1841/1841
f 1841/1841 2516/2516 1836/1836
f 1842/1842 2502/2502 1815/1815
f 1815/1815 2510/2510 1844/1844
f 1843/1843 1844/1844 1845/1845
f 1843/1843 1846/1846 1847/1847
f 1848/1848 2506/2506 1820/1820
f 1820/1820 2513/2513 1850/1850
f 1849/1849 1850/1850 1851/1851
f 1849/1849 1852/1852 1853/1853
f 1844/1844 2510/2510 1825/1825
f 1825/1825 2516/2516 1855/1855
f 1854/1854 1855/1855 1856/1856
f 1854/1854 1857/1857 1845/1845
f 1858/1858 2519/2519 1830/1830
f 1830/1830 2503/2503 1860/1860
f 1859/1859 1860/1860 1861/1861
f 1859/1859 1862/1862 1863/1863
f 1850/1850 2513/2513 1835/1835
f 1835/1835 2519/2519 1858/1858
f 1864/1864 1858/1858 1863/1863
f 1864/1864 1865/1865 1851/1851
f 1855/1855 2516/2516 1841/1841
f 1841/1841 2507/2507 1867/1867
f 1866/1866 1867/1867 1868/1868
f 1866/1866 1869/1869 1856/1856
f 1860/1860 2503/2503 1805/1805
f 1805/1805 2502/2502 1842/1842
f 1870/1870 1842/1842 1847/1847
f 1870/1870 1871/1871 1861/1861
f 1867/1867 2507/2507 1810/1810
f 1810/1810 2506/2506 1848/1848
f 1872/1872 1848/1848 1853/1853
f 1872/1872 1873/1873 1868/1868
f 1874/1874 1868/1868 1873/1873
f 1873/1873 1853/1853 1876/1876
f 1875/1875 1876/1876 1877/1877
f 1875/1875 1878/1878 1879/1879
f 1880/1880 1847/1847 1846/1846
f 1846/1846 1845/1845 1882/1882
f 1881/1881 1882/1882 1883/1883
f 1881/1881 1884/1884 1885/1885
f 1876/1876 1853/1853 1852/1852
f 1852/1852 1851/1851 1887/1887
f 1886/1886 1887/1887 1888/1888
f 1886/1886 1889/1889 1877/1877
f 1882/1882 1845/1845 1857/1857
f 1857/1857 1856/1856 1891/1891
f 1890/1890 1891/1891 1892/1892
f 1890/1890 1893/1893 1883/1883
f 1894/1894 1863/1863 1862/1862
f 1862/1862 1861/1861 1896/1896
f 1895/1895 1896/1896 1897/1897
f 1895/1895 1898/1898 1899/1899
f 1887/1887 1851/1851 1865/1865
f 1865/1865 1863/1863 1894/1894
f 1900/1900 1894/1894 1899/1899
f 1900/1900 1901/1901 1888/1888
f 1891/1891 1856/1856 1869/1869
f 1869/1869 1868/1868 1874/1874
f 1902/1902 1874/1874 1879/1879
f 1902/1902 1903/1903 1892/1892
f 1896/1896 1861/1861 1871/1871
f 1871/1871 1847/1847 1880/1880
f 1904/1904 1880/1880 1885/1885
f 1904/1904 1905/1905 1897/1897
f 1906/1906 1892/1892 1903/1903
f 1903/1903 1879/1879 1908/1908
f 1907/1907 1908/1908 1909/1909
f 1907/1907 1910/1910 1911/1911
f 1912/1912 1897/1897 1905/1905
f 1905/1905 1885/1885 1914/1914
f 1913/1913 1914/1914 1915/1915
f 1913/1913 1916/1916 1917/1917
f 1908/1908 1879/1879 1878/1878
f 1878/1878 1877/1877 1919/1919
f 1918/1918 1919/1919 1920/1920
f 1918/1918 1921/1921 1909/1909
f 1914/1914 1885/1885 1884/1884
f 1884/1884 1883/1883 1923/1923
f 1922/1922 1923/1923 1924/1924
f 1922/1922 1925/1925 1915/1915
f 1919/1919 1877/1877 1889/1889
f 1889/1889 1888/1888 1927/1927
f 1926/1926 1927/1927 1928/1928
f 1926/1926 1929/1929 1920/1920
f 1923/1923 1883/1883 1893/1893
f 1893/1893 1892/1892 1906/1906
f 1930/1930 1906/1906 1911/1911
f 1930/1930 1931/1931 1924/1924
f 1932/1932 1899/1899 1898/1898
f 1898/1898 1897/1897 1912/1912
f 1933/1933 1912/1912 1917/1917
f 1933/1933 1934/1934 1935/1935
f 1927/1927 1888/1888 1901/1901
f 1901/1901 1899/1899 1932/1932
f 1936/1936 1932/1932 1935/1935
f 1936/1936 1937/1937 1928/1928
f 1938/1938 2523/2523 1939/1939
f 1939/1939 2524/2524 1941/1941
f 1941/1941 2525/2525 1942/1942
f 1940/1940 1942/1942 1943/1943
f 1944/1944 2526/2526 1945/1945
f 1945/1945 2527/2527 1947/1947
f 1947/1947 2528/2528 1948/1948
f 1948/1948 2529/2529 1944/1944
f 1949/1949 2530/2530 1950/1950
f 1950/1950 2531/2531 1952/1952
f 1952/1952 2532/2532 1953/1953
f 1953/1953 2525/2525 1949/1949
f 1954/1954 2533/2533 1955/1955
f 1955/1955 2534/2534 1957/1957
f 1956/1956 1957/1957 1958/1958
f 1959/1959 2528/2528 1954/1954
f 1960/1960 2535/2535 1961/1961
f 1961/1961 2536/2536 1963/1963
f 1963/1963 2537/2537 1964/1964
f 1964/1964 2532/2532 1960/1960
f 1965/1965 2538/2538 1966/1966
f 1966/1966 2539/2539 1968/1968
f 1968/1968 1943/1943 1969/1969
f 1969/1969 2540/2540 1965/1965
f 1970/1970 2541/2541 1971/1971
f 1971/1971 2542/2542 1973/1973
f 1973/1973 2540/2540 1974/1974
f 1974/1974 1958/1958 1970/1970
f 1975/1975 2543/2543 1976/1976
f 1976/1976 2544/2544 1978/1978
f 1978/1978 2529/2529 1979/1979
f 1979/1979 2537/2537 1975/1975
f 1980/1980 2525/2525 1953/1953
f 1953/1953 2532/2532 1982/1982
f 1981/1981 1982/1982 1983/1983
f 1981/1981 1984/1984 1985/1985
f 1986/1986 2528/2528 1959/1959
f 1959/1959 1958/1958 1988/1988
f 1987/1987 1988/1988 1989/1989
f 1987/1987 1990/1990 1991/1991
f 1982/1982 2532/2532 1964/1964
f 1964/1964 2537/2537 1993/1993
f 1992/1992 1993/1993 1994/1994
f 1992/1992 1995/1995 1983/1983
f 1996/1996 2540/2540 1969/1969
f 1969/1969 1943/1943 1998/1998
f 1997/1997 1998/1998 1999/1999
f 1997/1997 2000/2000 2001/2001
f 1988/1988 1958/1958 1974/1974
f 1974/1974 2540/2540 1996/1996
f 2002/2002 1996/1996 2001/2001
f 2002/2002 2003/2003 1989/1989
f 1993/1993 2537/2537 1979/1979
f 1979/1979 2529/2529 2005/2005
f 2004/2004 2005/2005 2006/2006
f 2004/2004 2007/2007 1994/1994
f 1998/1998 1943/1943 1942/1942
f 1942/1942 2525/2525 1980/1980
f 2008/2008 1980/1980 1985/1985
f 2008/2008 2009/2009 1999/1999
f 2005/2005 2529/2529 1948/1948
f 1948/1948 2528/2528 1986/1986
f 2010/2010 1986/1986 1991/1991
f 2010/2010 2011/2011 2006/2006
f 2012/2012 2001/2001 2000/2000
f 2000/2000 1999/1999 2014/2014
f 2014/2014 2545/2545 2015/2015
f 2015/2015 2546/2546 2012/2012
f 2016/2016 1989/1989 2003/2003
f 2003/2003 2001/2001 2012/2012
f 2012/2012 2546/2546 2018/2018
f 2018/2018 2547/2547 2016/2016
f 2019/2019 1994/1994 2007/2007
f 2007/2007 2006/2006 2021/2021
f 2021/2021 2548/2548 2022/2022
f 2022/2022 2549/2549 2019/2019
f 2014/2014 1999/1999 2009/2009
f 2009/2009 1985/1985 2024/2024
f 2024/2024 2550/2550 2025/2025
f 2025/2025 2545/2545 2014/2014
f 2021/2021 2006/2006 2011/2011
f 2011/2011 1991/1991 2027/2027
f 2027/2027 2551/2551 2028/2028
f 2028/2028 2548/2548 2021/2021
f 2024/2024 1985/1985 1984/1984
f 1984/1984 1983/1983 2030/2030
f 2030/2030 2552/2552 2031/2031
f 2031/2031 2550/2550 2024/2024
f 2027/2027 1991/1991 1990/1990
f 1990/1990 1989/1989 2016/2016
f 2016/2016 2547/2547 2033/2033
f 2033/2033 2551/2551 2027/2027
f 2030/2030 1983/1983 1995/1995
f 1995/1995 1994/1994 2019/2019
f 2019/2019 2549/2549 2035/2035
f 2035/2035 2552/2552 2030/2030
f 2036/2036 2553/2553 2037/2037
f 2037/2037 2554/2554 2039/2039
f 2038/2038 2039/2039 2040/2040
f 2038/2038 2041/2041 2042/2042
f 2043/2043 2555/2555 2044/2044
f 2044/2044 2556/2556 2046/2046
f 2045/2045 2046/2046 2047/2047
f 2045/2045 2048/2048 2049/2049
f 2050/2050 2557/2557 2051/2051
f 2051/2051 2558/2558 2053/2053
f 2052/2052 2053/2053 2054/2054
f 2052/2052 2055/2055 2056/2056
f 2039/2039 2554/2554 2057/2057
f 2057/2057 2557/2557 2050/2050
f 2058/2058 2050/2050 2056/2056
f 2058/2058 2059/2059 2040/2040
f 2046/2046 2556/2556 2060/2060
f 2060/2060 2559/2559 2062/2062
f 2061/2061 2062/2062 2063/2063
f 2061/2061 2064/2064 2047/2047
f 2053/2053 2558/2558 2065/2065
f 2065/2065 2560/2560 2067/2067
f 2066/2066 2067/2067 2068/2068
f 2066/2066 2069/2069 2054/2054
f 2062/2062 2559/2559 2070/2070
f 2070/2070 2553/2553 2036/2036
f 2071/2071 2036/2036 2042/2042
f 2071/2071 2072/2072 2063/2063
f 2067/2067 2560/2560 2073/2073
f 2073/2073 2555/2555 2043/2043
f 2074/2074 2043/2043 2049/2049
f 2074/2074 2075/2075 2068/2068
f 2076/2076 2063/2063 2072/2072
f 2072/2072 2042/2042 2078/2078
f 2078/2078 2561/2561 2079/2079
f 2079/2079 2562/2562 2076/2076
f 2080/2080 2068/2068 2075/2075
f 2075/2075 2049/2049 2082/2082
f 2082/2082 2563/2563 2083/2083
f 2083/2083 2564/2564 2080/2080
f 2078/2078 2042/2042 2041/2041
f 2041/2041 2040/2040 2085/2085
f 2085/2085 2565/2565 2086/2086
f 2086/2086 2561/2561 2078/2078
f 2082/2082 2049/2049 2048/2048
f 2048/2048 2047/2047 2088/2088
f 2088/2088 2566/2566 2089/2089
f 2089/2089 2563/2563 2082/2082
f 2090/2090 2056/2056 2055/2055
f 2055/2055 2054/2054 2092/2092
f 2092/2092 2567/2567 2093/2093
f 2093/2093 2568/2568 2090/2090
f 2085/2085 2040/2040 2059/2059
f 2059/2059 2056/2056 2090/2090
f 2090/2090 2568/2568 2095/2095
f 2095/2095 2565/2565 2085/2085
f 2088/2088 2047/2047 2064/2064
f 2064/2064 2063/2063 2076/2076
f 2076/2076 2562/2562 2097/2097
f 2097/2097 2566/2566 2088/2088
f 2092/2092 2054/2054 2069/2069
f 2069/2069 2068/2068 2080/2080
f 2080/2080 2564/2564 2099/2099
f 2099/2099 2567/2567 2092/2092
f 2100/2100 2134/2134 2101/2101
f 2102/2102 2101/2101 2103/2103
f 2104/2104 2569/2569 2105/2105
f 2102/2102 2105/2105 2106/2106
f 2107/2107 2113/2113 2108/2108
f 2109/2109 2122/2122 2110/2110
f 2107/2107 2110/2110 2111/2111
f 2112/2112 2570/2570 2113/2113
f 2114/2114 2120/2120 2115/2115
f 2116/2116 2571/2571 2117/2117
f 2117/2117 2572/2572 2118/2118
f 2114/2114 2118/2118 2119/2119
f 2121/2121 2110/2110 2122/2122
f 2123/2123 2573/2573 2124/2124
f 2124/2124 2574/2574 2125/2125
f 2121/2121 2125/2125 2111/2111
f 2117/2117 2571/2571 2126/2126
f 2127/2127 2126/2126 2128/2128
f 2127/2127 2129/2129 2130/2130
f 2131/2131 2572/2572 2117/2117
f 2124/2124 2573/2573 2132/2132
f 2133/2133 2132/2132 2134/2134
f 2133/2133 2100/2100 2106/2106
f 2135/2135 2574/2574 2124/2124
f 2129/2129 2128/2128 2136/2136
f 2137/2137 2136/2136 2108/2108
f 2113/2113 2570/2570 2138/2138
f 2137/2137 2138/2138 2130/2130
f 2139/2139 2104/2104 2103/2103
f 2140/2140 2115/2115 2120/2120
f 2139/2139 2120/2120 2119/2119
f 2141/2141 2569/2569 2104/2104
f 2142/2142 2149/2149 2143/2143
f 2144/2144 2234/2234 2145/2145
f 2142/2142 2145/2145 2146/2146
f 2142/2142 2147/2147 2148/2148
f 2150/2150 2575/2575 2151/2151
f 2152/2152 2151/2151 2153/2153
f 2154/2154 2227/2227 2155/2155
f 2152/2152 2155/2155 2156/2156
f 2157/2157 2168/2168 2158/2158
f 2159/2159 2158/2158 2160/2160
f 2159/2159 2161/2161 2162/2162
f 2159/2159 2163/2163 2164/2164
f 2165/2165 2576/2576 2166/2166
f 2167/2167 2166/2166 2168/2168
f 2157/2157 2164/2164 2169/2169
f 2167/2167 2169/2169 2170/2170
f 2171/2171 2130/2130 2138/2138
f 2138/2138 2570/2570 2173/2173
f 2173/2173 2577/2577 2174/2174
f 2174/2174 2578/2578 2171/2171
f 2175/2175 2569/2569 2141/2141
f 2141/2141 2119/2119 2177/2177
f 2177/2177 2188/2188 2178/2178
f 2178/2178 2579/2579 2175/2175
f 2179/2179 2106/2106 2105/2105
f 2105/2105 2569/2569 2175/2175
f 2175/2175 2579/2579 2181/2181
f 2181/2181 2195/2195 2179/2179
f 2173/2173 2570/2570 2112/2112
f 2112/2112 2111/2111 2183/2183
f 2183/2183 2580/2580 2184/2184
f 2184/2184 2577/2577 2173/2173
f 2185/2185 2177/2177 2119/2119
f 2118/2118 2572/2572 2186/2186
f 2186/2186 2581/2581 2187/2187
f 2185/2185 2187/2187 2188/2188
f 2183/2183 2111/2111 2125/2125
f 2125/2125 2574/2574 2190/2190
f 2190/2190 2582/2582 2191/2191
f 2191/2191 2580/2580 2183/2183
f 2186/2186 2572/2572 2131/2131
f 2131/2131 2130/2130 2171/2171
f 2171/2171 2578/2578 2193/2193
f 2193/2193 2581/2581 2186/2186
f 2190/2190 2574/2574 2135/2135
f 2194/2194 2135/2135 2106/2106
f 2194/2194 2179/2179 2195/2195
f 2196/2196 2582/2582 2190/2190
f 2197/2197 2583/2583 2198/2198
f 2198/2198 2584/2584 2200/2200
f 2200/2200 2486/2486 1752/1752
f 1752/1752 2485/2485 2197/2197
f 2201/2201 2205/2205 2202/2202
f 2203/2203 2585/2585 2204/2204
f 2204/2204 2489/2489 1757/1757
f 1757/1757 2488/2488 2205/2205
f 2206/2206 2586/2586 2207/2207
f 2208/2208 2207/2207 2209/2209
f 2210/2210 2493/2493 1763/1763
f 1763/1763 2492/2492 2206/2206
f 2200/2200 2584/2584 2211/2211
f 2211/2211 2587/2587 2213/2213
f 2213/2213 2494/2494 1768/1768
f 1768/1768 2486/2486 2200/2200
f 2204/2204 2585/2585 2214/2214
f 2214/2214 2588/2588 2216/2216
f 2216/2216 2496/2496 1772/1772
f 1772/1772 2489/2489 2204/2204
f 2213/2213 2587/2587 2217/2217
f 2217/2217 2589/2589 2219/2219
f 2219/2219 2498/2498 1776/1776
f 1776/1776 2494/2494 2213/2213
f 2216/2216 2588/2588 2220/2220
f 2220/2220 2583/2583 2197/2197
f 2197/2197 2485/2485 1780/1780
f 1780/1780 2496/2496 2216/2216
f 2219/2219 2589/2589 2222/2222
f 2222/2222 2586/2586 2206/2206
f 2206/2206 2492/2492 1783/1783
f 1783/1783 2498/2498 2219/2219
f 2154/2154 2153/2153 2224/2224
f 2225/2225 2224/2224 2143/2143
f 2225/2225 2149/2149 2148/2148
f 2225/2225 2226/2226 2227/2227
f 2228/2228 2161/2161 2160/2160
f 2229/2229 2238/2238 2230/2230
f 2228/2228 2230/2230 2231/2231
f 2228/2228 2232/2232 2162/2162
f 2233/2233 2145/2145 2234/2234
f 2235/2235 2576/2576 2165/2165
f 2233/2233 2165/2165 2170/2170
f 2236/2236 2146/2146 2145/2145
f 2237/2237 2230/2230 2238/2238
f 2239/2239 2575/2575 2150/2150
f 2237/2237 2150/2150 2156/2156
f 2240/2240 2231/2231 2230/2230
f 2590/2590 2591/2591 2592/2592
f 2592/2592 2593/2593 2590/2590
f 2590/2590 2594/2594 2595/2595
f 2595/2595 2596/2596 2590/2590
f 2597/2597 2598/2598 2599/2599
f 2597/2597 2600/2600 2601/2601
f 2601/2601 2602/2602 2597/2597
f 2597/2597 2603/2603 2604/2604
f 2605/2605 2603/2603 2602/2602
f 2605/2605 2606/2606 2607/2607
f 2607/2607 2608/2608 2605/2605
f 2608/2608 2609/2609 2605/2605
f 2610/2610 2611/2611 2612/2612
f 2612/2612 2613/2613 2614/2614
f 2612/2612 2615/2615 2616/2616
f 2616/2616 2610/2610 2612/2612
f 2617/2617 2618/2618 2619/2619
f 2619/2619 2620/2620 2621/2621
f 2619/2619 2622/2622 2623/2623
f 2623/2623 2617/2617 2619/2619
f 2624/2624 2625/2625 2626/2626
f 2626/2626 2627/2627 2628/2628
f 2626/2626 2629/2629 2630/2630
f 2630/2630 2624/2624 2626/2626
f 2631/2631 2616/2616 2632/2632
f 2632/2632 2615/2615 2633/2633
f 2632/2632 2627/2627 2625/2625
f 2625/2625 2631/2631 2632/2632
f 2634/2634 2623/2623 2635/2635
f 2635/2635 2622/2622 2636/2636
f 2635/2635 2637/2637 2638/2638
f 2638/2638 2634/2634 2635/2635
f 2639/2639 2630/2630 2640/2640
f 2640/2640 2629/2629 2641/2641
f 2640/2640 2642/2642 2643/2643
f 2643/2643 2639/2639 2640/2640
f 2644/2644 2638/2638 2645/2645
f 2645/2645 2637/2637 2646/2646
f 2645/2645 2613/2613 2611/2611
f 2611/2611 2644/2644 2645/2645
f 2647/2647 2643/2643 2648/2648
f 2648/2648 2642/2642 2649/2649
f 2648/2648 2620/2620 2618/2618
f 2618/2618 2647/2647 2648/2648
f 2650/2650 2651/2651 2628/2628
f 2628/2628 2652/2652 2650/2650
f 2652/2652 2649/2649 2650/2650
f 2650/2650 2653/2653 2641/2641
f 2654/2654 2622/2622 2621/2621
f 2654/2654 2620/2620 2652/2652
f 2654/2654 2627/2627 2633/2633
f 2654/2654 2615/2615 2655/2655
f 2656/2656 2657/2657 2636/2636
f 2636/2636 2655/2655 2656/2656
f 2655/2655 2614/2614 2656/2656
f 2656/2656 2658/2658 2646/2646
f 2659/2659 2660/2660 2661/2661
f 2659/2659 2662/2662 2663/2663
f 2663/2663 2599/2599 2659/2659
f 2599/2599 2664/2664 2659/2659
f 2665/2665 2666/2666 2667/2667
f 2667/2667 2668/2668 2669/2669
f 2669/2669 2670/2670 2667/2667
f 2667/2667 2671/2671 2665/2665
f 2672/2672 2608/2608 2673/2673
f 2608/2608 2674/2674 2673/2673
f 2674/2674 2675/2675 2673/2673
f 2673/2673 2676/2676 2672/2672
f 2677/2677 2678/2678 2679/2679
f 2679/2679 2680/2680 2681/2681
f 2681/2681 2682/2682 2679/2679
f 2679/2679 2683/2683 2677/2677
f 2684/2684 2682/2682 2685/2685
f 2685/2685 2686/2686 2687/2687
f 2687/2687 2666/2666 2685/2685
f 2685/2685 2688/2688 2684/2684
f 2689/2689 2670/2670 2690/2690
f 2690/2690 2691/2691 2692/2692
f 2692/2692 2693/2693 2690/2690
f 2690/2690 2694/2694 2689/2689
f 2695/2695 2696/2696 2697/2697
f 2697/2697 2698/2698 2695/2695
f 2695/2695 2680/2680 2678/2678
f 2678/2678 2699/2699 2695/2695
f 2700/2700 2701/2701 2702/2702
f 2702/2702 2703/2703 2700/2700
f 2700/2700 2704/2704 2705/2705
f 2705/2705 2706/2706 2700/2700
f 2707/2707 2708/2708 2709/2709
f 2709/2709 2710/2710 2707/2707
f 2707/2707 2711/2711 2697/2697
f 2697/2697 2712/2712 2707/2707
f 2713/2713 2714/2714 2705/2705
f 2705/2705 2715/2715 2713/2713
f 2713/2713 2716/2716 2709/2709
f 2709/2709 2717/2717 2713/2713
f 2718/2718 2719/2719 2720/2720
f 2720/2720 2721/2721 2718/2718
f 2718/2718 2722/2722 2723/2723
f 2723/2723 2724/2724 2718/2718
f 2725/2725 2726/2726 2723/2723
f 2723/2723 2727/2727 2725/2725
f 2725/2725 2728/2728 2729/2729
f 2729/2729 2730/2730 2725/2725
f 2731/2731 2732/2732 2733/2733
f 2733/2733 2734/2734 2735/2735
f 2735/2735 2736/2736 2733/2733
f 2733/2733 2737/2737 2731/2731
f 2738/2738 2739/2739 2729/2729
f 2729/2729 2740/2740 2738/2738
f 2738/2738 2741/2741 2592/2592
f 2592/2592 2742/2742 2738/2738
f 2743/2743 2736/2736 2744/2744
f 2744/2744 2745/2745 2746/2746
f 2746/2746 2747/2747 2744/2744
f 2744/2744 2748/2748 2743/2743
f 2749/2749 2747/2747 2750/2750
f 2750/2750 2751/2751 2752/2752
f 2752/2752 2753/2753 2750/2750
f 2750/2750 2754/2754 2749/2749
f 2755/2755 2756/2756 2757/2757
f 2757/2757 2758/2758 2755/2755
f 2758/2758 2759/2759 2755/2755
f 2759/2759 2760/2760 2755/2755
f 2761/2761 2762/2762 2763/2763
f 2762/2762 2764/2764 2763/2763
f 2763/2763 2765/2765 2766/2766
f 2763/2763 2767/2767 2761/2761
f 2768/2768 2753/2753 2769/2769
f 2769/2769 2770/2770 2771/2771
f 2771/2771 2720/2720 2769/2769
f 2769/2769 2719/2719 2768/2768
f 2772/2772 2675/2675 2773/2773
f 2675/2675 2774/2774 2773/2773
f 2773/2773 2775/2775 2762/2762
f 2773/2773 2776/2776 2772/2772
f 2777/2777 2766/2766 2778/2778
f 2766/2766 2779/2779 2778/2778
f 2779/2779 2757/2757 2778/2778
f 2778/2778 2756/2756 2777/2777
f 2777/2777 2780/2780 2781/2781
f 2781/2781 2782/2782 2783/2783
f 2781/2781 2784/2784 2785/2785
f 2785/2785 2777/2777 2781/2781
f 2772/2772 2786/2786 2787/2787
f 2787/2787 2788/2788 2789/2789
f 2787/2787 2790/2790 2791/2791
f 2791/2791 2772/2772 2787/2787
f 2761/2761 2785/2785 2792/2792
f 2792/2792 2784/2784 2793/2793
f 2792/2792 2788/2788 2786/2786
f 2786/2786 2761/2761 2792/2792
f 2760/2760 2794/2794 2795/2795
f 2795/2795 2796/2796 2797/2797
f 2795/2795 2782/2782 2780/2780
f 2780/2780 2760/2760 2795/2795
f 2672/2672 2791/2791 2798/2798
f 2798/2798 2790/2790 2799/2799
f 2798/2798 2800/2800 2801/2801
f 2801/2801 2672/2672 2798/2798
f 2664/2664 2802/2802 2803/2803
f 2803/2803 2804/2804 2805/2805
f 2803/2803 2806/2806 2807/2807
f 2807/2807 2664/2664 2803/2803
f 2609/2609 2801/2801 2808/2808
f 2808/2808 2800/2800 2809/2809
f 2808/2808 2810/2810 2811/2811
f 2811/2811 2609/2609 2808/2808
f 2604/2604 2811/2811 2812/2812
f 2812/2812 2810/2810 2813/2813
f 2812/2812 2804/2804 2802/2802
f 2802/2802 2604/2604 2812/2812
f 2814/2814 2815/2815 2816/2816
f 2816/2816 2817/2817 2814/2814
f 2814/2814 2818/2818 2819/2819
f 2819/2819 2820/2820 2814/2814
f 2821/2821 2822/2822 2823/2823
f 2823/2823 2824/2824 2825/2825
f 2823/2823 2826/2826 2827/2827
f 2827/2827 2821/2821 2823/2823
f 2828/2828 2824/2824 2829/2829
f 2829/2829 2830/2830 2828/2828
f 2830/2830 2831/2831 2828/2828
f 2828/2828 2826/2826 2825/2825
f 2832/2832 2833/2833 2834/2834
f 2833/2833 2835/2835 2834/2834
f 2834/2834 2836/2836 2837/2837
f 2834/2834 2838/2838 2832/2832
f 2839/2839 2840/2840 2841/2841
f 2840/2840 2842/2842 2841/2841
f 2841/2841 2843/2843 2844/2844
f 2841/2841 2845/2845 2839/2839
f 2846/2846 2847/2847 2848/2848
f 2847/2847 2849/2849 2848/2848
f 2848/2848 2850/2850 2851/2851
f 2848/2848 2852/2852 2846/2846
f 2835/2835 2853/2853 2854/2854
f 2853/2853 2846/2846 2854/2854
f 2854/2854 2852/2852 2855/2855
f 2854/2854 2836/2836 2835/2835
f 2842/2842 2856/2856 2857/2857
f 2856/2856 2858/2858 2857/2857
f 2857/2857 2859/2859 2860/2860
f 2857/2857 2843/2843 2842/2842
f 2849/2849 2861/2861 2862/2862
f 2861/2861 2863/2863 2862/2862
f 2862/2862 2864/2864 2865/2865
f 2862/2862 2850/2850 2849/2849
f 2858/2858 2866/2866 2867/2867
f 2866/2866 2832/2832 2867/2867
f 2867/2867 2838/2838 2868/2868
f 2867/2867 2859/2859 2858/2858
f 2863/2863 2869/2869 2870/2870
f 2869/2869 2839/2839 2870/2870
f 2870/2870 2845/2845 2871/2871
f 2870/2870 2864/2864 2863/2863
f 2872/2872 2873/2873 2865/2865
f 2872/2872 2874/2874 2871/2871
f 2871/2871 2875/2875 2872/2872
f 2875/2875 2851/2851 2872/2872
f 2876/2876 2843/2843 2877/2877
f 2876/2876 2836/2836 2855/2855
f 2876/2876 2852/2852 2875/2875
f 2876/2876 2845/2845 2844/2844
f 2878/2878 2879/2879 2868/2868
f 2878/2878 2880/2880 2837/2837
f 2837/2837 2877/2877 2878/2878
f 2877/2877 2860/2860 2878/2878
f 2881/2881 2882/2882 2883/2883
f 2881/2881 2884/2884 2821/2821
f 2821/2821 2885/2885 2881/2881
f 2885/2885 2886/2886 2881/2881
f 2887/2887 2888/2888 2889/2889
f 2889/2889 2890/2890 2891/2891
f 2891/2891 2892/2892 2889/2889
f 2889/2889 2893/2893 2887/2887
f 2894/2894 2895/2895 2896/2896
f 2894/2894 2897/2897 2898/2898
f 2894/2894 2899/2899 2900/2900
f 2900/2900 2830/2830 2894/2894
f 2901/2901 2902/2902 2903/2903
f 2903/2903 2904/2904 2905/2905
f 2905/2905 2906/2906 2903/2903
f 2903/2903 2907/2907 2901/2901
f 2905/2905 2908/2908 2909/2909
f 2909/2909 2910/2910 2887/2887
f 2887/2887 2911/2911 2909/2909
f 2909/2909 2912/2912 2905/2905
f 2891/2891 2913/2913 2914/2914
f 2914/2914 2915/2915 2916/2916
f 2916/2916 2917/2917 2914/2914
f 2914/2914 2918/2918 2891/2891
f 2919/2919 2920/2920 2921/2921
f 2921/2921 2901/2901 2919/2919
f 2919/2919 2907/2907 2922/2922
f 2922/2922 2923/2923 2919/2919
f 2924/2924 2925/2925 2926/2926
f 2926/2926 2927/2927 2924/2924
f 2924/2924 2928/2928 2929/2929
f 2929/2929 2930/2930 2924/2924
f 2931/2931 2932/2932 2933/2933
f 2933/2933 2923/2923 2931/2931
f 2931/2931 2934/2934 2935/2935
f 2935/2935 2936/2936 2931/2931
f 2937/2937 2938/2938 2939/2939
f 2939/2939 2936/2936 2937/2937
f 2937/2937 2940/2940 2941/2941
f 2941/2941 2927/2927 2937/2937
f 2942/2942 2943/2943 2944/2944
f 2944/2944 2945/2945 2942/2942
f 2942/2942 2946/2946 2947/2947
f 2947/2947 2948/2948 2942/2942
f 2949/2949 2950/2950 2951/2951
f 2951/2951 2952/2952 2949/2949
f 2949/2949 2953/2953 2954/2954
f 2954/2954 2945/2945 2949/2949
f 2955/2955 2956/2956 2957/2957
f 2957/2957 2958/2958 2959/2959
f 2959/2959 2960/2960 2957/2957
f 2957/2957 2961/2961 2955/2955
f 2962/2962 2963/2963 2964/2964
f 2964/2964 2820/2820 2962/2962
f 2962/2962 2965/2965 2966/2966
f 2966/2966 2952/2952 2962/2962
f 2959/2959 2967/2967 2968/2968
f 2968/2968 2969/2969 2970/2970
f 2970/2970 2971/2971 2968/2968
f 2968/2968 2972/2972 2959/2959
f 2970/2970 2973/2973 2974/2974
f 2974/2974 2975/2975 2976/2976
f 2976/2976 2977/2977 2974/2974
f 2974/2974 2978/2978 2970/2970
f 2979/2979 2980/2980 2981/2981
f 2981/2981 2982/2982 2983/2983
f 2983/2983 2984/2984 2981/2981
f 2984/2984 2979/2979 2981/2981
f 2985/2985 2986/2986 2987/2987
f 2987/2987 2988/2988 2989/2989
f 2987/2987 2990/2990 2991/2991
f 2991/2991 2985/2985 2987/2987
f 2976/2976 2992/2992 2993/2993
f 2993/2993 2943/2943 2948/2948
f 2948/2948 2994/2994 2993/2993
f 2993/2993 2995/2995 2976/2976
f 2996/2996 2897/2897 2997/2997
f 2997/2997 2985/2985 2996/2996
f 2985/2985 2998/2998 2996/2996
f 2996/2996 2899/2899 2898/2898
f 2999/2999 2988/2988 3000/3000
f 2999/2999 3001/3001 2979/2979
f 2979/2979 3002/3002 2999/2999
f 2999/2999 2990/2990 2989/2989
f 3003/3003 3000/3000 3004/3004
f 3000/3000 3005/3005 3004/3004
f 3004/3004 3006/3006 3007/3007
f 3004/3004 3008/3008 3003/3003
f 3009/3009 2997/2997 3010/3010
f 2997/2997 3011/3011 3010/3010
f 3010/3010 3012/3012 3013/3013
f 3010/3010 3014/3014 3009/3009
f 3005/3005 2986/2986 3015/3015
f 2986/2986 3009/3009 3015/3015
f 3015/3015 3014/3014 3016/3016
f 3015/3015 3006/3006 3005/3005
f 3017/3017 2980/2980 3018/3018
f 2980/2980 3003/3003 3018/3018
f 3018/3018 3008/3008 3019/3019
f 3018/3018 3020/3020 3017/3017
f 3011/3011 2896/2896 3021/3021
f 2896/2896 3022/3022 3021/3021
f 3021/3021 3023/3023 3024/3024
f 3021/3021 3012/3012 3011/3011
f 3025/3025 2883/2883 3026/3026
f 2883/2883 3027/3027 3026/3026
f 3026/3026 3028/3028 3029/3029
f 3026/3026 3030/3030 3025/3025
f 3022/3022 2829/2829 3031/3031
f 2829/2829 3032/3032 3031/3031
f 3031/3031 3033/3033 3034/3034
f 3031/3031 3023/3023 3022/3022
f 3032/3032 2822/2822 3035/3035
f 2822/2822 3025/3025 3035/3035
f 3035/3035 3030/3030 3036/3036
f 3035/3035 3033/3033 3032/3032
f 2590/2590 2596/2596 2591/2591
f 2592/2592 2741/2741 2593/2593
f 2590/2590 2593/2593 2594/2594
f 2595/2595 3037/3037 2596/2596
f 2597/2597 2604/2604 2598/2598
f 2597/2597 2599/2599 2600/2600
f 2601/2601 2606/2606 2602/2602
f 2597/2597 2602/2602 2603/2603
f 2605/2605 2609/2609 2603/2603
f 2605/2605 2602/2602 2606/2606
f 2607/2607 3038/3038 2608/2608
f 2608/2608 3039/3039 2609/2609
f 2610/2610 3040/3040 2611/2611
f 2612/2612 2611/2611 2613/2613
f 2612/2612 2614/2614 2615/2615
f 2616/2616 3041/3041 2610/2610
f 2617/2617 3042/3042 2618/2618
f 2619/2619 2618/2618 2620/2620
f 2619/2619 2621/2621 2622/2622
f 2623/2623 3043/3043 2617/2617
f 2624/2624 3044/3044 2625/2625
f 2626/2626 2625/2625 2627/2627
f 2626/2626 2628/2628 2629/2629
f 2630/2630 3045/3045 2624/2624
f 2631/2631 3041/3041 2616/2616
f 2632/2632 2616/2616 2615/2615
f 2632/2632 2633/2633 2627/2627
f 2625/2625 3044/3044 2631/2631
f 2634/2634 3043/3043 2623/2623
f 2635/2635 2623/2623 2622/2622
f 2635/2635 2636/2636 2637/2637
f 2638/2638 3046/3046 2634/2634
f 2639/2639 3045/3045 2630/2630
f 2640/2640 2630/2630 2629/2629
f 2640/2640 2641/2641 2642/2642
f 2643/2643 3047/3047 2639/2639
f 2644/2644 3046/3046 2638/2638
f 2645/2645 2638/2638 2637/2637
f 2645/2645 2646/2646 2613/2613
f 2611/2611 3040/3040 2644/2644
f 2647/2647 3047/3047 2643/2643
f 2648/2648 2643/2643 2642/2642
f 2648/2648 2649/2649 2620/2620
f 2618/2618 3042/3042 2647/2647
f 2650/2650 2641/2641 2651/2651
f 2628/2628 2627/2627 2652/2652
f 2652/2652 2620/2620 2649/2649
f 2650/2650 2649/2649 2653/2653
f 2654/2654 2655/2655 2622/2622
f 2654/2654 2621/2621 2620/2620
f 2654/2654 2652/2652 2627/2627
f 2654/2654 2633/2633 2615/2615
f 2656/2656 2646/2646 2657/2657
f 2636/2636 2622/2622 2655/2655
f 2655/2655 2615/2615 2614/2614
f 2656/2656 2614/2614 2658/2658
f 2659/2659 2664/2664 2660/2660
f 2659/2659 2661/2661 2662/2662
f 2663/2663 2600/2600 2599/2599
f 2599/2599 2598/2598 2664/2664
f 2665/2665 2688/2688 2666/2666
f 2667/2667 2666/2666 2668/2668
f 2669/2669 2691/2691 2670/2670
f 2667/2667 2670/2670 2671/2671
f 2672/2672 3039/3039 2608/2608
f 2608/2608 3038/3038 2674/2674
f 2674/2674 3048/3048 2675/2675
f 2673/2673 2675/2675 2676/2676
f 2677/2677 3049/3049 2678/2678
f 2679/2679 2678/2678 2680/2680
f 2681/2681 2686/2686 2682/2682
f 2679/2679 2682/2682 2683/2683
f 2684/2684 2683/2683 2682/2682
f 2685/2685 2682/2682 2686/2686
f 2687/2687 2668/2668 2666/2666
f 2685/2685 2666/2666 2688/2688
f 2689/2689 2671/2671 2670/2670
f 2690/2690 2670/2670 2691/2691
f 2692/2692 3050/3050 2693/2693
f 2690/2690 2693/2693 2694/2694
f 2695/2695 2699/2699 2696/2696
f 2697/2697 2711/2711 2698/2698
f 2695/2695 2698/2698 2680/2680
f 2678/2678 3049/3049 2699/2699
f 2700/2700 2706/2706 2701/2701
f 2702/2702 3051/3051 2703/2703
f 2700/2700 2703/2703 2704/2704
f 2705/2705 2714/2714 2706/2706
f 2707/2707 2712/2712 2708/2708
f 2709/2709 2716/2716 2710/2710
f 2707/2707 2710/2710 2711/2711
f 2697/2697 2696/2696 2712/2712
f 2713/2713 2717/2717 2714/2714
f 2705/2705 2704/2704 2715/2715
f 2713/2713 2715/2715 2716/2716
f 2709/2709 2708/2708 2717/2717
f 2718/2718 2724/2724 2719/2719
f 2720/2720 3052/3052 2721/2721
f 2718/2718 2721/2721 2722/2722
f 2723/2723 2726/2726 2724/2724
f 2725/2725 2730/2730 2726/2726
f 2723/2723 2722/2722 2727/2727
f 2725/2725 2727/2727 2728/2728
f 2729/2729 2739/2739 2730/2730
f 2731/2731 3053/3053 2732/2732
f 2733/2733 2732/2732 2734/2734
f 2735/2735 2745/2745 2736/2736
f 2733/2733 2736/2736 2737/2737
f 2738/2738 2742/2742 2739/2739
f 2729/2729 2728/2728 2740/2740
f 2738/2738 2740/2740 2741/2741
f 2592/2592 2591/2591 2742/2742
f 2743/2743 2737/2737 2736/2736
f 2744/2744 2736/2736 2745/2745
f 2746/2746 2751/2751 2747/2747
f 2744/2744 2747/2747 2748/2748
f 2749/2749 2748/2748 2747/2747
f 2750/2750 2747/2747 2751/2751
f 2752/2752 2770/2770 2753/2753
f 2750/2750 2753/2753 2754/2754
f 2755/2755 2760/2760 2756/2756
f 2757/2757 3054/3054 2758/2758
f 2758/2758 3055/3055 2759/2759
f 2759/2759 3056/3056 2760/2760
f 2761/2761 2776/2776 2762/2762
f 2762/2762 2775/2775 2764/2764
f 2763/2763 2764/2764 2765/2765
f 2763/2763 2766/2766 2767/2767
f 2768/2768 2754/2754 2753/2753
f 2769/2769 2753/2753 2770/2770
f 2771/2771 3052/3052 2720/2720
f 2769/2769 2720/2720 2719/2719
f 2772/2772 2676/2676 2675/2675
f 2675/2675 3048/3048 2774/2774
f 2773/2773 2774/2774 2775/2775
f 2773/2773 2762/2762 2776/2776
f 2777/2777 2767/2767 2766/2766
f 2766/2766 2765/2765 2779/2779
f 2779/2779 3054/3054 2757/2757
f 2778/2778 2757/2757 2756/2756
f 2777/2777 2756/2756 2780/2780
f 2781/2781 2780/2780 2782/2782
f 2781/2781 2783/2783 2784/2784
f 2785/2785 2767/2767 2777/2777
f 2772/2772 2776/2776 2786/2786
f 2787/2787 2786/2786 2788/2788
f 2787/2787 2789/2789 2790/2790
f 2791/2791 2676/2676 2772/2772
f 2761/2761 2767/2767 2785/2785
f 2792/2792 2785/2785 2784/2784
f 2792/2792 2793/2793 2788/2788
f 2786/2786 2776/2776 2761/2761
f 2760/2760 3056/3056 2794/2794
f 2795/2795 2794/2794 2796/2796
f 2795/2795 2797/2797 2782/2782
f 2780/2780 2756/2756 2760/2760
f 2672/2672 2676/2676 2791/2791
f 2798/2798 2791/2791 2790/2790
f 2798/2798 2799/2799 2800/2800
f 2801/2801 3039/3039 2672/2672
f 2664/2664 2598/2598 2802/2802
f 2803/2803 2802/2802 2804/2804
f 2803/2803 2805/2805 2806/2806
f 2807/2807 2660/2660 2664/2664
f 2609/2609 3039/3039 2801/2801
f 2808/2808 2801/2801 2800/2800
f 2808/2808 2809/2809 2810/2810
f 2811/2811 2603/2603 2609/2609
f 2604/2604 2603/2603 2811/2811
f 2812/2812 2811/2811 2810/2810
f 2812/2812 2813/2813 2804/2804
f 2802/2802 2598/2598 2604/2604
f 2814/2814 2820/2820 2815/2815
f 2816/2816 3057/3057 2817/2817
f 2814/2814 2817/2817 2818/2818
f 2819/2819 2965/2965 2820/2820
f 2821/2821 2884/2884 2822/2822
f 2823/2823 2822/2822 2824/2824
f 2823/2823 2825/2825 2826/2826
f 2827/2827 3058/3058 2821/2821
f 2828/2828 2825/2825 2824/2824
f 2829/2829 2895/2895 2830/2830
f 2830/2830 3059/3059 2831/2831
f 2828/2828 2831/2831 2826/2826
f 2832/2832 3060/3060 2833/2833
f 2833/2833 3061/3061 2835/2835
f 2834/2834 2835/2835 2836/2836
f 2834/2834 2837/2837 2838/2838
f 2839/2839 3062/3062 2840/2840
f 2840/2840 3063/3063 2842/2842
f 2841/2841 2842/2842 2843/2843
f 2841/2841 2844/2844 2845/2845
f 2846/2846 3064/3064 2847/2847
f 2847/2847 3065/3065 2849/2849
f 2848/2848 2849/2849 2850/2850
f 2848/2848 2851/2851 2852/2852
f 2835/2835 3061/3061 2853/2853
f 2853/2853 3064/3064 2846/2846
f 2854/2854 2846/2846 2852/2852
f 2854/2854 2855/2855 2836/2836
f 2842/2842 3063/3063 2856/2856
f 2856/2856 3066/3066 2858/2858
f 2857/2857 2858/2858 2859/2859
f 2857/2857 2860/2860 2843/2843
f 2849/2849 3065/3065 2861/2861
f 2861/2861 3067/3067 2863/2863
f 2862/2862 2863/2863 2864/2864
f 2862/2862 2865/2865 2850/2850
f 2858/2858 3066/3066 2866/2866
f 2866/2866 3060/3060 2832/2832
f 2867/2867 2832/2832 2838/2838
f 2867/2867 2868/2868 2859/2859
f 2863/2863 3067/3067 2869/2869
f 2869/2869 3062/3062 2839/2839
f 2870/2870 2839/2839 2845/2845
f 2870/2870 2871/2871 2864/2864
f 2872/2872 2851/2851 2873/2873
f 2872/2872 2865/2865 2874/2874
f 2871/2871 2845/2845 2875/2875
f 2875/2875 2852/2852 2851/2851
f 2876/2876 2844/2844 2843/2843
f 2876/2876 2877/2877 2836/2836
f 2876/2876 2855/2855 2852/2852
f 2876/2876 2875/2875 2845/2845
f 2878/2878 2860/2860 2879/2879
f 2878/2878 2868/2868 2880/2880
f 2837/2837 2836/2836 2877/2877
f 2877/2877 2843/2843 2860/2860
f 2881/2881 2886/2886 2882/2882
f 2881/2881 2883/2883 2884/2884
f 2821/2821 3058/3058 2885/2885
f 2885/2885 3068/3068 2886/2886
f 2887/2887 2910/2910 2888/2888
f 2889/2889 2888/2888 2890/2890
f 2891/2891 2918/2918 2892/2892
f 2889/2889 2892/2892 2893/2893
f 2894/2894 2830/2830 2895/2895
f 2894/2894 2896/2896 2897/2897
f 2894/2894 2898/2898 2899/2899
f 2900/2900 3059/3059 2830/2830
f 2901/2901 3069/3069 2902/2902
f 2903/2903 2902/2902 2904/2904
f 2905/2905 2912/2912 2906/2906
f 2903/2903 2906/2906 2907/2907
f 2905/2905 2904/2904 2908/2908
f 2909/2909 2908/2908 2910/2910
f 2887/2887 2893/2893 2911/2911
f 2909/2909 2911/2911 2912/2912
f 2891/2891 2890/2890 2913/2913
f 2914/2914 2913/2913 2915/2915
f 2916/2916 3070/3070 2917/2917
f 2914/2914 2917/2917 2918/2918
f 2919/2919 2923/2923 2920/2920
f 2921/2921 3069/3069 2901/2901
f 2919/2919 2901/2901 2907/2907
f 2922/2922 2934/2934 2923/2923
f 2924/2924 2930/2930 2925/2925
f 2926/2926 2938/2938 2927/2927
f 2924/2924 2927/2927 2928/2928
f 2929/2929 3071/3071 2930/2930
f 2931/2931 2936/2936 2932/2932
f 2933/2933 2920/2920 2923/2923
f 2931/2931 2923/2923 2934/2934
f 2935/2935 2940/2940 2936/2936
f 2937/2937 2927/2927 2938/2938
f 2939/2939 2932/2932 2936/2936
f 2937/2937 2936/2936 2940/2940
f 2941/2941 2928/2928 2927/2927
f 2942/2942 2948/2948 2943/2943
f 2944/2944 2950/2950 2945/2945
f 2942/2942 2945/2945 2946/2946
f 2947/2947 3072/3072 2948/2948
f 2949/2949 2945/2945 2950/2950
f 2951/2951 2963/2963 2952/2952
f 2949/2949 2952/2952 2953/2953
f 2954/2954 2946/2946 2945/2945
f 2955/2955 3073/3073 2956/2956
f 2957/2957 2956/2956 2958/2958
f 2959/2959 2972/2972 2960/2960
f 2957/2957 2960/2960 2961/2961
f 2962/2962 2952/2952 2963/2963
f 2964/2964 2815/2815 2820/2820
f 2962/2962 2820/2820 2965/2965
f 2966/2966 2953/2953 2952/2952
f 2959/2959 2958/2958 2967/2967
f 2968/2968 2967/2967 2969/2969
f 2970/2970 2978/2978 2971/2971
f 2968/2968 2971/2971 2972/2972
f 2970/2970 2969/2969 2973/2973
f 2974/2974 2973/2973 2975/2975
f 2976/2976 2995/2995 2977/2977
f 2974/2974 2977/2977 2978/2978
f 2979/2979 3001/3001 2980/2980
f 2981/2981 2980/2980 2982/2982
f 2983/2983 3074/3074 2984/2984
f 2984/2984 3075/3075 2979/2979
f 2985/2985 3076/3076 2986/2986
f 2987/2987 2986/2986 2988/2988
f 2987/2987 2989/2989 2990/2990
f 2991/2991 3077/3077 2985/2985
f 2976/2976 2975/2975 2992/2992
f 2993/2993 2992/2992 2943/2943
f 2948/2948 3072/3072 2994/2994
f 2993/2993 2994/2994 2995/2995
f 2996/2996 2898/2898 2897/2897
f 2997/2997 3076/3076 2985/2985
f 2985/2985 3077/3077 2998/2998
f 2996/2996 2998/2998 2899/2899
f 2999/2999 2989/2989 2988/2988
f 2999/2999 3000/3000 3001/3001
f 2979/2979 3075/3075 3002/3002
f 2999/2999 3002/3002 2990/2990
f 3003/3003 3001/3001 3000/3000
f 3000/3000 2988/2988 3005/3005
f 3004/3004 3005/3005 3006/3006
f 3004/3004 3007/3007 3008/3008
f 3009/3009 3076/3076 2997/2997
f 2997/2997 2897/2897 3011/3011
f 3010/3010 3011/3011 3012/3012
f 3010/3010 3013/3013 3014/3014
f 3005/3005 2988/2988 2986/2986
f 2986/2986 3076/3076 3009/3009
f 3015/3015 3009/3009 3014/3014
f 3015/3015 3016/3016 3006/3006
f 3017/3017 2982/2982 2980/2980
f 2980/2980 3001/3001 3003/3003
f 3018/3018 3003/3003 3008/3008
f 3018/3018 3019/3019 3020/3020
f 3011/3011 2897/2897 2896/2896
f 2896/2896 2895/2895 3022/3022
f 3021/3021 3022/3022 3023/3023
f 3021/3021 3024/3024 3012/3012
f 3025/3025 2884/2884 2883/2883
f 2883/2883 2882/2882 3027/3027
f 3026/3026 3027/3027 3028/3028
f 3026/3026 3029/3029 3030/3030
f 3022/3022 2895/2895 2829/2829
f 2829/2829 2824/2824 3032/3032
f 3031/3031 3032/3032 3033/3033
f 3031/3031 3034/3034 3023/3023
f 3032/3032 2824/2824 2822/2822
f 2822/2822 2884/2884 3025/3025
f 3035/3035 3025/3025 3030/3030
f 3035/3035 3036/3036 3033/3033

g Object_default-grey.jpg

usemtl mat_2-default-grey.jpg

# num_faces: 4338
