mtllib model.mtl
o object_0
g object_0
usemtl object_0
v -167.78121948242188 177.5906219482422 81.6597900390625 
v -153.314697265625 153.47914123535156 68.54032135009766 
v -165.53929138183594 159.8000030517578 64.54183959960938 
v -155.41383361816406 113.10672760009766 39.95843505859375 
v -138.49330139160156 95.97342681884766 42.94281768798828 
v -150.4943084716797 57.5029296875 29.4614200592041 
v -133.6244354248047 38.475894927978516 26.28547477722168 
v -149.57362365722656 0.44220098853111267 28.136144638061523 
v -133.5400848388672 0.017649641260504723 20.65172004699707 
v -174.41758728027344 175.61647033691406 77.43048858642578 
v -165.67872619628906 153.26878356933594 56.98430252075195 
v -178.83929443359375 146.78379821777344 58.230735778808594 
v -177.62860107421875 84.9256362915039 25.802173614501953 
v -161.16082763671875 99.8894271850586 21.785512924194336 
v -175.92105102539062 34.6907958984375 8.422003746032715 
v -161.50624084472656 41.91393280029297 -1.1641970872879028 
v -173.85110473632812 -0.9857411980628967 0.16817574203014374 
v -162.0703582763672 0.8036136627197266 -12.709293365478516 
v 58.019474029541016 188.64556884765625 210.40525817871094 
v 64.30589294433594 158.7760009765625 192.32603454589844 
v 51.488067626953125 164.51834106445312 190.21644592285156 
v 50.008583068847656 95.75395965576172 156.46353149414062 
v 65.86893463134766 111.00357818603516 163.21533203125 
v 50.88847732543945 35.12993240356445 138.81883239746094 
v 64.44171142578125 55.40891647338867 149.54771423339844 
v 50.321990966796875 0.27872583270072937 133.65606689453125 
v 61.23588180541992 -0.5736702084541321 147.2322998046875 
v 43.555015563964844 141.8734588623047 205.16616821289062 
v 59.60796356201172 124.50506591796875 193.58462524414062 
v 48.374961853027344 125.94971466064453 186.7017822265625 
v 61.497352600097656 87.40090942382812 160.7830810546875 
v 77.37471771240234 81.06608581542969 166.6464080810547 
v 65.70082092285156 42.86157989501953 146.01795959472656 
v 82.78022003173828 32.36079788208008 146.220458984375 
v 63.63694763183594 -0.27029967308044434 139.11854553222656 
v 80.7049789428711 -0.3498835563659668 135.3444061279297 
v 37.80998229980469 163.87147521972656 88.09595489501953 
v 33.00841522216797 149.1292724609375 104.65821838378906 
v 45.701881408691406 144.14273071289062 107.5674057006836 
v 48.1229362487793 96.12939453125 139.22659301757812 
v 31.830110549926758 106.78775787353516 132.9522705078125 
v 46.894737243652344 46.738746643066406 154.3468017578125 
v 31.486122131347656 50.5919075012207 147.12977600097656 
v 48.30260467529297 0.0552900955080986 160.07583618164062 
v 33.19679260253906 -0.7539305686950684 151.7525177001953 
v 51.88806915283203 168.01303100585938 140.42770385742188 
v 54.60548400878906 143.64610290527344 150.05612182617188 
v 63.36299133300781 152.54562377929688 144.05792236328125 
v 78.19316864013672 108.8820571899414 156.26763916015625 
v 64.0924301147461 92.27230834960938 164.01119995117188 
v 84.19287872314453 58.210289001464844 166.24977111816406 
v 70.0107192993164 42.047584533691406 170.87954711914062 
v 80.41267395019531 21.40532684326172 169.3792724609375 
v 74.073486328125 14.88232707977295 170.8389892578125 
v 30.20808219909668 175.29112243652344 211.3110809326172 
v 48.18025588989258 153.80479431152344 211.06100463867188 
v 42.055824279785156 154.7148895263672 199.54115295410156 
v 62.91938781738281 102.8031005859375 188.30726623535156 
v 73.7795639038086 99.98686218261719 201.12335205078125 
v 70.1517562866211 41.115413665771484 183.28091430664062 
v 84.7375717163086 40.205413818359375 192.63800048828125 
v 68.68327331542969 0.5036407113075256 183.29437255859375 
v 85.4543685913086 0.059727657586336136 188.9131622314453 
v 8.62615966796875 179.35195922851562 153.6065673828125 
v 21.19510269165039 150.76605224609375 160.40249633789062 
v 26.803613662719727 152.4615478515625 148.8878631591797 
v 51.80232238769531 96.85572052001953 150.64207458496094 
v 42.6345329284668 90.26846313476562 165.86203002929688 
v 60.445831298828125 46.94801712036133 153.71624755859375 
v 49.567054748535156 33.62794876098633 167.86439514160156 
v 58.08906555175781 -0.1741665154695511 152.95614624023438 
v 46.588558197021484 -0.015092707239091396 165.919677734375 
v 115.56379699707031 181.83299255371094 139.8223876953125 
v 118.65113067626953 155.53848266601562 121.42672729492188 
v 105.76539611816406 149.27276611328125 122.49687957763672 
v 99.3825912475586 85.89862823486328 92.49542236328125 
v 116.60066223144531 104.7740478515625 93.773193359375 
v 100.75224304199219 32.98406982421875 76.34064483642578 
v 116.7748794555664 52.9008674621582 82.22366333007812 
v 104.4611587524414 -0.5211908221244812 72.52392578125 
v 119.04991912841797 0.4593943655490875 82.26612091064453 
v 118.38341522216797 152.96658325195312 153.77659606933594 
v 121.3480224609375 125.79244232177734 134.6022491455078 
v 109.03523254394531 143.8572540283203 138.5261993408203 
v 102.0487289428711 103.2254409790039 112.79383850097656 
v 116.67811584472656 78.72798919677734 104.25157928466797 
v 99.180419921875 51.195884704589844 101.52274322509766 
v 110.35301208496094 31.87269401550293 88.14756774902344 
v 99.1457290649414 0.4628716707229614 99.79803466796875 
v 106.8527603149414 -0.0686110183596611 83.84768676757812 
v 155.7476043701172 146.35678100585938 21.290197372436523 
v 140.28842163085938 128.10690307617188 27.80862808227539 
v 146.1998291015625 134.95835876464844 39.17359161376953 
v 124.76390838623047 87.18714141845703 59.49236297607422 
v 118.44500732421875 91.86193084716797 43.300636291503906 
v 111.29095458984375 35.220359802246094 66.55511474609375 
v 107.09404754638672 40.32511901855469 49.713321685791016 
v 107.82177734375 -0.19842103123664856 67.92498016357422 
v 104.17861938476562 0.08134887367486954 50.620365142822266 
v 114.27855682373047 164.7528839111328 29.873323440551758 
v 98.5438232421875 141.12074279785156 36.016239166259766 
v 105.5098876953125 151.34158325195312 46.60844421386719 
v 85.3956527709961 106.52298736572266 66.83956146240234 
v 79.04718017578125 96.5121078491211 51.201236724853516 
v 74.25361633300781 52.66728591918945 75.71419525146484 
v 72.42424774169922 41.305091857910156 58.56895065307617 
v 72.32605743408203 -0.4805731773376465 77.07042694091797 
v 74.63787078857422 0.0515337772667408 59.83244705200195 
v 128.24366760253906 163.4235382080078 61.55757141113281 
v 110.5543441772461 147.1949005126953 53.352691650390625 
v 110.97588348388672 147.1804962158203 66.45045471191406 
v 84.70504760742188 107.25173950195312 66.0063247680664 
v 81.16273498535156 101.24762725830078 49.0761833190918 
v 73.22393035888672 54.055233001708984 65.1160659790039 
v 64.45178985595703 42.62875747680664 50.75484848022461 
v 71.57105255126953 -0.2310391664505005 64.81253814697266 
v 58.941001892089844 -0.003012757282704115 52.65004348754883 
v 39.05087661743164 175.7957763671875 79.34224700927734 
v 55.23847198486328 148.67347717285156 81.13127136230469 
v 56.00568389892578 149.68394470214844 67.07408905029297 
v 83.4930191040039 90.53074645996094 58.8604736328125 
v 80.83729553222656 87.78306579589844 76.2229995727539 
v 97.50748443603516 35.400638580322266 56.30595397949219 
v 92.70421600341797 32.84666442871094 73.06044006347656 
v 99.69740295410156 0.253138929605484 54.67732620239258 
v 94.44328308105469 -0.6225408911705017 71.03272247314453 
v 126.52515411376953 161.37945556640625 -34.416378021240234 
v 112.92262268066406 145.97804260253906 -16.605670928955078 
v 125.79261779785156 132.9623260498047 -14.689876556396484 
v 116.820556640625 90.81510925292969 16.090091705322266 
v 99.78718566894531 96.95635223388672 15.778209686279297 
v 110.48394012451172 48.95756530761719 32.7737922668457 
v 94.33338165283203 48.34648513793945 38.26978302001953 
v 106.42810821533203 -0.9578791260719299 40.31740951538086 
v 91.86880493164062 0.5623376965522766 49.559268951416016 
v 109.51465606689453 169.54525756835938 89.88604736328125 
v 110.44963836669922 145.46902465820312 71.27478790283203 
v 97.78890991210938 149.89955139160156 73.86495971679688 
v 88.43551635742188 106.86902618408203 44.38422775268555 
v 105.47008514404297 96.95524597167969 43.680259704589844 
v 87.90608215332031 54.443416595458984 28.315200805664062 
v 104.49886322021484 51.53046417236328 32.66558837890625 
v 91.1115951538086 -0.6368003487586975 24.36690330505371 
v 106.7398452758789 0.892630934715271 32.47142791748047 
v 71.18804931640625 148.55560302734375 -41.42869567871094 
v 75.46231079101562 141.7991943359375 -25.41331672668457 
v 88.03506469726562 123.92105865478516 -29.72866439819336 
v 105.40518951416016 87.33013916015625 -5.787023067474365 
v 88.14488220214844 103.9122543334961 -1.3188790082931519 
v 110.48200225830078 48.95008850097656 8.627150535583496 
v 93.00369262695312 54.0738525390625 10.39830493927002 
v 111.05941009521484 -0.13223177194595337 12.447142601013184 
v 93.70709228515625 0.24891860783100128 13.8778076171875 
v 31.902042388916016 142.44656372070312 88.90841674804688 
v 35.647159576416016 127.79295349121094 80.35868835449219 
v 26.499441146850586 133.63619995117188 78.64645385742188 
v 22.48059844970703 102.72362518310547 58.12004852294922 
v 36.61380386352539 95.96687316894531 62.177547454833984 
v 21.239471435546875 54.9378662109375 38.903656005859375 
v 35.999942779541016 51.72665786743164 46.86711120605469 
v 21.989553451538086 0.28187787532806396 25.48504638671875 
v 35.11573028564453 -0.6206908822059631 36.86982345581055 
v 87.5700912475586 179.58721923828125 -62.64860534667969 
v 72.16600036621094 162.7542724609375 -49.12887954711914 
v 84.23643493652344 144.427490234375 -43.91315460205078 
v 71.40528106689453 88.95477294921875 -18.153980255126953 
v 54.434627532958984 107.10655975341797 -21.164844512939453 
v 63.970890045166016 39.169044494628906 -5.645302772521973 
v 46.92597198486328 44.83387756347656 -2.328428030014038 
v 60.53948974609375 -0.34784358739852905 -1.6508721113204956 
v 44.4308967590332 0.03102038986980915 5.351447105407715 
v 28.800861358642578 162.39273071289062 12.127490997314453 
v 17.52397918701172 146.64559936523438 21.962614059448242 
v 27.05250358581543 134.8101806640625 30.64054298400879 
v 16.4991455078125 93.0347671508789 53.808719635009766 
v 5.600388526916504 99.22920227050781 40.23198318481445 
v 10.428885459899902 50.46881866455078 60.605979919433594 
v 1.27009117603302 51.717735290527344 45.65066909790039 
v 12.554482460021973 0.019159143790602684 58.78193283081055 
v 3.883411407470703 0.3626194894313812 43.39670181274414 
v 2.307203531265259 172.91685485839844 -15.024003982543945 
v 11.941455841064453 146.75474548339844 -1.3605406284332275 
v 22.104021072387695 152.80784606933594 -10.014982223510742 
v 46.5068244934082 107.22832489013672 6.754594326019287 
v 31.865257263183594 89.30467224121094 16.360992431640625 
v 56.41917419433594 54.76169967651367 18.42498779296875 
v 40.62513732910156 36.62226104736328 25.849910736083984 
v 58.334896087646484 -0.04156087338924408 21.492929458618164 
v 42.5410041809082 0.3618434965610504 29.07218360900879 
v 84.43794250488281 173.2209014892578 70.34823608398438 
v 73.65674591064453 154.3980712890625 86.84796142578125 
v 86.53043365478516 154.1881561279297 88.57798767089844 
v 82.84085083007812 108.96770477294922 116.08878326416016 
v 65.89311981201172 107.58580780029297 117.14946746826172 
v 82.59937286376953 53.460975646972656 128.57301330566406 
v 66.7532958984375 52.79713821411133 135.0657958984375 
v 84.85755157470703 0.21511200070381165 132.24929809570312 
v 70.67615509033203 -0.1157296672463417 142.75128173828125 
v 122.9324722290039 154.35267639160156 53.84757614135742 
v 107.6732406616211 136.0504150390625 67.0499038696289 
v 119.9339370727539 140.68711853027344 71.0111312866211 
v 108.4458236694336 96.08029174804688 95.37421417236328 
v 91.6025619506836 84.79794311523438 92.27571105957031 
v 102.99755859375 38.674888610839844 105.9482192993164 
v 86.04580688476562 31.677202224731445 108.27176666259766 
v 102.03001403808594 -0.01828928105533123 107.42501068115234 
v 85.84294891357422 -0.239888995885849 114.26058959960938 
v 182.39874267578125 165.29183959960938 162.59896850585938 
v 170.10899353027344 148.33541870117188 144.0973663330078 
v 163.61944580078125 143.97369384765625 155.24160766601562 
v 137.50816345214844 105.26173400878906 136.81228637695312 
v 142.90164184570312 90.9461669921875 120.8359375 
v 123.75988006591797 54.353912353515625 126.05277252197266 
v 124.00564575195312 34.61650466918945 108.37692260742188 
v 118.22623443603516 -1.2385202646255493 119.5123519897461 
v 113.76033020019531 0.908473789691925 102.64542388916016 
v 95.550048828125 178.28848266601562 -99.39250946044922 
v 81.80973815917969 148.13014221191406 -85.12256622314453 
v 93.45228576660156 153.0619659423828 -79.64334869384766 
v 78.95923614501953 98.2532958984375 -49.018409729003906 
v 65.16727447509766 96.6995620727539 -59.14544677734375 
v 64.99684143066406 41.865081787109375 -34.126461029052734 
v 53.89663314819336 51.8945198059082 -48.331329345703125 
v 54.95521545410156 -0.827388346195221 -32.18196105957031 
v 47.24712371826172 0.7352705597877502 -47.96466827392578 
v 68.80941009521484 153.367919921875 -110.38510131835938 
v 60.69234848022461 140.1736602783203 -92.47020721435547 
v 73.76187133789062 136.10476684570312 -92.72915649414062 
v 74.61078643798828 90.16946411132812 -64.70166778564453 
v 58.03434371948242 98.3585205078125 -61.360328674316406 
v 76.51622772216797 42.129642486572266 -51.884864807128906 
v 61.83369445800781 41.92033004760742 -43.17734909057617 
v 79.15795135498047 0.06933925300836563 -49.075069427490234 
v 66.88329315185547 0.05715736001729965 -36.60894012451172 
v 42.56101989746094 152.31997680664062 -83.32890319824219 
v 37.753841400146484 133.65000915527344 -67.81122589111328 
v 50.78321838378906 139.0624542236328 -65.61373901367188 
v 52.43653106689453 96.94380950927734 -37.54570007324219 
v 35.47972106933594 96.30064392089844 -41.8963737487793 
v 47.72001266479492 50.8610954284668 -23.722814559936523 
v 31.412858963012695 44.33282470703125 -29.89191436767578 
v 43.74945831298828 -0.3260272145271301 -21.126800537109375 
v 27.73671531677246 0.35276639461517334 -28.042797088623047 
v 130.01197814941406 168.6375274658203 -34.92803955078125 
v 112.12279510498047 143.32562255859375 -33.375144958496094 
v 116.01030731201172 143.55035400390625 -20.91031837463379 
v 88.94690704345703 88.27520751953125 -7.555943965911865 
v 86.80335998535156 88.95732116699219 -24.173669815063477 
v 72.9654541015625 37.72459030151367 -2.586940288543701 
v 75.48212432861328 37.88764190673828 -20.190956115722656 
v 67.1892318725586 0.22737640142440796 -2.8231911659240723 
v 74.24850463867188 0.11988382786512375 -19.421245574951172 
v 134.9404296875 171.23947143554688 13.686731338500977 
v 118.08265686035156 153.17507934570312 3.9144227504730225 
v 117.62030792236328 141.15333557128906 16.96184730529785 
v 91.24881744384766 94.3049545288086 14.189276695251465 
v 89.20710754394531 99.90965270996094 -2.853928804397583 
v 79.73228454589844 49.16765594482422 12.257378578186035 
v 71.9609146118164 49.429847717285156 -2.942589521408081 
v 77.9937744140625 -0.42056041955947876 11.948810577392578 
v 66.65801239013672 0.053365375846624374 -1.262800931930542 
v 67.23934936523438 153.12574768066406 -91.91165924072266 
v 59.06541061401367 129.85702514648438 -76.31473541259766 
v 71.46156311035156 128.9839630126953 -71.39734649658203 
v 67.1192398071289 88.21180725097656 -39.184715270996094 
v 51.68149948120117 89.69144439697266 -47.53300094604492 
v 60.13252639770508 50.27833938598633 -22.459747314453125 
v 45.77406692504883 51.22343063354492 -33.42417526245117 
v 56.56398010253906 -0.04642251878976822 -16.560443878173828 
v 42.65899658203125 -0.32509303092956543 -26.91621208190918 
v 142.21119689941406 184.33819580078125 -51.365333557128906 
v 135.46054077148438 151.54736328125 -68.70560455322266 
v 124.7032241821289 161.8108673095703 -60.69985580444336 
v 104.13005065917969 95.05858612060547 -83.82222747802734 
v 119.44769287109375 96.3907241821289 -91.56150817871094 
v 97.05668640136719 34.76539993286133 -98.73661041259766 
v 113.82154846191406 48.3787727355957 -101.29252624511719 
v 98.12242889404297 -0.5790287852287292 -103.52925872802734 
v 115.80381774902344 -0.046560149639844894 -102.80548095703125 
v 47.05921936035156 165.51390075683594 -109.42858123779297 
v 60.73637390136719 144.45339965820312 -96.29442596435547 
v 63.721031188964844 138.42706298828125 -109.40259552001953 
v 87.11915588378906 92.50003051757812 -101.41697692871094 
v 86.68145751953125 87.73143768310547 -84.19905090332031 
v 95.2307357788086 41.4841194152832 -97.51091766357422 
v 100.34664916992188 36.163394927978516 -81.1717758178711 
v 93.54810333251953 0.0812535509467125 -96.07141876220703 
v 102.87255096435547 -0.3966396152973175 -81.39103698730469 
v 103.36656951904297 156.14901733398438 -166.6896209716797 
v 99.48785400390625 147.7257843017578 -152.25094604492188 
v 112.68391418457031 127.62168884277344 -150.79641723632812 
v 115.93344116210938 85.04031372070312 -126.34386444091797 
v 98.6981201171875 99.58602142333984 -129.76339721679688 
v 112.05521392822266 44.37833786010742 -117.09928894042969 
v 95.50497436523438 40.566246032714844 -121.72624969482422 
v 108.27224731445312 -0.34316807985305786 -118.78923797607422 
v 91.8967514038086 0.8076798915863037 -124.89308166503906 
v 33.37958526611328 170.27456665039062 -71.1622314453125 
v 49.13573455810547 143.3091583251953 -77.74400329589844 
v 41.923912048339844 143.80001831054688 -88.8343734741211 
v 61.52446365356445 85.48824310302734 -110.00489807128906 
v 68.14814758300781 85.5420913696289 -93.8242416381836 
v 72.76891326904297 33.07727813720703 -118.9166488647461 
v 75.01432800292969 32.50647735595703 -101.92317962646484 
v 75.0685806274414 -0.00921193789690733 -120.78939819335938 
v 73.19345092773438 0.3951048254966736 -103.05412292480469 
v 52.86098098754883 174.2996368408203 -66.29499053955078 
v 65.17070007324219 140.64466857910156 -78.58910369873047 
v 53.425052642822266 155.31825256347656 -83.30683898925781 
v 59.073543548583984 99.37669372558594 -106.69295501708984 
v 75.5381851196289 89.10047149658203 -103.84465789794922 
v 58.007972717285156 46.59877395629883 -117.61895751953125 
v 74.72317504882812 44.910255432128906 -119.02581787109375 
v 52.30504608154297 1.4532448053359985 -118.36631774902344 
v 68.70367431640625 -0.9982253313064575 -124.77301025390625 
v 152.72108459472656 154.59185791015625 -173.99058532714844 
v 137.75962829589844 125.03932189941406 -164.09783935546875 
v 146.66297912597656 137.29458618164062 -154.4179229736328 
v 126.44715118408203 88.8137435913086 -129.9490966796875 
v 116.32603454589844 76.54615783691406 -143.90867614746094 
v 109.94969177246094 44.225502014160156 -121.30038452148438 
v 101.31967163085938 32.4113655090332 -136.0213623046875 
v 100.18244934082031 -0.6007030606269836 -119.8507308959961 
v 92.2833251953125 0.526165246963501 -135.4638671875 
v 157.48851013183594 168.18499755859375 -98.32294464111328 
v 144.8770294189453 137.3848114013672 -114.71810913085938 
v 139.3104705810547 151.6000213623047 -102.37493133544922 
v 113.57930755615234 90.95549011230469 -116.37866973876953 
v 117.519775390625 84.89286041259766 -133.43455505371094 
v 101.06982421875 33.68974304199219 -123.97716522216797 
v 99.7416000366211 34.87148666381836 -141.3212890625 
v 97.4677505493164 -0.20170974731445312 -127.30228424072266 
v 91.5541763305664 0.329379677772522 -143.80227661132812 
v 125.2494125366211 183.08462524414062 -267.81573486328125 
v 120.35354614257812 159.1594696044922 -248.30429077148438 
v 133.3636474609375 155.554443359375 -246.76446533203125 
v 137.3841094970703 101.091796875 -211.79736328125 
v 120.98321533203125 95.66658782958984 -216.61891174316406 
v 137.4401397705078 42.1334342956543 -191.644775390625 
v 122.90802001953125 37.46078872680664 -200.13772583007812 
v 137.90713500976562 0.7461061477661133 -183.36021423339844 
v 125.6174545288086 -0.7494759559631348 -195.6748809814453 
v 167.26132202148438 141.05538940429688 -189.23641967773438 
v 149.72055053710938 137.03329467773438 -187.0689697265625 
v 152.0540313720703 123.73342895507812 -174.57595825195312 
v 123.45500183105469 95.8781967163086 -160.8107452392578 
v 122.21942901611328 97.31534576416016 -178.34698486328125 
v 106.20690155029297 52.25856018066406 -157.71075439453125 
v 106.36470794677734 40.36028289794922 -175.22158813476562 
v 99.15824890136719 0.28360965847969055 -157.49453735351562 
v 100.15685272216797 -0.2093454897403717 -175.06634521484375 
v 90.0486831665039 152.72601318359375 -118.01725006103516 
v 76.15888214111328 134.7880096435547 -131.02401733398438 
v 69.23944091796875 135.29783630371094 -119.5011978149414 
v 38.74563217163086 99.88640594482422 -130.82339477539062 
v 50.1083869934082 100.3302993774414 -143.81488037109375 
v 22.21479034423828 54.30058288574219 -141.4486846923828 
v 36.504451751708984 54.328983306884766 -150.6561279296875 
v 15.59078311920166 -0.0930967777967453 -146.58883666992188 
v 32.183597564697266 -0.49424946308135986 -152.0472869873047 
v 10.780853271484375 178.3596649169922 -156.5631103515625 
v 27.262046813964844 145.76800537109375 -156.00672912597656 
v 21.785654067993164 158.74441528320312 -167.52020263671875 
v 40.169334411621094 98.30906677246094 -177.4460906982422 
v 50.206787109375 90.48564910888672 -163.71060180664062 
v 44.80211639404297 40.406925201416016 -181.73585510253906 
v 58.313602447509766 38.93251037597656 -171.32945251464844 
v 39.51527786254883 0.9502559900283813 -181.70257568359375 
v 56.021915435791016 -1.326407551765442 -175.44309997558594 
v -45.226165771484375 154.67782592773438 -133.04461669921875 
v -30.682109832763672 132.41827392578125 -127.11956024169922 
v -26.621320724487305 139.0299072265625 -140.0168914794922 
v 0.7333951592445374 104.00447082519531 -139.8863983154297 
v -6.408404350280762 90.58990478515625 -123.69770050048828 
v 12.526130676269531 55.24384689331055 -136.39012145996094 
v 3.5407748222351074 49.98629379272461 -121.67351531982422 
v 12.879179954528809 -0.07139565050601959 -135.99652099609375 
v 3.7895028591156006 -0.2278214395046234 -121.46890258789062 
v -6.752076625823975 145.42648315429688 -149.74046325683594 
v 4.236334323883057 130.22042846679688 -148.40187072753906 
v 3.311249017715454 130.57321166992188 -159.33541870117188 
v 24.560161590576172 94.84858703613281 -168.82884216308594 
v 24.539772033691406 89.31132507324219 -152.6192626953125 
v 39.993743896484375 48.53866195678711 -172.79798889160156 
v 38.37162399291992 42.1260986328125 -154.989013671875 
v 46.463584899902344 -0.07127150148153305 -173.04736328125 
v 43.9570426940918 0.005187562201172113 -155.7293243408203 
v 31.327213287353516 164.02833557128906 1.2280062437057495 
v 48.399654388427734 150.3291015625 -8.530587196350098 
v 36.91109085083008 139.3029327392578 -14.549318313598633 
v 52.8554573059082 94.99602508544922 -34.936283111572266 
v 69.26498413085938 105.47084045410156 -30.313247680664062 
v 61.358375549316406 42.381507873535156 -42.3604850769043 
v 78.70854949951172 53.817630767822266 -42.58250427246094 
v 64.63300323486328 -0.12304958701133728 -40.613887786865234 
v 81.45838165283203 0.13335789740085602 -45.43208312988281 
v 118.22843170166016 153.7469482421875 -7.921450138092041 
v 118.82861328125 135.530029296875 -27.607229232788086 
v 106.91813659667969 135.1470184326172 -22.106998443603516 
v 95.78619384765625 97.33119201660156 -48.07134246826172 
v 109.7538070678711 98.47399139404297 -57.86159133911133 
v 89.1511001586914 53.94580841064453 -59.39765167236328 
v 99.3989486694336 53.95296096801758 -73.21835327148438 
v 85.89385986328125 0.22189944982528687 -61.44629669189453 
v 92.32292938232422 -0.16419978439807892 -77.83260345458984 
v 170.25640869140625 178.4390411376953 -62.26240158081055 
v 155.49468994140625 146.68203735351562 -72.3338623046875 
v 154.0226593017578 159.09317016601562 -59.76710891723633 
v 130.7664794921875 97.25051879882812 -62.33768844604492 
v 129.47296142578125 89.93416595458984 -79.64139556884766 
v 122.37736511230469 39.491004943847656 -62.91788864135742 
v 116.03302764892578 36.96342468261719 -78.77445220947266 
v 124.19695281982422 0.38710591197013855 -62.315670013427734 
v 113.32537841796875 -0.5032532215118408 -76.12773132324219 
v 98.32118225097656 188.26490783691406 154.86297607421875 
v 116.93550109863281 169.93936157226562 158.39390563964844 
v 117.32935333251953 162.39468383789062 144.78085327148438 
v 149.82080078125 107.05915069580078 137.70179748535156 
v 146.45022583007812 119.37755584716797 154.22093200683594 
v 167.4363555908203 51.84516525268555 135.27642822265625 
v 159.3992462158203 58.17034149169922 150.56822204589844 
v 172.45758056640625 0.1743600219488144 134.0530242919922 
v 160.92027282714844 -0.48124387860298157 147.0193634033203 
v 235.72569274902344 154.96017456054688 183.36557006835938 
v 231.8713836669922 138.3163604736328 163.7655029296875 
v 221.19039916992188 141.6090545654297 170.69503784179688 
v 203.7873077392578 104.2219009399414 147.54869079589844 
v 215.6486053466797 100.59181213378906 135.56109619140625 
v 192.5923309326172 54.93307876586914 137.277587890625 
v 200.14593505859375 52.51764678955078 122.4073257446289 
v 185.4530029296875 -0.18513049185276031 136.22483825683594 
v 189.06797790527344 -0.37577399611473083 119.4044418334961 
v 126.8104476928711 153.35386657714844 92.10154724121094 
v 127.12325286865234 130.17433166503906 109.30950927734375 
v 140.28521728515625 130.1287384033203 108.77224731445312 
v 151.9687042236328 90.32946014404297 137.00302124023438 
v 134.55345153808594 82.35596466064453 135.55978393554688 
v 155.7324676513672 51.282997131347656 153.08534240722656 
v 138.5926055908203 35.39243698120117 149.9160919189453 
v 158.64358520507812 0.33391255140304565 157.6587371826172 
v 141.4420928955078 -0.7380079030990601 154.13818359375 
v 143.94015502929688 164.90370178222656 143.64999389648438 
v 153.6715545654297 139.45079040527344 156.21279907226562 
v 161.25497436523438 137.79017639160156 145.4518280029297 
v 183.94964599609375 91.45856475830078 156.73947143554688 
v 171.9368133544922 92.33778381347656 168.62359619140625 
v 191.77493286132812 48.4694938659668 164.74618530273438 
v 176.65892028808594 49.655128479003906 173.21932983398438 
v 189.08999633789062 -0.9826186895370483 167.34304809570312 
v 172.3575439453125 0.8837190270423889 171.80270385742188 
v 129.64178466796875 188.437255859375 180.0518798828125 
v 144.75582885742188 161.53855895996094 190.354736328125 
v 146.20631408691406 168.1242218017578 177.2445831298828 
v 169.65628051757812 117.22034454345703 179.2354278564453 
v 170.91482543945312 95.26959228515625 196.3230743408203 
v 178.2906951904297 57.118350982666016 180.0856475830078 
v 185.2523193359375 34.7470588684082 195.57363891601562 
v 177.0439910888672 0.5129741430282593 178.94422912597656 
v 187.8944091796875 0.004787166137248278 193.17086791992188 
v 134.5726318359375 178.81321716308594 181.4380645751953 
v 149.1973114013672 152.58676147460938 179.8955841064453 
v 146.7125244140625 151.4144287109375 166.49664306640625 
v 167.9003143310547 98.68798065185547 153.83975219726562 
v 169.40223693847656 93.00433349609375 171.63653564453125 
v 176.8175811767578 50.9559326171875 151.59173583984375 
v 176.1565704345703 37.846885681152344 168.61019897460938 
v 174.1140899658203 0.04201329126954079 151.46759033203125 
v 172.81484985351562 0.4373568892478943 169.14764404296875 
v 274.7615051269531 172.40821838378906 121.95327758789062 
v 265.09765625 148.01242065429688 105.89099884033203 
v 256.2008972167969 148.86004638671875 115.50808715820312 
v 231.5365753173828 97.64076232910156 96.89888000488281 
v 245.1370391845703 95.98784637451172 86.32386016845703 
v 221.826904296875 47.51163101196289 83.72732543945312 
v 237.935791015625 46.821205139160156 77.5829849243164 
v 222.251708984375 -0.11892299354076385 78.78214263916016 
v 239.51205444335938 0.4280852675437927 76.37715911865234 
v 261.6258239746094 158.23341369628906 137.56092834472656 
v 254.15232849121094 135.34140014648438 119.02892303466797 
v 245.74684143066406 137.12313842773438 129.101318359375 
v 226.59458923339844 86.30569458007812 110.4506607055664 
v 234.74661254882812 89.84222412109375 95.45155334472656 
v 218.34619140625 36.86680603027344 101.74246978759766 
v 221.5292205810547 46.816131591796875 84.93953704833984 
v 217.6085205078125 -0.010240769013762474 100.4372787475586 
v 216.1337890625 0.0016602656105533242 82.84817504882812 
v 176.36862182617188 143.82505798339844 108.55171966552734 
v 190.1188507080078 129.9539031982422 99.41334533691406 
v 181.81182861328125 129.4224090576172 88.6514892578125 
v 198.9994659423828 95.85372161865234 64.57410430908203 
v 208.45083618164062 90.39017486572266 79.279541015625 
v 210.41281127929688 50.81478500366211 54.75967788696289 
v 218.3656005859375 40.586181640625 70.66424560546875 
v 213.8090362548828 -0.011675965040922165 53.03475570678711 
v 220.8824005126953 0.4223867356777191 69.36154174804688 
v 167.56512451171875 169.13023376464844 14.829124450683594 
v 165.8889923095703 149.2480010986328 31.64990997314453 
v 178.94168090820312 148.1531219482422 30.572898864746094 
v 188.4074249267578 97.6473617553711 57.19575500488281 
v 171.41651916503906 97.70932006835938 55.34546661376953 
v 191.06800842285156 40.46082305908203 71.23959350585938 
v 174.91738891601562 40.487152099609375 64.9396743774414 
v 191.68638610839844 -0.513018012046814 73.16875457763672 
v 176.876953125 -0.03893870487809181 63.80034255981445 
v 117.48506164550781 176.67181396484375 25.015052795410156 
v 128.34121704101562 145.55746459960938 41.200740814208984 
v 134.4828338623047 147.7533721923828 29.478540420532227 
v 157.02757263183594 94.76537322998047 43.332176208496094 
v 152.08041381835938 85.1822280883789 59.47957992553711 
v 167.1441650390625 48.01111602783203 48.658267974853516 
v 167.2825469970703 35.236427307128906 66.4633560180664 
v 168.1109161376953 -0.25067272782325745 50.80628204345703 
v 173.14999389648438 -0.24260956048965454 67.15262603759766 
v 273.5869445800781 140.4666290283203 55.25972366333008 
v 257.7318115234375 116.4783706665039 51.645992279052734 
v 255.1661834716797 129.58937072753906 64.352294921875 
v 226.32167053222656 84.19757843017578 69.70611572265625 
v 231.59046936035156 76.53608703613281 52.864105224609375 
v 212.4304962158203 34.99354553222656 68.94610595703125 
v 219.5785675048828 33.43033981323242 53.13874816894531 
v 209.98745727539062 0.1779864877462387 70.99722290039062 
v 217.633544921875 -0.22581343352794647 55.0931510925293 
v 188.83282470703125 157.3567352294922 -35.40869903564453 
v 187.98329162597656 139.40830993652344 -13.095088958740234 
v 199.9441375732422 139.93161010742188 -18.818857192993164 
v 210.27969360351562 94.40424346923828 11.107394218444824 
v 196.4876251220703 95.40535736083984 21.423110961914062 
v 215.09564208984375 40.935813903808594 28.99566078186035 
v 205.1129608154297 41.76505661010742 42.00589370727539 
v 216.25613403320312 -0.9172319769859314 36.86170196533203 
v 209.824462890625 0.5152179002761841 52.941612243652344 
v 245.7643585205078 170.42625427246094 -24.856460571289062 
v 232.43504333496094 151.6533966064453 -11.532051086425781 
v 243.8757781982422 138.53103637695312 -4.755670070648193 
v 231.26455688476562 90.70323944091797 23.216575622558594 
v 218.4190216064453 99.20067596435547 11.739949226379395 
v 220.93431091308594 47.584049224853516 35.00773239135742 
v 211.2696533203125 50.169132232666016 21.888294219970703 
v 215.73106384277344 -0.4551492929458618 36.42210388183594 
v 209.52818298339844 0.37489867210388184 20.25332260131836 
v 205.3031463623047 154.88922119140625 77.54647064208984 
v 212.3675079345703 134.74754333496094 62.09556198120117 
v 199.90283203125 136.14369201660156 58.01913070678711 
v 202.24745178222656 93.20870208740234 28.27349281311035 
v 217.89654541015625 91.6351318359375 36.015506744384766 
v 207.28939819335938 48.619056701660156 14.072786331176758 
v 221.9443817138672 47.61240768432617 23.557588577270508 
v 209.16598510742188 -0.004469385836273432 10.656121253967285 
v 223.4568634033203 0.04914297163486481 20.95456314086914 
v 132.50306701660156 153.22654724121094 -41.65730667114258 
v 128.3773956298828 128.8994598388672 -23.586673736572266 
v 141.49209594726562 135.19732666015625 -23.501855850219727 
v 146.54014587402344 100.29952239990234 9.159467697143555 
v 129.78248596191406 87.85240173339844 5.842284202575684 
v 146.31689453125 55.77812957763672 28.270639419555664 
v 130.99713134765625 50.05933380126953 21.08067512512207 
v 145.09561157226562 0.2774655818939209 36.99474334716797 
v 131.7458038330078 -0.21780675649642944 25.204984664916992 
v 192.9227752685547 180.35427856445312 65.18194580078125 
v 188.8511199951172 153.2205810546875 44.85581970214844 
v 178.92843627929688 153.8612060546875 52.72233581542969 
v 162.69485473632812 94.3619384765625 28.556543350219727 
v 173.65377807617188 92.98408508300781 15.503488540649414 
v 155.2158660888672 38.068092346191406 15.766827583312988 
v 161.93414306640625 37.83972930908203 -0.030896997079253197 
v 153.79568481445312 -0.0033955813851207495 10.952731132507324 
v 156.23583984375 0.5018644332885742 -6.756316184997559 
v 91.2156753540039 169.4087371826172 41.8277473449707 
v 103.32091522216797 141.69937133789062 50.282203674316406 
v 109.84025573730469 154.3234405517578 39.018863677978516 
v 134.35882568359375 101.56198120117188 42.51700210571289 
v 124.02848815917969 94.9859619140625 57.40347671508789 
v 142.78720092773438 42.28839874267578 46.700252532958984 
v 130.8707275390625 41.82621765136719 59.90824890136719 
v 140.33506774902344 -0.16449272632598877 45.59029006958008 
v 128.09011840820312 -0.01598692685365677 57.535560607910156 
v 144.49623107910156 145.14715576171875 73.50357818603516 
v 155.57154846191406 125.45365905761719 60.76244354248047 
v 144.71006774902344 127.17427825927734 53.3792839050293 
v 154.7359161376953 84.15074920654297 25.537256240844727 
v 167.84835815429688 88.71366882324219 37.39778518676758 
v 163.52911376953125 37.54906463623047 13.222150802612305 
v 175.11985778808594 48.54747009277344 26.054723739624023 
v 166.07940673828125 -0.08098247647285461 10.375832557678223 
v 177.24058532714844 -0.5303241014480591 23.679258346557617 
v 177.9134521484375 148.68112182617188 70.20771026611328 
v 170.0256805419922 131.8365478515625 88.2502212524414 
v 183.1256561279297 139.23495483398438 87.86969757080078 
v 184.4079132080078 105.14328002929688 115.19792938232422 
v 167.8566131591797 87.20895385742188 119.48841857910156 
v 186.52978515625 54.64832305908203 128.55162048339844 
v 171.89710998535156 37.150665283203125 137.80763244628906 
v 189.20729064941406 0.3803548812866211 130.72474670410156 
v 177.1287078857422 -0.21084550023078918 143.87086486816406 
v 177.08143615722656 144.83494567871094 54.67970275878906 
v 179.03182983398438 134.31178283691406 74.1144790649414 
v 189.81878662109375 126.95609283447266 66.65077209472656 
v 203.19210815429688 97.6289291381836 90.04939270019531 
v 191.47439575195312 89.00281524658203 102.32994079589844 
v 208.93800354003906 53.98060989379883 100.61111450195312 
v 201.28990173339844 38.24091720581055 115.9417495727539 
v 209.54052734375 -0.1335189938545227 102.510498046875 
v 206.03297424316406 -0.04807818681001663 119.50736236572266 
v 298.9883728027344 143.3003692626953 158.94644165039062 
v 291.4942321777344 125.89574432373047 145.43930053710938 
v 286.1943054199219 134.04815673828125 155.0356903076172 
v 265.98394775390625 98.37466430664062 139.8492889404297 
v 271.09808349609375 88.83324432373047 125.06642150878906 
v 251.46238708496094 50.932350158691406 127.69535827636719 
v 252.5431365966797 44.8162841796875 110.91657257080078 
v 243.9223175048828 -0.8890947699546814 119.75675964355469 
v 240.77964782714844 0.8978716135025024 102.56726837158203 
v 223.19163513183594 172.53823852539062 -81.90340423583984 
v 205.39773559570312 151.32997131347656 -72.3840560913086 
v 214.42401123046875 154.2308349609375 -62.829750061035156 
v 190.92831420898438 102.82023620605469 -38.93459701538086 
v 181.19554138183594 98.773681640625 -53.49293518066406 
v 173.10708618164062 40.110862731933594 -30.32392120361328 
v 167.3031463623047 46.90241622924805 -46.9981689453125 
v 162.9330596923828 -0.6583704352378845 -31.323495864868164 
v 160.8264617919922 0.5381019711494446 -48.423316955566406 
v 214.53623962402344 147.7279815673828 -99.96928405761719 
v 197.5310516357422 141.87242126464844 -89.90862274169922 
v 208.14125061035156 123.07508850097656 -82.94984436035156 
v 192.5332489013672 84.51026916503906 -59.53977966308594 
v 177.11737060546875 98.61560821533203 -66.94104766845703 
v 186.42745971679688 44.803131103515625 -47.90477752685547 
v 169.71548461914062 40.2638053894043 -49.8637809753418 
v 187.25022888183594 0.29421064257621765 -44.699337005615234 
v 169.8090057373047 -0.2858707904815674 -41.542964935302734 
v 164.83091735839844 155.7017059326172 -80.44481658935547 
v 156.96876525878906 148.09735107421875 -65.93511962890625 
v 169.25973510742188 132.19288635253906 -61.246524810791016 
v 164.74337768554688 96.67821502685547 -33.07624435424805 
v 149.30809020996094 106.01148986816406 -41.185333251953125 
v 157.3905487060547 50.84281539916992 -21.158916473388672 
v 142.699951171875 52.818756103515625 -30.710956573486328 
v 152.99612426757812 -0.8056212067604065 -19.692068099975586 
v 138.84242248535156 0.3698773980140686 -29.619407653808594 
v 166.14715576171875 163.43460083007812 -74.28465270996094 
v 163.349365234375 131.10394287109375 -56.4737548828125 
v 176.4252471923828 144.02484130859375 -57.66203308105469 
v 183.61892700195312 87.26167297363281 -28.097518920898438 
v 166.7239990234375 81.3119125366211 -30.651214599609375 
v 184.3162078857422 36.431854248046875 -11.137077331542969 
v 168.55250549316406 35.86431884765625 -18.003116607666016 
v 183.16549682617188 -0.15497544407844543 -5.949599266052246 
v 168.91323852539062 -0.13567185401916504 -15.979364395141602 
v 153.93215942382812 179.73948669433594 -52.78097152709961 
v 153.5458526611328 149.33071899414062 -33.714481353759766 
v 165.252685546875 149.07162475585938 -39.43508529663086 
v 175.8648223876953 94.34325408935547 -14.88093376159668 
v 162.48370361328125 95.07555389404297 -5.328902721405029 
v 180.4403839111328 48.756683349609375 -4.3889360427856445 
v 170.90692138671875 49.59955978393555 10.285306930541992 
v 180.83653259277344 0.08199286460876465 -2.966949224472046 
v 174.92575073242188 0.03239711746573448 13.871816635131836 
v 82.40428924560547 156.11679077148438 4.593552112579346 
v 100.2649154663086 138.60110473632812 2.553485631942749 
v 97.20935821533203 131.12777709960938 -10.651275634765625 
v 125.58727264404297 95.1994857788086 -24.847156524658203 
v 127.30064392089844 85.12630462646484 -7.188928127288818 
v 143.59494018554688 51.86039733886719 -27.97157096862793 
v 143.50682067871094 35.011898040771484 -10.826484680175781 
v 150.7689208984375 -0.022678421810269356 -28.965946197509766 
v 149.79689025878906 -0.41473183035850525 -11.51212215423584 
v 212.4627227783203 181.19940185546875 -41.93720626831055 
v 220.4988250732422 162.8154754638672 -58.85926818847656 
v 207.7217559814453 163.33460998535156 -61.20192337036133 
v 210.26766967773438 114.2158203125 -92.08625030517578 
v 226.212890625 108.62284851074219 -86.05110168457031 
v 215.97938537597656 55.57457733154297 -106.9012680053711 
v 229.760986328125 44.62620544433594 -97.14833068847656 
v 220.65914916992188 -0.6375473737716675 -109.60283660888672 
v 231.9112548828125 0.22208335995674133 -96.50398254394531 
v 160.8602752685547 167.01455688476562 -109.42865753173828 
v 174.7932891845703 153.6497344970703 -96.57759857177734 
v 177.65444946289062 133.18844604492188 -109.23605346679688 
v 200.71981811523438 83.08732604980469 -101.42430877685547 
v 200.43113708496094 109.08039093017578 -84.17211151123047 
v 209.0929412841797 37.78517150878906 -97.03117370605469 
v 214.09043884277344 55.3460578918457 -80.31389617919922 
v 207.35906982421875 0.1215561255812645 -96.15116119384766 
v 216.67117309570312 -0.34918540716171265 -81.36752319335938 
v 173.41802978515625 157.9972686767578 -143.26739501953125 
v 184.81251525878906 138.12362670898438 -133.61643981933594 
v 191.57211303710938 129.66458129882812 -144.99053955078125 
v 215.17478942871094 83.91387176513672 -137.7616729736328 
v 204.4873809814453 94.18988800048828 -123.17184448242188 
v 222.2303466796875 46.49952697753906 -129.60218811035156 
v 210.08267211914062 44.47886276245117 -117.07168579101562 
v 218.72413635253906 -0.4727196991443634 -127.51561737060547 
v 206.12086486816406 1.0508922338485718 -114.89397430419922 
v 123.32357025146484 170.46165466308594 -124.23033142089844 
v 137.1326446533203 149.09658813476562 -114.77285766601562 
v 142.68789672851562 143.00384521484375 -126.14278411865234 
v 171.08016967773438 100.52791595458984 -121.10497283935547 
v 161.3627166748047 94.5489501953125 -107.36692810058594 
v 184.8152618408203 52.198463439941406 -116.52735900878906 
v 171.40066528320312 47.37806701660156 -105.49707794189453 
v 187.39439392089844 -0.04280025139451027 -115.9631576538086 
v 171.6333770751953 0.46825695037841797 -107.83738708496094 
v 147.48663330078125 180.82614135742188 -68.84135437011719 
v 161.9783935546875 151.6312255859375 -78.5527114868164 
v 151.4111785888672 159.6965789794922 -85.86856079101562 
v 161.6741943359375 99.97746276855469 -107.84769439697266 
v 177.14305114746094 105.56102752685547 -100.86096954345703 
v 162.6061553955078 47.168365478515625 -118.03545379638672 
v 179.4319305419922 52.223289489746094 -116.50909423828125 
v 157.30856323242188 1.547917366027832 -120.00894165039062 
v 174.56045532226562 -1.0648294687271118 -122.99075317382812 
v 281.25311279296875 128.02999877929688 -128.52626037597656 
v 263.3613586425781 112.17487335205078 -127.67585754394531 
v 265.5850830078125 111.71410369873047 -114.82240295410156 
v 235.88267517089844 75.01234436035156 -104.40568542480469 
v 234.35755920410156 81.58605194091797 -121.6939697265625 
v 216.88462829589844 34.869606018066406 -105.4749755859375 
v 217.6021270751953 46.4631462097168 -122.89078521728516 
v 208.4955291748047 -0.52921062707901 -109.1667251586914 
v 209.471435546875 0.6273078322410583 -126.99584197998047 
v 266.4879455566406 153.82725524902344 -109.18504333496094 
v 256.48980712890625 129.41824340820312 -119.97838592529297 
v 254.26168823242188 138.28562927246094 -109.776123046875 
v 232.85287475585938 95.22186279296875 -117.16731262207031 
v 234.02609252929688 83.39492797851562 -133.30194091796875 
v 217.8072509765625 50.27904510498047 -124.84280395507812 
v 216.40936279296875 41.06226348876953 -139.4231719970703 
v 211.09580993652344 20.497690200805664 -131.55722045898438 
v 209.60496520996094 16.590211868286133 -137.98220825195312 
v 157.16299438476562 170.16958618164062 -219.23939514160156 
v 161.52194213867188 150.82460021972656 -199.90196228027344 
v 173.8699188232422 143.5997772216797 -204.15200805664062 
v 193.1868896484375 100.92034912109375 -174.1902618408203 
v 175.9197540283203 90.98085021972656 -171.52793884277344 
v 202.07296752929688 53.36845397949219 -155.5274200439453 
v 185.25111389160156 35.93592834472656 -157.78404235839844 
v 205.99143981933594 0.6580708622932434 -149.26040649414062 
v 189.40374755859375 -0.46550172567367554 -155.36593627929688 
v 270.3166809082031 136.13824462890625 -140.30776977539062 
v 261.76495361328125 114.08333587646484 -148.8367156982422 
v 255.66146850585938 126.77352142333984 -139.50833129882812 
v 231.4281463623047 89.77301788330078 -145.57257080078125 
v 241.45054626464844 76.75166320800781 -158.5688934326172 
v 214.9174346923828 43.4925537109375 -153.46798706054688 
v 226.40219116210938 36.51570510864258 -166.65232849121094 
v 207.2153778076172 0.07374131679534912 -159.13063049316406 
v 219.5729217529297 -0.09264156967401505 -171.73849487304688 
v 191.89700317382812 145.66110229492188 -104.8299560546875 
v 181.26242065429688 122.51123046875 -119.91108703613281 
v 172.12648010253906 123.90653991699219 -110.47308349609375 
v 144.94004821777344 81.77969360351562 -128.5571746826172 
v 158.6719970703125 80.92955017089844 -138.6259002685547 
v 130.508544921875 44.301513671875 -141.5293426513672 
v 146.32620239257812 43.001617431640625 -147.84591674804688 
v 125.01905822753906 0.2347901463508606 -148.2349395751953 
v 142.30999755859375 -0.3693546950817108 -150.53260803222656 
v 112.58013153076172 178.0836181640625 -158.02069091796875 
v 129.2091064453125 149.61952209472656 -156.41050720214844 
v 124.13803100585938 156.92724609375 -168.61659240722656 
v 142.75698852539062 97.87903594970703 -177.71484375 
v 151.97047424316406 103.26119995117188 -163.45425415039062 
v 147.2699737548828 45.817420959472656 -181.1705780029297 
v 160.5757293701172 50.442420959472656 -171.01007080078125 
v 142.38514709472656 0.9791426658630371 -182.002197265625 
v 158.14385986328125 -1.5535457134246826 -175.30328369140625 
v 84.88823699951172 163.8241424560547 -158.66793823242188 
v 94.90958404541016 152.06991577148438 -146.1966552734375 
v 104.3536148071289 131.87098693847656 -155.85179138183594 
v 128.376953125 85.12454986572266 -142.3265380859375 
v 114.59220886230469 99.91370391845703 -131.9888458251953 
v 137.282470703125 43.80146026611328 -133.92906188964844 
v 122.37238311767578 41.13740921020508 -125.19689178466797 
v 137.44090270996094 -0.08662837743759155 -133.46499633789062 
v 122.09639739990234 -0.10448332875967026 -125.22050476074219 
v 90.91503143310547 140.90199279785156 -191.49578857421875 
v 103.6842269897461 128.70262145996094 -180.51324462890625 
v 111.27987670898438 122.1642837524414 -192.07545471191406 
v 139.3773651123047 78.46289825439453 -181.9843292236328 
v 128.06715393066406 95.78446960449219 -169.1356964111328 
v 152.0772705078125 32.7230110168457 -173.60260009765625 
v 138.88816833496094 50.62765884399414 -162.11856079101562 
v 154.61378479003906 -0.09768874943256378 -171.0138702392578 
v 141.35487365722656 -0.012365560047328472 -159.78427124023438 
v 218.80271911621094 143.97613525390625 2.6372082233428955 
v 210.72637939453125 125.91619110107422 -15.322709083557129 
v 203.33998107910156 124.33812713623047 -4.8717241287231445 
v 184.43739318847656 80.30635833740234 -22.468809127807617 
v 190.9034423828125 85.90000915527344 -38.422157287597656 
v 177.98175048828125 35.26728439331055 -31.42445945739746 
v 179.48944091796875 45.280696868896484 -48.754329681396484 
v 180.09600830078125 -0.2929735481739044 -34.518253326416016 
v 176.87339782714844 0.08041869103908539 -51.64593505859375 
v 267.2170715332031 140.35853576660156 -92.3358154296875 
v 247.6255340576172 135.5792999267578 -94.819091796875 
v 251.848388671875 125.91323852539062 -83.02334594726562 
v 225.07388305664062 99.86151123046875 -73.75660705566406 
v 217.10610961914062 103.00103759765625 -88.97757720947266 
v 212.9761505126953 54.555973052978516 -68.74400329589844 
v 200.2137451171875 53.485450744628906 -80.02256774902344 
v 210.50172424316406 0.48028114438056946 -65.32821655273438 
v 195.22023010253906 -0.28220799565315247 -73.43687438964844 
v 270.88580322265625 163.63772583007812 -39.86442565917969 
v 267.0477600097656 143.5518035888672 -51.56804275512695 
v 260.5545959472656 148.81553649902344 -42.699405670166016 
v 246.73239135742188 103.6474380493164 -53.798118591308594 
v 253.7900390625 99.45280456542969 -67.6364974975586 
v 239.34451293945312 49.300907135009766 -60.14099884033203 
v 243.0597686767578 49.12045669555664 -76.6498794555664 
v 238.28138732910156 0.7630036473274231 -60.28532028198242 
v 237.45025634765625 -0.46423986554145813 -78.02355194091797 
v 4.057265758514404 197.81829833984375 139.42234802246094 
v 5.841731548309326 165.49681091308594 120.62841796875 
v -7.031579494476318 169.02398681640625 123.18238067626953 
v -15.367201805114746 98.15066528320312 93.27371215820312 
v 1.8686891794204712 106.26949310302734 93.29611206054688 
v -15.141357421875 37.41949462890625 76.70311737060547 
v 1.4107160568237305 44.79197692871094 81.81246948242188 
v -11.798455238342285 -0.5151524543762207 73.02110290527344 
v 3.4138712882995605 1.1862139701843262 82.10289764404297 
v 11.745866775512695 174.3174591064453 148.3719482421875 
v 9.816577911376953 148.58961486816406 128.3533935546875 
v -0.9197549819946289 149.11434936523438 135.9723663330078 
v -14.18366813659668 96.94117736816406 112.7005386352539 
v -2.187061309814453 92.3018569946289 100.4717025756836 
v -19.753198623657227 48.70382308959961 101.8183364868164 
v -12.021306037902832 38.7851448059082 86.76327514648438 
v -20.055871963500977 -0.5384590029716492 100.00446319580078 
v -16.396766662597656 -0.09905023872852325 83.21542358398438 
v 5.309149742126465 143.81414794921875 9.187856674194336 
v -2.56288480758667 123.40189361572266 16.871826171875 
v 6.39240837097168 133.12684631347656 23.139780044555664 
v 0.6129032969474792 97.02317810058594 45.36122512817383 
v -12.205930709838867 83.4359130859375 34.96732711791992 
v -6.137258052825928 50.25041198730469 60.1900520324707 
v -18.656017303466797 39.80912780761719 47.329776763916016 
v -9.9349946975708 -0.10358569771051407 65.26494598388672 
v -21.769060134887695 -0.11523368209600449 52.577842712402344 
v -79.420166015625 154.48777770996094 87.26107025146484 
v -63.33784484863281 141.8978271484375 86.76605224609375 
v -64.43728637695312 134.96905517578125 73.12969207763672 
v -37.93190383911133 103.04480743408203 60.41621398925781 
v -38.3853759765625 96.95578002929688 78.12242889404297 
v -24.53422737121582 56.516693115234375 56.53928756713867 
v -27.002201080322266 50.382266998291016 74.13228607177734 
v -22.744855880737305 0.34271731972694397 54.41758346557617 
v -25.726980209350586 -0.21913349628448486 71.7294921875 
v -16.06247329711914 170.46812438964844 128.46568298339844 
v -10.520941734313965 154.18536376953125 107.3506088256836 
v -23.225296020507812 140.43954467773438 109.90718841552734 
v -26.796066284179688 88.38400268554688 78.19569396972656 
v -11.180073738098145 95.88346862792969 71.49164581298828 
v -27.68402862548828 36.53832244873047 59.94826889038086 
v -14.815250396728516 39.1112174987793 49.26871109008789 
v -26.902935028076172 -1.5683232545852661 51.65129089355469 
v -17.10004425048828 0.875025749206543 37.51765060424805 
v -78.08696746826172 189.15322875976562 56.70927429199219 
v -60.03251266479492 164.22080993652344 51.87343215942383 
v -66.33448028564453 151.0106201171875 41.03461837768555 
v -41.08560562133789 88.03739929199219 23.201011657714844 
v -35.38005065917969 96.97267150878906 39.24027633666992 
v -25.57102394104004 35.00387191772461 17.816650390625 
v -24.594877243041992 38.26053237915039 34.77293395996094 
v -20.863544464111328 -0.513593852519989 19.554956436157227 
v -23.871570587158203 0.645687460899353 36.98408508300781 
v -64.87792205810547 169.93650817871094 -29.671062469482422 
v -56.03384780883789 144.15682983398438 -15.676863670349121 
v -45.300594329833984 143.77838134765625 -23.525129318237305 
v -22.085371017456055 91.56819915771484 -5.790435314178467 
v -37.050926208496094 93.37681579589844 3.598999261856079 
v -12.706889152526855 46.148681640625 6.569018840789795 
v -28.780197143554688 47.77726364135742 13.783339500427246 
v -11.038141250610352 -0.06484635919332504 10.043758392333984 
v -27.423999786376953 -0.37398695945739746 16.277063369750977 
v 9.3994140625 173.88851928710938 -52.75510025024414 
v 9.270743370056152 151.75416564941406 -65.07611083984375 
v -0.9756054282188416 152.6485137939453 -61.598628997802734 
v -13.203714370727539 102.68852996826172 -82.31783294677734 
v 2.513735294342041 103.30143737792969 -85.11465454101562 
v -17.96946907043457 49.11183166503906 -98.15766143798828 
v -1.137257695198059 49.491111755371094 -97.21173095703125 
v -17.231155395507812 -0.580069899559021 -105.4627685546875 
v -0.38815346360206604 0.9246707558631897 -100.46293640136719 
v -30.640079498291016 162.42098999023438 -143.5469207763672 
v -35.09912872314453 142.28207397460938 -125.56503295898438 
v -22.62102508544922 139.9423065185547 -128.4302520751953 
v -17.964712142944336 103.1743392944336 -104.78545379638672 
v -32.94895553588867 93.04224395751953 -96.96377563476562 
v -17.134319305419922 55.8364372253418 -95.62149810791016 
v -28.946197509765625 47.94722366333008 -83.15013122558594 
v -18.762649536132812 0.13082817196846008 -96.39015197753906 
v -27.139516830444336 -0.1914481371641159 -81.11759948730469 
v -43.590492248535156 155.47012329101562 -161.09121704101562 
v -39.04527282714844 143.93682861328125 -146.22616577148438 
v -27.367759704589844 144.5238037109375 -152.8323211669922 
v -11.183060646057129 108.55258178710938 -133.86300659179688 
v -27.539737701416016 102.73558044433594 -128.22105407714844 
v -9.196049690246582 55.595558166503906 -124.00816345214844 
v -26.17066192626953 45.00946044921875 -119.84585571289062 
v -13.614577293395996 -0.6905452013015747 -123.52657318115234 
v -30.573453903198242 0.9582750201225281 -119.7541275024414 
v 23.892778396606445 161.0492706298828 -171.4663543701172 
v 9.909265518188477 139.40170288085938 -159.30099487304688 
v 20.039274215698242 144.6632537841797 -151.7254180908203 
v 3.0699503421783447 100.7213363647461 -124.97575378417969 
v -8.848602294921875 88.19151306152344 -137.3824005126953 
v -12.273754119873047 43.33824920654297 -113.849609375 
v -22.959218978881836 37.74223327636719 -127.23529052734375 
v -21.635194778442383 -0.825468897819519 -111.58882904052734 
v -31.53073501586914 0.5023291110992432 -125.97845458984375 
v 44.7177734375 181.49923706054688 -119.87322998046875 
v 27.241830825805664 152.15159606933594 -131.29293823242188 
v 26.3061580657959 160.29940795898438 -117.91017150878906 
v -2.3651890754699707 96.40736389160156 -123.6742172241211 
v -4.129455089569092 101.70590209960938 -140.49575805664062 
v -17.03412437438965 38.120819091796875 -127.3485336303711 
v -23.446706771850586 43.70573806762695 -142.23065185546875 
v -21.28579330444336 -0.08546841889619827 -128.55604553222656 
v -32.15496063232422 0.5001512169837952 -142.79078674316406 
v 45.17287826538086 156.237548828125 -191.50344848632812 
v 27.618427276611328 132.34622192382812 -188.8461456298828 
v 30.578874588012695 138.8750762939453 -176.41464233398438 
v 2.5453569889068604 91.31161499023438 -161.6322021484375 
v 0.32683637738227844 89.86759948730469 -179.62930297851562 
v -15.111052513122559 46.63621139526367 -158.50270080566406 
v -15.062027931213379 39.230648040771484 -175.75660705566406 
v -21.729106903076172 0.1853942573070526 -157.57101440429688 
v -21.28493881225586 -0.2839988172054291 -174.96205139160156 
v 46.64354705810547 166.7201385498047 -74.19768524169922 
v 35.368831634521484 148.02481079101562 -79.5390396118164 
v 37.41999053955078 144.0421905517578 -68.69894409179688 
v 19.87872886657715 97.52586364746094 -65.73119354248047 
v 14.19832992553711 100.53804779052734 -80.21524047851562 
v 10.20534896850586 48.36277770996094 -64.47967529296875 
v 0.7058791518211365 46.67561340332031 -77.73480987548828 
v 9.55004596710205 -0.0006798176327720284 -63.92200469970703 
v -3.976884603500366 -0.5917311906814575 -74.56379699707031 
v -1.9860146045684814 137.4737548828125 -8.051310539245605 
v -10.229761123657227 124.36901092529297 -9.343252182006836 
v -8.991765975952148 125.59159088134766 0.061876971274614334 
v -24.900196075439453 91.84749603271484 9.350140571594238 
v -26.271394729614258 93.10684204101562 -5.064857006072998 
v -38.96364974975586 51.297706604003906 14.076680183410645 
v -39.27353286743164 53.49712371826172 -0.44573670625686646 
v -45.67506790161133 21.473224639892578 11.376790046691895 
v -45.74098205566406 22.621362686157227 5.7043561935424805 
v -119.5031967163086 163.6717529296875 60.453590393066406 
v -104.43213653564453 139.598876953125 52.8220329284668 
v -112.68022918701172 153.29136657714844 42.61697769165039 
v -94.87890625 103.45732116699219 20.400907516479492 
v -87.00154113769531 95.05562591552734 35.08141326904297 
v -84.67298126220703 41.066837310791016 10.55946159362793 
v -81.07000732421875 40.549625396728516 27.130434036254883 
v -82.8398208618164 -0.06727281212806702 8.63411808013916 
v -83.30687713623047 0.1624765545129776 26.32082748413086 
v -90.02828216552734 181.8192138671875 70.5173110961914 
v -84.24024200439453 147.111572265625 51.74400329589844 
v -97.01215362548828 165.67355346679688 54.26343536376953 
v -100.4942398071289 106.98833465576172 27.906404495239258 
v -84.81961822509766 95.31892395019531 22.10228729248047 
v -101.76610565185547 41.12191390991211 16.230138778686523 
v -88.60111999511719 48.6513786315918 5.841686248779297 
v -101.62934875488281 -0.669381320476532 14.574756622314453 
v -91.5198745727539 -0.039582863450050354 0.6058757305145264 
v -90.27586364746094 149.5059051513672 58.39178466796875 
v -78.31160736083984 134.6271514892578 48.5847282409668 
v -88.63519287109375 135.86692810058594 45.0405387878418 
v -78.13035583496094 101.0692367553711 22.502504348754883 
v -62.32695770263672 93.66271209716797 24.383731842041016 
v -68.49589538574219 51.73941421508789 5.716585636138916 
v -51.615509033203125 44.819480895996094 3.800917863845825 
v -62.181480407714844 -0.4523625373840332 -2.7184457778930664 
v -46.08552551269531 0.8349681496620178 -9.528728485107422 
v -64.98274230957031 158.3261260986328 -69.38317108154297 
v -66.76166534423828 144.0970001220703 -60.39096450805664 
v -57.440467834472656 137.8760528564453 -62.06553649902344 
v -49.64180374145508 93.93863677978516 -44.219425201416016 
v -64.33419799804688 101.70453643798828 -44.03695297241211 
v -46.02308654785156 43.47605895996094 -28.80661392211914 
v -62.46210479736328 50.284889221191406 -31.201858520507812 
v -46.49629592895508 -0.8736770153045654 -19.624513626098633 
v -62.754032135009766 0.31299808621406555 -25.827978134155273 
v -12.666848182678223 154.25631713867188 -88.4894027709961 
v -25.75518035888672 135.90151977539062 -77.75243377685547 
v -16.476280212402344 140.964599609375 -68.33987426757812 
v -31.470766067504883 96.54998016357422 -42.66120910644531 
v -41.874053955078125 93.60747528076172 -56.45683670043945 
v -41.98942565917969 39.58976745605469 -32.745155334472656 
v -50.970211029052734 48.334388732910156 -47.113590240478516 
v -45.21820831298828 -0.03757135197520256 -30.02410888671875 
v -53.61132049560547 0.0036649000830948353 -45.474853515625 
v -179.8021240234375 145.3863983154297 32.743499755859375 
v -163.39756774902344 136.57395935058594 23.918495178222656 
v -171.6938934326172 134.2473602294922 13.643998146057129 
v -150.67047119140625 102.71309661865234 -11.079591751098633 
v -142.40504455566406 95.94058990478516 3.393409490585327 
v -135.9558868408203 52.38212966918945 -24.01268768310547 
v -131.98934936523438 39.927188873291016 -7.006430625915527 
v -128.81204223632812 0.3325016498565674 -28.6086368560791 
v -128.7270050048828 -0.039643481373786926 -10.912165641784668 
v -65.15327453613281 144.4259033203125 -82.11456298828125 
v -74.17335510253906 130.1012420654297 -75.7526626586914 
v -66.43838500976562 129.45066833496094 -67.77780151367188 
v -75.44744873046875 91.57569122314453 -47.32410430908203 
v -86.52699279785156 92.95343780517578 -59.06235885620117 
v -84.14888000488281 45.53256607055664 -33.91459655761719 
v -94.80706787109375 46.15080642700195 -48.00086975097656 
v -88.84486389160156 0.020066386088728905 -29.006017684936523 
v -98.64987182617188 -0.12264258414506912 -43.43367004394531 
v -71.6514892578125 147.10398864746094 122.67618560791016 
v -60.7354621887207 134.25848388671875 106.35275268554688 
v -73.69416809082031 128.33563232421875 105.41558837890625 
v -69.39485931396484 90.17940521240234 78.76515197753906 
v -52.357398986816406 94.93180847167969 76.70059967041016 
v -67.05177307128906 48.868255615234375 66.92534637451172 
v -51.411678314208984 41.64032745361328 59.97555160522461 
v -66.29236602783203 -0.4134169816970825 65.19786834716797 
v -52.846248626708984 -0.10419358313083649 54.39665603637695 
v -39.782772064208984 142.7996368408203 -100.21875762939453 
v -56.62433624267578 131.1675262451172 -94.44982147216797 
v -50.087947845458984 129.9559326171875 -83.37846374511719 
v -72.77542114257812 100.0295181274414 -63.28873825073242 
v -78.88398742675781 94.86880493164062 -79.41781616210938 
v -86.97006225585938 56.32210922241211 -54.436798095703125 
v -88.60760498046875 43.369869232177734 -72.35599517822266 
v -92.47605895996094 0.08442730456590652 -53.34416198730469 
v -89.83110809326172 -0.19668561220169067 -70.43877410888672 
v -115.64608001708984 177.5906219482422 11.798784255981445 
v -101.17955780029297 153.47915649414062 -1.3206920623779297 
v -113.40415954589844 159.80001831054688 -5.319169998168945 
v -103.27870178222656 113.10673522949219 -29.902576446533203 
v -86.35816192626953 95.97342681884766 -26.91819190979004 
v -98.35916900634766 57.5029411315918 -40.399593353271484 
v -81.48929595947266 38.47590637207031 -43.575538635253906 
v -97.43848419189453 0.4422110617160797 -41.7248649597168 
v -81.40495300292969 0.01766100712120533 -49.20928955078125 
v -124.83450317382812 150.66030883789062 -143.19407653808594 
v -118.19281005859375 134.25216674804688 -124.19828796386719 
v -110.10458374023438 139.7855682373047 -134.5160369873047 
v -93.09329986572266 104.84941864013672 -114.99353790283203 
v -100.8812026977539 87.67800903320312 -100.12942504882812 
v -87.48710632324219 53.33788299560547 -105.28923797607422 
v -90.3816909790039 36.70161056518555 -88.9040756225586 
v -89.63742065429688 -0.061174582690000534 -103.07980346679688 
v -88.01587677001953 0.5062199831008911 -85.14497375488281 
v -131.24758911132812 151.9522705078125 -108.46934509277344 
v -112.3729019165039 134.6474151611328 -102.8292007446289 
v -114.42235565185547 134.3745880126953 -115.4517593383789 
v -86.80877685546875 98.06796264648438 -119.93390655517578 
v -80.96916961669922 92.86298370361328 -103.6773681640625 
v -73.96717071533203 51.32572937011719 -123.05768585205078 
v -63.38917541503906 40.240516662597656 -110.03892517089844 
v -70.99837493896484 0.03128475695848465 -125.79835510253906 
v -57.181697845458984 -0.4670480191707611 -115.6137924194336 
v -136.87692260742188 160.7401885986328 199.0841522216797 
v -121.83715057373047 137.08935546875 191.582275390625 
v -128.9063720703125 143.88766479492188 180.1598663330078 
v -108.87321472167969 102.52012634277344 158.15200805664062 
v -101.5590591430664 89.10147094726562 173.98333740234375 
v -96.29346466064453 52.40397644042969 150.01779174804688 
v -90.56605529785156 45.784698486328125 166.9056396484375 
v -92.62373352050781 0.027589889243245125 148.509765625 
v -87.70614624023438 -0.6008092761039734 165.17955017089844 
v -152.7124786376953 162.16250610351562 118.64607238769531 
v -149.23309326171875 135.4342041015625 134.5802001953125 
v -137.23106384277344 143.77703857421875 130.24708557128906 
v -119.9126205444336 86.5904769897461 152.68780517578125 
v -136.57960510253906 90.38648223876953 156.84481811523438 
v -113.12442779541016 33.96259307861328 164.8821563720703 
v -130.1472930908203 37.95869827270508 164.10308837890625 
v -111.83025360107422 -0.4544660747051239 166.84132385253906 
v -128.55543518066406 -0.12777608633041382 162.23654174804688 
v -162.30905151367188 178.90013122558594 101.74882507324219 
v -159.1393585205078 155.7427520751953 120.99396514892578 
v -148.8431396484375 143.88475036621094 113.18106842041016 
v -134.1057586669922 86.41778564453125 134.69187927246094 
v -145.46058654785156 96.90716552734375 147.6701202392578 
v -127.66913604736328 35.398807525634766 144.8970947265625 
v -134.64715576171875 46.050228118896484 160.51129150390625 
v -126.93297576904297 -0.15707699954509735 146.05393981933594 
v -129.77996826171875 -0.24670825898647308 163.56890869140625 
v -88.78363037109375 176.06320190429688 57.30888366699219 
v -97.23651123046875 158.89437866210938 77.83139038085938 
v -84.1786117553711 146.1439971923828 76.26570129394531 
v -85.09114837646484 95.23500061035156 108.35688018798828 
v -101.49309539794922 102.17742919921875 112.48731231689453 
v -86.68492126464844 41.467674255371094 126.36104583740234 
v -100.95970153808594 42.482704162597656 136.0492401123047 
v -88.6266098022461 -0.9154375195503235 134.59381103515625 
v -100.28231811523438 0.7903820276260376 147.55111694335938 
v -45.10234069824219 190.49244689941406 86.34295654296875 
v -61.989013671875 169.32199096679688 94.3331527709961 
v -53.92610168457031 152.44137573242188 104.44952392578125 
v -75.58039093017578 88.7567367553711 126.22921752929688 
v -83.93363952636719 112.07199096679688 111.35807800292969 
v -89.6771240234375 36.658355712890625 133.68052673339844 
v -93.69984436035156 55.70397186279297 116.87342071533203 
v -94.5994644165039 -0.16731776297092438 133.2601776123047 
v -94.84931945800781 0.5122868418693542 115.410400390625 
v -134.87496948242188 144.50881958007812 156.95596313476562 
v -120.66423797607422 120.9188232421875 148.21450805664062 
v -128.36451721191406 132.7171173095703 137.41331481933594 
v -110.36912536621094 92.07275390625 113.9538803100586 
v -101.77476501464844 86.21939086914062 129.3563232421875 
v -98.29473114013672 49.321041107177734 105.12071990966797 
v -91.46585083007812 48.43556594848633 121.32848358154297 
v -95.14988708496094 -0.10253354907035828 103.31898498535156 
v -88.68225860595703 0.2557721436023712 119.73257446289062 
v -156.38755798339844 145.79527282714844 54.713863372802734 
v -164.1179962158203 127.95160675048828 71.89336395263672 
v -151.3409881591797 123.94561004638672 74.07293701171875 
v -152.7891082763672 77.84709167480469 107.47075653076172 
v -168.58358764648438 92.04419708251953 100.62969970703125 
v -156.91835021972656 32.90199661254883 125.70509338378906 
v -170.26113891601562 49.06737518310547 115.15074920654297 
v -159.7109832763672 -0.07738235592842102 134.35211181640625 
v -170.4949188232422 -0.7778331637382507 120.30211639404297 
v -122.951171875 170.629638671875 169.42271423339844 
v -120.81686401367188 148.0407257080078 148.8271026611328 
v -133.02947998046875 148.27944946289062 153.73480224609375 
v -141.4223175048828 102.46932983398438 125.7877197265625 
v -126.98875427246094 98.00321197509766 116.3585205078125 
v -144.84017944335938 51.96636962890625 111.10719299316406 
v -134.0581817626953 42.640602111816406 97.8328857421875 
v -144.74549865722656 -1.3876018524169922 105.83698272705078 
v -137.57676696777344 0.24580168724060059 90.01973724365234 
v -170.55674743652344 164.09666442871094 191.2187042236328 
v -170.2266082763672 143.89422607421875 176.27674865722656 
v -183.5246124267578 142.6988525390625 177.33261108398438 
v -193.7113494873047 95.38849639892578 154.3909454345703 
v -176.23216247558594 98.71115112304688 155.3346405029297 
v -194.98739624023438 45.95411682128906 145.416015625 
v -177.84286499023438 48.22421646118164 148.44464111328125 
v -195.05728149414062 -0.4889320433139801 148.11383056640625 
v -177.9079132080078 0.018287314102053642 151.7630615234375 
v -154.29595947265625 139.4094696044922 174.99082946777344 
v -147.07461547851562 128.15097045898438 159.94790649414062 
v -159.51963806152344 121.528076171875 155.5418701171875 
v -157.00819396972656 84.68575286865234 125.62466430664062 
v -141.3682098388672 92.27301788330078 133.90533447265625 
v -151.74972534179688 45.5935173034668 111.49871826171875 
v -137.28057861328125 41.39177322387695 121.4266128540039 
v -149.93722534179688 -0.49080008268356323 108.35265350341797 
v -135.71397399902344 -0.6644162535667419 118.38390350341797 
v -157.00616455078125 151.40240478515625 178.2708282470703 
v -144.1662139892578 124.0098876953125 193.6624298095703 
v -139.50653076171875 134.96221923828125 181.2112579345703 
v -115.1215591430664 81.69503784179688 192.84133911132812 
v -117.95445251464844 83.61805725097656 209.2102508544922 
v -104.42876434326172 31.211687088012695 197.47677612304688 
v -101.99034118652344 45.30256271362305 214.97579956054688 
v -103.3480224609375 -0.15063956379890442 199.1378631591797 
v -96.30949401855469 0.1789121776819229 215.1553497314453 
v -138.37387084960938 158.17808532714844 147.21156311035156 
v -129.04483032226562 129.47161865234375 132.3426513671875 
v -141.37388610839844 140.35293579101562 127.58676147460938 
v -136.58242797851562 93.0904541015625 97.47505187988281 
v -121.70255279541016 81.95379638671875 106.07086181640625 
v -130.76251220703125 47.808414459228516 81.8821792602539 
v -118.73856353759766 37.64324188232422 94.36600494384766 
v -127.69873809814453 -0.2062004655599594 77.6440200805664 
v -118.53587341308594 0.3532865345478058 92.78260803222656 
v -107.25051879882812 178.1720428466797 40.15956497192383 
v -118.7677993774414 159.08535766601562 56.01630401611328 
v -105.90583801269531 155.06320190429688 58.287235260009766 
v -110.95295715332031 96.43929290771484 83.07066345214844 
v -127.96714782714844 111.26899719238281 84.7729721069336 
v -113.43817901611328 38.541561126708984 94.76542663574219 
v -129.3955078125 53.815006256103516 100.43656158447266 
v -114.1342544555664 -0.10425794869661331 96.41505432128906 
v -128.35777282714844 -0.11132659018039703 106.87175750732422 
v -160.95126342773438 152.38775634765625 147.45831298828125 
v -153.30203247070312 124.75788116455078 131.33206176757812 
v -165.69070434570312 135.52224731445312 126.53543090820312 
v -162.04112243652344 83.9646987915039 94.71267700195312 
v -146.5315704345703 80.48815155029297 103.28636169433594 
v -155.4807891845703 35.376548767089844 78.36078643798828 
v -140.9760284423828 36.019962310791016 87.60413360595703 
v -152.21556091308594 -0.27452313899993896 71.89295959472656 
v -137.93324279785156 -0.16998706758022308 82.19852447509766 
v -65.9095687866211 151.9842987060547 79.68122100830078 
v -80.40921783447266 126.73137664794922 65.96063995361328 
v -82.89046478271484 137.30313110351562 78.59745025634766 
v -107.31333923339844 86.9738540649414 69.6651611328125 
v -107.39421081542969 87.57308197021484 52.67962646484375 
v -116.56412506103516 35.87092590332031 63.83115005493164 
v -122.02348327636719 46.20703887939453 47.726318359375 
v -116.06439971923828 -0.22518546879291534 60.31953811645508 
v -125.46236419677734 0.09491674602031708 45.578189849853516 
v -26.86985969543457 186.2253875732422 170.92581176757812 
v -22.984371185302734 155.7674102783203 150.4750213623047 
v -35.59925842285156 169.17044067382812 154.36196899414062 
v -41.33694839477539 114.09207916259766 125.34204864501953 
v -26.29188346862793 102.77680969238281 117.49906921386719 
v -43.502357482910156 55.58503723144531 110.73143005371094 
v -31.553110122680664 46.105953216552734 98.87767791748047 
v -42.98471450805664 -0.47724756598472595 105.76046752929688 
v -34.36341094970703 0.3822231590747833 90.61720275878906 
v -45.87041473388672 158.680908203125 192.42616271972656 
v -44.34883117675781 137.83934020996094 177.4764862060547 
v -57.558406829833984 149.75439453125 177.8260040283203 
v -65.73507690429688 101.56430053710938 154.1802215576172 
v -48.30251693725586 102.78643798828125 156.34335327148438 
v -66.1707534790039 41.04034423828125 144.73768615722656 
v -49.339881896972656 53.8488883972168 149.1923370361328 
v -66.4532241821289 0.04337739944458008 147.35525512695312 
v -49.56721496582031 -0.12544481456279755 152.26300048828125 
v -69.80934143066406 145.17568969726562 153.9570770263672 
v -54.713661193847656 133.3801727294922 146.49130249023438 
v -61.45918655395508 133.1981201171875 135.25802612304688 
v -41.25443649291992 101.59126281738281 113.61932373046875 
v -34.08029556274414 102.1575698852539 129.57997131347656 
v -28.192312240600586 55.94258499145508 105.87916564941406 
v -23.129474639892578 54.655967712402344 122.62679290771484 
v -24.733509063720703 -0.02793164551258087 104.2989730834961 
v -20.059371948242188 -0.057311296463012695 121.20487213134766 
v -32.93153381347656 168.9307861328125 147.07537841796875 
v -23.514814376831055 148.09561157226562 131.75450134277344 
v -35.97393035888672 142.94847106933594 127.91297149658203 
v -31.19921112060547 103.39453125 98.05184173583984 
v -16.37848472595215 96.75447845458984 106.45503997802734 
v -25.401512145996094 55.339168548583984 82.17414093017578 
v -13.328902244567871 49.79329299926758 94.56449127197266 
v -22.127695083618164 -0.02041275054216385 77.50965118408203 
v -13.097844123840332 -0.48465806245803833 92.29905700683594 
v -59.779991149902344 162.3935089111328 147.02699279785156 
v -51.881778717041016 131.28004455566406 131.0541229248047 
v -64.1380615234375 144.1097869873047 126.21662902832031 
v -60.011131286621094 95.23357391357422 94.79696655273438 
v -44.5710563659668 83.94068908691406 103.21671295166016 
v -53.1600227355957 48.68659973144531 78.02313995361328 
v -38.72832489013672 38.10354995727539 88.087890625 
v -49.54877853393555 -0.08497109264135361 71.75127410888672 
v -35.569576263427734 0.08745894581079483 82.3529052734375 
v -274.326416015625 155.9331512451172 159.73439025878906 
v -258.0643615722656 136.8578643798828 163.00546264648438 
v -256.3249206542969 135.6752166748047 149.79981994628906 
v -226.9811248779297 93.66944885253906 145.3896026611328 
v -231.2610321044922 90.17671966552734 162.49476623535156 
v -211.95004272460938 46.50558853149414 147.28225708007812 
v -217.99192810058594 36.73350143432617 163.7134246826172 
v -208.50164794921875 -0.6666082143783569 148.01536560058594 
v -215.2135467529297 -1.1119105815887451 163.9932098388672 
v -219.072265625 171.30685424804688 57.187294006347656 
v -225.337890625 143.71128845214844 77.86543273925781 
v -212.5614776611328 145.10519409179688 76.35692596435547 
v -209.90069580078125 90.42141723632812 107.53553009033203 
v -225.7564697265625 84.48941802978516 113.5871353149414 
v -209.60643005371094 41.7674446105957 126.33531951904297 
v -222.83010864257812 32.83089065551758 136.5627899169922 
v -210.5876922607422 -1.385141134262085 133.93084716796875 
v -220.8538818359375 0.5197569131851196 148.31216430664062 
v -153.52920532226562 178.45387268066406 124.93038940429688 
v -171.9848175048828 158.58810424804688 120.41991424560547 
v -171.4209442138672 150.64671325683594 133.62197875976562 
v -201.80740356445312 87.56295013427734 138.1715087890625 
v -199.4264678955078 100.6243667602539 120.64514923095703 
v -217.8535919189453 31.716764450073242 135.291259765625 
v -210.92160034179688 38.49492645263672 119.50845336914062 
v -221.36734008789062 -1.6059530973434448 130.96978759765625 
v -210.502685546875 0.00627141585573554 117.46031188964844 
v -202.5043182373047 156.19943237304688 173.89254760742188 
v -200.6281280517578 132.0125732421875 157.32476806640625 
v -213.927734375 137.5059356689453 156.8152313232422 
v -221.28321838378906 90.61051940917969 128.50042724609375 
v -203.93148803710938 78.55137634277344 130.73922729492188 
v -220.99549865722656 36.17461395263672 113.16649627685547 
v -204.10682678222656 30.41025733947754 117.56099700927734 
v -220.36257934570312 -0.3617585301399231 109.43328094482422 
v -203.6345977783203 -0.5287166237831116 114.44316101074219 
v -269.1803894042969 152.7388916015625 46.87797546386719 
v -266.4249572753906 135.65725708007812 63.49197006225586 
v -253.4887237548828 131.98773193359375 60.157806396484375 
v -238.35382080078125 81.27347564697266 85.55914306640625 
v -255.76840209960938 90.0791244506836 88.12824249267578 
v -234.48309326171875 32.473838806152344 99.94470977783203 
v -251.9708251953125 37.28550338745117 100.51744079589844 
v -233.9473419189453 -0.14964938163757324 103.49192810058594 
v -251.58314514160156 -0.16346120834350586 103.73450469970703 
v -213.742919921875 133.7882843017578 105.57999420166016 
v -231.02655029296875 118.62960052490234 115.39110565185547 
v -220.06431579589844 120.0234146118164 122.31182861328125 
v -236.1077423095703 89.05735778808594 143.39846801757812 
v -251.98348999023438 83.28856658935547 137.895263671875 
v -243.31561279296875 47.92347717285156 153.12054443359375 
v -260.5312194824219 38.77651596069336 152.55911254882812 
v -244.541259765625 -0.3941259980201721 153.79434204101562 
v -261.82806396484375 -0.628008246421814 157.67752075195312 
v -246.0150604248047 143.8003387451172 -0.7042145133018494 
v -230.0811767578125 132.54904174804688 4.709798812866211 
v -226.77256774902344 127.09054565429688 -7.533206462860107 
v -197.23089599609375 82.27633666992188 -8.588218688964844 
v -203.5248565673828 98.24386596679688 8.120279312133789 
v -182.8748321533203 34.29772186279297 -4.815235137939453 
v -190.5682830810547 49.808692932128906 10.3134765625 
v -179.18930053710938 -0.2662305533885956 -3.206526279449463 
v -188.03916931152344 -0.05616122484207153 11.969006538391113 
v -209.23406982421875 134.4900665283203 -34.710079193115234 
v -215.4039764404297 122.46135711669922 -25.591108322143555 
v -205.2686309814453 115.68804168701172 -21.778488159179688 
v -205.51283264160156 76.88921356201172 0.23367558419704437 
v -219.4100799560547 86.21332550048828 -7.287308216094971 
v -207.42205810546875 35.3117561340332 15.00981330871582 
v -220.00718688964844 42.934879302978516 3.8116934299468994 
v -208.44541931152344 -0.5452291965484619 20.16879653930664 
v -218.18687438964844 -0.057780273258686066 5.537662982940674 
v -265.19024658203125 172.68296813964844 -42.20665740966797 
v -258.2718811035156 136.74537658691406 -23.826292037963867 
v -249.86166381835938 150.80780029296875 -33.88676071166992 
v -230.79693603515625 88.17066955566406 -15.192010879516602 
v -239.5952911376953 80.58935546875 -0.8237818479537964 
v -222.94216918945312 34.88347244262695 -6.518357753753662 
v -226.5399169921875 34.222938537597656 9.355269432067871 
v -221.8740997314453 -0.1721833199262619 -5.416853427886963 
v -221.15611267089844 -0.18060310184955597 12.067194938659668 
v -133.68699645996094 160.14683532714844 -61.28807067871094 
v -148.0226593017578 139.58160400390625 -55.34198760986328 
v -139.39434814453125 140.21707153320312 -49.37044143676758 
v -156.30381774902344 90.92948150634766 -30.48699951171875 
v -170.45094299316406 93.5457763671875 -37.19055938720703 
v -170.32608032226562 39.57420349121094 -17.772140502929688 
v -186.707275390625 44.684940338134766 -21.224729537963867 
v -178.7637481689453 -1.1220831871032715 -11.073612213134766 
v -196.32333374023438 0.6004813313484192 -9.950067520141602 
v -126.77124786376953 191.12477111816406 -40.64883041381836 
v -145.3199005126953 159.42027282714844 -40.3200569152832 
v -142.20887756347656 158.1112518310547 -28.567373275756836 
v -171.41757202148438 96.9634780883789 -16.99139404296875 
v -172.55075073242188 97.06698608398438 -34.91801071166992 
v -187.40969848632812 46.37798309326172 -16.534273147583008 
v -183.8420867919922 47.379703521728516 -32.85779571533203 
v -191.53965759277344 -0.5187302231788635 -19.364391326904297 
v -184.2436981201172 0.5669975876808167 -35.4783935546875 
v -189.4866943359375 149.237060546875 22.7827205657959 
v -183.7855682373047 125.66825866699219 7.2011260986328125 
v -196.6005401611328 125.40060424804688 3.5472941398620605 
v -197.0328369140625 78.24571228027344 -25.89176368713379 
v -180.80792236328125 78.6592788696289 -19.29412269592285 
v -193.2503662109375 35.344451904296875 -40.3360481262207 
v -177.7955322265625 35.10957717895508 -32.51127243041992 
v -191.6683807373047 -0.042981743812561035 -44.10893249511719 
v -176.58934020996094 0.5039732456207275 -35.005001068115234 
v -230.70362854003906 130.6239013671875 -92.06066131591797 
v -242.48658752441406 118.75201416015625 -77.2688217163086 
v -230.9999542236328 115.08049011230469 -71.87541961669922 
v -241.0841522216797 83.11692810058594 -40.196537017822266 
v -254.4299774169922 86.45301055908203 -51.43191909790039 
v -250.00730895996094 46.62898635864258 -23.023441314697266 
v -260.0413818359375 39.702510833740234 -36.994773864746094 
v -254.96751403808594 0.4898686110973358 -16.079336166381836 
v -261.58905029296875 -0.3553076684474945 -32.45357894897461 
v -233.3853759765625 158.9939422607422 20.17963981628418 
v -226.4933319091797 131.4886474609375 0.6120227575302124 
v -239.35507202148438 147.24375915527344 2.25687837600708 
v -240.92584228515625 105.10526275634766 -26.53136444091797 
v -224.9042205810547 83.6587142944336 -32.155921936035156 
v -240.8337860107422 53.04655075073242 -41.483726501464844 
v -227.17474365234375 37.0149040222168 -51.9456901550293 
v -239.6260528564453 -0.6613470911979675 -46.69969940185547 
v -228.82601928710938 0.48180484771728516 -60.51043701171875 
v -278.3658142089844 138.38719177246094 42.26711654663086 
v -273.3992919921875 125.03817749023438 28.56255340576172 
v -286.15814208984375 120.9138412475586 25.299015045166016 
v -288.4061584472656 77.14877319335938 0.19899728894233704 
v -272.1151428222656 88.63311004638672 6.978179454803467 
v -286.7764892578125 33.063926696777344 -8.457900047302246 
v -271.32269287109375 38.80609893798828 -0.47471553087234497 
v -287.6628112792969 -0.05416038632392883 -6.068515777587891 
v -272.57574462890625 0.20798031985759735 2.6387720108032227 
v -235.3439178466797 152.74400329589844 24.53633689880371 
v -231.16004943847656 124.42301177978516 8.512893676757812 
v -244.19625854492188 135.2135009765625 6.035846710205078 
v -247.24720764160156 89.87599182128906 -23.481658935546875 
v -230.49342346191406 83.84810638427734 -18.460851669311523 
v -244.735107421875 47.679908752441406 -38.18911361694336 
v -228.6283416748047 46.6265983581543 -31.494518280029297 
v -243.5963897705078 -0.02934006229043007 -41.9376220703125 
v -227.70431518554688 -0.021215416491031647 -34.46315383911133 
v -253.29981994628906 140.80282592773438 34.165470123291016 
v -238.64186096191406 120.81871795654297 47.593021392822266 
v -235.48153686523438 124.3261489868164 34.32463455200195 
v -210.30126953125 92.14933776855469 42.89881896972656 
v -210.93821716308594 76.97935485839844 60.315269470214844 
v -198.58180236816406 49.838279724121094 46.56874465942383 
v -194.16224670410156 33.049659729003906 63.404762268066406 
v -197.52706909179688 -0.5486578941345215 48.00333786010742 
v -188.41177368164062 -0.012572144158184528 63.083309173583984 
v -245.80482482910156 151.246337890625 -9.939781188964844 
v -233.09613037109375 128.95053100585938 -22.399940490722656 
v -244.09104919433594 133.40940856933594 -29.560928344726562 
v -232.4037322998047 83.84027862548828 -57.58232879638672 
v -219.7834930419922 88.88069915771484 -45.92548751831055 
v -223.00758361816406 35.912322998046875 -71.55001831054688 
v -214.16250610351562 41.93760299682617 -56.39577865600586 
v -218.865478515625 -0.025832630693912506 -75.00728607177734 
v -213.55859375 0.522411584854126 -57.981781005859375 
v -166.89585876464844 170.68804931640625 -91.5041275024414 
v -185.3664093017578 146.6873321533203 -84.9842758178711 
v -175.87916564941406 147.4007568359375 -76.06409454345703 
v -195.28526306152344 96.83503723144531 -58.429710388183594 
v -209.7565460205078 96.00930786132812 -67.6299819946289 
v -204.1328125 47.22235870361328 -51.034420013427734 
v -220.70399475097656 47.53390121459961 -55.692726135253906 
v -205.39134216308594 0.08532039076089859 -50.20026779174805 
v -223.1456756591797 0.215102419257164 -49.91640853881836 
v -302.0892333984375 149.79141235351562 -40.38303756713867 
v -284.7787780761719 137.88067626953125 -45.11866760253906 
v -289.9006652832031 127.2710189819336 -57.52171325683594 
v -263.8308410644531 92.49627685546875 -76.28247833251953 
v -259.2352600097656 93.81571960449219 -59.08134841918945 
v -246.7053680419922 51.01702117919922 -82.45489501953125 
v -244.20298767089844 41.071903228759766 -64.9505386352539 
v -239.85643005371094 0.027852464467287064 -84.37716674804688 
v -238.03738403320312 -0.33135655522346497 -66.84883880615234 
v -154.65728759765625 155.43531799316406 -84.21479797363281 
v -171.69577026367188 130.37635803222656 -94.65982818603516 
v -171.34274291992188 130.1044464111328 -81.21565246582031 
v -197.11790466308594 86.26219940185547 -85.60198211669922 
v -200.61300659179688 86.56429290771484 -101.99818420410156 
v -207.60928344726562 46.51104736328125 -88.95523834228516 
v -216.15972900390625 47.048213958740234 -103.76588439941406 
v -207.45777893066406 -0.26870471239089966 -92.51162719726562 
v -220.0057830810547 0.07741537690162659 -104.771484375 
v -149.2334747314453 157.4215850830078 -90.01334381103516 
v -153.12400817871094 141.039306640625 -102.82986450195312 
v -161.191162109375 143.32571411132812 -93.11846160888672 
v -180.1857147216797 97.35564422607422 -105.91778564453125 
v -170.4423828125 95.24060821533203 -123.37064361572266 
v -193.22259521484375 42.44001770019531 -117.75959777832031 
v -188.15341186523438 41.95418930053711 -133.9224090576172 
v -196.87876892089844 16.255889892578125 -123.43161010742188 
v -196.09129333496094 15.723392486572266 -129.84637451171875 
v -188.251953125 148.1096649169922 -22.738080978393555 
v -173.6470947265625 135.27548217773438 -24.557418823242188 
v -180.60401916503906 126.93155670166016 -32.30780792236328 
v -161.35989379882812 82.98199462890625 -45.18976593017578 
v -149.46432495117188 96.83997344970703 -34.793128967285156 
v -147.16604614257812 38.551456451416016 -52.31840896606445 
v -132.16680908203125 48.913028717041016 -45.163963317871094 
v -140.44236755371094 -0.5024179816246033 -55.135475158691406 
v -123.1002197265625 0.1608930230140686 -52.0605583190918 
v -124.4505844116211 145.186767578125 14.944609642028809 
v -118.30342864990234 136.48797607421875 5.459558486938477 
v -128.54623413085938 127.15287780761719 1.115062952041626 
v -127.82425689697266 90.5359115600586 -21.771242141723633 
v -113.07853698730469 102.86000061035156 -14.70028018951416 
v -124.54820251464844 44.749202728271484 -36.98699951171875 
v -109.5908203125 54.642791748046875 -27.763839721679688 
v -121.93827056884766 -0.0452633835375309 -43.2196044921875 
v -107.48918914794922 -0.1201859563589096 -33.315155029296875 
v -170.24969482421875 153.497314453125 -42.988346099853516 
v -152.45469665527344 133.216796875 -44.09219741821289 
v -155.94146728515625 137.97840881347656 -56.765377044677734 
v -129.0392608642578 87.70488739013672 -70.37279510498047 
v -126.9698715209961 94.20186614990234 -53.17215347290039 
v -112.6359634399414 36.370784759521484 -74.71070098876953 
v -115.54924774169922 42.755489349365234 -57.79005813598633 
v -107.27156829833984 -0.043751705437898636 -74.66735076904297 
v -114.07968139648438 -0.2097708284854889 -58.6230583190918 
v -144.6843719482422 138.79193115234375 -12.254043579101562 
v -138.95782470703125 130.63059997558594 -22.525386810302734 
v -149.4120635986328 123.71302795410156 -26.030832290649414 
v -149.63720703125 92.85127258300781 -51.22987747192383 
v -134.349365234375 93.46104431152344 -45.44833755493164 
v -146.29803466796875 49.41048049926758 -69.84194946289062 
v -130.73458862304688 44.7786750793457 -61.66539764404297 
v -143.06211853027344 -0.09287483990192413 -78.98831939697266 
v -127.94873809814453 0.2725466787815094 -70.00437927246094 
v -297.3344421386719 159.9033203125 -93.74571990966797 
v -307.28118896484375 128.37278747558594 -73.91311645507812 
v -294.197021484375 140.57891845703125 -73.90312194824219 
v -297.19671630859375 89.13880157470703 -42.35181427001953 
v -313.9674987792969 82.48959350585938 -38.42066955566406 
v -300.0577697753906 43.30210876464844 -24.00432586669922 
v -314.9599304199219 43.63733673095703 -16.50380516052246 
v -302.64892578125 -0.8352187275886536 -16.801395416259766 
v -315.1564636230469 1.0465251207351685 -4.419915676116943 
v -253.8323516845703 173.92977905273438 -126.40406036376953 
v -239.9600830078125 153.6313934326172 -111.18704986572266 
v -233.7647247314453 147.40365600585938 -122.61551666259766 
v -205.00979614257812 95.13921356201172 -105.48275756835938 
v -215.70556640625 101.81669616699219 -92.957275390625 
v -191.4854736328125 46.75239181518555 -90.32437133789062 
v -205.68731689453125 42.70464324951172 -81.1587905883789 
v -189.97552490234375 -0.7447447776794434 -80.63660430908203 
v -206.09335327148438 0.24091807007789612 -74.41988372802734 
v -205.69561767578125 126.77336120605469 -131.2928466796875 
v -205.8589324951172 111.6518325805664 -117.85424041748047 
v -196.6431884765625 117.30644226074219 -123.2057876586914 
v -185.4112548828125 86.00924682617188 -104.9226303100586 
v -197.58578491210938 76.9529800415039 -94.72234344482422 
v -177.85450744628906 43.13462448120117 -92.58203887939453 
v -187.51512145996094 36.75611114501953 -79.0241470336914 
v -173.32247924804688 0.22957585752010345 -88.9802017211914 
v -179.03530883789062 0.025400329381227493 -72.1637191772461 
v -254.45779418945312 150.11537170410156 -105.4302978515625 
v -245.650146484375 127.87963104248047 -91.45610046386719 
v -235.57923889160156 138.81800842285156 -99.78010559082031 
v -213.19097900390625 94.78340148925781 -82.78729248046875 
v -227.78582763671875 95.34378814697266 -72.7245864868164 
v -205.88844299316406 41.62310028076172 -70.07752990722656 
v -221.34671020507812 52.75344467163086 -62.371116638183594 
v -206.7089080810547 -0.5457568168640137 -65.5341567993164 
v -222.6688690185547 0.2763987183570862 -58.24922561645508 
v -82.47539520263672 171.2274169921875 -122.1512222290039 
v -98.39835357666016 152.4778594970703 -131.63014221191406 
v -102.2509765625 141.66592407226562 -118.80730438232422 
v -132.27906799316406 88.8978271484375 -123.94519805908203 
v -124.9565658569336 100.9687728881836 -138.9501495361328 
v -147.10159301757812 39.02400588989258 -130.51487731933594 
v -135.94052124023438 50.23678970336914 -143.40243530273438 
v -149.2825164794922 -0.9691608548164368 -135.738525390625 
v -135.2527618408203 0.4301340878009796 -145.68173217773438 
v -205.6856689453125 156.73193359375 -119.04829406738281 
v -187.06919860839844 139.9105224609375 -114.61251068115234 
v -190.71533203125 127.78457641601562 -127.10962677001953 
v -166.90542602539062 87.0877914428711 -131.49917602539062 
v -158.62977600097656 93.11640167236328 -116.69672393798828 
v -157.6505584716797 47.815673828125 -132.4054718017578 
v -145.42930603027344 48.73871994018555 -119.97342681884766 
v -158.53126525878906 0.16527898609638214 -130.5240020751953 
v -143.2669677734375 -0.5957533717155457 -122.22216033935547 
v -195.3334503173828 147.68064880371094 -152.6177978515625 
v -180.39781188964844 124.09153747558594 -151.02239990234375 
v -181.60565185546875 134.3719940185547 -164.3549346923828 
v -158.28953552246094 85.12947845458984 -172.64527893066406 
v -158.30154418945312 87.49870300292969 -154.95944213867188 
v -147.9620361328125 35.01897430419922 -170.5267333984375 
v -150.28221130371094 48.549713134765625 -153.08779907226562 
v -149.471923828125 -0.6770705580711365 -166.19064331054688 
v -152.1845245361328 0.6380476355552673 -149.15223693847656 
v -167.84800720214844 165.8185272216797 -92.3148193359375 
v -163.38206481933594 141.53477478027344 -108.42125701904297 
v -176.30934143066406 141.48171997070312 -109.62730407714844 
v -181.011474609375 87.38627624511719 -138.3295135498047 
v -164.51171875 87.4501724243164 -133.666015625 
v -181.3267059326172 37.309173583984375 -152.8603973388672 
v -166.55206298828125 36.78807830810547 -144.0780487060547 
v -181.4596710205078 -0.02101307362318039 -155.63612365722656 
v -168.80496215820312 0.5810155868530273 -143.09715270996094 
v -144.41107177734375 179.1015167236328 -124.94535827636719 
v -148.81063842773438 147.99603271484375 -141.7112274169922 
v -159.14515686035156 157.61822509765625 -133.7137451171875 
v -176.90850830078125 94.62060546875 -150.78494262695312 
v -165.48895263671875 101.33079528808594 -163.13331604003906 
v -186.32974243164062 39.584449768066406 -154.6186981201172 
v -179.30862426757812 52.25597381591797 -169.94200134277344 
v -190.13360595703125 1.2228105068206787 -150.4019317626953 
v -187.5022735595703 -1.0633713006973267 -167.63475036621094 
v -173.68382263183594 146.21090698242188 -227.24884033203125 
v -171.2136688232422 133.2490234375 -209.88778686523438 
v -158.58908081054688 130.14157104492188 -213.12985229492188 
v -145.19326782226562 90.10458374023438 -185.07049560546875 
v -162.2046661376953 93.82838439941406 -181.71807861328125 
v -143.91421508789062 38.535587310791016 -165.5694122314453 
v -161.25576782226562 41.72077178955078 -164.75949096679688 
v -147.14891052246094 -0.6696155667304993 -157.04302978515625 
v -164.70068359375 0.6308510303497314 -156.0536346435547 
v -85.210693359375 167.27154541015625 -196.0978546142578 
v -106.04720306396484 140.2471923828125 -197.22142028808594 
v -100.54981994628906 146.505859375 -184.9852294921875 
v -127.6541748046875 88.10499572753906 -174.5638885498047 
v -137.84628295898438 98.18602752685547 -188.6097412109375 
v -141.8509063720703 34.84357452392578 -170.75006103515625 
v -155.56723022460938 51.25711441040039 -180.90771484375 
v -146.78028869628906 -0.7047664523124695 -170.09266662597656 
v -162.89625549316406 0.43618014454841614 -176.4539031982422 
v -229.89743041992188 164.23681640625 -212.6451873779297 
v -213.666015625 144.02845764160156 -200.42164611816406 
v -207.38047790527344 147.7890625 -212.371337890625 
v -173.37718200683594 105.03385162353516 -203.13084411621094 
v -184.05650329589844 95.19722747802734 -189.43116760253906 
v -154.23167419433594 52.63279724121094 -196.05201721191406 
v -167.98712158203125 46.706485748291016 -185.5188751220703 
v -146.87344360351562 0.6193126440048218 -193.45932006835938 
v -163.0443115234375 -1.0514118671417236 -186.7206573486328 
v -86.35428619384766 146.92417907714844 -237.081298828125 
v -103.7405014038086 122.87934875488281 -232.2373809814453 
v -98.84362030029297 128.4476776123047 -219.96258544921875 
v -125.04896545410156 94.32350158691406 -201.9929656982422 
v -129.40089416503906 77.95321655273438 -219.63368225097656 
v -142.0558624267578 52.45301818847656 -196.75140380859375 
v -144.33824157714844 36.129371643066406 -214.27581787109375 
v -148.72071838378906 -0.3679180443286896 -195.5818328857422 
v -150.3390350341797 -0.04351452365517616 -213.11703491210938 
v -153.30642700195312 144.47055053710938 -174.19297790527344 
v -169.96807861328125 121.73311614990234 -182.5477752685547 
v -173.54856872558594 134.4928436279297 -170.46324157714844 
v -205.85720825195312 96.38436126708984 -173.29808044433594 
v -198.25465393066406 87.95275115966797 -188.92015075683594 
v -224.77162170410156 49.40060043334961 -178.35662841796875 
v -213.5302734375 46.956329345703125 -191.36170959472656 
v -232.5989227294922 -0.08176307380199432 -182.026123046875 
v -218.32241821289062 -0.4622241258621216 -191.7273712158203 
v -196.40060424804688 174.7097930908203 -173.1598358154297 
v -188.78189086914062 152.62319946289062 -188.1712646484375 
v -201.82452392578125 148.5976104736328 -187.7338409423828 
v -203.35171508789062 87.9677505493164 -208.52706909179688 
v -186.90713500976562 97.00888061523438 -212.37387084960938 
v -205.50375366210938 34.02776336669922 -214.31285095214844 
v -190.7504425048828 38.844051361083984 -222.51010131835938 
v -207.5697784423828 0.2857866883277893 -210.01556396484375 
v -195.22662353515625 -0.9185916781425476 -222.19204711914062 
v -265.98236083984375 149.69757080078125 -117.25344848632812 
v -254.64686584472656 126.23539733886719 -128.0945587158203 
v -264.5453186035156 125.91686248779297 -136.91908264160156 
v -253.59365844726562 82.96564483642578 -162.14932250976562 
v -241.8738250732422 82.74050903320312 -149.22520446777344 
v -245.8872833251953 44.49612808227539 -171.3496856689453 
v -235.62843322753906 43.81123733520508 -157.64842224121094 
v -245.266845703125 -0.09316342324018478 -171.770263671875 
v -235.68701171875 0.18700051307678223 -157.26052856445312 
v -215.89651489257812 153.36141967773438 -139.38674926757812 
v -208.42605590820312 124.39352416992188 -154.3451385498047 
v -220.6367950439453 135.19732666015625 -159.56651306152344 
v -217.59629821777344 86.58038330078125 -188.72254943847656 
v -202.0726318359375 77.318603515625 -180.34637451171875 
v -211.9810028076172 42.33296585083008 -202.72311401367188 
v -197.6358642578125 33.66701889038086 -192.704833984375 
v -210.0682830810547 0.0012854501837864518 -206.14990234375 
v -196.10166931152344 -0.15372130274772644 -195.53565979003906 
v -89.41876983642578 168.32009887695312 -138.6344757080078 
v -107.08097076416016 145.43096923828125 -135.03952026367188 
v -98.79188537597656 151.60108947753906 -125.07743835449219 
v -117.25828552246094 100.5948257446289 -110.43795013427734 
v -130.08331298828125 99.61454010009766 -121.7343521118164 
v -123.3125228881836 49.17695236206055 -105.67659759521484 
v -139.19166564941406 42.890193939208984 -111.38776397705078 
v -121.80589294433594 0.5210711359977722 -105.7074966430664 
v -139.22767639160156 -0.4540325701236725 -107.9073257446289 
v -133.9785919189453 156.3663330078125 -113.19356536865234 
v -128.31375122070312 129.83262634277344 -97.53935241699219 
v -116.73101043701172 145.11988830566406 -103.7102279663086 
v -98.46028900146484 99.19779205322266 -81.82146453857422 
v -114.72064208984375 83.80513763427734 -75.91345977783203 
v -94.21720123291016 42.75260925292969 -67.86027526855469 
v -111.27116394042969 38.670291900634766 -63.50396728515625 
v -95.96463775634766 -0.5303261876106262 -63.96609878540039 
v -113.1219482421875 0.845549464225769 -59.95930480957031 
v -113.62580108642578 166.8758544921875 -175.6117401123047 
v -100.20989990234375 152.9490966796875 -185.44834899902344 
v -111.90446472167969 144.58444213867188 -190.92373657226562 
v -104.01343536376953 97.71941375732422 -210.46563720703125 
v -87.66692352294922 100.76580047607422 -205.88394165039062 
v -103.33966064453125 42.08095169067383 -216.09693908691406 
v -86.3537368774414 39.01383590698242 -217.25172424316406 
v -107.25968933105469 1.3398563861846924 -212.94960021972656 
v -90.74657440185547 -0.9326146245002747 -218.77012634277344 
v -160.32034301757812 147.86158752441406 -129.79122924804688 
v -145.8008270263672 140.93527221679688 -136.13429260253906 
v -151.9173126220703 130.09335327148438 -147.5710906982422 
v -132.8997039794922 92.24546813964844 -167.37274169921875 
v -126.32169342041016 98.11430358886719 -151.31808471679688 
v -122.24453735351562 40.51762771606445 -173.68276977539062 
v -117.75372314453125 41.68209457397461 -156.53012084960938 
v -121.64228057861328 -0.054259344935417175 -173.55039978027344 
v -117.71957397460938 -0.16151368618011475 -156.615478515625 
v -155.74017333984375 159.06619262695312 -170.1564483642578 
v -139.6950225830078 142.23370361328125 -174.983154296875 
v -144.02090454101562 136.55458068847656 -187.04217529296875 
v -120.11981964111328 83.5953140258789 -204.79080200195312 
v -115.83285522460938 95.20989990234375 -187.39515686035156 
v -106.07893371582031 33.90243911743164 -209.94564819335938 
v -103.66384887695312 39.37299346923828 -191.8977813720703 
v -102.12601470947266 0.02923557721078396 -210.5113983154297 
v -100.74498748779297 -0.05775023624300957 -192.90687561035156 
v -197.99777221679688 179.63314819335938 -123.33206176757812 
v -214.23255920410156 144.92694091796875 -132.46607971191406 
v -217.38047790527344 153.40362548828125 -120.09941864013672 
v -248.10621643066406 96.13098907470703 -123.95291137695312 
v -240.7805633544922 86.64727020263672 -139.8181915283203 
v -263.0570373535156 48.43056869506836 -130.5986785888672 
v -251.84217834472656 36.582763671875 -144.28494262695312 
v -265.0581359863281 -0.9228091835975647 -135.57681274414062 
v -250.94512939453125 0.4050467014312744 -145.74179077148438 
v -293.1392517089844 123.58824157714844 -218.64418029785156 
v -292.89239501953125 110.81033325195312 -206.45782470703125 
v -282.4888000488281 112.59947204589844 -209.00294494628906 
v -270.7530212402344 81.68727111816406 -187.77418518066406 
v -286.5975646972656 80.58651733398438 -184.15371704101562 
v -266.8847961425781 42.23370361328125 -168.23219299316406 
v -284.1305236816406 40.290382385253906 -166.0715789794922 
v -268.4555969238281 -0.6200270652770996 -157.46629333496094 
v -285.96588134765625 0.6074039936065674 -155.6881103515625 
v -232.91233825683594 166.9302978515625 -232.31961059570312 
v -250.22952270507812 145.206787109375 -220.82273864746094 
v -239.0343017578125 140.50534057617188 -214.57505798339844 
v -255.16627502441406 88.70255279541016 -190.2960968017578 
v -271.425537109375 99.40928649902344 -196.0862274169922 
v -263.7962341308594 43.51005554199219 -178.56228637695312 
v -281.1167297363281 50.105709075927734 -178.36109924316406 
v -267.4849548339844 -0.48999592661857605 -175.2576141357422 
v -284.5165100097656 0.7520281672477722 -170.78028869628906 
v -242.0940704345703 164.5872802734375 -150.680419921875 
v -249.35482788085938 141.973876953125 -140.42320251464844 
v -238.68858337402344 144.8759002685547 -140.57823181152344 
v -239.29156494140625 97.12651062011719 -122.77957916259766 
v -254.8836669921875 90.62275695800781 -120.47796630859375 
v -240.0779266357422 47.69316101074219 -113.11891174316406 
v -255.49758911132812 40.03694534301758 -106.17793273925781 
v -239.5863494873047 0.6012899875640869 -112.64575958251953 
v -253.2490234375 -0.09938084334135056 -101.11349487304688 
v 118.66803741455078 173.4045867919922 -139.7328338623047 
v 103.0882568359375 162.48828125 -152.94178771972656 
v 98.61860656738281 147.22113037109375 -140.9901580810547 
v 67.69305419921875 106.29621124267578 -153.3878936767578 
v 76.72270202636719 109.41029357910156 -167.90396118164062 
v 52.4677619934082 54.68525695800781 -167.11720275878906 
v 65.14228820800781 45.808998107910156 -178.50875854492188 
v 49.559627532958984 -1.1414666175842285 -177.21841430664062 
v 64.77629089355469 0.7045759558677673 -185.4987335205078 
v 109.52793884277344 154.58338928222656 -244.34646606445312 
v 93.56952667236328 136.36720275878906 -232.9832305908203 
v 104.88874053955078 137.5474853515625 -226.31411743164062 
v 91.52802276611328 95.48806762695312 -202.21871948242188 
v 75.36246490478516 101.37171173095703 -207.80914306640625 
v 86.49610900878906 43.363426208496094 -190.57144165039062 
v 69.50717163085938 55.755374908447266 -189.6083526611328 
v 87.54554748535156 0.1836918145418167 -186.44393920898438 
v 70.6318130493164 -0.057945095002651215 -181.75355529785156 
v 73.55908203125 158.33746337890625 -215.66810607910156 
v 62.446231842041016 134.6333465576172 -203.1806182861328 
v 73.5029525756836 139.10360717773438 -196.1370086669922 
v 62.65605926513672 95.77507019042969 -169.6936492919922 
v 49.41652297973633 91.2767333984375 -181.16517639160156 
v 52.616783142089844 43.61408996582031 -159.49000549316406 
v 40.696956634521484 50.20697784423828 -171.84117126464844 
v 48.10295486450195 -0.2935241758823395 -158.94573974609375 
v 36.665035247802734 0.36053091287612915 -172.0809326171875 
v 120.03184509277344 169.46246337890625 -282.9729309082031 
v 108.25910186767578 151.02969360351562 -267.76373291015625 
v 121.17638397216797 144.9376678466797 -265.6891784667969 
v 115.45093536376953 89.70950317382812 -242.49954223632812 
v 98.47081756591797 101.66830444335938 -240.6956329345703 
v 112.4732894897461 36.281982421875 -234.15670776367188 
v 96.51463317871094 42.358375549316406 -227.30789184570312 
v 111.39197540283203 0.1887131929397583 -235.2142791748047 
v 97.32039642333984 -0.06224102899432182 -224.63717651367188 
v 124.16795349121094 163.0984344482422 -304.24310302734375 
v 115.7464370727539 149.8048858642578 -291.96282958984375 
v 127.92131042480469 130.86058044433594 -286.6535339355469 
v 123.09254455566406 85.94281005859375 -262.5771179199219 
v 107.95860290527344 107.34124755859375 -270.85638427734375 
v 116.1875228881836 46.44594955444336 -254.1660919189453 
v 102.39564514160156 55.40998077392578 -264.5284423828125 
v 113.41580200195312 -0.5719749927520752 -257.44561767578125 
v 99.83333587646484 0.8562511801719666 -268.51287841796875 
v 48.33158493041992 146.2271270751953 -290.52044677734375 
v 50.27111053466797 133.53167724609375 -279.8277893066406 
v 60.24174499511719 127.04158020019531 -284.1583251953125 
v 75.9220962524414 90.59180450439453 -267.7611083984375 
v 60.90357971191406 95.99544525146484 -263.4295959472656 
v 84.3279800415039 52.179927825927734 -256.5201721191406 
v 69.57209014892578 53.23286819458008 -255.11798095703125 
v 82.77274322509766 23.470882415771484 -252.43563842773438 
v 76.31513214111328 23.325374603271484 -252.7985382080078 
v 14.228672981262207 169.8043670654297 -282.6668395996094 
v 23.23202896118164 145.93862915039062 -267.9063720703125 
v 30.983238220214844 151.68955993652344 -278.69622802734375 
v 52.510013580322266 101.58326721191406 -267.7122802734375 
v 45.470558166503906 106.66853332519531 -252.35848999023438 
v 62.86404037475586 51.91743087768555 -266.64141845703125 
v 60.996212005615234 56.422183990478516 -249.59378051757812 
v 65.51195526123047 1.0275605916976929 -271.7807922363281 
v 67.80873107910156 -1.0037285089492798 -254.3055419921875 
v 127.83989715576172 169.2685546875 -366.6536865234375 
v 115.01171875 143.73817443847656 -351.0543212890625 
v 126.09229278564453 149.80670166015625 -344.899169921875 
v 114.74268341064453 98.0218734741211 -310.7899475097656 
v 102.06060028076172 91.43565368652344 -322.5329284667969 
v 106.10765838623047 40.37431335449219 -292.6280517578125 
v 96.9200668334961 44.72956848144531 -306.6401672363281 
v 102.98585510253906 0.1389739066362381 -285.24481201171875 
v 97.41799926757812 -0.5731550455093384 -301.6229553222656 
v 71.29393768310547 144.7779541015625 -230.09146118164062 
v 65.93211364746094 130.40802001953125 -248.25408935546875 
v 54.42207717895508 129.4058837890625 -241.92965698242188 
v 33.92445755004883 90.70446014404297 -267.4081115722656 
v 50.135276794433594 98.09717559814453 -272.429931640625 
v 24.357311248779297 41.47636032104492 -284.27545166015625 
v 41.59999465942383 52.312591552734375 -285.17254638671875 
v 21.25354766845703 0.3243585228919983 -292.1022644042969 
v 38.52265930175781 -0.4347008764743805 -288.8204040527344 
v 14.146461486816406 178.4766845703125 -335.9681701660156 
v 23.215831756591797 154.0707550048828 -322.0818786621094 
v 29.382688522338867 141.92623901367188 -333.1734619140625 
v 48.24943923950195 82.15441131591797 -324.9933166503906 
v 43.324527740478516 94.42861938476562 -308.4726867675781 
v 54.2542724609375 33.66809844970703 -324.1461486816406 
v 54.604000091552734 44.601524353027344 -307.1726989746094 
v 51.497989654541016 0.9894399642944336 -328.19091796875 
v 56.198429107666016 -1.5188008546829224 -311.5363464355469 
v -18.491891860961914 159.29550170898438 -312.6631164550781 
v -12.695852279663086 130.11886596679688 -298.18133544921875 
v -0.8570631146430969 146.82427978515625 -303.70330810546875 
v 17.824914932250977 104.43006134033203 -283.7257080078125 
v 1.3283780813217163 88.51220703125 -278.0201110839844 
v 23.6651668548584 53.83831024169922 -273.21295166015625 
v 6.710145950317383 48.99795150756836 -269.6750183105469 
v 23.8358211517334 -0.07360916584730148 -272.2868347167969 
v 6.474839687347412 -0.20737029612064362 -269.2965393066406 
v 29.11625099182129 158.88331604003906 -365.4351806640625 
v 30.983814239501953 136.1874542236328 -348.7093200683594 
v 44.0604133605957 139.0238037109375 -351.0087890625 
v 57.844444274902344 96.88338470458984 -325.1639404296875 
v 40.323936462402344 88.94593048095703 -323.45843505859375 
v 60.919898986816406 48.38102722167969 -310.5049743652344 
v 43.38691329956055 45.471736907958984 -310.5935974121094 
v 61.032020568847656 -0.050684474408626556 -306.70074462890625 
v 43.747013092041016 -0.4401639401912689 -307.6721496582031 
v -21.750320434570312 184.76791381835938 -184.61705017089844 
v -12.199052810668945 160.45140075683594 -200.7052459716797 
v -24.77813148498535 145.97637939453125 -204.11093139648438 
v -19.627180099487305 85.50994873046875 -234.7276611328125 
v -4.244340419769287 94.46366882324219 -226.87075805664062 
v -12.711701393127441 36.001102447509766 -249.00778198242188 
v 0.2796449661254883 36.41627883911133 -238.1016845703125 
v -7.970637321472168 -0.6256762742996216 -251.2254638671875 
v 2.26655650138855 -0.09753575176000595 -237.35232543945312 
v -37.18684768676758 153.10537719726562 -281.3914794921875 
v -37.279327392578125 135.35409545898438 -262.4935607910156 
v -25.96419334411621 129.77328491210938 -269.0406799316406 
v -15.880468368530273 81.5809326171875 -246.7250213623047 
v -28.458560943603516 97.18110656738281 -235.23483276367188 
v -12.842452049255371 34.568565368652344 -238.01744079589844 
v -21.458580017089844 50.65757369995117 -222.90208435058594 
v -14.71208667755127 0.0945081114768982 -238.22146606445312 
v -19.257465362548828 -0.10975906252861023 -221.44447326660156 
v -22.332834243774414 156.02288818359375 -307.42547607421875 
v -22.773860931396484 137.8695831298828 -292.29901123046875 
v -9.764549255371094 137.2319793701172 -293.96881103515625 
v -1.0770022869110107 93.32395935058594 -270.9517822265625 
v -18.53902244567871 95.48287200927734 -270.659423828125 
v -2.6549429893493652 41.20765686035156 -260.2379455566406 
v -20.156402587890625 42.4349365234375 -262.34869384765625 
v -6.894284248352051 -0.6279215812683105 -261.94122314453125 
v -24.200979232788086 0.6037349700927734 -264.0409851074219 
v 47.68616485595703 146.022216796875 -231.11402893066406 
v 31.958789825439453 139.53785705566406 -239.88583374023438 
v 27.290660858154297 126.7107925415039 -227.1806182861328 
v -3.161770820617676 94.23467254638672 -233.16615295410156 
v 4.177096366882324 103.67247009277344 -248.89134216308594 
v -19.804052352905273 50.613407135009766 -243.12677001953125 
v -10.538537979125977 53.524105072021484 -258.1593017578125 
v -24.857805252075195 -0.9004924297332764 -251.19305419921875 
v -14.989684104919434 0.44056522846221924 -265.5330810546875 
v -10.089245796203613 176.19033813476562 -204.45697021484375 
v -5.601558685302734 142.30555725097656 -224.4659881591797 
v -18.223939895629883 153.75889587402344 -221.51898193359375 
v -23.413206100463867 91.45030212402344 -250.09422302246094 
v -8.235437393188477 92.36254119873047 -257.2105712890625 
v -25.5504150390625 35.80073165893555 -264.479248046875 
v -13.128524780273438 47.6011962890625 -276.7409362792969 
v -25.248353958129883 -0.6765639781951904 -269.46240234375 
v -16.242002487182617 0.3383011519908905 -284.23345947265625 
v 8.770554542541504 150.8812713623047 -239.275146484375 
v 6.3379693031311035 129.0810546875 -256.6013488769531 
v -6.777868747711182 141.30661010742188 -253.5135498046875 
v -21.367111206054688 95.52600860595703 -281.8616027832031 
v -3.8867740631103516 88.76343536376953 -283.8912353515625 
v -25.0114688873291 40.36595153808594 -298.92578125 
v -7.451807975769043 39.90281677246094 -299.1131896972656 
v -25.293100357055664 -0.6596934199333191 -306.3620300292969 
v -7.805070400238037 -0.11722434312105179 -305.67803955078125 
v 15.97702693939209 190.33154296875 -158.90896606445312 
v 21.850534439086914 159.06216430664062 -175.49163818359375 
v 9.10483169555664 164.48704528808594 -173.77166748046875 
v 5.4616169929504395 104.57823181152344 -196.3754425048828 
v 21.4244441986084 91.39968872070312 -203.06263732910156 
v 3.88112211227417 41.388797760009766 -205.1980438232422 
v 17.134143829345703 35.11262512207031 -215.60409545898438 
v 3.583463191986084 0.581947922706604 -203.20777893066406 
v 13.98325252532959 -0.5116546154022217 -217.3689727783203 
v 0.726504385471344 150.58836364746094 -223.33914184570312 
v -13.804973602294922 132.25491333007812 -214.72938537597656 
v -6.176078796386719 138.6107635498047 -204.05462646484375 
v -24.792551040649414 96.45793914794922 -180.92007446289062 
v -32.9132080078125 90.48433685302734 -196.54058837890625 
v -36.93305969238281 39.23292922973633 -172.17591857910156 
v -43.39266586303711 44.77402877807617 -188.11293029785156 
v -40.34433364868164 0.2175443172454834 -170.318359375 
v -46.24996566772461 0.029022399336099625 -187.0438995361328 
v -37.99556350708008 138.2608184814453 -215.59219360351562 
v -53.47183609008789 126.62417602539062 -209.0577850341797 
v -47.35100173950195 121.20171356201172 -197.52032470703125 
v -68.77103424072266 79.27433776855469 -176.56988525390625 
v -75.15829467773438 91.0761489868164 -193.31687927246094 
v -81.84452819824219 33.20671463012695 -169.4161376953125 
v -86.4075927734375 38.60161209106445 -186.48463439941406 
v -85.3134765625 0.16797323524951935 -168.365966796875 
v -89.33252716064453 -0.11061254143714905 -185.4475555419922 
v -22.456398010253906 161.20974731445312 -215.92953491210938 
v -40.150108337402344 142.83277893066406 -217.7432403564453 
v -38.63780212402344 142.91015625 -205.4084014892578 
v -67.8741455078125 95.22666931152344 -196.2786102294922 
v -66.91252899169922 95.18772888183594 -213.37435913085938 
v -84.3241195678711 38.64958953857422 -195.0881805419922 
v -78.44364929199219 38.396968841552734 -211.25424194335938 
v -90.01154327392578 -0.37306204438209534 -196.0669708251953 
v -80.39058685302734 -0.20821943879127502 -210.2261199951172 
v -89.21051025390625 147.7980499267578 -295.769287109375 
v -93.0353012084961 123.66217041015625 -276.667724609375 
v -80.80990600585938 134.12237548828125 -280.9647216796875 
v -75.86368560791016 83.31017303466797 -255.7664794921875 
v -90.29804229736328 78.85945129394531 -246.3329315185547 
v -75.86937713623047 31.551761627197266 -244.68495178222656 
v -86.82488250732422 32.9117317199707 -231.07687377929688 
v -79.23436737060547 -0.35811176896095276 -242.864013671875 
v -86.57672119140625 0.19278429448604584 -227.26026916503906 
v -112.37943267822266 139.37869262695312 -303.1224060058594 
v -103.63778686523438 126.84993743896484 -284.9883728027344 
v -95.6019287109375 121.60677337646484 -295.5489196777344 
v -74.05162811279297 77.2979507446289 -277.9329528808594 
v -81.58206939697266 88.53453063964844 -263.4360656738281 
v -63.09062576293945 31.6619930267334 -270.6834411621094 
v -65.43572235107422 37.21030807495117 -254.1779327392578 
v -58.940399169921875 0.11316337436437607 -270.5525817871094 
v -57.31479263305664 -0.48046642541885376 -253.24224853515625 
v -85.61610412597656 166.49781799316406 -245.00669860839844 
v -97.81122589111328 155.52102661132812 -259.0376892089844 
v -105.15363311767578 138.22364807128906 -248.22213745117188 
v -132.17796325683594 86.25814056396484 -262.65478515625 
v -120.65335845947266 103.24217224121094 -275.322265625 
v -144.13449096679688 34.852294921875 -273.7763671875 
v -129.03225708007812 41.41109848022461 -282.53851318359375 
v -144.5791015625 -0.12344024330377579 -279.0068054199219 
v -128.00079345703125 0.5596283078193665 -284.5131530761719 
v -119.32997131347656 190.39910888671875 -344.6163635253906 
v -118.12516784667969 162.67747497558594 -328.2691345214844 
v -107.01753234863281 162.54962158203125 -335.36529541015625 
v -95.02529907226562 99.65388488769531 -317.79449462890625 
v -107.34718322753906 104.52494812011719 -306.2340393066406 
v -90.37178039550781 38.087364196777344 -314.9536437988281 
v -98.53579711914062 48.25099563598633 -299.4892578125 
v -90.77978515625 0.9979148507118225 -319.49298095703125 
v -94.92066192626953 -0.7494707107543945 -302.2598571777344 
v -137.46939086914062 158.8240509033203 -344.1954650878906 
v -129.75250244140625 127.69344329833984 -329.5303649902344 
v -118.61925506591797 138.39048767089844 -336.6281433105469 
v -96.50765991210938 81.03321075439453 -316.4917907714844 
v -112.08782196044922 75.44202423095703 -309.03619384765625 
v -88.2403564453125 31.252397537231445 -304.1430969238281 
v -104.63652801513672 30.758371353149414 -298.16094970703125 
v -86.54702758789062 -0.07040303200483322 -300.790771484375 
v -103.29798126220703 -0.17630824446678162 -295.6260070800781 
v 23.75340461730957 161.57659912109375 257.0928039550781 
v 37.262176513671875 140.13278198242188 271.69891357421875 
v 42.186851501464844 134.0433349609375 259.5126647949219 
v 67.79265594482422 88.31395721435547 269.3572692871094 
v 64.96429443359375 81.10612487792969 286.07440185546875 
v 80.53624725341797 37.692970275878906 272.77581787109375 
v 82.81744384765625 30.60027503967285 289.7801208496094 
v 84.0301513671875 0.20806674659252167 271.2614440917969 
v 90.81275939941406 -0.12300682067871094 287.5837097167969 
v 33.0018424987793 145.72140502929688 241.22938537597656 
v 34.664764404296875 130.0607147216797 257.79278564453125 
v 47.54576873779297 123.97760772705078 254.32359313964844 
v 60.190635681152344 76.30156707763672 279.7080078125 
v 42.72420120239258 89.16435241699219 282.3036804199219 
v 61.06972885131836 30.535778045654297 294.3775939941406 
v 43.645633697509766 38.12895584106445 294.3454895019531 
v 58.20553207397461 -0.5289602875709534 297.9872741699219 
v 40.71457290649414 0.5827967524528503 297.75579833984375 
v 68.13628387451172 167.38265991210938 201.08168029785156 
v 78.45156860351562 132.7263946533203 217.0558624267578 
v 84.39888763427734 152.2251434326172 205.8269500732422 
v 104.90269470214844 103.36256408691406 219.02926635742188 
v 100.13101196289062 82.57810974121094 235.45849609375 
v 111.9017562866211 50.16243362426758 224.63575744628906 
v 112.52265930175781 42.718963623046875 242.17578125 
v 110.09846496582031 0.06069885194301605 225.6036834716797 
v 115.3021011352539 -0.39773884415626526 242.01116943359375 
v 78.77214050292969 148.00575256347656 258.6252136230469 
v 85.89021301269531 127.60094451904297 250.18125915527344 
v 76.3569564819336 136.47093200683594 245.31358337402344 
v 79.19647979736328 100.59123229980469 222.92649841308594 
v 92.16860961914062 83.96623229980469 232.5896759033203 
v 82.7984619140625 51.30416488647461 208.0678253173828 
v 93.97309875488281 36.98393249511719 221.28265380859375 
v 84.47589111328125 -0.03890818729996681 202.7351837158203 
v 92.55975341796875 -0.3710801601409912 218.1813507080078 
v -26.960826873779297 162.13279724121094 215.10043334960938 
v -11.13890552520752 148.03541564941406 213.83216857910156 
v -13.501188278198242 141.60401916503906 200.9675750732422 
v 11.087565422058105 85.67107391357422 188.20388793945312 
v 11.810670852661133 105.17784881591797 205.83453369140625 
v 22.869762420654297 31.07999610900879 185.64479064941406 
v 21.804901123046875 50.54648208618164 203.1749725341797 
v 23.558517456054688 -0.048253465443849564 185.869873046875 
v 21.875669479370117 -0.2315063178539276 203.11563110351562 
v 40.59269714355469 190.1052703857422 271.2496337890625 
v 34.00558090209961 151.22683715820312 253.67098999023438 
v 23.466033935546875 170.35435485839844 261.68292236328125 
v 2.497100830078125 104.77579498291016 238.6082763671875 
v 18.090576171875 92.43956756591797 231.0346221923828 
v -4.465487480163574 38.986141204833984 224.17922973632812 
v 12.492213249206543 44.8856315612793 220.823486328125 
v -3.2810678482055664 -0.5775101184844971 218.96652221679688 
v 14.373852729797363 -0.03913595527410507 219.6757354736328 
v 9.637571334838867 157.45245361328125 181.48013305664062 
v -2.7649178504943848 141.43362426757812 195.5746307373047 
v 10.056549072265625 135.80250549316406 197.65444946289062 
v 3.1705493927001953 93.24092102050781 221.39732360839844 
v -13.92809772491455 85.66576385498047 222.2403564453125 
v -0.2988283336162567 38.21931838989258 230.4490203857422 
v -16.424009323120117 31.470773696899414 236.06179809570312 
v -1.2348476648330688 0.22813956439495087 228.70249938964844 
v -15.854333877563477 -0.19103610515594482 238.6197967529297 
v -52.81196594238281 155.36317443847656 195.47634887695312 
v -38.61838150024414 146.28334045410156 200.0616455078125 
v -36.35883712768555 127.6581802368164 187.3362579345703 
v -11.664137840270996 84.75401306152344 185.40589904785156 
v -16.317617416381836 98.50452423095703 202.65631103515625 
v -2.367417573928833 42.706878662109375 190.27622985839844 
v -8.833019256591797 39.26521301269531 206.63768005371094 
v -4.973472595214844 -0.612573504447937 193.97657775878906 
v -11.913471221923828 1.0765256881713867 210.0509796142578 
v 38.39726257324219 164.89572143554688 151.1392364501953 
v 24.65775489807129 132.20272827148438 162.6620635986328 
v 34.484657287597656 149.09368896484375 171.53274536132812 
v 17.569942474365234 101.12602233886719 198.0543975830078 
v 5.9153313636779785 77.62821197509766 184.66639709472656 
v 2.076763153076172 48.97663497924805 208.8948211669922 
v -8.342826843261719 31.25263023376465 195.02899169921875 
v -7.181986331939697 -0.7091867327690125 211.0010986328125 
v -17.096174240112305 0.5708183646202087 196.39761352539062 
v 57.13467788696289 183.40052795410156 219.89105224609375 
v 39.612911224365234 150.6829071044922 223.7416229248047 
v 48.1296272277832 156.43284606933594 233.98214721679688 
v 30.43236541748047 103.89830017089844 248.90077209472656 
v 16.877437591552734 91.63017272949219 238.17605590820312 
v 24.489486694335938 51.432762145996094 254.39891052246094 
v 8.114829063415527 44.163787841796875 249.037109375 
v 26.040922164916992 0.8754754662513733 254.19786071777344 
v 8.516240119934082 -0.5618897080421448 252.6927947998047 
v 19.542678833007812 166.49188232421875 351.4825134277344 
v 8.376007080078125 143.2754364013672 338.9459533691406 
v -0.9334730505943298 142.24649047851562 348.7926940917969 
v -26.980865478515625 94.19561004638672 335.32037353515625 
v -13.826416969299316 88.98893737792969 323.8821105957031 
v -38.31369400024414 49.59025192260742 325.12713623046875 
v -23.559894561767578 37.8243408203125 315.42779541015625 
v -40.66532516479492 0.27572113275527954 322.4190368652344 
v -25.669815063476562 -0.08193591982126236 313.0341491699219 
v 26.05080223083496 157.21414184570312 302.05633544921875 
v 11.593536376953125 132.08334350585938 293.4403381347656 
v 5.923386096954346 130.67129516601562 306.2048645019531 
v -23.230335235595703 84.66472625732422 301.3785095214844 
v -14.146499633789062 87.2918472290039 286.5146179199219 
v -36.938072204589844 45.461429595947266 294.923095703125 
v -26.228315353393555 46.1699333190918 281.46221923828125 
v -40.270328521728516 0.3985207974910736 293.44390869140625 
v -28.97665023803711 -0.15217407047748566 279.9527282714844 
v -26.2381591796875 151.59408569335938 299.8241271972656 
v -35.507747650146484 126.83142852783203 293.40313720703125 
v -39.80241012573242 141.60330200195312 303.4691467285156 
v -62.98295974731445 98.9960708618164 301.3785095214844 
v -55.02870559692383 82.68264770507812 287.24261474609375 
v -78.10868835449219 47.64170837402344 297.5950927734375 
v -68.37830352783203 38.98436737060547 283.3169250488281 
v -84.15985107421875 -0.04500800743699074 294.8948059082031 
v -73.67056274414062 -0.06803234666585922 280.916748046875 
v -82.5943603515625 143.63186645507812 196.67379760742188 
v -86.51616668701172 132.1247100830078 213.98484802246094 
v -73.38909149169922 131.6966094970703 214.361328125 
v -68.12128448486328 100.73138427734375 244.49900817871094 
v -84.91415405273438 95.28575897216797 241.02662658691406 
v -68.59251403808594 53.74129104614258 260.85107421875 
v -83.94854736328125 43.4176025390625 252.7967071533203 
v -69.94918823242188 -0.320839524269104 265.89105224609375 
v -83.52542877197266 0.15718235075473785 254.45755004882812 
v -136.6470947265625 171.09417724609375 263.8683776855469 
v -120.56182861328125 147.6725311279297 274.7137451171875 
v -119.17025756835938 139.05355834960938 262.3974304199219 
v -92.95557403564453 85.67662811279297 266.82769775390625 
v -91.98280334472656 89.29742431640625 284.02618408203125 
v -81.91439819335938 37.88045120239258 269.3218688964844 
v -75.21611022949219 36.99382019042969 285.3362121582031 
v -80.08222961425781 0.0002519158588256687 269.8880615234375 
v -69.77325439453125 0.1596607118844986 284.1633605957031 
v -112.97116088867188 145.4652557373047 275.6027526855469 
v -96.47759246826172 124.63058471679688 264.50164794921875 
v -108.38656616210938 140.43234252929688 258.841064453125 
v -93.89777374267578 105.45613861083984 237.70167541503906 
v -77.24911499023438 82.50731658935547 241.81582641601562 
v -85.86173248291016 52.55825424194336 230.0975341796875 
v -68.66259765625 33.87599563598633 228.41458129882812 
v -82.52554321289062 0.3141658902168274 231.64353942871094 
v -66.1308364868164 0.14978212118148804 225.43177795410156 
v -89.75546264648438 146.9303436279297 245.6304168701172 
v -76.74009704589844 129.90023803710938 241.36293029785156 
v -84.73514556884766 130.38255310058594 234.59597778320312 
v -70.49693298339844 89.82796478271484 218.0009002685547 
v -56.91925048828125 85.12948608398438 226.34620666503906 
v -60.16323471069336 43.87193298339844 206.8987579345703 
v -46.07673645019531 38.310726165771484 212.0484619140625 
v -53.07554244995117 13.970959663391113 203.01913452148438 
v -46.929344177246094 12.26374626159668 204.5880889892578 
v -203.37599182128906 140.5634765625 46.69285202026367 
v -208.6538543701172 127.35502624511719 28.216421127319336 
v -217.5542755126953 120.78811645507812 37.91279602050781 
v -233.44117736816406 75.96131896972656 19.14318084716797 
v -224.57357788085938 95.16250610351562 4.9650068283081055 
v -238.98008728027344 32.45976638793945 11.853741645812988 
v -234.65228271484375 50.16014099121094 -5.003059387207031 
v -236.98484802246094 0.08271043747663498 11.748544692993164 
v -237.2521514892578 -0.3531419038772583 -5.737100601196289 
v -230.57688903808594 172.72608947753906 19.45849609375 
v -245.08120727539062 152.83987426757812 31.885921478271484 
v -234.41734313964844 147.52601623535156 38.91481018066406 
v -249.535400390625 88.35721588134766 66.2164535522461 
v -261.65667724609375 98.7344970703125 53.59772872924805 
v -261.15936279296875 32.809959411621094 77.07992553710938 
v -269.3679504394531 39.004844665527344 61.39984130859375 
v -266.38995361328125 -0.6546487212181091 77.3975830078125 
v -271.0988464355469 0.43285268545150757 60.47628402709961 
v -254.2702178955078 151.52386474609375 118.38456726074219 
v -252.6365509033203 129.71337890625 101.70606231689453 
v -265.8273620605469 133.4315185546875 101.5601806640625 
v -273.69989013671875 89.62020111083984 73.24075317382812 
v -256.37054443359375 79.42680358886719 75.27056884765625 
v -273.7419738769531 38.19971466064453 58.14152145385742 
v -256.5951232910156 31.363515853881836 62.07316970825195 
v -273.0736999511719 -0.10293525457382202 54.31474685668945 
v -256.1242370605469 -0.157862588763237 59.03955841064453 
v -333.33624267578125 135.24635314941406 115.93907928466797 
v -323.247802734375 113.38783264160156 102.30679321289062 
v -334.3874816894531 124.31246948242188 95.18143463134766 
v -326.044921875 88.34178924560547 67.11912536621094 
v -312.3654479980469 82.14887237548828 78.30885314941406 
v -318.0396423339844 47.40199661254883 54.35848617553711 
v -305.80950927734375 46.989463806152344 67.0964126586914 
v -315.5753479003906 -0.03730297461152077 51.452762603759766 
v -303.75439453125 -0.45905256271362305 64.16769409179688 
v -310.0301818847656 139.36622619628906 93.62413787841797 
v -303.3118591308594 123.41564178466797 76.65968322753906 
v -316.2598571777344 124.8780517578125 75.16502380371094 
v -316.6693420410156 87.84899139404297 44.624263763427734 
v -300.512451171875 81.64299011230469 50.46553421020508 
v -313.49273681640625 45.46324157714844 27.995386123657227 
v -299.5225830078125 34.28310775756836 38.09939193725586 
v -311.16546630859375 -0.08015210926532745 23.16533660888672 
v -299.6575622558594 -0.43171077966690063 36.09877395629883 
v -302.1067810058594 166.9400177001953 -16.730060577392578 
v -310.2174987792969 150.05429077148438 1.0058494806289673 
v -297.220703125 149.9495086669922 0.33204585313796997 
v -297.0747375488281 100.83204650878906 26.47014808654785 
v -313.54425048828125 105.64430236816406 30.542736053466797 
v -297.3100891113281 41.02395248413086 38.8159065246582 
v -311.689697265625 53.30190658569336 47.91374206542969 
v -297.71923828125 -0.09689322859048843 39.98115539550781 
v -309.59857177734375 -0.37866508960723877 52.569950103759766 
v -250.28309631347656 151.58761596679688 -32.64548873901367 
v -269.7760925292969 122.1239013671875 -28.580968856811523 
v -260.60009765625 132.50543212890625 -18.717498779296875 
v -281.6535339355469 79.74764251708984 -4.141315460205078 
v -295.5830993652344 80.62903594970703 -13.722517967224121 
v -291.7796936035156 31.487672805786133 0.35941755771636963 
v -308.21978759765625 43.678985595703125 -4.5448384284973145 
v -294.42047119140625 -0.3055754601955414 -1.9595268964767456 
v -311.8369445800781 0.150175541639328 -2.5150253772735596 
v -382.1781921386719 155.71939086914062 81.88092041015625 
v -369.7644958496094 134.7901153564453 81.86956024169922 
v -373.1688232421875 139.51780700683594 72.0066146850586 
v -351.6022033691406 98.93215942382812 60.95199203491211 
v -349.2564392089844 92.6399154663086 76.56976318359375 
v -335.6200866699219 50.83177947998047 56.31965255737305 
v -337.2756042480469 47.689029693603516 73.32920837402344 
v -328.35760498046875 -0.5224164128303528 57.351959228515625 
v -333.935546875 0.3596174120903015 73.99925994873047 
v -330.9932556152344 145.4247589111328 -11.963140487670898 
v -334.56884765625 128.0820770263672 4.23307991027832 
v -321.5030517578125 128.67417907714844 6.203354358673096 
v -317.2991943359375 89.56350708007812 35.810482025146484 
v -334.25665283203125 89.01891326904297 31.514080047607422 
v -319.1128845214844 47.47550964355469 50.61198043823242 
v -335.4745788574219 47.07952880859375 44.24162292480469 
v -320.17218017578125 0.10065902024507523 54.109554290771484 
v -336.33453369140625 0.14205177128314972 46.87896728515625 
v -327.9761657714844 157.70989990234375 -38.73756790161133 
v -332.67327880859375 134.62619018554688 -21.31062126159668 
v -319.5219421386719 140.37643432617188 -21.348817825317383 
v -315.5362548828125 93.93090057373047 9.302594184875488 
v -332.3010559082031 81.6014404296875 5.8951897621154785 
v -316.6524963378906 40.17771911621094 25.581350326538086 
v -331.7404479980469 33.108333587646484 17.876449584960938 
v -318.4527893066406 -0.12903571128845215 31.044992446899414 
v -331.4815673828125 0.15898500382900238 18.94009780883789 
v -260.4020080566406 141.22352600097656 12.745535850524902 
v -276.6984558105469 118.38867950439453 14.761520385742188 
v -273.1232604980469 133.11715698242188 27.772342681884766 
v -298.43939208984375 92.9987564086914 40.40192794799805 
v -300.9493103027344 82.4803466796875 23.253854751586914 
v -312.62738037109375 40.166954040527344 41.687217712402344 
v -313.6427917480469 45.438175201416016 24.628110885620117 
v -316.66326904296875 -0.7930005192756653 39.13833999633789 
v -316.6412048339844 0.5085400342941284 21.7164306640625 
v 241.3863525390625 155.74227905273438 34.31553649902344 
v 232.42967224121094 140.0308074951172 17.256393432617188 
v 224.81163024902344 134.31787109375 27.983322143554688 
v 204.02207946777344 86.89249420166016 11.73469352722168 
v 210.8186492919922 102.05970001220703 -4.055475234985352 
v 194.81436157226562 38.45616149902344 4.318384647369385 
v 196.30587768554688 53.87324523925781 -12.513588905334473 
v 193.96319580078125 -0.09233780205249786 3.1399738788604736 
v 190.9145965576172 -0.03941456228494644 -14.138981819152832 
v 201.95176696777344 145.81222534179688 -12.989713668823242 
v 212.6675262451172 122.81256103515625 -29.400279998779297 
v 199.79624938964844 140.45947265625 -31.432649612426758 
v 203.40476989746094 106.52997589111328 -58.461891174316406 
v 220.39321899414062 83.54420471191406 -59.76362609863281 
v 203.86424255371094 54.33177947998047 -72.23426055908203 
v 219.7445831298828 40.83687210083008 -78.25462341308594 
v 202.13726806640625 -0.2583516538143158 -75.6136245727539 
v 216.12611389160156 -0.2496120184659958 -85.81034851074219 
v 259.137939453125 152.77679443359375 31.192047119140625 
v 273.2244567871094 136.7843017578125 37.165245056152344 
v 271.45989990234375 133.27491760253906 26.454309463500977 
v 296.90704345703125 91.2498779296875 25.65623664855957 
v 302.0888671875 95.32259368896484 40.6077766418457 
v 315.65008544921875 42.79859161376953 27.05877113342285 
v 325.16436767578125 47.72643280029297 40.728858947753906 
v 326.3636779785156 -0.8209461569786072 27.9742488861084 
v 339.7572937011719 0.4441421926021576 39.356624603271484 
v 304.42315673828125 152.8195037841797 -36.614479064941406 
v 288.79638671875 136.79896545410156 -26.070558547973633 
v 298.1572265625 131.70350646972656 -16.874284744262695 
v 279.3670959472656 82.5230484008789 9.802774429321289 
v 269.67529296875 98.0732650756836 -4.3776350021362305 
v 265.7561950683594 34.86132049560547 23.8886775970459 
v 260.30145263671875 50.607200622558594 7.732734680175781 
v 259.1260070800781 0.07183937728404999 28.86640167236328 
v 257.48046875 -0.415204256772995 11.572062492370605 
v 230.5074005126953 170.9790496826172 49.80797576904297 
v 247.97943115234375 142.1560821533203 38.646915435791016 
v 236.65121459960938 149.52490234375 32.338584899902344 
v 253.26577758789062 95.00383758544922 8.315105438232422 
v 269.43365478515625 99.74945068359375 13.305316925048828 
v 262.587158203125 47.03324890136719 -3.832629919052124 
v 279.6862487792969 54.17097854614258 -3.5633604526519775 
v 266.72216796875 -0.8668624758720398 -6.972811698913574 
v 283.4859313964844 0.4902876317501068 -11.227746963500977 
v 355.9346008300781 159.8955841064453 -56.464149475097656 
v 335.63409423828125 137.04505920410156 -57.31581497192383 
v 339.1474609375 147.26315307617188 -45.180580139160156 
v 306.8758544921875 97.87267303466797 -36.12255096435547 
v 305.2374267578125 99.88032531738281 -52.772132873535156 
v 286.73895263671875 40.5977783203125 -37.3317756652832 
v 289.93267822265625 52.768211364746094 -54.04248046875 
v 278.4880676269531 -0.341499000787735 -42.847171783447266 
v 285.0609130859375 0.5564132928848267 -58.91716766357422 
v 303.7291564941406 161.64308166503906 -81.06973266601562 
v 291.1116638183594 144.4672393798828 -69.96648406982422 
v 301.0020446777344 141.75672912597656 -61.2863883972168 
v 287.1501159667969 100.24073791503906 -36.81657409667969 
v 275.4905090332031 101.95755767822266 -50.33346176147461 
v 275.7068786621094 52.38397216796875 -28.186809539794922 
v 265.50689697265625 52.36690139770508 -42.503326416015625 
v 271.06158447265625 -0.7256295680999756 -28.264787673950195 
v 261.5406799316406 0.5800780057907104 -42.956031799316406 
v 303.77203369140625 146.52020263671875 -76.73686981201172 
v 297.58868408203125 136.60731506347656 -67.09284973144531 
v 307.8945007324219 126.51882934570312 -63.167510986328125 
v 307.45648193359375 86.81781005859375 -39.4547004699707 
v 293.09246826171875 100.0478286743164 -46.242977142333984 
v 304.346435546875 42.580116271972656 -22.374103546142578 
v 291.1470031738281 52.0562629699707 -33.107391357421875 
v 301.3069763183594 0.25892889499664307 -14.95447063446045 
v 290.6733703613281 0.11878354102373123 -29.309093475341797 
v 318.4956359863281 162.73435974121094 -65.02545928955078 
v 305.47528076171875 134.82627868652344 -50.724334716796875 
v 318.0203552246094 150.9986572265625 -47.852684020996094 
v 310.15447998046875 107.36874389648438 -22.724966049194336 
v 293.1747131347656 91.87834167480469 -23.150619506835938 
v 306.1811828613281 54.7508544921875 -11.127656936645508 
v 289.8102722167969 49.470977783203125 -6.430675506591797 
v 305.5333557128906 -0.06992505490779877 -9.700337409973145 
v 290.16851806640625 0.16221575438976288 -1.0549952983856201 
v 212.03041076660156 158.8172607421875 -74.86846160888672 
v 224.00180053710938 134.50758361816406 -61.082237243652344 
v 233.1123504638672 138.8594512939453 -71.19055938720703 
v 260.4044189453125 83.85997009277344 -55.436458587646484 
v 247.26502990722656 96.61396789550781 -43.805904388427734 
v 273.46435546875 35.006595611572266 -42.13569641113281 
v 258.8443298339844 52.38444519042969 -33.144901275634766 
v 278.0311584472656 -0.06651831418275833 -36.98188018798828 
v 262.7665710449219 0.22781923413276672 -27.760009765625 
v -232.16273498535156 141.0362091064453 251.91241455078125 
v -222.4370880126953 119.27562713623047 265.6571960449219 
v -213.6417694091797 120.5224609375 255.76083374023438 
v -188.65478515625 76.63368225097656 270.0632019042969 
v -202.2189483642578 75.27940368652344 279.69158935546875 
v -177.2616424560547 32.96292495727539 278.40631103515625 
v -193.24539184570312 32.281776428222656 284.3639831542969 
v -175.27662658691406 -0.49709421396255493 279.72833251953125 
v -192.81292724609375 -0.48557302355766296 282.06402587890625 
v -255.12135314941406 147.32090759277344 270.3124084472656 
v -237.37196350097656 131.0349884033203 278.2165832519531 
v -238.21417236328125 131.52415466308594 265.0175476074219 
v -211.72618103027344 96.84564971923828 264.7455749511719 
v -207.74713134765625 88.93087005615234 281.0827331542969 
v -200.19061279296875 50.471431732177734 264.667724609375 
v -190.7661895751953 37.608673095703125 279.38983154296875 
v -198.5659942626953 -0.4783385992050171 265.5169982910156 
v -185.57240295410156 -0.6890925168991089 276.9638977050781 
v -257.2142028808594 154.93199157714844 162.73410034179688 
v -248.33534240722656 142.78111267089844 181.57960510253906 
v -240.27557373046875 127.80546569824219 171.27182006835938 
v -218.99061584472656 85.78279113769531 190.68743896484375 
v -226.38870239257812 94.78551483154297 206.5695343017578 
v -208.6156005859375 45.1784782409668 201.7952423095703 
v -210.64793395996094 39.226436614990234 217.91534423828125 
v -205.6930694580078 -0.8147789239883423 205.61624145507812 
v -203.76739501953125 0.22389554977416992 223.27146911621094 
v -245.3529510498047 144.46006774902344 177.61940002441406 
v -238.56700134277344 131.5045166015625 192.6307373046875 
v -226.91453552246094 132.888427734375 187.10879516601562 
v -206.7313995361328 97.34003448486328 207.80780029296875 
v -222.84425354003906 96.25265502929688 214.23953247070312 
v -199.4490509033203 50.182342529296875 221.17124938964844 
v -216.18450927734375 49.066986083984375 225.63636779785156 
v -198.1553192138672 -0.2865678668022156 224.9144744873047 
v -215.2610626220703 -0.24705734848976135 228.9768829345703 
v -210.9951934814453 159.01467895507812 142.0991973876953 
v -209.6824951171875 135.43771362304688 160.30047607421875 
v -197.1608123779297 140.47804260253906 155.624755859375 
v -183.17788696289062 92.09284210205078 183.06192016601562 
v -200.20289611816406 88.27387237548828 184.8216094970703 
v -178.76792907714844 38.22061538696289 199.5767822265625 
v -195.7716522216797 45.056941986083984 196.6854248046875 
v -178.68312072753906 -0.7309136390686035 204.51217651367188 
v -194.83627319335938 -0.5617575645446777 198.33200073242188 
v -263.603271484375 138.57968139648438 143.33265686035156 
v -252.9949951171875 127.20124816894531 157.7625732421875 
v -243.27967834472656 127.33857727050781 148.91969299316406 
v -216.76705932617188 89.0849609375 167.47996520996094 
v -231.51914978027344 94.9023666381836 177.1983184814453 
v -205.2208709716797 38.34135437011719 181.00430297851562 
v -220.51380920410156 49.437904357910156 189.59349060058594 
v -201.28643798828125 -0.5189157724380493 187.0290985107422 
v -217.25454711914062 -0.4250081479549408 194.77146911621094 
v -20.04681396484375 189.61703491210938 276.60943603515625 
v -25.694421768188477 150.733154296875 258.6174011230469 
v -36.672706604003906 168.70252990722656 265.7584228515625 
v -55.694122314453125 103.33898162841797 241.6134033203125 
v -39.62718200683594 92.11969757080078 235.07135009765625 
v -61.63867950439453 37.67573547363281 226.2350616455078 
v -44.737342834472656 44.52505111694336 224.4163360595703 
v -60.120704650878906 -0.5114080309867859 221.2388153076172 
v -42.58289337158203 0.8464187979698181 223.7041778564453 
v -47.263309478759766 155.8286590576172 184.49693298339844 
v -59.65012741088867 138.6884002685547 198.97052001953125 
v -46.88466262817383 133.94775390625 201.46664428710938 
v -53.727821350097656 90.96063232421875 224.73109436035156 
v -70.8116455078125 83.4599838256836 225.58009338378906 
v -57.213417053222656 37.77395248413086 233.40878295898438 
v -73.32251739501953 31.079376220703125 238.9917755126953 
v -58.163028717041016 0.20222768187522888 231.7688751220703 
v -72.76392364501953 -0.24235139787197113 241.6105194091797 
v -102.96430969238281 162.3905792236328 247.04690551757812 
v -105.21540069580078 137.57864379882812 230.41339111328125 
v -118.00662994384766 144.59738159179688 233.08145141601562 
v -132.15919494628906 102.70870208740234 207.39126586914062 
v -114.6017074584961 89.4459228515625 205.7128143310547 
v -135.46778869628906 51.576316833496094 192.36253356933594 
v -117.86458587646484 44.73069381713867 192.85076904296875 
v -135.64610290527344 -0.5307227373123169 188.66192626953125 
v -118.2335433959961 -0.1383691281080246 189.64047241210938 
v -209.85693359375 156.53485107421875 219.51336669921875 
v -193.20010375976562 132.68312072753906 219.22731018066406 
v -196.14559936523438 139.00294494628906 206.2058868408203 
v -170.6422119140625 84.46915435791016 193.59408569335938 
v -169.70765686035156 88.6725082397461 210.22386169433594 
v -157.08200073242188 33.41581726074219 189.42730712890625 
v -160.84339904785156 37.51335144042969 205.79318237304688 
v -154.6817169189453 -0.35043978691101074 188.2103729248047 
v -162.63638305664062 -0.28223085403442383 203.9295654296875 
v -217.03309631347656 158.4353790283203 207.03713989257812 
v -203.53733825683594 142.33937072753906 207.96669006347656 
v -209.17820739746094 133.16490173339844 198.49314880371094 
v -190.6029052734375 85.3645248413086 189.86416625976562 
v -180.44363403320312 96.45026397705078 201.42295837402344 
v -179.05130004882812 38.106689453125 184.90357971191406 
v -165.30372619628906 46.374298095703125 194.2890167236328 
v -175.12648010253906 -0.4221482276916504 183.49192810058594 
v -158.46859741210938 0.09969910234212875 189.6070556640625 
v -91.60968780517578 147.91770935058594 194.2640838623047 
v -97.43629455566406 122.84183502197266 178.40615844726562 
v -109.3466567993164 134.36431884765625 184.1344757080078 
v -128.98141479492188 91.2906265258789 162.01406860351562 
v -112.34260559082031 85.46376037597656 156.25790405273438 
v -135.73684692382812 47.211299896240234 148.7049102783203 
v -118.5296401977539 47.25871658325195 144.87815856933594 
v -136.89730834960938 -0.04863068461418152 145.10618591308594 
v -119.70856475830078 -0.20613893866539001 141.69009399414062 
v -105.9705810546875 171.3075714111328 125.18585205078125 
v -125.7568588256836 148.3094482421875 119.02305603027344 
v -123.17823028564453 148.4052276611328 132.36856079101562 
v -152.26319885253906 102.06564331054688 135.07566833496094 
v -158.55784606933594 96.60115051269531 118.88402557373047 
v -167.11582946777344 51.0704345703125 135.32391357421875 
v -178.19830322265625 42.28040313720703 122.6853256225586 
v -172.59521484375 -0.46190065145492554 134.95008850097656 
v -186.67510986328125 0.06250279396772385 124.49864959716797 
v -169.0063018798828 144.9969940185547 294.5882873535156 
v -153.57449340820312 119.82235717773438 282.4970397949219 
v -165.5509490966797 128.92581176757812 276.9410705566406 
v -153.10426330566406 78.83255767822266 253.17005920410156 
v -136.5700225830078 82.01464080810547 256.8352355957031 
v -147.27171325683594 31.251569747924805 243.25074768066406 
v -130.37283325195312 44.25769805908203 241.16270446777344 
v -146.2227325439453 0.08851762115955353 241.75396728515625 
v -129.83340454101562 -0.0505644865334034 235.306640625 
v -177.1878662109375 132.08738708496094 307.2098388671875 
v -159.36825561523438 121.77944946289062 308.8244323730469 
v -161.58876037597656 122.43307495117188 295.6465759277344 
v -132.43605041503906 95.23506164550781 285.8669738769531 
v -133.24298095703125 89.16474151611328 302.65960693359375 
v -116.12602996826172 51.96160125732422 283.8710632324219 
v -121.22093963623047 41.298439025878906 300.164794921875 
v -110.56729125976562 -0.07710593938827515 284.4645690917969 
v -119.76457214355469 0.07437732815742493 299.5167541503906 
v -27.992395401000977 159.91705322265625 -117.11566925048828 
v -31.27804183959961 145.882568359375 -131.92628479003906 
v -43.47213363647461 145.58895874023438 -126.87638854980469 
v -57.544551849365234 106.71709442138672 -146.90684509277344 
v -40.78645324707031 101.66297912597656 -152.12237548828125 
v -58.51341247558594 54.10471725463867 -157.88619995117188 
v -41.253910064697266 44.96455764770508 -160.52255249023438 
v -54.23828887939453 -1.0000008344650269 -157.61846923828125 
v -36.980899810791016 0.9133662581443787 -159.7176055908203 
v -250.3079833984375 163.82179260253906 -193.93724060058594 
v -230.00096130371094 138.42901611328125 -191.72476196289062 
v -234.661865234375 142.95700073242188 -204.1448211669922 
v -206.65579223632812 86.44535827636719 -212.12550354003906 
v -197.7488555908203 96.79529571533203 -198.07781982421875 
v -192.408447265625 34.26634979248047 -216.06777954101562 
v -179.3651123046875 50.673099517822266 -205.2982635498047 
v -187.5243377685547 -0.5558070540428162 -216.26025390625 
v -171.614990234375 0.8006331324577332 -208.8805694580078 
v -243.37136840820312 142.9443817138672 -216.3851318359375 
v -225.68019104003906 120.57343292236328 -218.9073028564453 
v -228.94607543945312 125.71248626708984 -232.1818389892578 
v -201.5780029296875 93.05699920654297 -246.78578186035156 
v -198.7808837890625 76.8110580444336 -229.38262939453125 
v -183.82029724121094 51.01999282836914 -251.27261352539062 
v -183.50143432617188 35.752227783203125 -233.4927520751953 
v -177.2940673828125 -0.11465941369533539 -251.5735321044922 
v -177.3185577392578 0.14132729172706604 -233.90853881835938 
v -106.8189468383789 169.3914031982422 -294.9576721191406 
v -120.6358871459961 154.718017578125 -285.7958679199219 
v -109.55962371826172 146.24163818359375 -279.4659118652344 
v -118.37269592285156 99.00885009765625 -261.1722106933594 
v -134.63438415527344 100.64512634277344 -266.11767578125 
v -119.55816650390625 41.93465042114258 -255.4962158203125 
v -136.49053955078125 38.463279724121094 -254.9711151123047 
v -115.39837646484375 0.8306212425231934 -257.70953369140625 
v -132.1053466796875 -1.0049471855163574 -253.33941650390625 
v -99.12931060791016 146.0412139892578 -238.62986755371094 
v -114.12703704833984 138.37646484375 -233.0791778564453 
v -108.37008666992188 127.802001953125 -221.65223693847656 
v -128.87979125976562 90.44429779052734 -202.8447723388672 
v -134.2449188232422 96.29764556884766 -219.35086059570312 
v -139.66477966308594 40.415367126464844 -197.2322235107422 
v -143.03875732421875 40.5968017578125 -214.65199279785156 
v -140.1970672607422 -0.028901733458042145 -197.33920288085938 
v -143.20994567871094 0.16067054867744446 -214.73866271972656 
v -67.55887603759766 160.55392456054688 -270.3198547363281 
v -84.02645111083984 144.0947723388672 -267.0373229980469 
v -79.99221801757812 137.8159942626953 -253.9879150390625 
v -105.10869598388672 84.49346923828125 -238.42845153808594 
v -108.12565612792969 96.22227478027344 -255.3011932373047 
v -119.47010040283203 33.8546257019043 -234.22381591796875 
v -120.46221923828125 38.89642333984375 -251.51873779296875 
v -123.35589599609375 -0.46008366346359253 -233.63845825195312 
v -123.76631927490234 0.10638408362865448 -251.2580108642578 
v -26.773544311523438 153.64401245117188 -216.228515625 
v -24.903213500976562 135.60873413085938 -235.10873413085938 
v -36.78775405883789 130.84884643554688 -229.64822387695312 
v -44.64098358154297 81.14986419677734 -252.8092041015625 
v -30.92830467224121 97.03738403320312 -262.99749755859375 
v -46.709075927734375 34.942840576171875 -262.0103454589844 
v -36.77947235107422 49.69400405883789 -276.1243896484375 
v -44.94676971435547 -0.0022050465922802687 -261.4336242675781 
v -38.78984832763672 -0.3195981979370117 -277.65673828125 
v -37.805015563964844 155.86056518554688 -254.7542266845703 
v -35.70460891723633 137.9853515625 -269.6716613769531 
v -48.9472541809082 137.04881286621094 -269.1312255859375 
v -55.2182731628418 93.58702850341797 -293.025146484375 
v -37.809326171875 95.10971069335938 -291.4826965332031 
v -52.602622985839844 40.917362213134766 -303.1598205566406 
v -35.43403625488281 41.668853759765625 -300.0893249511719 
v -48.492149353027344 -0.5785887241363525 -301.5596618652344 
v -31.574798583984375 1.0423957109451294 -297.42529296875 
v -59.60003662109375 162.22555541992188 -374.1053466796875 
v -64.62957763671875 138.65902709960938 -360.68072509765625 
v -54.23203659057617 143.9646453857422 -362.8596496582031 
v -51.22031784057617 93.20364379882812 -340.4096374511719 
v -65.77826690673828 94.05169677734375 -334.28814697265625 
v -51.13585662841797 42.26108932495117 -323.4757385253906 
v -63.28108596801758 50.67536163330078 -315.5876770019531 
v -53.822696685791016 15.565857887268066 -314.6834716796875 
v -58.76335525512695 20.53948974609375 -310.3060302734375 
v -48.71787643432617 153.67926025390625 -383.99420166015625 
v -47.8268928527832 129.66323852539062 -366.1710510253906 
v -34.717628479003906 142.74449157714844 -368.21319580078125 
v -23.148090362548828 95.38256072998047 -338.6618957519531 
v -40.58705139160156 88.5966796875 -338.25250244140625 
v -21.11765480041504 39.87711715698242 -320.47265625 
v -38.542823791503906 39.1785888671875 -322.74945068359375 
v -21.464691162109375 -0.3175037205219269 -314.21331787109375 
v -38.70381164550781 -0.2501949369907379 -316.0995788574219 
v -120.41165161132812 146.64749145507812 -178.58847045898438 
v -104.96563720703125 128.92446899414062 -185.0310821533203 
v -111.04348754882812 134.39405822753906 -196.65902709960938 
v -89.50593566894531 92.65753173828125 -216.94500732421875 
v -83.3405532836914 87.49501037597656 -200.4651641845703 
v -76.09654235839844 37.31796646118164 -224.32530212402344 
v -71.70319366455078 43.93696212768555 -207.16744995117188 
v -72.63121795654297 -0.004721856210380793 -225.29580688476562 
v -68.81822967529297 -0.19279418885707855 -208.14654541015625 
v -166.55982971191406 135.4337921142578 -179.72537231445312 
v -150.7601318359375 125.1376724243164 -185.2815399169922 
v -156.4141082763672 118.21234893798828 -197.2669219970703 
v -133.82290649414062 77.19396209716797 -216.34423828125 
v -128.16165161132812 89.4260482788086 -199.82960510253906 
v -119.84039306640625 32.160316467285156 -223.14231872558594 
v -116.39083862304688 38.80835723876953 -205.75213623046875 
v -116.3988265991211 0.00890823919326067 -223.98574829101562 
v -113.57662963867188 0.24912545084953308 -206.43601989746094 
v -173.8217010498047 155.28652954101562 -236.29405212402344 
v -156.220703125 137.52516174316406 -232.84339904785156 
v -156.5503387451172 138.65313720703125 -245.6374053955078 
v -126.57244873046875 93.3825454711914 -251.11285400390625 
v -129.5590057373047 92.57779693603516 -234.06143188476562 
v -109.97703552246094 38.24528503417969 -251.1973114013672 
v -117.48587799072266 38.06289291381836 -235.85800170898438 
v -104.60472869873047 -0.1157095655798912 -249.4791717529297 
v -115.61637878417969 0.3472168743610382 -235.79466247558594 
v -107.62411499023438 134.9756622314453 -222.5590057373047 
v -103.03050231933594 116.981689453125 -235.55545043945312 
v -113.1151123046875 121.75888061523438 -232.00042724609375 
v -115.73076629638672 80.94185638427734 -251.83673095703125 
v -102.02005004882812 78.25101470947266 -259.2235107421875 
v -114.75955200195312 37.9788818359375 -264.622802734375 
v -103.46263885498047 37.598140716552734 -274.53912353515625 
v -110.91447448730469 12.38537883758545 -271.86090087890625 
v -106.59362030029297 12.668357849121094 -276.7237548828125 
v -33.36930847167969 140.0227813720703 -254.96173095703125 
v -39.96757507324219 126.94197845458984 -273.79022216796875 
v -49.23000717163086 121.6361083984375 -264.0497741699219 
v -69.2127685546875 77.0382080078125 -283.6020202636719 
v -59.820281982421875 88.65814208984375 -298.1886291503906 
v -79.63294982910156 31.32118797302246 -292.07891845703125 
v -74.86238098144531 37.150089263916016 -308.56268310546875 
v -83.32051849365234 0.18187622725963593 -292.57843017578125 
v -83.21499633789062 -0.25908327102661133 -309.9998474121094 
v -200.40524291992188 161.39906311035156 -305.23760986328125 
v -194.62815856933594 148.88270568847656 -294.2149658203125 
v -187.1212158203125 136.29864501953125 -301.85809326171875 
v -166.74400329589844 88.96341705322266 -288.84466552734375 
v -179.4734649658203 102.43151092529297 -279.2942810058594 
v -156.10906982421875 40.907814025878906 -277.4791259765625 
v -169.2193603515625 48.491580963134766 -270.88226318359375 
v -157.22341918945312 13.451716423034668 -270.8197326660156 
v -163.50360107421875 15.151318550109863 -268.5530090332031 
v -69.08662414550781 158.3587646484375 -180.31103515625 
v -81.2215347290039 139.7392578125 -178.17202758789062 
v -73.89239501953125 143.29273986816406 -170.93670654296875 
v -87.11290740966797 100.40591430664062 -158.7152099609375 
v -99.61370849609375 96.85221099853516 -168.7493896484375 
v -94.47552490234375 49.62015914916992 -152.73838806152344 
v -110.02224731445312 46.446224212646484 -159.29827880859375 
v -94.85198974609375 0.470242440700531 -151.6192169189453 
v -112.12000274658203 -0.4835730493068695 -153.7268829345703 
vn 0.005123 0.006249 -0.005892
vn 0.005370 0.005193 -0.006648
vn 0.005278 0.005640 -0.006350
vn 0.004883 0.004245 -0.007625
vn 0.003330 0.003022 -0.008932
vn 0.001453 0.002084 -0.009672
vn -0.001466 0.001097 -0.009831
vn -0.002476 0.000686 -0.009664
vn -0.002476 0.000686 -0.009664
vn -0.003604 0.005513 -0.007524
vn -0.004016 0.005016 -0.007662
vn -0.004227 0.004780 -0.007700
vn -0.005241 0.003369 -0.007822
vn -0.004923 0.003876 -0.007794
vn -0.006258 0.002223 -0.007477
vn -0.006032 0.002385 -0.007611
vn -0.006721 0.001729 -0.007200
vn -0.006721 0.001729 -0.007200
vn 0.003632 0.005367 -0.007616
vn 0.002200 0.005008 -0.008372
vn 0.002499 0.005114 -0.008222
vn 0.002102 0.003069 -0.009282
vn 0.001461 0.004195 -0.008959
vn 0.006232 0.000739 -0.007785
vn 0.003383 0.002150 -0.009162
vn 0.006910 0.000317 -0.007221
vn 0.006910 0.000317 -0.007221
vn 0.004394 0.007336 -0.005185
vn 0.004651 0.006558 -0.005947
vn 0.004642 0.006653 -0.005847
vn 0.004320 0.005113 -0.007429
vn 0.004006 0.004534 -0.007962
vn 0.002235 0.003229 -0.009197
vn 0.000974 0.002784 -0.009555
vn -0.000299 0.002308 -0.009726
vn -0.000299 0.002308 -0.009726
vn 0.001223 0.007217 0.006814
vn 0.000845 0.006604 0.007461
vn 0.000454 0.005998 0.007989
vn -0.002167 0.003571 0.009086
vn -0.000864 0.004695 0.008787
vn -0.004136 0.001524 0.008976
vn -0.003749 0.001932 0.009067
vn -0.004840 0.000751 0.008719
vn -0.004840 0.000751 0.008719
vn 0.002526 0.003939 0.008838
vn 0.002285 0.003309 0.009156
vn 0.002400 0.003608 0.009012
vn 0.002104 0.002724 0.009389
vn 0.002046 0.002126 0.009555
vn 0.002023 0.001501 0.009677
vn 0.002023 0.000945 0.009747
vn 0.002054 0.000649 0.009765
vn 0.002054 0.000649 0.009765
vn 0.007277 0.006062 -0.003211
vn 0.007592 0.005018 -0.004145
vn 0.007527 0.005224 -0.004007
vn 0.007353 0.003243 -0.005951
vn 0.007205 0.002937 -0.006282
vn 0.005537 0.001155 -0.008246
vn 0.005367 0.001102 -0.008365
vn 0.004145 0.000407 -0.009091
vn 0.004145 0.000407 -0.009091
vn 0.007832 0.004570 0.004216
vn 0.007824 0.003947 0.004817
vn 0.007788 0.003956 0.004868
vn 0.007713 0.002639 0.005791
vn 0.007689 0.002232 0.005992
vn 0.007748 0.000781 0.006274
vn 0.007886 -0.000073 0.006149
vn 0.007922 -0.000762 0.006055
vn 0.007922 -0.000762 0.006055
vn -0.003169 0.005186 -0.007941
vn -0.003373 0.004903 -0.008036
vn -0.003497 0.004688 -0.008111
vn -0.001563 0.003015 -0.009406
vn -0.003031 0.003980 -0.008659
vn 0.003086 0.001096 -0.009449
vn 0.000293 0.002164 -0.009759
vn 0.004187 0.000679 -0.009056
vn 0.004187 0.000679 -0.009056
vn 0.005714 0.005162 -0.006380
vn 0.004122 0.004742 -0.007779
vn 0.005147 0.005038 -0.006937
vn 0.002551 0.004471 -0.008573
vn -0.001723 0.003309 -0.009278
vn -0.004277 0.002448 -0.008702
vn -0.007252 0.001241 -0.006773
vn -0.008084 0.000811 -0.005831
vn -0.008084 0.000811 -0.005831
vn -0.007456 0.006650 0.000440
vn -0.007739 0.005969 0.002118
vn -0.007706 0.006100 0.001843
vn -0.008618 0.003665 0.003507
vn -0.008323 0.004355 0.003431
vn -0.009441 0.001567 0.002901
vn -0.009296 0.001933 0.003137
vn -0.009662 0.000903 0.002416
vn -0.009662 0.000903 0.002416
vn -0.008350 0.005502 -0.000030
vn -0.008802 0.004694 0.000703
vn -0.008649 0.005005 0.000381
vn -0.009335 0.003410 0.001111
vn -0.009545 0.002746 0.001161
vn -0.009896 0.001214 0.000772
vn -0.009977 0.000602 0.000316
vn -0.009999 -0.000014 -0.000139
vn -0.009999 -0.000014 -0.000139
vn -0.006889 0.007248 0.000103
vn -0.007792 0.006266 0.000138
vn -0.007733 0.006339 0.000130
vn -0.008930 0.004382 0.001028
vn -0.009180 0.003586 0.001695
vn -0.009119 0.001934 0.003619
vn -0.008493 0.001189 0.005143
vn -0.007928 0.000672 0.006058
vn -0.007928 0.000672 0.006058
vn 0.008561 0.005063 0.001039
vn 0.008875 0.004417 0.001311
vn 0.008878 0.004400 0.001351
vn 0.009313 0.003038 0.002008
vn 0.009338 0.002955 0.002017
vn 0.009561 0.001265 0.002644
vn 0.009561 0.001214 0.002667
vn 0.009556 0.000378 0.002923
vn 0.009556 0.000378 0.002923
vn 0.003757 0.005291 0.007609
vn 0.003318 0.005218 0.007859
vn 0.002961 0.005167 0.008034
vn 0.002372 0.004316 0.008703
vn 0.002376 0.004474 0.008622
vn 0.003161 0.002683 0.009100
vn 0.003438 0.002448 0.009066
vn 0.004315 0.001424 0.008908
vn 0.004315 0.001424 0.008908
vn 0.000826 0.006073 -0.007902
vn 0.001288 0.005454 -0.008282
vn 0.001183 0.005605 -0.008197
vn 0.001764 0.004150 -0.008926
vn 0.001921 0.003541 -0.009152
vn 0.002727 0.001698 -0.009470
vn 0.002931 0.001526 -0.009438
vn 0.003584 0.000550 -0.009319
vn 0.003584 0.000550 -0.009319
vn 0.008222 0.005682 0.000330
vn 0.008115 0.005679 0.001374
vn 0.007676 0.005580 0.003154
vn 0.004671 0.003805 0.007981
vn 0.006704 0.005100 0.005389
vn 0.002044 0.001676 0.009644
vn 0.002466 0.002097 0.009462
vn 0.001083 0.000676 0.009918
vn 0.001083 0.000676 0.009918
vn 0.004595 0.005363 -0.007080
vn 0.004400 0.004852 -0.007556
vn 0.004462 0.005027 -0.007404
vn 0.004396 0.003938 -0.008072
vn 0.004422 0.003696 -0.008172
vn 0.005154 0.002408 -0.008224
vn 0.005181 0.002367 -0.008219
vn 0.005808 0.001706 -0.007959
vn 0.005808 0.001706 -0.007959
vn 0.003114 0.004165 0.008541
vn 0.002828 0.004034 0.008703
vn 0.002508 0.003821 0.008894
vn 0.001762 0.002875 0.009414
vn 0.002071 0.003379 0.009181
vn 0.002342 0.001738 0.009565
vn 0.002167 0.001901 0.009576
vn 0.002870 0.001149 0.009510
vn 0.002870 0.001149 0.009510
vn -0.001079 0.005615 0.008204
vn -0.002140 0.005405 0.008137
vn -0.003919 0.004884 0.007797
vn -0.006897 0.002813 0.006672
vn -0.005957 0.003672 0.007143
vn -0.008300 0.000526 0.005552
vn -0.008297 0.000605 0.005550
vn -0.008584 -0.000623 0.005092
vn -0.008584 -0.000623 0.005092
vn 0.003497 0.005367 0.007679
vn 0.002948 0.004592 0.008379
vn 0.003056 0.004748 0.008254
vn 0.002626 0.003568 0.008965
vn 0.002633 0.002833 0.009222
vn 0.002993 0.001942 0.009342
vn 0.003620 0.001176 0.009247
vn 0.003977 0.000748 0.009144
vn 0.003977 0.000748 0.009144
vn -0.000957 0.006845 0.007227
vn -0.000602 0.006028 0.007956
vn -0.000639 0.006062 0.007928
vn 0.000826 0.004151 0.009060
vn 0.000957 0.004011 0.009110
vn 0.003418 0.001943 0.009195
vn 0.003481 0.001906 0.009179
vn 0.004749 0.001154 0.008724
vn 0.004749 0.001154 0.008724
vn -0.004704 0.007321 0.004928
vn -0.004795 0.005904 0.006492
vn -0.004755 0.006455 0.005977
vn -0.003869 0.004442 0.008081
vn -0.002441 0.003299 0.009119
vn -0.000029 0.001948 0.009808
vn 0.001131 0.001513 0.009820
vn 0.002515 0.000953 0.009631
vn 0.002515 0.000953 0.009631
vn -0.007141 0.006819 -0.001585
vn -0.006930 0.006399 -0.003320
vn -0.006836 0.006331 -0.003631
vn -0.006892 0.005206 -0.005040
vn -0.007615 0.004111 -0.005011
vn -0.008549 0.003254 -0.004040
vn -0.009745 0.002128 -0.000717
vn -0.009849 0.001706 0.000287
vn -0.009849 0.001706 0.000287
vn -0.005120 0.005636 0.006482
vn -0.005266 0.005281 0.006662
vn -0.005203 0.005421 0.006599
vn -0.005621 0.004281 0.007077
vn -0.005681 0.004161 0.007100
vn -0.007367 0.002208 0.006391
vn -0.006769 0.002718 0.006841
vn -0.008047 0.001602 0.005717
vn -0.008047 0.001602 0.005717
vn 0.002670 0.007204 0.006401
vn 0.003067 0.006266 0.007164
vn 0.003146 0.006001 0.007354
vn 0.003885 0.003758 0.008413
vn 0.003737 0.004291 0.008223
vn 0.005154 0.002151 0.008295
vn 0.005209 0.002103 0.008273
vn 0.006097 0.001446 0.007793
vn 0.006097 0.001446 0.007793
vn -0.003898 0.006481 0.006543
vn -0.003304 0.005826 0.007425
vn -0.003427 0.005959 0.007263
vn -0.003297 0.004024 0.008540
vn -0.003263 0.004076 0.008529
vn -0.003749 0.001932 0.009067
vn -0.003845 0.001457 0.009116
vn -0.003990 0.000678 0.009144
vn -0.003990 0.000678 0.009144
vn -0.007899 0.005713 0.002227
vn -0.008383 0.005077 0.001986
vn -0.008383 0.005077 0.001986
vn -0.009331 0.003522 0.000727
vn -0.009257 0.003672 0.000903
vn -0.009736 0.001644 -0.001586
vn -0.009734 0.001806 -0.001409
vn -0.009568 0.000891 -0.002766
vn -0.009568 0.000891 -0.002766
vn -0.007804 0.004852 0.003943
vn -0.008021 0.004738 0.003635
vn -0.008267 0.004561 0.003294
vn -0.008831 0.003469 0.003158
vn -0.008773 0.003627 0.003143
vn -0.008815 0.001710 0.004402
vn -0.008753 0.001636 0.004550
vn -0.008292 0.000684 0.005547
vn -0.008292 0.000684 0.005547
vn -0.002659 0.006003 0.007543
vn -0.002910 0.005974 0.007473
vn -0.003000 0.005984 0.007429
vn -0.004040 0.004909 0.007719
vn -0.003886 0.005121 0.007660
vn -0.005312 0.002618 0.008058
vn -0.005245 0.002805 0.008039
vn -0.005831 0.001321 0.008016
vn -0.005831 0.001321 0.008016
vn -0.001671 0.004843 -0.008588
vn -0.003037 0.004451 -0.008424
vn -0.002352 0.004628 -0.008547
vn -0.003800 0.003270 -0.008652
vn -0.003790 0.003411 -0.008602
vn -0.001848 0.001263 -0.009746
vn -0.003133 0.001977 -0.009289
vn -0.000947 0.000695 -0.009931
vn -0.000947 0.000695 -0.009931
vn 0.008487 0.005240 -0.000719
vn 0.008744 0.004852 -0.000061
vn 0.008804 0.004735 0.000263
vn 0.009342 0.003561 0.000228
vn 0.009544 0.002982 -0.000148
vn 0.009696 0.001307 -0.002070
vn 0.009557 0.000833 -0.002824
vn 0.009133 0.000101 -0.004072
vn 0.009133 0.000101 -0.004072
vn 0.007007 0.005110 0.004978
vn 0.006191 0.005024 0.006036
vn 0.004251 0.004588 0.007803
vn -0.000487 0.002640 0.009633
vn 0.002023 0.003811 0.009021
vn -0.002511 0.000957 0.009632
vn -0.002741 0.000588 0.009599
vn -0.003273 -0.000278 0.009445
vn -0.003273 -0.000278 0.009445
vn 0.007274 0.005303 -0.004354
vn 0.007827 0.004604 -0.004187
vn 0.007827 0.004604 -0.004187
vn 0.008964 0.003028 -0.003236
vn 0.008921 0.003095 -0.003291
vn 0.009876 0.000981 -0.001227
vn 0.009846 0.001091 -0.001366
vn 0.009999 0.000077 -0.000074
vn 0.009999 0.000077 -0.000074
vn 0.007436 0.004533 -0.004915
vn 0.006078 0.004265 -0.006699
vn 0.006933 0.004431 -0.005682
vn 0.004212 0.003629 -0.008312
vn 0.002968 0.003170 -0.009008
vn -0.000271 0.001857 -0.009822
vn -0.000520 0.001746 -0.009833
vn -0.002144 0.000987 -0.009717
vn -0.002144 0.000987 -0.009717
vn -0.008499 0.004946 0.001817
vn -0.008516 0.004772 0.002169
vn -0.008510 0.004850 0.002013
vn -0.008632 0.004382 0.002507
vn -0.008731 0.004093 0.002650
vn -0.008879 0.003292 0.003213
vn -0.008896 0.002664 0.003710
vn -0.008855 0.002156 0.004116
vn -0.008855 0.002156 0.004116
vn -0.003219 0.005472 -0.007726
vn -0.006152 0.005028 -0.006072
vn -0.004383 0.005401 -0.007184
vn -0.008177 0.004205 -0.003932
vn -0.008909 0.003646 -0.002709
vn -0.009733 0.002215 0.000594
vn -0.009737 0.002176 0.000673
vn -0.009634 0.001487 0.002230
vn -0.009634 0.001487 0.002230
vn 0.001265 0.006177 0.007762
vn -0.000098 0.005709 0.008210
vn -0.000971 0.005330 0.008405
vn -0.003313 0.003815 0.008630
vn -0.003606 0.003578 0.008614
vn -0.005569 0.001781 0.008113
vn -0.005725 0.001637 0.008034
vn -0.006416 0.000930 0.007614
vn -0.006416 0.000930 0.007614
vn -0.000656 0.006859 0.007247
vn -0.002790 0.007120 0.006444
vn -0.005185 0.006934 0.005003
vn -0.008627 0.004853 0.001423
vn -0.008250 0.005301 0.001957
vn -0.009632 0.002573 -0.000780
vn -0.009771 0.001946 -0.000857
vn -0.009857 0.001399 -0.000940
vn -0.009857 0.001399 -0.000940
vn -0.006075 0.007219 -0.003312
vn -0.006143 0.006874 -0.003874
vn -0.006153 0.006831 -0.003934
vn -0.006330 0.004842 -0.006040
vn -0.006346 0.005173 -0.005741
vn -0.005291 0.002146 -0.008210
vn -0.005428 0.002317 -0.008073
vn -0.004336 0.001021 -0.008953
vn -0.004336 0.001021 -0.008953
vn 0.008879 0.004516 0.000877
vn 0.009054 0.003870 -0.001744
vn 0.009024 0.004304 -0.000180
vn 0.008634 0.002937 -0.004102
vn 0.008149 0.002331 -0.005307
vn 0.006231 0.000816 -0.007779
vn 0.006073 0.000761 -0.007909
vn 0.004798 -0.000009 -0.008774
vn 0.004798 -0.000009 -0.008774
vn 0.006507 0.005585 0.005145
vn 0.006622 0.005039 0.005546
vn 0.006553 0.005199 0.005480
vn 0.007182 0.003908 0.005757
vn 0.007594 0.003210 0.005659
vn 0.008299 0.001367 0.005409
vn 0.008355 0.001059 0.005392
vn 0.008503 0.000074 0.005263
vn 0.008503 0.000074 0.005263
vn 0.008175 0.005756 -0.000198
vn 0.008545 0.005184 0.000333
vn 0.008565 0.005146 0.000409
vn 0.009157 0.003855 0.001140
vn 0.009240 0.003622 0.001222
vn 0.009628 0.002258 0.001486
vn 0.009699 0.001937 0.001476
vn 0.009813 0.001308 0.001411
vn 0.009813 0.001308 0.001411
vn -0.000669 0.005295 -0.008457
vn -0.000343 0.004865 -0.008730
vn -0.000086 0.004635 -0.008860
vn 0.000139 0.002859 -0.009581
vn 0.000101 0.003417 -0.009398
vn -0.000876 0.000673 -0.009939
vn -0.000419 0.001270 -0.009910
vn -0.001474 0.000049 -0.009891
vn -0.001474 0.000049 -0.009891
vn -0.003309 0.006859 -0.006481
vn -0.003825 0.006510 -0.006556
vn -0.003825 0.006510 -0.006556
vn -0.005520 0.004843 -0.006787
vn -0.005610 0.004752 -0.006778
vn -0.007752 0.002282 -0.005890
vn -0.007828 0.002166 -0.005834
vn -0.008674 0.001127 -0.004846
vn -0.008674 0.001127 -0.004846
vn -0.006877 0.004944 -0.005317
vn -0.008498 0.004215 -0.003166
vn -0.007616 0.004668 -0.004496
vn -0.009400 0.003293 -0.000893
vn -0.009635 0.002652 0.000377
vn -0.009309 0.001221 0.003442
vn -0.009235 0.001112 0.003671
vn -0.008611 0.000359 0.005071
vn -0.008611 0.000359 0.005071
vn 0.006937 0.006409 -0.003288
vn 0.007458 0.005962 -0.002972
vn 0.007948 0.005476 -0.002615
vn 0.009433 0.003203 0.000876
vn 0.008840 0.004517 -0.001202
vn 0.008869 0.001049 0.004499
vn 0.009245 0.001688 0.003419
vn 0.008264 0.000211 0.005626
vn 0.008264 0.000211 0.005626
vn -0.001829 0.007640 -0.006188
vn -0.003062 0.006885 -0.006574
vn -0.002798 0.007074 -0.006491
vn -0.005406 0.005233 -0.006588
vn -0.005906 0.004768 -0.006510
vn -0.008243 0.002658 -0.005000
vn -0.008459 0.002503 -0.004710
vn -0.009225 0.001682 -0.003475
vn -0.009225 0.001682 -0.003475
vn 0.000170 0.005912 0.008064
vn -0.000686 0.005527 0.008306
vn -0.000876 0.005409 0.008365
vn -0.002242 0.004122 0.008831
vn -0.002460 0.003789 0.008922
vn -0.002908 0.002210 0.009309
vn -0.002593 0.001473 0.009545
vn -0.002382 0.000774 0.009681
vn -0.002382 0.000774 0.009681
vn 0.007267 0.005072 0.004634
vn 0.007101 0.004792 0.005158
vn 0.007123 0.004703 0.005210
vn 0.006548 0.003135 0.006878
vn 0.006623 0.003371 0.006691
vn 0.004853 0.000830 0.008704
vn 0.004971 0.000993 0.008620
vn 0.003728 -0.000207 0.009277
vn 0.003728 -0.000207 0.009277
vn 0.007366 0.005503 0.003932
vn 0.008125 0.004383 0.003844
vn 0.007770 0.004934 0.003909
vn 0.008856 0.003533 0.003016
vn 0.009704 0.002286 0.000772
vn 0.009812 0.001563 -0.001132
vn 0.009139 0.000687 -0.004001
vn 0.008693 0.000344 -0.004931
vn 0.008693 0.000344 -0.004931
vn 0.008568 0.004799 -0.001886
vn 0.008976 0.004244 -0.001194
vn 0.009067 0.004089 -0.001036
vn 0.009637 0.002670 -0.000011
vn 0.009713 0.002372 0.000183
vn 0.009951 0.000824 0.000541
vn 0.009992 -0.000036 0.000407
vn 0.009974 -0.000654 0.000293
vn 0.009974 -0.000654 0.000293
vn -0.005535 0.006042 -0.005732
vn -0.005541 0.005412 -0.006326
vn -0.005541 0.005412 -0.006326
vn -0.005073 0.003763 -0.007752
vn -0.005073 0.003763 -0.007752
vn -0.003504 0.001680 -0.009214
vn -0.003504 0.001680 -0.009214
vn -0.002416 0.000644 -0.009682
vn -0.002416 0.000644 -0.009682
vn -0.005626 0.006208 -0.005459
vn -0.006790 0.005459 -0.004909
vn -0.006567 0.005607 -0.005044
vn -0.008627 0.003804 -0.003333
vn -0.008546 0.003924 -0.003401
vn -0.009837 0.001506 -0.000983
vn -0.009680 0.002018 -0.001493
vn -0.009968 0.000741 -0.000298
vn -0.009968 0.000741 -0.000298
vn 0.005052 0.007577 -0.004130
vn 0.006131 0.006801 -0.004021
vn 0.006433 0.006527 -0.004000
vn 0.008128 0.004423 -0.003790
vn 0.008258 0.004181 -0.003784
vn 0.009035 0.002068 -0.003755
vn 0.009100 0.001460 -0.003881
vn 0.009131 0.000771 -0.004004
vn 0.009131 0.000771 -0.004004
vn 0.001326 0.006304 0.007649
vn 0.000859 0.005490 0.008314
vn 0.000724 0.005247 0.008482
vn -0.001036 0.003077 0.009458
vn -0.000811 0.003340 0.009391
vn -0.003410 0.000883 0.009359
vn -0.003346 0.000917 0.009379
vn -0.004540 -0.000029 0.008910
vn -0.004540 -0.000029 0.008910
vn 0.007330 0.004977 0.004638
vn 0.007541 0.004656 0.004631
vn 0.007482 0.004753 0.004629
vn 0.008196 0.003940 0.004159
vn 0.008690 0.003382 0.003613
vn 0.009544 0.002277 0.001932
vn 0.009914 0.001307 -0.000097
vn 0.009893 0.000775 -0.001234
vn 0.009893 0.000775 -0.001234
vn -0.006015 0.004963 -0.006260
vn -0.007034 0.004588 -0.005428
vn -0.006666 0.004701 -0.005785
vn -0.008093 0.003582 -0.004655
vn -0.008287 0.003328 -0.004500
vn -0.008974 0.001449 -0.004168
vn -0.008974 0.001449 -0.004168
vn -0.009045 0.000392 -0.004247
vn -0.009045 0.000392 -0.004247
vn 0.002899 0.007421 0.006043
vn 0.003793 0.006572 0.006514
vn 0.003692 0.006675 0.006467
vn 0.005624 0.004689 0.006811
vn 0.005772 0.004540 0.006788
vn 0.007793 0.002523 0.005737
vn 0.007928 0.002412 0.005597
vn 0.008714 0.001667 0.004615
vn 0.008714 0.001667 0.004615
vn 0.001172 0.005184 0.008470
vn 0.000196 0.005145 0.008573
vn -0.001125 0.005021 0.008575
vn -0.005036 0.003685 0.007814
vn -0.003525 0.004341 0.008290
vn -0.007947 0.001608 0.005853
vn -0.007697 0.001846 0.006111
vn -0.008819 0.000628 0.004672
vn -0.008819 0.000628 0.004672
vn 0.002895 0.006489 -0.007036
vn 0.003355 0.005897 -0.007347
vn 0.003389 0.005789 -0.007416
vn 0.004395 0.004140 -0.007972
vn 0.004352 0.004214 -0.007956
vn 0.005327 0.001879 -0.008252
vn 0.005327 0.001879 -0.008252
vn 0.005650 0.000732 -0.008219
vn 0.005650 0.000732 -0.008219
vn -0.003124 0.006017 0.007351
vn -0.003896 0.005655 0.007269
vn -0.003707 0.005760 0.007285
vn -0.004573 0.004663 0.007572
vn -0.004663 0.004146 0.007815
vn -0.005267 0.002371 0.008163
vn -0.005372 0.002048 0.008182
vn -0.005720 0.001054 0.008134
vn -0.005720 0.001054 0.008134
vn -0.004689 0.005715 -0.006734
vn -0.005505 0.005026 -0.006666
vn -0.005373 0.005125 -0.006698
vn -0.007099 0.003773 -0.005947
vn -0.007324 0.003531 -0.005821
vn -0.008952 0.002093 -0.003935
vn -0.009065 0.001984 -0.003726
vn -0.009591 0.001278 -0.002527
vn -0.009591 0.001278 -0.002527
vn 0.004868 0.004383 0.007556
vn 0.005864 0.003860 0.007121
vn 0.005405 0.004137 0.007326
vn 0.006787 0.002683 0.006837
vn 0.006960 0.002323 0.006794
vn 0.007324 0.000375 0.006799
vn 0.007327 0.000295 0.006799
vn 0.007193 -0.000735 0.006908
vn 0.007193 -0.000735 0.006908
vn 0.004896 0.006513 -0.005797
vn 0.004818 0.006087 -0.006304
vn 0.004834 0.006006 -0.006369
vn 0.005410 0.004091 -0.007348
vn 0.005172 0.004696 -0.007155
vn 0.006985 0.001541 -0.006988
vn 0.006341 0.002423 -0.007344
vn 0.007448 0.000815 -0.006623
vn 0.007448 0.000815 -0.006623
vn -0.003911 0.007495 0.005341
vn -0.003801 0.006262 0.006807
vn -0.003840 0.006776 0.006272
vn -0.002707 0.005095 0.008168
vn -0.000548 0.003716 0.009268
vn 0.001852 0.002632 0.009468
vn 0.004639 0.001727 0.008689
vn 0.005708 0.001278 0.008111
vn 0.005708 0.001278 0.008111
vn 0.006660 0.006812 0.003039
vn 0.005942 0.006568 0.004643
vn 0.005642 0.006424 0.005187
vn 0.005509 0.005032 0.006658
vn 0.006019 0.003897 0.006971
vn 0.007311 0.002419 0.006379
vn 0.008869 0.001233 0.004452
vn 0.009340 0.000703 0.003504
vn 0.009340 0.000703 0.003504
vn -0.002717 0.006601 -0.007003
vn -0.004377 0.006156 -0.006553
vn -0.003536 0.006417 -0.006806
vn -0.006073 0.005498 -0.005735
vn -0.007560 0.004699 -0.004557
vn -0.009082 0.003415 -0.002420
vn -0.009588 0.002670 -0.000971
vn -0.009807 0.001925 0.000349
vn -0.009807 0.001925 0.000349
vn -0.005966 0.006887 0.004120
vn -0.006749 0.005908 0.004421
vn -0.006597 0.006106 0.004382
vn -0.007743 0.004279 0.004663
vn -0.007918 0.003935 0.004671
vn -0.009103 0.002233 0.003486
vn -0.008861 0.002492 0.003909
vn -0.009490 0.001679 0.002668
vn -0.009490 0.001679 0.002668
vn 0.003114 0.004842 0.008177
vn 0.002344 0.004759 0.008477
vn 0.001538 0.004656 0.008715
vn -0.000661 0.003551 0.009325
vn 0.000207 0.004097 0.009120
vn -0.000862 0.002374 0.009676
vn -0.000501 0.002046 0.009776
vn 0.000205 0.001411 0.009898
vn 0.000205 0.001411 0.009898
vn 0.005286 0.005995 0.006010
vn 0.004026 0.006017 0.006899
vn 0.001981 0.005718 0.007961
vn -0.002567 0.003720 0.008920
vn -0.000902 0.004654 0.008805
vn -0.005017 0.001591 0.008503
vn -0.004947 0.001695 0.008524
vn -0.005706 0.000615 0.008189
vn -0.005706 0.000615 0.008189
vn -0.003901 0.004701 0.007917
vn -0.003104 0.004407 0.008423
vn -0.003560 0.004524 0.008177
vn -0.002836 0.003561 0.008904
vn -0.002815 0.003401 0.008972
vn -0.003956 0.001773 0.009011
vn -0.003829 0.001843 0.009052
vn -0.004856 0.000897 0.008696
vn -0.004856 0.000897 0.008696
vn 0.003977 0.004847 0.007791
vn 0.004543 0.004699 0.007568
vn 0.004553 0.004654 0.007590
vn 0.006078 0.003718 0.007016
vn 0.006132 0.003670 0.006995
vn 0.008098 0.001817 0.005579
vn 0.008199 0.001684 0.005472
vn 0.008941 0.000633 0.004433
vn 0.008941 0.000633 0.004433
vn 0.005762 0.006490 -0.004969
vn 0.006910 0.006307 -0.003532
vn 0.007852 0.005860 -0.002002
vn 0.008862 0.004619 0.000351
vn 0.009087 0.004064 0.000951
vn 0.009471 0.002693 0.001745
vn 0.009704 0.001995 0.001359
vn 0.009818 0.001551 0.001093
vn 0.009818 0.001551 0.001093
vn 0.001325 0.006992 -0.007025
vn 0.002425 0.005915 -0.007690
vn 0.002475 0.005863 -0.007713
vn 0.004346 0.003743 -0.008192
vn 0.004690 0.003302 -0.008191
vn 0.006063 0.001624 -0.007784
vn 0.006530 0.001103 -0.007493
vn 0.006978 0.000623 -0.007136
vn 0.006978 0.000623 -0.007136
vn 0.007982 0.003960 -0.004540
vn 0.008129 0.003786 -0.004426
vn 0.008317 0.003460 -0.004343
vn 0.009012 0.002220 -0.003723
vn 0.008605 0.003020 -0.004103
vn 0.009158 0.000553 -0.003979
vn 0.009188 0.001375 -0.003700
vn 0.009118 0.000035 -0.004106
vn 0.009118 0.000035 -0.004106
vn 0.008413 0.005342 0.000835
vn 0.008484 0.005106 0.001395
vn 0.008552 0.004794 0.001971
vn 0.008175 0.002947 0.004949
vn 0.008494 0.003796 0.003665
vn 0.007538 0.001055 0.006486
vn 0.007467 0.000795 0.006604
vn 0.007129 -0.000219 0.007009
vn 0.007129 -0.000219 0.007009
vn 0.008242 0.005641 0.000500
vn 0.008207 0.005386 0.001910
vn 0.008039 0.005069 0.003111
vn 0.007463 0.003585 0.005609
vn 0.007364 0.003327 0.005891
vn 0.006274 0.001224 0.007690
vn 0.006069 0.000953 0.007890
vn 0.005480 0.000027 0.008365
vn 0.005480 0.000027 0.008365
vn 0.007161 0.005124 -0.004740
vn 0.005528 0.004670 -0.006902
vn 0.006308 0.004894 -0.006021
vn 0.002952 0.003234 -0.008990
vn 0.003532 0.003595 -0.008637
vn 0.000389 0.001517 -0.009877
vn 0.000902 0.001853 -0.009785
vn -0.000411 0.000957 -0.009946
vn -0.000411 0.000957 -0.009946
vn -0.006394 0.007451 0.001896
vn -0.006711 0.007058 0.002269
vn -0.006782 0.006973 0.002320
vn -0.008144 0.005212 0.002552
vn -0.007773 0.005735 0.002586
vn -0.009565 0.002721 0.001050
vn -0.009210 0.003485 0.001740
vn -0.009804 0.001944 0.000309
vn -0.009804 0.001944 0.000309
vn -0.006167 0.005078 -0.006015
vn -0.007097 0.004837 -0.005122
vn -0.006537 0.005041 -0.005644
vn -0.007860 0.004521 -0.004217
vn -0.008620 0.004014 -0.003095
vn -0.009216 0.003431 -0.001813
vn -0.009576 0.002791 -0.000717
vn -0.009702 0.002423 0.000016
vn -0.009702 0.002423 0.000016
vn 0.005687 0.006422 0.005140
vn 0.004262 0.006235 0.006554
vn 0.002765 0.005782 0.007676
vn 0.000152 0.004299 0.009027
vn -0.000661 0.003673 0.009278
vn -0.002103 0.002059 0.009557
vn -0.002396 0.001314 0.009620
vn -0.002628 0.000775 0.009617
vn -0.002628 0.000775 0.009617
vn -0.003483 0.004497 -0.008225
vn -0.004053 0.004371 -0.008029
vn -0.003770 0.004436 -0.008131
vn -0.004769 0.003987 -0.007833
vn -0.005260 0.003706 -0.007655
vn -0.006198 0.002961 -0.007267
vn -0.006377 0.002677 -0.007223
vn -0.006792 0.002210 -0.006999
vn -0.006792 0.002210 -0.006999
vn -0.005228 0.006188 -0.005864
vn -0.005079 0.005981 -0.006200
vn -0.005079 0.005981 -0.006200
vn -0.004599 0.004810 -0.007465
vn -0.004647 0.004920 -0.007362
vn -0.003294 0.002550 -0.009091
vn -0.003357 0.002673 -0.009032
vn -0.002341 0.001292 -0.009636
vn -0.002341 0.001292 -0.009636
vn 0.008654 0.004998 -0.000368
vn 0.008502 0.004285 -0.003058
vn 0.008647 0.004687 -0.001806
vn 0.007611 0.002617 -0.005935
vn 0.007809 0.002992 -0.005484
vn 0.005859 0.000624 -0.008080
vn 0.006251 0.001022 -0.007739
vn 0.005102 0.000016 -0.008600
vn 0.005102 0.000016 -0.008600
vn 0.008477 0.004885 -0.002069
vn 0.008645 0.004913 -0.001059
vn 0.008759 0.004589 0.001489
vn 0.007003 0.002859 0.006541
vn 0.008344 0.004052 0.003738
vn 0.005628 0.001198 0.008179
vn 0.005498 0.001057 0.008285
vn 0.004965 0.000110 0.008680
vn 0.004965 0.000110 0.008680
vn 0.006688 0.007409 0.000607
vn 0.007311 0.006791 0.000654
vn 0.007786 0.006238 0.000682
vn 0.008647 0.003649 0.003453
vn 0.008440 0.005121 0.001594
vn 0.007389 0.001375 0.006597
vn 0.008304 0.002421 0.005019
vn 0.006879 0.000837 0.007210
vn 0.006879 0.000837 0.007210
vn -0.006474 0.006582 -0.003843
vn -0.007470 0.005783 -0.003281
vn -0.007388 0.005833 -0.003377
vn -0.009124 0.003593 -0.001962
vn -0.008991 0.003833 -0.002115
vn -0.009961 0.000884 -0.000080
vn -0.009881 0.001445 -0.000529
vn -0.009983 0.000052 0.000578
vn -0.009983 0.000052 0.000578
vn -0.002623 0.007246 0.006373
vn -0.003884 0.006965 0.006034
vn -0.004379 0.006799 0.005882
vn -0.006457 0.004785 0.005951
vn -0.006328 0.004955 0.005950
vn -0.006644 0.002225 0.007134
vn -0.006517 0.002062 0.007299
vn -0.005711 0.001118 0.008132
vn -0.005711 0.001118 0.008132
vn -0.005240 0.004991 -0.006902
vn -0.006549 0.004273 -0.006233
vn -0.005973 0.004623 -0.006554
vn -0.007987 0.003280 -0.005045
vn -0.008445 0.002840 -0.004541
vn -0.009636 0.001403 -0.002276
vn -0.009659 0.001365 -0.002201
vn -0.009944 0.000666 -0.000823
vn -0.009944 0.000666 -0.000823
vn -0.000314 0.005027 -0.008639
vn -0.000951 0.004457 -0.008901
vn -0.000809 0.004600 -0.008842
vn -0.000220 0.002905 -0.009566
vn -0.000738 0.003462 -0.009352
vn 0.002558 0.001318 -0.009577
vn 0.001719 0.001675 -0.009708
vn 0.003729 0.000723 -0.009250
vn 0.003729 0.000723 -0.009250
vn -0.004664 0.005612 -0.006838
vn -0.004970 0.005071 -0.007042
vn -0.004970 0.005071 -0.007042
vn -0.006010 0.003849 -0.007004
vn -0.006429 0.003418 -0.006855
vn -0.007935 0.002100 -0.005712
vn -0.008839 0.001356 -0.004476
vn -0.009344 0.000752 -0.003482
vn -0.009344 0.000752 -0.003482
vn -0.007798 0.004658 0.004183
vn -0.007813 0.004265 0.004558
vn -0.007820 0.004418 0.004396
vn -0.007808 0.003669 0.005057
vn -0.007786 0.003221 0.005385
vn -0.007596 0.002297 0.006084
vn -0.007500 0.001872 0.006344
vn -0.007369 0.001291 0.006636
vn -0.007369 0.001291 0.006636
vn 0.005570 0.007265 -0.004025
vn 0.006763 0.006864 -0.002674
vn 0.007761 0.006185 -0.001231
vn 0.009042 0.004209 0.000731
vn 0.009181 0.003860 0.000901
vn 0.009745 0.001515 0.001658
vn 0.009794 0.001138 0.001667
vn 0.009866 0.000244 0.001614
vn 0.009866 0.000244 0.001614
vn -0.006504 0.005054 -0.005671
vn -0.006191 0.004898 -0.006139
vn -0.005865 0.004663 -0.006622
vn -0.005700 0.003695 -0.007339
vn -0.005694 0.003897 -0.007238
vn -0.006632 0.002497 -0.007056
vn -0.006719 0.002387 -0.007011
vn -0.007477 0.001791 -0.006394
vn -0.007477 0.001791 -0.006394
vn 0.004206 0.004503 -0.007876
vn 0.004972 0.004421 -0.007465
vn 0.006186 0.004199 -0.006641
vn 0.008662 0.003039 -0.003966
vn 0.007789 0.003550 -0.005169
vn 0.009836 0.001570 -0.000888
vn 0.009770 0.001739 -0.001236
vn 0.009951 0.000824 0.000541
vn 0.009951 0.000824 0.000541
vn 0.005300 0.005491 0.006463
vn 0.005260 0.005091 0.006813
vn 0.005253 0.004984 0.006896
vn 0.004855 0.003683 0.007929
vn 0.004918 0.003939 0.007765
vn 0.004260 0.001722 0.008882
vn 0.004280 0.001957 0.008823
vn 0.003866 0.000731 0.009193
vn 0.003866 0.000731 0.009193
vn -0.002374 0.004756 -0.008470
vn -0.002244 0.004379 -0.008706
vn -0.002244 0.004379 -0.008706
vn -0.001347 0.003302 -0.009342
vn -0.001439 0.003353 -0.009310
vn 0.000455 0.001818 -0.009823
vn 0.000378 0.001862 -0.009818
vn 0.001565 0.001114 -0.009814
vn 0.001565 0.001114 -0.009814
vn 0.003397 0.005976 0.007262
vn 0.002832 0.005581 0.007800
vn 0.002775 0.005563 0.007832
vn 0.003154 0.004352 0.008433
vn 0.004207 0.003225 0.008479
vn 0.006157 0.001599 0.007716
vn 0.007211 0.000796 0.006882
vn 0.008069 0.000099 0.005905
vn 0.008069 0.000099 0.005905
vn 0.002687 0.007880 0.005539
vn 0.002697 0.006517 0.007089
vn 0.002723 0.006245 0.007321
vn 0.002523 0.003649 0.008962
vn 0.002514 0.003141 0.009155
vn 0.002332 0.001090 0.009663
vn 0.002418 0.000371 0.009696
vn 0.002413 -0.000227 0.009702
vn 0.002413 -0.000227 0.009702
vn -0.006724 0.006343 0.003815
vn -0.007413 0.005448 0.003920
vn -0.007229 0.005699 0.003908
vn -0.007944 0.004367 0.004222
vn -0.008115 0.003755 0.004478
vn -0.008202 0.002771 0.005005
vn -0.008197 0.002465 0.005170
vn -0.008135 0.002034 0.005449
vn -0.008135 0.002034 0.005449
vn -0.007001 0.005785 -0.004187
vn -0.008458 0.005088 -0.001603
vn -0.007833 0.005507 -0.002883
vn -0.009206 0.003604 0.001507
vn -0.009189 0.003759 0.001194
vn -0.008831 0.001826 0.004322
vn -0.008929 0.001952 0.004057
vn -0.008424 0.001220 0.005249
vn -0.008424 0.001220 0.005249
vn -0.008061 0.005852 -0.000880
vn -0.008323 0.005537 -0.000249
vn -0.008266 0.005614 -0.000398
vn -0.009048 0.004256 -0.000107
vn -0.009019 0.004318 -0.000075
vn -0.009651 0.002596 -0.000334
vn -0.009746 0.002208 -0.000385
vn -0.009877 0.001493 -0.000456
vn -0.009877 0.001493 -0.000456
vn -0.008445 0.004187 0.003341
vn -0.008526 0.003896 0.003482
vn -0.008548 0.003804 0.003531
vn -0.008615 0.002777 0.004250
vn -0.008617 0.002894 0.004167
vn -0.008038 0.001505 0.005755
vn -0.007936 0.001343 0.005934
vn -0.007288 0.000686 0.006813
vn -0.007288 0.000686 0.006813
vn -0.008473 0.005257 0.000756
vn -0.008639 0.004949 0.000935
vn -0.008681 0.004873 0.000944
vn -0.009177 0.003835 0.001037
vn -0.009077 0.004061 0.001057
vn -0.009617 0.002645 0.000716
vn -0.009554 0.002838 0.000816
vn -0.009748 0.002169 0.000522
vn -0.009748 0.002169 0.000522
vn 0.008562 0.005162 0.000228
vn 0.008808 0.004513 -0.001434
vn 0.008719 0.004858 -0.000622
vn 0.009135 0.003238 -0.002462
vn 0.009250 0.002769 -0.002601
vn 0.009778 0.000854 -0.001915
vn 0.009759 0.000925 -0.001975
vn 0.009958 -0.000052 -0.000919
vn 0.009958 -0.000052 -0.000919
vn 0.005388 0.004675 -0.007008
vn 0.002720 0.004457 -0.008528
vn 0.004597 0.004658 -0.007561
vn 0.000129 0.004013 -0.009158
vn -0.002867 0.003048 -0.009082
vn -0.006383 0.001361 -0.007577
vn -0.005842 0.001729 -0.007930
vn -0.007390 0.000704 -0.006701
vn -0.007390 0.000704 -0.006701
vn 0.003524 0.006833 -0.006394
vn 0.003548 0.006140 -0.007051
vn 0.003571 0.006360 -0.006841
vn 0.002971 0.005199 -0.008009
vn 0.002339 0.004486 -0.008626
vn 0.000495 0.003255 -0.009442
vn -0.001023 0.002542 -0.009617
vn -0.002173 0.001892 -0.009576
vn -0.002173 0.001892 -0.009576
vn 0.003963 0.004420 0.008047
vn 0.003598 0.004195 0.008334
vn 0.003212 0.004000 0.008584
vn 0.001364 0.003021 0.009435
vn 0.002163 0.003477 0.009123
vn -0.001327 0.001989 0.009710
vn -0.000541 0.002259 0.009727
vn -0.002381 0.001542 0.009589
vn -0.002381 0.001542 0.009589
vn -0.006633 0.006708 0.003318
vn -0.007059 0.005801 0.004064
vn -0.007017 0.005888 0.004012
vn -0.007567 0.003914 0.005236
vn -0.007552 0.003894 0.005273
vn -0.008284 0.001445 0.005411
vn -0.008019 0.002019 0.005623
vn -0.008528 0.000793 0.005162
vn -0.008528 0.000793 0.005162
vn 0.002763 0.008841 -0.003768
vn 0.004972 0.007788 -0.003825
vn 0.005508 0.007428 -0.003806
vn 0.008264 0.004768 -0.002996
vn 0.008508 0.004399 -0.002873
vn 0.009605 0.002234 -0.001658
vn 0.009782 0.001687 -0.001214
vn 0.009906 0.001133 -0.000766
vn 0.009906 0.001133 -0.000766
vn -0.004956 0.006112 0.006172
vn -0.005496 0.005521 0.006270
vn -0.005638 0.005367 0.006278
vn -0.006777 0.003793 0.006299
vn -0.006611 0.004024 0.006333
vn -0.007736 0.002049 0.005997
vn -0.007677 0.002184 0.006024
vn -0.008039 0.001331 0.005796
vn -0.008039 0.001331 0.005796
vn -0.002715 0.006648 -0.006959
vn -0.002533 0.006095 -0.007512
vn -0.002456 0.005900 -0.007692
vn -0.002349 0.004025 -0.008848
vn -0.002326 0.004232 -0.008756
vn -0.003350 0.002059 -0.009194
vn -0.004244 0.001403 -0.008945
vn -0.005139 0.000742 -0.008546
vn -0.005139 0.000742 -0.008546
vn -0.004495 0.008190 0.003567
vn -0.006025 0.007378 0.003044
vn -0.006321 0.007174 0.002929
vn -0.008656 0.004698 0.001735
vn -0.008872 0.004346 0.001550
vn -0.009792 0.001991 0.000382
vn -0.009912 0.001317 -0.000106
vn -0.009963 0.000684 -0.000522
vn -0.009963 0.000684 -0.000522
vn 0.005123 0.006249 -0.005892
vn 0.005370 0.005193 -0.006648
vn 0.005278 0.005640 -0.006350
vn 0.004883 0.004245 -0.007625
vn 0.003330 0.003022 -0.008932
vn 0.001453 0.002084 -0.009672
vn -0.001466 0.001097 -0.009831
vn -0.002476 0.000686 -0.009664
vn -0.002476 0.000686 -0.009664
vn 0.002474 0.007704 0.005876
vn 0.003461 0.006288 0.006963
vn 0.003058 0.006906 0.006553
vn 0.004916 0.005012 0.007121
vn 0.007395 0.003158 0.005945
vn 0.008804 0.001934 0.004331
vn 0.009878 0.000530 0.001465
vn 0.009992 0.000051 0.000402
vn 0.009992 0.000051 0.000402
vn 0.006784 0.007178 -0.001564
vn 0.007454 0.006499 -0.001485
vn 0.007410 0.006554 -0.001459
vn 0.008434 0.004905 -0.002192
vn 0.008669 0.004219 -0.002655
vn 0.008534 0.002560 -0.004540
vn 0.007858 0.001859 -0.005898
vn 0.007205 0.001339 -0.006804
vn 0.007205 0.001339 -0.006804
vn 0.008164 0.005558 -0.001571
vn 0.008586 0.004941 -0.001366
vn 0.008474 0.005116 -0.001419
vn 0.009056 0.003962 -0.001515
vn 0.009240 0.003373 -0.001801
vn 0.009507 0.001966 -0.002399
vn 0.009543 0.001510 -0.002579
vn 0.009547 0.000699 -0.002892
vn 0.009547 0.000699 -0.002892
vn 0.000273 0.005289 0.008482
vn 0.001539 0.004733 0.008673
vn 0.001058 0.004938 0.008631
vn 0.001784 0.002998 0.009372
vn 0.001893 0.003475 0.009184
vn -0.000445 0.000793 0.009959
vn 0.000283 0.001228 0.009920
vn -0.001568 -0.000032 0.009876
vn -0.001568 -0.000032 0.009876
vn 0.007882 0.004448 0.004254
vn 0.007951 0.004234 0.004343
vn 0.007998 0.004040 0.004440
vn 0.008601 0.002948 0.004163
vn 0.008377 0.003356 0.004308
vn 0.009425 0.001341 0.003062
vn 0.009197 0.001817 0.003481
vn 0.009631 0.000810 0.002565
vn 0.009631 0.000810 0.002565
vn 0.005377 0.005158 0.006669
vn 0.005031 0.004979 0.007064
vn 0.004690 0.004768 0.007434
vn 0.004507 0.003696 0.008126
vn 0.004451 0.003901 0.008060
vn 0.005495 0.002345 0.008019
vn 0.005612 0.002285 0.007955
vn 0.006500 0.001678 0.007412
vn 0.006500 0.001678 0.007412
vn -0.001484 0.004447 0.008833
vn -0.001966 0.004335 0.008795
vn -0.002872 0.004081 0.008666
vn -0.006747 0.002787 0.006834
vn -0.004182 0.003737 0.008279
vn -0.009565 0.001093 0.002706
vn -0.008266 0.002063 0.005236
vn -0.009855 0.000656 0.001564
vn -0.009855 0.000656 0.001564
vn 0.008449 0.005331 -0.000444
vn 0.008441 0.005178 -0.001390
vn 0.008454 0.005238 -0.001043
vn 0.008617 0.004331 -0.002644
vn 0.008665 0.004057 -0.002908
vn 0.009055 0.001950 -0.003770
vn 0.009055 0.001950 -0.003770
vn 0.009216 0.000685 -0.003822
vn 0.009216 0.000685 -0.003822
vn 0.000417 0.006806 0.007315
vn 0.000765 0.006414 0.007634
vn 0.000966 0.006221 0.007770
vn -0.000904 0.004303 0.008982
vn 0.000407 0.005390 0.008413
vn -0.005642 0.001967 0.008019
vn -0.002991 0.003177 0.008998
vn -0.006622 0.001413 0.007359
vn -0.006622 0.001413 0.007359
vn -0.002955 0.006346 -0.007141
vn -0.003119 0.005819 -0.007511
vn -0.003129 0.005872 -0.007465
vn -0.004151 0.004544 -0.007882
vn -0.004693 0.003941 -0.007902
vn -0.006479 0.002420 -0.007222
vn -0.007606 0.001643 -0.006281
vn -0.008350 0.001005 -0.005410
vn -0.008350 0.001005 -0.005410
vn -0.001254 0.005901 -0.007975
vn -0.000978 0.005245 -0.008458
vn -0.000912 0.004966 -0.008632
vn 0.000237 0.002721 -0.009620
vn -0.000072 0.003253 -0.009456
vn 0.001355 0.000344 -0.009902
vn 0.001275 0.000550 -0.009903
vn 0.001799 -0.000630 -0.009817
vn 0.001799 -0.000630 -0.009817
vn -0.001698 0.007450 -0.006451
vn -0.000852 0.007007 -0.007083
vn -0.000059 0.006534 -0.007570
vn 0.003392 0.004188 -0.008424
vn 0.002137 0.005131 -0.008313
vn 0.005185 0.002052 -0.008301
vn 0.005348 0.001733 -0.008270
vn 0.005763 0.000766 -0.008136
vn 0.005763 0.000766 -0.008136
vn 0.004493 0.005788 0.006806
vn 0.007083 0.005485 0.004445
vn 0.005703 0.005755 0.005862
vn 0.009044 0.004094 0.001206
vn 0.009041 0.004111 0.001166
vn 0.009581 0.001456 -0.002466
vn 0.009602 0.002137 -0.001800
vn 0.009484 0.000821 -0.003063
vn 0.009484 0.000821 -0.003063
vn 0.006685 0.004993 -0.005512
vn 0.006630 0.004606 -0.005901
vn 0.006652 0.004834 -0.005691
vn 0.006803 0.003827 -0.006251
vn 0.006959 0.003341 -0.006357
vn 0.007464 0.002054 -0.006330
vn 0.007726 0.001455 -0.006180
vn 0.008012 0.000775 -0.005934
vn 0.008012 0.000775 -0.005934
vn 0.000512 0.006098 0.007909
vn 0.001433 0.005175 0.008436
vn 0.001579 0.004994 0.008518
vn 0.003331 0.002778 0.009010
vn 0.002803 0.003542 0.008922
vn 0.004645 0.001141 0.008782
vn 0.004150 0.001704 0.008937
vn 0.005002 0.000674 0.008633
vn 0.005002 0.000674 0.008633
vn 0.006630 0.005068 -0.005510
vn 0.005993 0.004905 -0.006326
vn 0.006287 0.004960 -0.005989
vn 0.005437 0.004183 -0.007276
vn 0.005376 0.004067 -0.007387
vn 0.005322 0.002539 -0.008077
vn 0.005283 0.002689 -0.008054
vn 0.005534 0.001856 -0.008120
vn 0.005534 0.001856 -0.008120
vn -0.004977 0.006160 -0.006106
vn -0.007542 0.005574 -0.003471
vn -0.006176 0.006009 -0.005075
vn -0.009156 0.004002 -0.000383
vn -0.009284 0.003712 0.000191
vn -0.009283 0.000899 0.003608
vn -0.009416 0.001407 0.003059
vn -0.008993 0.000044 0.004373
vn -0.008993 0.000044 0.004373
vn 0.003537 0.005551 -0.007528
vn 0.001395 0.005103 -0.008486
vn 0.002695 0.005397 -0.007976
vn -0.000732 0.004407 -0.008947
vn -0.002925 0.003449 -0.008919
vn -0.005464 0.002302 -0.008053
vn -0.006924 0.001558 -0.007045
vn -0.007828 0.000980 -0.006145
vn -0.007828 0.000980 -0.006145
vn 0.004636 0.005353 -0.007061
vn 0.003000 0.004759 -0.008267
vn 0.003587 0.004979 -0.007896
vn 0.001725 0.002751 -0.009458
vn 0.001835 0.003110 -0.009325
vn 0.002418 -0.000019 -0.009703
vn 0.001808 0.000825 -0.009801
vn 0.002904 -0.000610 -0.009550
vn 0.002904 -0.000610 -0.009550
vn 0.004656 0.008169 -0.003404
vn 0.005641 0.007441 -0.003580
vn 0.005935 0.007188 -0.003621
vn 0.008135 0.004573 -0.003594
vn 0.007892 0.004970 -0.003608
vn 0.009327 0.001776 -0.003138
vn 0.009327 0.001776 -0.003138
vn 0.009567 0.000595 -0.002850
vn 0.009567 0.000595 -0.002850
vn -0.000218 0.005935 -0.008045
vn 0.001281 0.005758 -0.008075
vn 0.002430 0.005522 -0.007975
vn 0.005038 0.004178 -0.007561
vn 0.005460 0.003779 -0.007477
vn 0.007231 0.001836 -0.006659
vn 0.007447 0.001485 -0.006507
vn 0.007948 0.000661 -0.006033
vn 0.007948 0.000661 -0.006033
vn 0.006998 0.004611 -0.005456
vn 0.006808 0.004479 -0.005796
vn 0.006900 0.004564 -0.005618
vn 0.006686 0.004031 -0.006249
vn 0.006660 0.003684 -0.006486
vn 0.006494 0.002688 -0.007113
vn 0.006348 0.002138 -0.007425
vn 0.006159 0.001559 -0.007722
vn 0.006159 0.001559 -0.007722
vn 0.007470 0.006645 0.000214
vn 0.007960 0.005957 0.001074
vn 0.008111 0.005695 0.001334
vn 0.008753 0.003930 0.002819
vn 0.008789 0.003763 0.002932
vn 0.009064 0.001964 0.003740
vn 0.009154 0.001482 0.003742
vn 0.009234 0.000825 0.003749
vn 0.009234 0.000825 0.003749
vn 0.000734 0.005901 0.008040
vn 0.001045 0.005427 0.008334
vn 0.001046 0.005501 0.008285
vn 0.002052 0.004609 0.008634
vn 0.002549 0.004217 0.008702
vn 0.004474 0.003189 0.008355
vn 0.005924 0.002481 0.007665
vn 0.006870 0.001912 0.007010
vn 0.006870 0.001912 0.007010
vn -0.007367 0.005805 0.003469
vn -0.007909 0.005284 0.003087
vn -0.008354 0.004779 0.002717
vn -0.009571 0.002871 -0.000387
vn -0.009165 0.003782 0.001304
vn -0.009181 0.001382 -0.003714
vn -0.009438 0.001756 -0.002799
vn -0.008630 0.000859 -0.004978
vn -0.008630 0.000859 -0.004978
vn 0.002585 0.005624 -0.007855
vn 0.002941 0.004830 -0.008248
vn 0.002877 0.005025 -0.008153
vn 0.003159 0.003675 -0.008747
vn 0.003133 0.003212 -0.008937
vn 0.002997 0.001927 -0.009344
vn 0.002962 0.001663 -0.009405
vn 0.002807 0.001011 -0.009545
vn 0.002807 0.001011 -0.009545
vn 0.003675 0.006712 0.006437
vn 0.003681 0.006066 0.007046
vn 0.003664 0.005658 0.007387
vn 0.002466 0.003500 0.009037
vn 0.003049 0.004354 0.008470
vn 0.000872 0.001658 0.009823
vn 0.001200 0.001981 0.009728
vn 0.000249 0.000970 0.009950
vn 0.000249 0.000970 0.009950
vn -0.003747 0.007726 0.005125
vn -0.004171 0.007025 0.005766
vn -0.004066 0.007149 0.005689
vn -0.004072 0.005373 0.007386
vn -0.003766 0.004445 0.008128
vn -0.002087 0.002410 0.009478
vn -0.000589 0.001529 0.009865
vn 0.000624 0.000736 0.009953
vn 0.000624 0.000736 0.009953
vn 0.006118 0.007715 -0.001748
vn 0.007001 0.006931 -0.001720
vn 0.007538 0.006365 -0.001635
vn 0.009294 0.003607 0.000780
vn 0.008601 0.005050 -0.000717
vn 0.009166 0.001395 0.003747
vn 0.009438 0.002297 0.002376
vn 0.008905 0.000815 0.004477
vn 0.008905 0.000815 0.004477
vn 0.000692 0.005619 0.008243
vn 0.000123 0.005372 0.008433
vn -0.000485 0.005012 0.008640
vn -0.003501 0.003369 0.008740
vn -0.002023 0.004245 0.008825
vn -0.006614 0.001255 0.007395
vn -0.005589 0.002013 0.008045
vn -0.007475 0.000552 0.006620
vn -0.007475 0.000552 0.006620
vn 0.002162 0.004696 0.008560
vn 0.004508 0.004443 0.007742
vn 0.003020 0.004644 0.008326
vn 0.006594 0.003829 0.006470
vn 0.007759 0.003291 0.005382
vn 0.009458 0.001873 0.002652
vn 0.009556 0.001724 0.002388
vn 0.009920 0.000909 0.000875
vn 0.009920 0.000909 0.000875
vn -0.005266 0.005488 0.006493
vn -0.004506 0.005035 0.007372
vn -0.004722 0.005147 0.007156
vn -0.003085 0.004015 0.008624
vn -0.003050 0.004066 0.008612
vn -0.001071 0.002655 0.009581
vn -0.001166 0.002731 0.009549
vn -0.000123 0.002039 0.009789
vn -0.000123 0.002039 0.009789
vn -0.008358 0.004897 0.002483
vn -0.008669 0.004562 0.002009
vn -0.008706 0.004504 0.001978
vn -0.009389 0.003410 0.000474
vn -0.009343 0.003518 0.000579
vn -0.009686 0.001625 -0.001881
vn -0.009696 0.001720 -0.001738
vn -0.009492 0.000630 -0.003082
vn -0.009492 0.000630 -0.003082
vn 0.002099 0.005734 -0.007920
vn 0.002437 0.005382 -0.008069
vn 0.002509 0.005262 -0.008125
vn 0.003421 0.003948 -0.008527
vn 0.003307 0.004097 -0.008502
vn 0.004438 0.002028 -0.008729
vn 0.004368 0.002074 -0.008753
vn 0.004822 0.000956 -0.008708
vn 0.004822 0.000956 -0.008708
vn -0.000312 0.007945 0.006064
vn -0.001269 0.007544 0.006441
vn -0.001687 0.007325 0.006596
vn -0.005389 0.005103 0.006703
vn -0.004487 0.005784 0.006812
vn -0.007876 0.002622 0.005577
vn -0.008160 0.002240 0.005329
vn -0.008807 0.001234 0.004573
vn -0.008807 0.001234 0.004573
vn 0.006094 0.005527 -0.005684
vn 0.004934 0.005146 -0.007013
vn 0.005636 0.005440 -0.006217
vn 0.003560 0.004791 -0.008023
vn 0.000303 0.003834 -0.009231
vn -0.002322 0.002949 -0.009269
vn -0.005577 0.001680 -0.008129
vn -0.006655 0.001163 -0.007373
vn -0.006655 0.001163 -0.007373
vn -0.000639 0.007072 -0.007042
vn -0.000244 0.006292 -0.007769
vn 0.000019 0.005699 -0.008217
vn 0.002538 0.002705 -0.009287
vn 0.001229 0.004080 -0.009047
vn 0.004425 0.000150 -0.008966
vn 0.004023 0.000699 -0.009128
vn 0.004987 -0.000837 -0.008628
vn 0.004987 -0.000837 -0.008628
vn 0.005177 0.004818 -0.007070
vn 0.004744 0.004819 -0.007366
vn 0.004937 0.004780 -0.007265
vn 0.004237 0.004167 -0.008043
vn 0.004119 0.003984 -0.008195
vn 0.003966 0.001995 -0.008960
vn 0.003966 0.001995 -0.008960
vn 0.004075 0.000748 -0.009102
vn 0.004075 0.000748 -0.009102
vn 0.006162 0.006922 0.003756
vn 0.006457 0.006238 0.004404
vn 0.006381 0.006446 0.004212
vn 0.007428 0.005281 0.004116
vn 0.008759 0.003970 0.002742
vn 0.009595 0.002731 0.000696
vn 0.009607 0.001352 -0.002424
vn 0.009297 0.000749 -0.003607
vn 0.009297 0.000749 -0.003607
vn 0.005992 0.006192 -0.005075
vn 0.005540 0.005711 -0.006058
vn 0.005645 0.005815 -0.005859
vn 0.006331 0.003764 -0.006764
vn 0.005914 0.004440 -0.006731
vn 0.008376 0.001627 -0.005215
vn 0.007833 0.002121 -0.005843
vn 0.009042 0.000856 -0.004185
vn 0.009042 0.000856 -0.004185
vn -0.006040 0.005900 0.005359
vn -0.005820 0.005249 0.006211
vn -0.005835 0.005374 0.006089
vn -0.004914 0.003842 0.007816
vn -0.004781 0.003670 0.007980
vn -0.002740 0.001736 0.009459
vn -0.002581 0.001656 0.009518
vn -0.001288 0.000687 0.009893
vn -0.001288 0.000687 0.009893
vn 0.002841 0.006697 -0.006862
vn 0.004201 0.006650 -0.006175
vn 0.005769 0.006398 -0.005078
vn 0.008434 0.004705 -0.002596
vn 0.008156 0.005022 -0.002874
vn 0.009586 0.002699 -0.000908
vn 0.009738 0.002100 -0.000867
vn 0.009862 0.001446 -0.000804
vn 0.009862 0.001446 -0.000804
vn -0.008283 0.005599 0.000213
vn -0.008434 0.005314 0.000787
vn -0.008417 0.005353 0.000710
vn -0.008852 0.004053 0.002284
vn -0.008906 0.003777 0.002534
vn -0.008620 0.001491 0.004845
vn -0.008549 0.001245 0.005036
vn -0.007898 0.000011 0.006134
vn -0.007898 0.000011 0.006134
vn -0.005325 0.005956 -0.006014
vn -0.006392 0.005210 -0.005657
vn -0.006195 0.005342 -0.005752
vn -0.007741 0.004095 -0.004827
vn -0.007890 0.003948 -0.004707
vn -0.008942 0.002797 -0.003495
vn -0.008999 0.002742 -0.003390
vn -0.009404 0.002112 -0.002667
vn -0.009404 0.002112 -0.002667
vn 0.003278 0.004795 -0.008141
vn 0.003329 0.004529 -0.008271
vn 0.003348 0.004327 -0.008371
vn 0.003361 0.003315 -0.008816
vn 0.003344 0.003721 -0.008659
vn 0.002840 0.002019 -0.009373
vn 0.003054 0.002367 -0.009223
vn 0.002514 0.001497 -0.009562
vn 0.002514 0.001497 -0.009562
vn -0.002647 0.006232 -0.007359
vn -0.002007 0.005934 -0.007795
vn -0.001062 0.005454 -0.008314
vn 0.001909 0.003601 -0.009132
vn 0.000394 0.004617 -0.008862
vn 0.004416 0.001830 -0.008783
vn 0.003586 0.002429 -0.009013
vn 0.005104 0.001214 -0.008513
vn 0.005104 0.001214 -0.008513
vn 0.007460 0.006655 0.000265
vn 0.008008 0.005897 -0.001051
vn 0.007917 0.006058 -0.000794
vn 0.009255 0.003616 -0.001124
vn 0.008862 0.004385 -0.001495
vn 0.009770 0.001508 0.001509
vn 0.009787 0.001974 0.000571
vn 0.009592 0.000871 0.002690
vn 0.009592 0.000871 0.002690
vn -0.002178 0.006926 -0.006877
vn -0.000918 0.006599 -0.007458
vn 0.000322 0.006158 -0.007872
vn 0.003039 0.004560 -0.008365
vn 0.002642 0.004855 -0.008334
vn 0.004575 0.002844 -0.008425
vn 0.004658 0.002587 -0.008462
vn 0.004939 0.001909 -0.008483
vn 0.004939 0.001909 -0.008483
vn -0.005345 0.005577 0.006351
vn -0.003431 0.005681 0.007480
vn -0.004621 0.005620 0.006860
vn -0.001009 0.005291 0.008426
vn 0.000606 0.004768 0.008769
vn 0.004020 0.003070 0.008626
vn 0.004513 0.002751 0.008489
vn 0.005958 0.001609 0.007869
vn 0.005958 0.001609 0.007869
vn 0.007831 0.006128 0.001057
vn 0.007968 0.005741 0.001882
vn 0.008048 0.005476 0.002289
vn 0.007362 0.004017 0.005446
vn 0.007694 0.004450 0.004583
vn 0.005790 0.002562 0.007740
vn 0.005495 0.002345 0.008019
vn 0.004533 0.001711 0.008748
vn 0.004533 0.001711 0.008748
vn -0.000098 0.006603 0.007509
vn 0.001241 0.005938 0.007950
vn 0.000666 0.006255 0.007774
vn 0.003066 0.005090 0.008043
vn 0.004508 0.004363 0.007788
vn 0.006841 0.003092 0.006606
vn 0.007674 0.002647 0.005839
vn 0.008566 0.001980 0.004764
vn 0.008566 0.001980 0.004764
vn 0.000880 0.005633 0.008216
vn 0.002612 0.005470 0.007953
vn 0.001902 0.005556 0.008094
vn 0.004637 0.003996 0.007907
vn 0.004544 0.004095 0.007911
vn 0.005003 0.001349 0.008553
vn 0.005315 0.002005 0.008230
vn 0.004598 0.000686 0.008854
vn 0.004598 0.000686 0.008854
vn -0.007874 0.005511 0.002763
vn -0.008253 0.005282 0.001996
vn -0.008617 0.004967 0.001042
vn -0.009064 0.003385 -0.002526
vn -0.009036 0.004186 -0.000908
vn -0.007689 0.001296 -0.006261
vn -0.008428 0.002048 -0.004978
vn -0.006878 0.000671 -0.007228
vn -0.006878 0.000671 -0.007228
vn 0.006013 0.004840 -0.006358
vn 0.006298 0.004721 -0.006169
vn 0.006549 0.004575 -0.006015
vn 0.007173 0.003321 -0.006126
vn 0.007098 0.003582 -0.006066
vn 0.006783 0.001258 -0.007240
vn 0.006759 0.001194 -0.007272
vn 0.005965 0.000087 -0.008026
vn 0.005965 0.000087 -0.008026
vn 0.007946 0.005159 0.003200
vn 0.008610 0.004827 0.001601
vn 0.008377 0.004977 0.002249
vn 0.009473 0.003193 0.000243
vn 0.009378 0.003451 0.000367
vn 0.009942 0.000436 0.000982
vn 0.009914 0.001268 0.000321
vn 0.009873 -0.000239 0.001568
vn 0.009873 -0.000239 0.001568
vn 0.000600 0.005575 -0.008280
vn 0.001131 0.004984 -0.008595
vn 0.001218 0.004875 -0.008646
vn 0.002845 0.003215 -0.009032
vn 0.002692 0.003298 -0.009049
vn 0.005049 0.001059 -0.008567
vn 0.004945 0.001124 -0.008619
vn 0.006074 0.000044 -0.007944
vn 0.006074 0.000044 -0.007944
vn -0.001920 0.004879 -0.008515
vn -0.004765 0.004513 -0.007545
vn -0.003402 0.004771 -0.008103
vn -0.007842 0.003177 -0.005330
vn -0.007174 0.003608 -0.005960
vn -0.009429 0.001438 -0.003004
vn -0.009064 0.002051 -0.003692
vn -0.009626 0.001085 -0.002482
vn -0.009626 0.001085 -0.002482
vn 0.003365 0.007867 0.005175
vn 0.003230 0.007087 0.006272
vn 0.003179 0.006774 0.006634
vn 0.002412 0.004502 0.008597
vn 0.002526 0.004896 0.008346
vn 0.001253 0.002620 0.009569
vn 0.001383 0.002675 0.009536
vn 0.000814 0.002019 0.009760
vn 0.000814 0.002019 0.009760
vn -0.007890 0.006096 0.000766
vn -0.007433 0.005504 0.003802
vn -0.007724 0.005806 0.002575
vn -0.005928 0.003653 0.007177
vn -0.006394 0.004208 0.006435
vn -0.004561 0.001584 0.008757
vn -0.004877 0.002230 0.008441
vn -0.004240 0.001112 0.008988
vn -0.004240 0.001112 0.008988
vn 0.005136 0.006972 0.005002
vn 0.005368 0.006038 0.005893
vn 0.005298 0.006143 0.005847
vn 0.005536 0.004324 0.007118
vn 0.005592 0.003827 0.007354
vn 0.005236 0.001924 0.008300
vn 0.005145 0.001643 0.008416
vn 0.004718 0.000738 0.008786
vn 0.004718 0.000738 0.008786
vn -0.008114 0.005843 0.000151
vn -0.008412 0.005352 -0.000771
vn -0.008351 0.005472 -0.000567
vn -0.008815 0.004511 -0.001396
vn -0.009099 0.003892 -0.001437
vn -0.009547 0.002822 -0.000942
vn -0.009791 0.002027 -0.000186
vn -0.009882 0.001476 0.000415
vn -0.009882 0.001476 0.000415
vn -0.004206 0.005722 -0.007041
vn -0.005130 0.005594 -0.006511
vn -0.004758 0.005643 -0.006747
vn -0.006327 0.004607 -0.006224
vn -0.006582 0.004258 -0.006208
vn -0.006930 0.002217 -0.006860
vn -0.006930 0.002217 -0.006860
vn -0.006501 0.001159 -0.007510
vn -0.006501 0.001159 -0.007510
vn -0.001880 0.005008 -0.008449
vn -0.002329 0.004300 -0.008723
vn -0.002485 0.004072 -0.008789
vn -0.003723 0.002174 -0.009023
vn -0.003329 0.002816 -0.008999
vn -0.005406 0.000644 -0.008388
vn -0.005020 0.000932 -0.008598
vn -0.006152 0.000023 -0.007884
vn -0.006152 0.000023 -0.007884
vn 0.005636 0.005440 -0.006217
vn 0.005905 0.005251 -0.006129
vn 0.005953 0.005208 -0.006119
vn 0.006957 0.003800 -0.006095
vn 0.006882 0.003925 -0.006101
vn 0.007950 0.001373 -0.005909
vn 0.007929 0.001419 -0.005925
vn 0.008229 0.000055 -0.005681
vn 0.008229 0.000055 -0.005681
vn 0.006636 0.004693 -0.005826
vn 0.006389 0.004478 -0.006255
vn 0.006524 0.004554 -0.006058
vn 0.006295 0.003808 -0.006773
vn 0.006273 0.003482 -0.006966
vn 0.006209 0.002182 -0.007529
vn 0.006160 0.001665 -0.007700
vn 0.006030 0.000921 -0.007924
vn 0.006030 0.000921 -0.007924
vn -0.007594 0.006122 0.002201
vn -0.007289 0.005128 0.004536
vn -0.007455 0.005604 0.003608
vn -0.006315 0.003420 0.006959
vn -0.006206 0.003254 0.007134
vn -0.004285 0.001330 0.008937
vn -0.003623 0.000909 0.009276
vn -0.002454 0.000285 0.009690
vn -0.002454 0.000285 0.009690
vn -0.001798 0.004636 0.008676
vn -0.000942 0.004261 0.008998
vn -0.001410 0.004456 0.008841
vn 0.000056 0.003704 0.009289
vn 0.000938 0.003023 0.009486
vn 0.001937 0.001806 0.009643
vn 0.002063 0.001531 0.009664
vn 0.002295 0.000822 0.009698
vn 0.002295 0.000822 0.009698
vn -0.000259 0.005611 -0.008273
vn 0.000445 0.005036 -0.008628
vn 0.001055 0.004467 -0.008885
vn 0.001250 0.002605 -0.009573
vn 0.001338 0.002829 -0.009498
vn -0.000372 0.000815 -0.009960
vn -0.000608 0.000689 -0.009958
vn -0.001885 -0.000010 -0.009821
vn -0.001885 -0.000010 -0.009821
vn 0.000425 0.007072 -0.007057
vn 0.002353 0.006771 -0.006973
vn 0.004733 0.005998 -0.006452
vn 0.008313 0.003342 -0.004442
vn 0.007378 0.004270 -0.005228
vn 0.009525 0.001022 -0.002870
vn 0.009499 0.001091 -0.002928
vn 0.009712 0.000118 -0.002380
vn 0.009712 0.000118 -0.002380
vn 0.005408 0.006606 -0.005207
vn 0.006102 0.006013 -0.005159
vn 0.006674 0.005431 -0.005095
vn 0.008753 0.003294 -0.003541
vn 0.007892 0.004239 -0.004443
vn 0.009700 0.001607 -0.001826
vn 0.009565 0.001943 -0.002177
vn 0.009887 0.000977 -0.001133
vn 0.009887 0.000977 -0.001133
vn -0.007209 0.004726 -0.005070
vn -0.007280 0.004351 -0.005298
vn -0.007263 0.004531 -0.005169
vn -0.007318 0.003599 -0.005787
vn -0.007285 0.003158 -0.006079
vn -0.007061 0.002008 -0.006790
vn -0.006899 0.001347 -0.007113
vn -0.006694 0.000685 -0.007397
vn -0.006694 0.000685 -0.007397
vn 0.001195 0.007006 0.007034
vn 0.001328 0.006471 0.007507
vn 0.001328 0.006471 0.007507
vn 0.001321 0.005159 0.008464
vn 0.001358 0.005114 0.008485
vn 0.001160 0.003442 0.009317
vn 0.001161 0.003317 0.009362
vn 0.001032 0.002538 0.009617
vn 0.001032 0.002538 0.009617
vn -0.002080 0.005775 0.007894
vn -0.001531 0.005316 0.008331
vn -0.001385 0.005184 0.008439
vn -0.000378 0.003636 0.009308
vn -0.000623 0.004116 0.009092
vn 0.000834 0.001884 0.009785
vn 0.000626 0.002136 0.009749
vn 0.001425 0.001073 0.009840
vn 0.001425 0.001073 0.009840
vn -0.001130 0.004287 0.008964
vn -0.000736 0.003872 0.009190
vn -0.000868 0.003987 0.009130
vn 0.000282 0.003152 0.009486
vn 0.000901 0.002734 0.009577
vn 0.002852 0.001733 0.009427
vn 0.003938 0.001252 0.009106
vn 0.004989 0.000747 0.008635
vn 0.004989 0.000747 0.008635
vn -0.007309 0.005523 0.004010
vn -0.007910 0.005618 0.002423
vn -0.008322 0.005522 0.000509
vn -0.008010 0.004210 -0.004256
vn -0.008182 0.004508 -0.003569
vn -0.006457 0.002501 -0.007215
vn -0.005948 0.002055 -0.007772
vn -0.005386 0.001532 -0.008285
vn -0.005386 0.001532 -0.008285
vn -0.003927 0.007200 0.005721
vn -0.003006 0.006480 0.006998
vn -0.003181 0.006590 0.006815
vn -0.000980 0.004298 0.008976
vn -0.001315 0.004660 0.008750
vn 0.001237 0.001752 0.009767
vn 0.000625 0.002394 0.009689
vn 0.001744 0.001239 0.009768
vn 0.001744 0.001239 0.009768
vn -0.006292 0.005632 0.005356
vn -0.006393 0.005274 0.005596
vn -0.006365 0.005360 0.005546
vn -0.006532 0.004053 0.006396
vn -0.006532 0.003773 0.006564
vn -0.007063 0.001506 0.006917
vn -0.006875 0.001961 0.006992
vn -0.007319 0.000698 0.006778
vn -0.007319 0.000698 0.006778
vn 0.001756 0.005589 0.008104
vn 0.002055 0.004842 0.008505
vn 0.002160 0.004539 0.008645
vn 0.002853 0.002514 0.009249
vn 0.002637 0.003180 0.009107
vn 0.004176 0.000797 0.009051
vn 0.003910 0.001066 0.009142
vn 0.004947 0.000068 0.008690
vn 0.004947 0.000068 0.008690
vn 0.004175 0.004746 0.007749
vn 0.003527 0.004669 0.008109
vn 0.002156 0.004381 0.008727
vn -0.002755 0.002569 0.009263
vn 0.000358 0.003884 0.009208
vn -0.005469 0.000587 0.008351
vn -0.004848 0.001166 0.008668
vn -0.006218 -0.000194 0.007829
vn -0.006218 -0.000194 0.007829
vn 0.006415 0.005569 0.005276
vn 0.005959 0.005375 0.005967
vn 0.005360 0.005097 0.006730
vn 0.003391 0.003625 0.008681
vn 0.004201 0.004212 0.008038
vn 0.001564 0.001883 0.009696
vn 0.001816 0.002160 0.009594
vn 0.000769 0.001062 0.009914
vn 0.000769 0.001062 0.009914
vn 0.004599 0.005901 0.006636
vn 0.006558 0.005324 0.005352
vn 0.005942 0.005586 0.005788
vn 0.008792 0.003587 0.003137
vn 0.008464 0.003966 0.003555
vn 0.009850 0.001552 0.000753
vn 0.009760 0.001855 0.001145
vn 0.009960 0.000879 -0.000163
vn 0.009960 0.000879 -0.000163
vn -0.006357 0.006048 0.004797
vn -0.006688 0.005327 0.005186
vn -0.006630 0.005496 0.005083
vn -0.007208 0.004036 0.005635
vn -0.007268 0.003783 0.005734
vn -0.008514 0.001656 0.004977
vn -0.008158 0.002145 0.005370
vn -0.008968 0.000867 0.004338
vn -0.008968 0.000867 0.004338
vn -0.003393 0.007871 -0.005152
vn -0.003850 0.007249 -0.005713
vn -0.003955 0.007109 -0.005815
vn -0.003795 0.004561 -0.008049
vn -0.004090 0.005472 -0.007302
vn -0.000678 0.001844 -0.009805
vn -0.002385 0.002804 -0.009298
vn 0.000398 0.001214 -0.009918
vn 0.000398 0.001214 -0.009918
vn 0.009181 0.003860 0.000901
vn 0.009261 0.003663 0.000904
vn 0.009356 0.003395 0.000968
vn 0.009744 0.002204 0.000440
vn 0.009574 0.002796 0.000728
vn 0.009939 0.000521 -0.000973
vn 0.009920 0.001231 -0.000281
vn 0.009889 -0.000024 -0.001489
vn 0.009889 -0.000024 -0.001489
vn -0.001541 0.004203 0.008942
vn -0.001018 0.004057 0.009083
vn -0.001261 0.004117 0.009026
vn -0.000189 0.003469 0.009377
vn 0.000659 0.002857 0.009560
vn 0.001637 0.001367 0.009770
vn 0.001727 0.001016 0.009797
vn 0.001977 0.000062 0.009802
vn 0.001977 0.000062 0.009802
vn 0.000358 0.005935 0.008040
vn -0.000066 0.005344 0.008452
vn -0.000104 0.005382 0.008428
vn -0.000453 0.004039 0.009137
vn -0.000472 0.003717 0.009272
vn -0.000518 0.001874 0.009809
vn -0.000516 0.001702 0.009841
vn -0.000463 0.000749 0.009961
vn -0.000463 0.000749 0.009961
vn -0.002827 0.004488 -0.008477
vn -0.001945 0.004419 -0.008757
vn -0.000387 0.004231 -0.009053
vn 0.003284 0.003127 -0.008913
vn 0.001944 0.003659 -0.009101
vn 0.006265 0.001628 -0.007622
vn 0.006112 0.001751 -0.007719
vn 0.007378 0.000811 -0.006702
vn 0.007378 0.000811 -0.006702
vn 0.005822 0.005861 0.005635
vn 0.006722 0.005182 0.005288
vn 0.006882 0.005036 0.005223
vn 0.008349 0.002796 0.004740
vn 0.007959 0.003660 0.004823
vn 0.009116 0.000620 0.004064
vn 0.008852 0.001451 0.004420
vn 0.009247 0.000090 0.003805
vn 0.009247 0.000090 0.003805
vn 0.001495 0.006342 0.007586
vn 0.001253 0.005578 0.008205
vn 0.001157 0.005373 0.008354
vn 0.000264 0.003112 0.009500
vn 0.000358 0.003352 0.009415
vn -0.000689 0.000744 0.009948
vn -0.000689 0.000744 0.009948
vn -0.001137 -0.000262 0.009932
vn -0.001137 -0.000262 0.009932
vn -0.005328 0.006564 0.005341
vn -0.006311 0.006562 0.004137
vn -0.007166 0.006409 0.002754
vn -0.008718 0.004625 -0.001615
vn -0.008412 0.005406 -0.000128
vn -0.008637 0.002497 -0.004378
vn -0.008671 0.002664 -0.004210
vn -0.008411 0.001558 -0.005179
vn -0.008411 0.001558 -0.005179
vn 0.002662 0.005222 -0.008102
vn -0.000416 0.004975 -0.008664
vn 0.001424 0.005187 -0.008430
vn -0.003864 0.004082 -0.008271
vn -0.004222 0.003929 -0.008169
vn -0.007534 0.001758 -0.006336
vn -0.006972 0.002269 -0.006800
vn -0.008045 0.001145 -0.005828
vn -0.008045 0.001145 -0.005828
vn 0.003511 0.005524 -0.007560
vn 0.002287 0.005185 -0.008240
vn 0.002776 0.005332 -0.007992
vn 0.001003 0.004211 -0.009015
vn 0.000734 0.003895 -0.009181
vn 0.000046 0.002318 -0.009727
vn 0.000046 0.002318 -0.009727
vn 0.000142 0.001616 -0.009867
vn 0.000142 0.001616 -0.009867
vn 0.000763 0.004839 -0.008718
vn 0.000017 0.004035 -0.009150
vn 0.000292 0.004400 -0.008975
vn -0.001456 0.003159 -0.009376
vn -0.002974 0.002352 -0.009254
vn -0.005265 0.001282 -0.008404
vn -0.006104 0.000882 -0.007872
vn -0.007160 0.000289 -0.006975
vn -0.007160 0.000289 -0.006975
vn -0.007458 0.006516 0.001382
vn -0.007990 0.005608 0.002170
vn -0.007925 0.005760 0.002005
vn -0.008551 0.003976 0.003328
vn -0.008609 0.003647 0.003546
vn -0.009086 0.001478 0.003906
vn -0.008942 0.001971 0.004019
vn -0.009230 0.000824 0.003758
vn -0.009230 0.000824 0.003758
vn -0.003349 0.007681 0.005458
vn -0.004239 0.006998 0.005750
vn -0.004902 0.006413 0.005903
vn -0.007883 0.003763 0.004868
vn -0.006628 0.004989 0.005583
vn -0.009330 0.001664 0.003192
vn -0.009088 0.002097 0.003607
vn -0.009630 0.000932 0.002528
vn -0.009630 0.000932 0.002528
vn -0.007212 0.006903 0.000577
vn -0.008031 0.005955 0.000210
vn -0.008086 0.005879 0.000218
vn -0.009226 0.003676 -0.001171
vn -0.009194 0.003785 -0.001068
vn -0.009274 0.001559 -0.003401
vn -0.009307 0.001656 -0.003261
vn -0.008887 0.000862 -0.004503
vn -0.008887 0.000862 -0.004503
vn -0.002360 0.006339 0.007365
vn 0.000746 0.005467 0.008340
vn -0.001015 0.006044 0.007902
vn 0.003663 0.004082 0.008362
vn 0.004776 0.003388 0.008107
vn 0.007434 0.001238 0.006572
vn 0.007563 0.001072 0.006454
vn 0.008450 0.000070 0.005346
vn 0.008450 0.000070 0.005346
vn 0.006905 0.007050 0.001619
vn 0.007641 0.006229 0.001676
vn 0.007851 0.005958 0.001695
vn 0.009133 0.003756 0.001577
vn 0.008823 0.004424 0.001604
vn 0.009719 0.002258 0.000661
vn 0.009649 0.002465 0.000907
vn 0.009852 0.001715 0.000006
vn 0.009852 0.001715 0.000006
vn -0.008052 0.005161 0.002922
vn -0.008421 0.005040 0.001917
vn -0.008834 0.004685 0.000116
vn -0.007953 0.003044 -0.005242
vn -0.008844 0.004119 -0.002196
vn -0.005432 0.001443 -0.008271
vn -0.006131 0.001762 -0.007701
vn -0.004118 0.000742 -0.009082
vn -0.004118 0.000742 -0.009082
vn 0.004638 0.004683 0.007521
vn 0.005529 0.004002 0.007308
vn 0.005471 0.004046 0.007328
vn 0.007459 0.002314 0.006245
vn 0.007183 0.002588 0.006458
vn 0.009032 0.000474 0.004266
vn 0.008620 0.001001 0.004969
vn 0.009332 0.000033 0.003594
vn 0.009332 0.000033 0.003594
vn 0.001350 0.004498 0.008828
vn 0.002102 0.004237 0.008811
vn 0.001754 0.004370 0.008822
vn 0.002872 0.003514 0.008911
vn 0.002958 0.003392 0.008930
vn 0.003323 0.001903 0.009238
vn 0.003274 0.001978 0.009240
vn 0.003175 0.001117 0.009416
vn 0.003175 0.001117 0.009416
vn 0.008273 0.005594 0.000525
vn 0.008387 0.005280 0.001332
vn 0.008413 0.005118 0.001737
vn 0.008857 0.004161 0.002059
vn 0.009152 0.003628 0.001757
vn 0.009674 0.002533 0.000019
vn 0.009703 0.002223 -0.000950
vn 0.009590 0.001757 -0.002223
vn 0.009590 0.001757 -0.002223
vn 0.004882 0.006651 0.005651
vn 0.004913 0.006057 0.006260
vn 0.004818 0.005610 0.006732
vn 0.003078 0.003426 0.008876
vn 0.004129 0.004454 0.007944
vn 0.001093 0.001610 0.009809
vn 0.001565 0.002016 0.009669
vn 0.000231 0.000928 0.009954
vn 0.000231 0.000928 0.009954
vn 0.001941 0.004521 0.008706
vn 0.003897 0.004454 0.008061
vn 0.002557 0.004534 0.008538
vn 0.005602 0.004152 0.007168
vn 0.008606 0.002899 0.004186
vn 0.009780 0.001586 0.001353
vn 0.009959 0.000908 -0.000051
vn 0.009860 0.000104 -0.001666
vn 0.009860 0.000104 -0.001666
vn 0.007103 0.004711 -0.005230
vn 0.007480 0.003889 -0.005377
vn 0.007328 0.004263 -0.005304
vn 0.007722 0.003135 -0.005527
vn 0.007859 0.002457 -0.005674
vn 0.008096 0.001546 -0.005662
vn 0.008262 0.000962 -0.005552
vn 0.008393 0.000492 -0.005415
vn 0.008393 0.000492 -0.005415
vn 0.005782 0.006790 -0.004524
vn 0.006465 0.006078 -0.004611
vn 0.007079 0.005263 -0.004710
vn 0.009255 0.002653 -0.002704
vn 0.008103 0.004088 -0.004198
vn 0.009987 0.000502 0.000089
vn 0.009768 0.001560 -0.001468
vn 0.009972 0.000050 0.000742
vn 0.009972 0.000050 0.000742
vn 0.000314 0.004076 -0.009126
vn -0.000805 0.003811 -0.009210
vn -0.000090 0.004015 -0.009158
vn -0.001637 0.003256 -0.009312
vn -0.002157 0.002781 -0.009360
vn -0.001509 0.001316 -0.009797
vn -0.001951 0.001707 -0.009658
vn -0.000807 0.000698 -0.009943
vn -0.000807 0.000698 -0.009943
vn 0.001170 0.006123 0.007819
vn 0.000219 0.005441 0.008388
vn -0.000030 0.005231 0.008523
vn -0.000246 0.003715 0.009281
vn 0.000359 0.002894 0.009565
vn 0.002265 0.001308 0.009652
vn 0.003316 0.000773 0.009402
vn 0.004484 0.000101 0.008938
vn 0.004484 0.000101 0.008938
vn 0.005420 0.005239 -0.006571
vn 0.006444 0.005108 -0.005691
vn 0.008135 0.004622 -0.003529
vn 0.009580 0.002597 0.001214
vn 0.009186 0.003767 -0.001192
vn 0.009416 0.000924 0.003237
vn 0.009352 0.000584 0.003493
vn 0.009191 -0.000309 0.003929
vn 0.009191 -0.000309 0.003929
vn -0.008877 0.004307 0.001628
vn -0.008984 0.004070 0.001651
vn -0.008949 0.004149 0.001644
vn -0.009057 0.003790 0.001900
vn -0.009070 0.003476 0.002376
vn -0.008996 0.003011 0.003163
vn -0.008686 0.002442 0.004312
vn -0.008492 0.002106 0.004842
vn -0.008492 0.002106 0.004842
vn -0.007823 0.004717 0.004068
vn -0.007825 0.004284 0.004519
vn -0.007831 0.004437 0.004358
vn -0.007308 0.003621 0.005787
vn -0.006395 0.002721 0.007190
vn -0.004447 0.001466 0.008836
vn -0.003510 0.000925 0.009318
vn -0.002082 0.000279 0.009777
vn -0.002082 0.000279 0.009777
vn -0.006411 0.005820 -0.005003
vn -0.006114 0.005319 -0.005859
vn -0.006011 0.005082 -0.006168
vn -0.005335 0.003749 -0.007581
vn -0.005218 0.003582 -0.007742
vn -0.004952 0.002039 -0.008445
vn -0.005105 0.001409 -0.008483
vn -0.005215 0.000788 -0.008496
vn -0.005215 0.000788 -0.008496
vn -0.007891 0.005540 -0.002653
vn -0.007876 0.005355 -0.003047
vn -0.007855 0.005330 -0.003144
vn -0.007965 0.004129 -0.004417
vn -0.007950 0.004357 -0.004221
vn -0.007948 0.001949 -0.005748
vn -0.007961 0.002083 -0.005681
vn -0.007800 0.000766 -0.006210
vn -0.007800 0.000766 -0.006210
vn -0.004999 0.003853 -0.007757
vn -0.005590 0.003597 -0.007470
vn -0.005261 0.003773 -0.007621
vn -0.006188 0.003311 -0.007124
vn -0.006714 0.002954 -0.006797
vn -0.007413 0.002189 -0.006345
vn -0.007613 0.001860 -0.006212
vn -0.007892 0.001396 -0.005981
vn -0.007892 0.001396 -0.005981
vn -0.000050 0.008251 0.005650
vn -0.001018 0.007273 0.006788
vn -0.001172 0.007141 0.006902
vn -0.002998 0.004635 0.008339
vn -0.003245 0.004282 0.008434
vn -0.004657 0.001905 0.008642
vn -0.005116 0.001356 0.008484
vn -0.005625 0.000648 0.008243
vn -0.005625 0.000648 0.008243
vn 0.008510 0.004760 -0.002217
vn 0.008681 0.004562 -0.001955
vn 0.008821 0.004362 -0.001780
vn 0.009209 0.003345 -0.001999
vn 0.009192 0.003411 -0.001966
vn 0.009180 0.001831 -0.003517
vn 0.009126 0.001646 -0.003744
vn 0.008703 0.000840 -0.004852
vn 0.008703 0.000840 -0.004852
vn 0.008009 0.005962 0.000555
vn 0.008176 0.005359 -0.002108
vn 0.008123 0.005807 -0.000545
vn 0.007684 0.004891 -0.004127
vn 0.004782 0.003147 -0.008200
vn 0.002493 0.002015 -0.009472
vn -0.000964 0.000517 -0.009940
vn -0.002080 0.000038 -0.009781
vn -0.002080 0.000038 -0.009781
vn 0.005474 0.005647 -0.006176
vn 0.005642 0.005182 -0.006428
vn 0.005642 0.005182 -0.006428
vn 0.005570 0.004247 -0.007137
vn 0.005386 0.003865 -0.007487
vn 0.004655 0.002968 -0.008338
vn 0.004245 0.002672 -0.008651
vn 0.003673 0.002249 -0.009025
vn 0.003673 0.002249 -0.009025
vn -0.007468 0.006247 -0.002281
vn -0.008113 0.005504 -0.001972
vn -0.008359 0.005155 -0.001886
vn -0.009446 0.002801 -0.001713
vn -0.009106 0.003774 -0.001683
vn -0.009904 0.000620 -0.001234
vn -0.009760 0.001537 -0.001544
vn -0.009944 0.000106 -0.001053
vn -0.009944 0.000106 -0.001053
vn -0.002600 0.006220 0.007386
vn -0.003202 0.005541 0.007684
vn -0.003487 0.005195 0.007801
vn -0.006198 0.003085 0.007216
vn -0.005103 0.003893 0.007668
vn -0.008531 0.001401 0.005026
vn -0.008042 0.001774 0.005673
vn -0.009182 0.000854 0.003867
vn -0.009182 0.000854 0.003867
vn 0.001861 0.006108 -0.007696
vn 0.002361 0.005211 -0.008202
vn 0.002289 0.005330 -0.008146
vn 0.002804 0.003845 -0.008795
vn 0.002829 0.003379 -0.008977
vn 0.002843 0.001964 -0.009384
vn 0.002807 0.001650 -0.009455
vn 0.002684 0.000987 -0.009582
vn 0.002684 0.000987 -0.009582
vn 0.007540 0.005672 -0.003314
vn 0.007214 0.005572 -0.004112
vn 0.007335 0.005585 -0.003874
vn 0.007038 0.004565 -0.005443
vn 0.007011 0.004339 -0.005658
vn 0.007086 0.002112 -0.006733
vn 0.007111 0.002066 -0.006721
vn 0.007229 0.000696 -0.006875
vn 0.007229 0.000696 -0.006875
vn 0.001346 0.007507 -0.006467
vn 0.002480 0.006532 -0.007154
vn 0.002540 0.006447 -0.007211
vn 0.004451 0.004395 -0.007802
vn 0.004745 0.004040 -0.007821
vn 0.006146 0.002095 -0.007605
vn 0.006530 0.001501 -0.007423
vn 0.006905 0.000804 -0.007189
vn 0.006905 0.000804 -0.007189
vn 0.000126 0.007136 0.007004
vn 0.001373 0.005950 0.007919
vn 0.001207 0.006083 0.007845
vn 0.003758 0.003483 0.008588
vn 0.003480 0.003794 0.008573
vn 0.006048 0.001219 0.007870
vn 0.005444 0.001724 0.008209
vn 0.006577 0.000667 0.007504
vn 0.006577 0.000667 0.007504
vn -0.008097 0.005582 0.001811
vn -0.007053 0.005258 0.004755
vn -0.007775 0.005497 0.003053
vn -0.005258 0.003918 0.007550
vn -0.004941 0.003701 0.007867
vn -0.002154 0.000893 0.009724
vn -0.002682 0.001577 0.009504
vn -0.001478 0.000033 0.009890
vn -0.001478 0.000033 0.009890
vn 0.008590 0.005090 -0.000558
vn 0.008799 0.004742 -0.000302
vn 0.008744 0.004840 -0.000349
vn 0.009238 0.003826 0.000163
vn 0.009336 0.003573 0.000282
vn 0.009709 0.002073 0.001202
vn 0.009720 0.001910 0.001366
vn 0.009726 0.001063 0.002065
vn 0.009726 0.001063 0.002065
vn -0.001197 0.006954 0.007086
vn -0.001513 0.006340 0.007584
vn -0.001554 0.006200 0.007691
vn -0.002406 0.004323 0.008690
vn -0.002350 0.004493 0.008619
vn -0.003315 0.001912 0.009239
vn -0.003298 0.001964 0.009234
vn -0.003663 0.000739 0.009276
vn -0.003663 0.000739 0.009276
vn -0.003124 0.006017 0.007351
vn -0.003629 0.005071 0.007818
vn -0.003538 0.005324 0.007691
vn -0.004262 0.003781 0.008218
vn -0.004492 0.003107 0.008377
vn -0.005215 0.001831 0.008334
vn -0.005464 0.001517 0.008237
vn -0.005902 0.000912 0.008021
vn -0.005902 0.000912 0.008021
vn -0.007631 0.005114 -0.003952
vn -0.008244 0.004917 -0.002804
vn -0.007968 0.005036 -0.003339
vn -0.008967 0.004229 -0.001309
vn -0.009290 0.003665 -0.000510
vn -0.009858 0.001609 0.000482
vn -0.009784 0.001998 0.000533
vn -0.009965 0.000718 0.000423
vn -0.009965 0.000718 0.000423
vn -0.007538 0.006287 -0.001912
vn -0.008159 0.005603 -0.001424
vn -0.008352 0.005359 -0.001232
vn -0.009471 0.003187 -0.000370
vn -0.009130 0.004034 -0.000607
vn -0.009916 0.001217 0.000430
vn -0.009820 0.001889 0.000086
vn -0.009954 0.000669 0.000692
vn -0.009954 0.000669 0.000692
vn 0.008107 0.005377 -0.002318
vn 0.007327 0.005125 -0.004478
vn 0.007823 0.005289 -0.003291
vn 0.006117 0.004810 -0.006281
vn 0.002882 0.003804 -0.008788
vn -0.000185 0.002761 -0.009610
vn -0.002956 0.001824 -0.009378
vn -0.004413 0.001279 -0.008882
vn -0.004413 0.001279 -0.008882
vn 0.007633 0.005660 -0.003115
vn 0.007753 0.005286 -0.003457
vn 0.007782 0.005223 -0.003487
vn 0.007899 0.004121 -0.004540
vn 0.007892 0.004239 -0.004443
vn 0.007461 0.002583 -0.006136
vn 0.007528 0.002725 -0.005992
vn 0.007046 0.001913 -0.006834
vn 0.007046 0.001913 -0.006834
vn -0.002743 0.006922 0.006676
vn -0.002937 0.006402 0.007099
vn -0.003000 0.006086 0.007346
vn -0.005661 0.004055 0.007177
vn -0.004040 0.005169 0.007547
vn -0.009085 0.001878 0.003733
vn -0.007365 0.003009 0.006058
vn -0.009537 0.001344 0.002690
vn -0.009537 0.001344 0.002690
vn 0.006442 0.005797 -0.004990
vn 0.004575 0.005566 -0.006935
vn 0.005486 0.005752 -0.006068
vn 0.001946 0.004176 -0.008876
vn 0.002218 0.004394 -0.008705
vn -0.000610 0.001866 -0.009805
vn -0.000349 0.002188 -0.009751
vn -0.001435 0.000936 -0.009852
vn -0.001435 0.000936 -0.009852
vn -0.006988 0.006476 -0.003038
vn -0.007876 0.006074 -0.001039
vn -0.007517 0.006301 -0.001949
vn -0.008952 0.004432 0.000469
vn -0.008865 0.004609 0.000415
vn -0.009698 0.002122 -0.001202
vn -0.009629 0.002697 -0.000039
vn -0.009628 0.001605 -0.002175
vn -0.009628 0.001605 -0.002175
vn -0.004064 0.006722 0.006188
vn -0.004792 0.006130 0.006281
vn -0.004976 0.005910 0.006349
vn -0.006639 0.003960 0.006344
vn -0.006493 0.004203 0.006339
vn -0.007889 0.001651 0.005920
vn -0.007868 0.001629 0.005953
vn -0.008203 0.000616 0.005685
vn -0.008203 0.000616 0.005685
vn 0.003099 0.005595 0.007687
vn 0.002519 0.005425 0.008014
vn 0.001654 0.005130 0.008423
vn -0.002059 0.003634 0.009086
vn 0.000021 0.004581 0.008889
vn -0.005850 0.001775 0.007914
vn -0.004390 0.002541 0.008618
vn -0.006863 0.001155 0.007181
vn -0.006863 0.001155 0.007181
vn -0.007759 0.005360 0.003327
vn -0.006661 0.005160 0.005386
vn -0.007376 0.005326 0.004151
vn -0.005169 0.004720 0.007142
vn -0.002313 0.003538 0.009063
vn 0.000979 0.002030 0.009743
vn 0.002023 0.001501 0.009677
vn 0.003667 0.000622 0.009283
vn 0.003667 0.000622 0.009283
vn 0.004374 0.005814 0.006860
vn 0.005777 0.005672 0.005871
vn 0.005575 0.005713 0.006024
vn 0.007432 0.004050 0.005325
vn 0.007039 0.004887 0.005155
vn 0.006392 0.002027 0.007418
vn 0.007359 0.002979 0.006081
vn 0.005863 0.001551 0.007951
vn 0.005863 0.001551 0.007951
vn 0.005470 0.006066 0.005769
vn 0.005495 0.005499 0.006289
vn 0.005508 0.005457 0.006315
vn 0.005130 0.003619 0.007784
vn 0.005159 0.003771 0.007692
vn 0.003604 0.001136 0.009259
vn 0.003690 0.001279 0.009206
vn 0.002546 -0.000055 0.009670
vn 0.002546 -0.000055 0.009670
vn 0.006710 0.007406 -0.000356
vn 0.007547 0.006560 -0.000103
vn 0.007471 0.006645 -0.000156
vn 0.008699 0.004866 -0.000804
vn 0.009093 0.003877 -0.001510
vn 0.009115 0.002253 -0.003441
vn 0.008375 0.001262 -0.005316
vn 0.007779 0.000720 -0.006243
vn 0.007779 0.000720 -0.006243
vn 0.008589 0.005057 -0.000806
vn 0.008700 0.004926 -0.000215
vn 0.008769 0.004791 0.000385
vn 0.009090 0.003733 0.001856
vn 0.009016 0.004049 0.001523
vn 0.009535 0.002441 0.001769
vn 0.009777 0.001827 0.001034
vn 0.009932 0.001133 0.000255
vn 0.009932 0.001133 0.000255
vn 0.002078 0.007902 0.005765
vn 0.002477 0.006958 0.006741
vn 0.002544 0.006816 0.006860
vn 0.002874 0.004382 0.008517
vn 0.002841 0.004514 0.008459
vn 0.002663 0.001732 0.009482
vn 0.002663 0.001732 0.009482
vn 0.002393 0.000677 0.009686
vn 0.002393 0.000677 0.009686
vn -0.000074 0.006027 0.007979
vn 0.000122 0.005298 0.008480
vn 0.000106 0.005483 0.008362
vn 0.000169 0.003859 0.009224
vn 0.000150 0.003738 0.009274
vn -0.001691 0.001451 0.009748
vn -0.000859 0.002076 0.009744
vn -0.002559 0.000801 0.009634
vn -0.002559 0.000801 0.009634
vn 0.003414 0.008493 0.004025
vn 0.004498 0.007594 0.004700
vn 0.004793 0.007331 0.004826
vn 0.006019 0.004576 0.006545
vn 0.005866 0.005376 0.006057
vn 0.005361 0.002065 0.008185
vn 0.005869 0.002778 0.007605
vn 0.004912 0.001488 0.008582
vn 0.004912 0.001488 0.008582
vn 0.000801 0.004087 -0.009091
vn -0.000310 0.003818 -0.009237
vn 0.000407 0.003986 -0.009162
vn -0.001151 0.003270 -0.009380
vn -0.001574 0.002831 -0.009461
vn -0.000832 0.001347 -0.009874
vn -0.001347 0.001776 -0.009748
vn -0.000056 0.000721 -0.009974
vn -0.000056 0.000721 -0.009974
vn 0.000871 0.006095 0.007880
vn -0.000046 0.005417 0.008406
vn -0.000256 0.005237 0.008515
vn -0.000303 0.003757 0.009263
vn 0.000302 0.002941 0.009553
vn 0.002282 0.001347 0.009642
vn 0.003316 0.000773 0.009402
vn 0.004484 0.000101 0.008938
vn 0.004484 0.000101 0.008938
vn 0.001227 0.005494 -0.008265
vn 0.001501 0.004875 -0.008601
vn 0.001439 0.005048 -0.008511
vn 0.001534 0.003910 -0.009075
vn 0.001358 0.003335 -0.009329
vn 0.000880 0.001937 -0.009771
vn 0.000765 0.001488 -0.009859
vn 0.000469 0.000692 -0.009965
vn 0.000469 0.000692 -0.009965
vn 0.008201 0.005622 0.001061
vn 0.008660 0.004998 -0.000133
vn 0.008533 0.005211 0.000203
vn 0.009524 0.003047 -0.000116
vn 0.009285 0.003694 -0.000378
vn 0.009713 0.000760 0.002254
vn 0.009789 0.001316 0.001561
vn 0.009392 -0.000010 0.003434
vn 0.009392 -0.000010 0.003434
vn 0.005477 0.004141 -0.007271
vn 0.005492 0.003939 -0.007371
vn 0.005496 0.003804 -0.007438
vn 0.005375 0.002909 -0.007915
vn 0.005430 0.003241 -0.007747
vn 0.004714 0.001757 -0.008642
vn 0.004944 0.002011 -0.008456
vn 0.004316 0.001193 -0.008942
vn 0.004316 0.001193 -0.008942
vn 0.000968 0.005123 -0.008533
vn 0.000033 0.005032 -0.008641
vn 0.000388 0.005076 -0.008607
vn -0.001141 0.004172 -0.009016
vn -0.001351 0.003949 -0.009088
vn -0.002070 0.001918 -0.009594
vn -0.002075 0.001981 -0.009580
vn -0.001984 0.000732 -0.009774
vn -0.001984 0.000732 -0.009774
vn -0.007681 0.006242 0.001429
vn -0.008068 0.005695 0.001576
vn -0.008014 0.005772 0.001568
vn -0.008594 0.004460 0.002499
vn -0.008693 0.003898 0.003040
vn -0.008355 0.002439 0.004924
vn -0.007591 0.001684 0.006288
vn -0.006874 0.001081 0.007182
vn -0.006874 0.001081 0.007182
vn 0.006751 0.006122 -0.004116
vn 0.004559 0.005737 -0.006804
vn 0.005836 0.006019 -0.005450
vn 0.001380 0.004231 -0.008955
vn 0.001393 0.004296 -0.008922
vn -0.002147 0.001472 -0.009655
vn -0.001504 0.002190 -0.009641
vn -0.002709 0.000860 -0.009588
vn -0.002709 0.000860 -0.009588
vn 0.005003 0.008655 -0.000256
vn 0.006422 0.007650 0.000483
vn 0.006507 0.007574 0.000541
vn 0.008472 0.004928 0.001986
vn 0.008654 0.004532 0.002138
vn 0.009200 0.001990 0.003376
vn 0.009142 0.001409 0.003800
vn 0.009005 0.000710 0.004290
vn 0.009005 0.000710 0.004290
vn -0.002883 0.007232 -0.006276
vn -0.002580 0.006093 -0.007498
vn -0.002535 0.005787 -0.007752
vn -0.001914 0.003478 -0.009178
vn -0.001843 0.003094 -0.009329
vn -0.001463 0.001047 -0.009837
vn -0.001451 0.000417 -0.009885
vn -0.001469 -0.000232 -0.009889
vn -0.001469 -0.000232 -0.009889
vn 0.007778 0.006271 -0.000420
vn 0.007510 0.005627 -0.003457
vn 0.007714 0.005927 -0.002316
vn 0.006236 0.003661 -0.006907
vn 0.006653 0.004232 -0.006150
vn 0.005028 0.001643 -0.008486
vn 0.005312 0.002262 -0.008165
vn 0.004736 0.001117 -0.008736
vn 0.004736 0.001117 -0.008736
vn 0.007932 0.006045 0.000735
vn 0.008199 0.005490 0.001622
vn 0.008135 0.005621 0.001491
vn 0.008599 0.004578 0.002256
vn 0.008885 0.003967 0.002306
vn 0.009396 0.002886 0.001838
vn 0.009710 0.002111 0.001124
vn 0.009868 0.001511 0.000587
vn 0.009868 0.001511 0.000587
vn -0.000384 0.005532 0.008322
vn -0.001163 0.004904 0.008637
vn -0.001707 0.004417 0.008808
vn -0.001908 0.002620 0.009460
vn -0.001909 0.002747 0.009424
vn -0.000294 0.000791 0.009964
vn 0.000048 0.000640 0.009979
vn 0.001321 0.000008 0.009912
vn 0.001321 0.000008 0.009912
vn -0.001190 0.007170 0.006869
vn -0.003103 0.006829 0.006613
vn -0.005340 0.006030 0.005927
vn -0.008557 0.003398 0.003902
vn -0.007813 0.004265 0.004558
vn -0.009677 0.001044 0.002295
vn -0.009662 0.001110 0.002329
vn -0.009832 0.000112 0.001823
vn -0.009832 0.000112 0.001823
vn -0.005816 0.006597 0.004759
vn -0.006476 0.005987 0.004714
vn -0.007040 0.005386 0.004628
vn -0.008972 0.003246 0.002993
vn -0.008203 0.004197 0.003887
vn -0.009798 0.001564 0.001243
vn -0.009691 0.001879 0.001600
vn -0.009944 0.000920 0.000525
vn -0.009944 0.000920 0.000525
vn -0.005300 0.005811 -0.006176
vn -0.006182 0.005127 -0.005958
vn -0.006375 0.004995 -0.005865
vn -0.007828 0.002790 -0.005562
vn -0.007423 0.003670 -0.005606
vn -0.008668 0.000672 -0.004942
vn -0.008371 0.001441 -0.005278
vn -0.008815 0.000056 -0.004722
vn -0.008815 0.000056 -0.004722
vn -0.000766 0.006331 -0.007703
vn -0.000443 0.005561 -0.008299
vn -0.000333 0.005361 -0.008435
vn 0.000666 0.003147 -0.009468
vn 0.000547 0.003342 -0.009409
vn 0.001687 0.000741 -0.009829
vn 0.001687 0.000741 -0.009829
vn 0.002131 -0.000264 -0.009767
vn 0.002131 -0.000264 -0.009767
vn -0.000598 0.005048 0.008612
vn 0.001316 0.004701 0.008728
vn 0.000420 0.004901 0.008707
vn 0.003656 0.003918 0.008443
vn 0.003855 0.003817 0.008401
vn 0.006175 0.002473 0.007467
vn 0.005861 0.002689 0.007643
vn 0.006728 0.001989 0.007126
vn 0.006728 0.001989 0.007126
vn -0.004004 0.005401 0.007403
vn -0.002906 0.005117 0.008086
vn -0.003346 0.005242 0.007831
vn -0.001800 0.004126 0.008930
vn -0.001598 0.003835 0.009096
vn -0.001031 0.002320 0.009672
vn -0.001031 0.002320 0.009672
vn -0.001061 0.001630 0.009809
vn -0.001061 0.001630 0.009809
vn 0.007392 0.006690 -0.000773
vn 0.008035 0.005793 -0.001370
vn 0.007958 0.005911 -0.001315
vn 0.008827 0.004051 -0.002381
vn 0.008889 0.003855 -0.002476
vn 0.009517 0.001546 -0.002654
vn 0.009373 0.002043 -0.002822
vn 0.009661 0.000856 -0.002437
vn 0.009661 0.000856 -0.002437
vn 0.003070 0.007660 -0.005648
vn 0.004058 0.007028 -0.005843
vn 0.004820 0.006432 -0.005949
vn 0.008035 0.003812 -0.004573
vn 0.006630 0.005068 -0.005510
vn 0.009474 0.001667 -0.002733
vn 0.009252 0.002116 -0.003150
vn 0.009759 0.000993 -0.001941
vn 0.009759 0.000993 -0.001941
vn 0.007016 0.007122 0.000246
vn 0.007865 0.006138 0.000683
vn 0.007932 0.006045 0.000735
vn 0.008989 0.003822 0.002141
vn 0.008958 0.003922 0.002091
vn 0.008886 0.001643 0.004283
vn 0.008913 0.001630 0.004231
vn 0.008403 0.000880 0.005350
vn 0.008403 0.000880 0.005350
vn -0.000098 0.005783 -0.008158
vn -0.001789 0.005017 -0.008463
vn -0.001003 0.005401 -0.008356
vn -0.003576 0.004009 -0.008434
vn -0.004226 0.003516 -0.008353
vn -0.005931 0.002133 -0.007763
vn -0.006087 0.002000 -0.007677
vn -0.006763 0.001263 -0.007257
vn -0.006763 0.001263 -0.007257
vn -0.006827 0.006970 -0.002194
vn -0.007506 0.006190 -0.002311
vn -0.007758 0.005852 -0.002360
vn -0.008946 0.003751 -0.002430
vn -0.008633 0.004412 -0.002450
vn -0.009620 0.002229 -0.001577
vn -0.009518 0.002449 -0.001844
vn -0.009792 0.001766 -0.000997
vn -0.009792 0.001766 -0.000997
vn 0.008761 0.004762 0.000753
vn 0.008759 0.004589 0.001489
vn 0.008578 0.004307 0.002804
vn 0.007309 0.003220 0.006017
vn 0.008133 0.003892 0.004325
vn 0.005627 0.002015 0.008017
vn 0.006224 0.002421 0.007443
vn 0.004893 0.001558 0.008581
vn 0.004893 0.001558 0.008581
vn -0.007226 0.005158 0.004602
vn -0.006928 0.004453 0.005672
vn -0.007047 0.004725 0.005293
vn -0.006181 0.003320 0.007126
vn -0.005876 0.002955 0.007533
vn -0.004121 0.001581 0.008973
vn -0.003675 0.001314 0.009207
vn -0.002536 0.000671 0.009650
vn -0.002536 0.000671 0.009650
vt 0.488145 1.004724
vt 0.444672 0.754546
vt 0.532264 0.754546
vt 0.533110 0.504244
vt 0.445518 0.504244
vt 0.534357 0.253821
vt 0.446766 0.253821
vt 0.535883 0.003153
vt 0.448291 0.003153
vt 0.488145 1.004724
vt 0.444672 0.754546
vt 0.532264 0.754546
vt 0.533110 0.504244
vt 0.445518 0.504244
vt 0.534357 0.253821
vt 0.446766 0.253821
vt 0.535883 0.003153
vt 0.448291 0.003153
vt 0.488145 1.004724
vt 0.444672 0.754546
vt 0.532264 0.754546
vt 0.533110 0.504244
vt 0.445518 0.504244
vt 0.534357 0.253821
vt 0.446766 0.253821
vt 0.535883 0.003153
vt 0.448291 0.003153
vt 0.488145 1.004724
vt 0.444672 0.754546
vt 0.532264 0.754546
vt 0.533110 0.504244
vt 0.445518 0.504244
vt 0.534357 0.253821
vt 0.446766 0.253821
vt 0.535883 0.003153
vt 0.448291 0.003153
vt 0.488145 1.004724
vt 0.444672 0.754546
vt 0.532264 0.754546
vt 0.533110 0.504244
vt 0.445518 0.504244
vt 0.534357 0.253821
vt 0.446766 0.253821
vt 0.535883 0.003153
vt 0.448291 0.003153
vt 0.488145 1.004724
vt 0.444672 0.754546
vt 0.532264 0.754546
vt 0.533110 0.504244
vt 0.445518 0.504244
vt 0.534357 0.253821
vt 0.446766 0.253821
vt 0.535883 0.003153
vt 0.448291 0.003153
vt 0.488145 1.004724
vt 0.444672 0.754546
vt 0.532264 0.754546
vt 0.533110 0.504244
vt 0.445518 0.504244
vt 0.534357 0.253821
vt 0.446766 0.253821
vt 0.535883 0.003153
vt 0.448291 0.003153
vt 0.488145 1.004724
vt 0.444672 0.754546
vt 0.532264 0.754546
vt 0.533110 0.504244
vt 0.445518 0.504244
vt 0.534357 0.253821
vt 0.446766 0.253821
vt 0.535883 0.003153
vt 0.448291 0.003153
vt 0.488145 1.004724
vt 0.444672 0.754546
vt 0.532264 0.754546
vt 0.533110 0.504244
vt 0.445518 0.504244
vt 0.534357 0.253821
vt 0.446766 0.253821
vt 0.535883 0.003153
vt 0.448291 0.003153
vt 0.488145 1.004724
vt 0.444672 0.754546
vt 0.532264 0.754546
vt 0.533110 0.504244
vt 0.445518 0.504244
vt 0.534357 0.253821
vt 0.446766 0.253821
vt 0.535883 0.003153
vt 0.448291 0.003153
vt 0.488145 1.004724
vt 0.444672 0.754546
vt 0.532264 0.754546
vt 0.533110 0.504244
vt 0.445518 0.504244
vt 0.534357 0.253821
vt 0.446766 0.253821
vt 0.535883 0.003153
vt 0.448291 0.003153
vt 0.488145 1.004724
vt 0.444672 0.754546
vt 0.532264 0.754546
vt 0.533110 0.504244
vt 0.445518 0.504244
vt 0.534357 0.253821
vt 0.446766 0.253821
vt 0.535883 0.003153
vt 0.448291 0.003153
vt 0.488145 1.004724
vt 0.444672 0.754546
vt 0.532264 0.754546
vt 0.533110 0.504244
vt 0.445518 0.504244
vt 0.534357 0.253821
vt 0.446766 0.253821
vt 0.535883 0.003153
vt 0.448291 0.003153
vt 0.488145 1.004724
vt 0.444672 0.754546
vt 0.532264 0.754546
vt 0.533110 0.504244
vt 0.445518 0.504244
vt 0.534357 0.253821
vt 0.446766 0.253821
vt 0.535883 0.003153
vt 0.448291 0.003153
vt 0.488145 1.004724
vt 0.444672 0.754546
vt 0.532264 0.754546
vt 0.533110 0.504244
vt 0.445518 0.504244
vt 0.534357 0.253821
vt 0.446766 0.253821
vt 0.535883 0.003153
vt 0.448291 0.003153
vt 0.488145 1.004724
vt 0.444672 0.754546
vt 0.532264 0.754546
vt 0.533110 0.504244
vt 0.445518 0.504244
vt 0.534357 0.253821
vt 0.446766 0.253821
vt 0.535883 0.003153
vt 0.448291 0.003153
vt 0.488145 1.004724
vt 0.444672 0.754546
vt 0.532264 0.754546
vt 0.533110 0.504244
vt 0.445518 0.504244
vt 0.534357 0.253821
vt 0.446766 0.253821
vt 0.535883 0.003153
vt 0.448291 0.003153
vt 0.488145 1.004724
vt 0.444672 0.754546
vt 0.532264 0.754546
vt 0.533110 0.504244
vt 0.445518 0.504244
vt 0.534357 0.253821
vt 0.446766 0.253821
vt 0.535883 0.003153
vt 0.448291 0.003153
vt 0.488145 1.004724
vt 0.444672 0.754546
vt 0.532264 0.754546
vt 0.533110 0.504244
vt 0.445518 0.504244
vt 0.534357 0.253821
vt 0.446766 0.253821
vt 0.535883 0.003153
vt 0.448291 0.003153
vt 0.488145 1.004724
vt 0.444672 0.754546
vt 0.532264 0.754546
vt 0.533110 0.504244
vt 0.445518 0.504244
vt 0.534357 0.253821
vt 0.446766 0.253821
vt 0.535883 0.003153
vt 0.448291 0.003153
vt 0.488145 1.004724
vt 0.444672 0.754546
vt 0.532264 0.754546
vt 0.533110 0.504244
vt 0.445518 0.504244
vt 0.534357 0.253821
vt 0.446766 0.253821
vt 0.535883 0.003153
vt 0.448291 0.003153
vt 0.488145 1.004724
vt 0.444672 0.754546
vt 0.532264 0.754546
vt 0.533110 0.504244
vt 0.445518 0.504244
vt 0.534357 0.253821
vt 0.446766 0.253821
vt 0.535883 0.003153
vt 0.448291 0.003153
vt 0.488145 1.004724
vt 0.444672 0.754546
vt 0.532264 0.754546
vt 0.533110 0.504244
vt 0.445518 0.504244
vt 0.534357 0.253821
vt 0.446766 0.253821
vt 0.535883 0.003153
vt 0.448291 0.003153
vt 0.488145 1.004724
vt 0.444672 0.754546
vt 0.532264 0.754546
vt 0.533110 0.504244
vt 0.445518 0.504244
vt 0.534357 0.253821
vt 0.446766 0.253821
vt 0.535883 0.003153
vt 0.448291 0.003153
vt 0.488145 1.004724
vt 0.444672 0.754546
vt 0.532264 0.754546
vt 0.533110 0.504244
vt 0.445518 0.504244
vt 0.534357 0.253821
vt 0.446766 0.253821
vt 0.535883 0.003153
vt 0.448291 0.003153
vt 0.488145 1.004724
vt 0.444672 0.754546
vt 0.532264 0.754546
vt 0.533110 0.504244
vt 0.445518 0.504244
vt 0.534357 0.253821
vt 0.446766 0.253821
vt 0.535883 0.003153
vt 0.448291 0.003153
vt 0.488145 1.004724
vt 0.444672 0.754546
vt 0.532264 0.754546
vt 0.533110 0.504244
vt 0.445518 0.504244
vt 0.534357 0.253821
vt 0.446766 0.253821
vt 0.535883 0.003153
vt 0.448291 0.003153
vt 0.488145 1.004724
vt 0.444672 0.754546
vt 0.532264 0.754546
vt 0.533110 0.504244
vt 0.445518 0.504244
vt 0.534357 0.253821
vt 0.446766 0.253821
vt 0.535883 0.003153
vt 0.448291 0.003153
vt 0.488145 1.004724
vt 0.444672 0.754546
vt 0.532264 0.754546
vt 0.533110 0.504244
vt 0.445518 0.504244
vt 0.534357 0.253821
vt 0.446766 0.253821
vt 0.535883 0.003153
vt 0.448291 0.003153
vt 0.488145 1.004724
vt 0.444672 0.754546
vt 0.532264 0.754546
vt 0.533110 0.504244
vt 0.445518 0.504244
vt 0.534357 0.253821
vt 0.446766 0.253821
vt 0.535883 0.003153
vt 0.448291 0.003153
vt 0.488145 1.004724
vt 0.444672 0.754546
vt 0.532264 0.754546
vt 0.533110 0.504244
vt 0.445518 0.504244
vt 0.534357 0.253821
vt 0.446766 0.253821
vt 0.535883 0.003153
vt 0.448291 0.003153
vt 0.488145 1.004724
vt 0.444672 0.754546
vt 0.532264 0.754546
vt 0.533110 0.504244
vt 0.445518 0.504244
vt 0.534357 0.253821
vt 0.446766 0.253821
vt 0.535883 0.003153
vt 0.448291 0.003153
vt 0.488145 1.004724
vt 0.444672 0.754546
vt 0.532264 0.754546
vt 0.533110 0.504244
vt 0.445518 0.504244
vt 0.534357 0.253821
vt 0.446766 0.253821
vt 0.535883 0.003153
vt 0.448291 0.003153
vt 0.488145 1.004724
vt 0.444672 0.754546
vt 0.532264 0.754546
vt 0.533110 0.504244
vt 0.445518 0.504244
vt 0.534357 0.253821
vt 0.446766 0.253821
vt 0.535883 0.003153
vt 0.448291 0.003153
vt 0.488145 1.004724
vt 0.444672 0.754546
vt 0.532264 0.754546
vt 0.533110 0.504244
vt 0.445518 0.504244
vt 0.534357 0.253821
vt 0.446766 0.253821
vt 0.535883 0.003153
vt 0.448291 0.003153
vt 0.488145 1.004724
vt 0.444672 0.754546
vt 0.532264 0.754546
vt 0.533110 0.504244
vt 0.445518 0.504244
vt 0.534357 0.253821
vt 0.446766 0.253821
vt 0.535883 0.003153
vt 0.448291 0.003153
vt 0.488145 1.004724
vt 0.444672 0.754546
vt 0.532264 0.754546
vt 0.533110 0.504244
vt 0.445518 0.504244
vt 0.534357 0.253821
vt 0.446766 0.253821
vt 0.535883 0.003153
vt 0.448291 0.003153
vt 0.488145 1.004724
vt 0.444672 0.754546
vt 0.532264 0.754546
vt 0.533110 0.504244
vt 0.445518 0.504244
vt 0.534357 0.253821
vt 0.446766 0.253821
vt 0.535883 0.003153
vt 0.448291 0.003153
vt 0.488145 1.004724
vt 0.444672 0.754546
vt 0.532264 0.754546
vt 0.533110 0.504244
vt 0.445518 0.504244
vt 0.534357 0.253821
vt 0.446766 0.253821
vt 0.535883 0.003153
vt 0.448291 0.003153
vt 0.488145 1.004724
vt 0.444672 0.754546
vt 0.532264 0.754546
vt 0.533110 0.504244
vt 0.445518 0.504244
vt 0.534357 0.253821
vt 0.446766 0.253821
vt 0.535883 0.003153
vt 0.448291 0.003153
vt 0.488145 1.004724
vt 0.444672 0.754546
vt 0.532264 0.754546
vt 0.533110 0.504244
vt 0.445518 0.504244
vt 0.534357 0.253821
vt 0.446766 0.253821
vt 0.535883 0.003153
vt 0.448291 0.003153
vt 0.488145 1.004724
vt 0.444672 0.754546
vt 0.532264 0.754546
vt 0.533110 0.504244
vt 0.445518 0.504244
vt 0.534357 0.253821
vt 0.446766 0.253821
vt 0.535883 0.003153
vt 0.448291 0.003153
vt 0.488145 1.004724
vt 0.444672 0.754546
vt 0.532264 0.754546
vt 0.533110 0.504244
vt 0.445518 0.504244
vt 0.534357 0.253821
vt 0.446766 0.253821
vt 0.535883 0.003153
vt 0.448291 0.003153
vt 0.488145 1.004724
vt 0.444672 0.754546
vt 0.532264 0.754546
vt 0.533110 0.504244
vt 0.445518 0.504244
vt 0.534357 0.253821
vt 0.446766 0.253821
vt 0.535883 0.003153
vt 0.448291 0.003153
vt 0.488145 1.004724
vt 0.444672 0.754546
vt 0.532264 0.754546
vt 0.533110 0.504244
vt 0.445518 0.504244
vt 0.534357 0.253821
vt 0.446766 0.253821
vt 0.535883 0.003153
vt 0.448291 0.003153
vt 0.488145 1.004724
vt 0.444672 0.754546
vt 0.532264 0.754546
vt 0.533110 0.504244
vt 0.445518 0.504244
vt 0.534357 0.253821
vt 0.446766 0.253821
vt 0.535883 0.003153
vt 0.448291 0.003153
vt 0.488145 1.004724
vt 0.444672 0.754546
vt 0.532264 0.754546
vt 0.533110 0.504244
vt 0.445518 0.504244
vt 0.534357 0.253821
vt 0.446766 0.253821
vt 0.535883 0.003153
vt 0.448291 0.003153
vt 0.488145 1.004724
vt 0.444672 0.754546
vt 0.532264 0.754546
vt 0.533110 0.504244
vt 0.445518 0.504244
vt 0.534357 0.253821
vt 0.446766 0.253821
vt 0.535883 0.003153
vt 0.448291 0.003153
vt 0.488145 1.004724
vt 0.444672 0.754546
vt 0.532264 0.754546
vt 0.533110 0.504244
vt 0.445518 0.504244
vt 0.534357 0.253821
vt 0.446766 0.253821
vt 0.535883 0.003153
vt 0.448291 0.003153
vt 0.488145 1.004724
vt 0.444672 0.754546
vt 0.532264 0.754546
vt 0.533110 0.504244
vt 0.445518 0.504244
vt 0.534357 0.253821
vt 0.446766 0.253821
vt 0.535883 0.003153
vt 0.448291 0.003153
vt 0.488145 1.004724
vt 0.444672 0.754546
vt 0.532264 0.754546
vt 0.533110 0.504244
vt 0.445518 0.504244
vt 0.534357 0.253821
vt 0.446766 0.253821
vt 0.535883 0.003153
vt 0.448291 0.003153
vt 0.488145 1.004724
vt 0.444672 0.754546
vt 0.532264 0.754546
vt 0.533110 0.504244
vt 0.445518 0.504244
vt 0.534357 0.253821
vt 0.446766 0.253821
vt 0.535883 0.003153
vt 0.448291 0.003153
vt 0.488145 1.004724
vt 0.444672 0.754546
vt 0.532264 0.754546
vt 0.533110 0.504244
vt 0.445518 0.504244
vt 0.534357 0.253821
vt 0.446766 0.253821
vt 0.535883 0.003153
vt 0.448291 0.003153
vt 0.488145 1.004724
vt 0.444672 0.754546
vt 0.532264 0.754546
vt 0.533110 0.504244
vt 0.445518 0.504244
vt 0.534357 0.253821
vt 0.446766 0.253821
vt 0.535883 0.003153
vt 0.448291 0.003153
vt 0.488145 1.004724
vt 0.444672 0.754546
vt 0.532264 0.754546
vt 0.533110 0.504244
vt 0.445518 0.504244
vt 0.534357 0.253821
vt 0.446766 0.253821
vt 0.535883 0.003153
vt 0.448291 0.003153
vt 0.488145 1.004724
vt 0.444672 0.754546
vt 0.532264 0.754546
vt 0.533110 0.504244
vt 0.445518 0.504244
vt 0.534357 0.253821
vt 0.446766 0.253821
vt 0.535883 0.003153
vt 0.448291 0.003153
vt 0.488145 1.004724
vt 0.444672 0.754546
vt 0.532264 0.754546
vt 0.533110 0.504244
vt 0.445518 0.504244
vt 0.534357 0.253821
vt 0.446766 0.253821
vt 0.535883 0.003153
vt 0.448291 0.003153
vt 0.488145 1.004724
vt 0.444672 0.754546
vt 0.532264 0.754546
vt 0.533110 0.504244
vt 0.445518 0.504244
vt 0.534357 0.253821
vt 0.446766 0.253821
vt 0.535883 0.003153
vt 0.448291 0.003153
vt 0.488145 1.004724
vt 0.444672 0.754546
vt 0.532264 0.754546
vt 0.533110 0.504244
vt 0.445518 0.504244
vt 0.534357 0.253821
vt 0.446766 0.253821
vt 0.535883 0.003153
vt 0.448291 0.003153
vt 0.488145 1.004724
vt 0.444672 0.754546
vt 0.532264 0.754546
vt 0.533110 0.504244
vt 0.445518 0.504244
vt 0.534357 0.253821
vt 0.446766 0.253821
vt 0.535883 0.003153
vt 0.448291 0.003153
vt 0.488145 1.004724
vt 0.444672 0.754546
vt 0.532264 0.754546
vt 0.533110 0.504244
vt 0.445518 0.504244
vt 0.534357 0.253821
vt 0.446766 0.253821
vt 0.535883 0.003153
vt 0.448291 0.003153
vt 0.488145 1.004724
vt 0.444672 0.754546
vt 0.532264 0.754546
vt 0.533110 0.504244
vt 0.445518 0.504244
vt 0.534357 0.253821
vt 0.446766 0.253821
vt 0.535883 0.003153
vt 0.448291 0.003153
vt 0.488145 1.004724
vt 0.444672 0.754546
vt 0.532264 0.754546
vt 0.533110 0.504244
vt 0.445518 0.504244
vt 0.534357 0.253821
vt 0.446766 0.253821
vt 0.535883 0.003153
vt 0.448291 0.003153
vt 0.488145 1.004724
vt 0.444672 0.754546
vt 0.532264 0.754546
vt 0.533110 0.504244
vt 0.445518 0.504244
vt 0.534357 0.253821
vt 0.446766 0.253821
vt 0.535883 0.003153
vt 0.448291 0.003153
vt 0.488145 1.004724
vt 0.444672 0.754546
vt 0.532264 0.754546
vt 0.533110 0.504244
vt 0.445518 0.504244
vt 0.534357 0.253821
vt 0.446766 0.253821
vt 0.535883 0.003153
vt 0.448291 0.003153
vt 0.488145 1.004724
vt 0.444672 0.754546
vt 0.532264 0.754546
vt 0.533110 0.504244
vt 0.445518 0.504244
vt 0.534357 0.253821
vt 0.446766 0.253821
vt 0.535883 0.003153
vt 0.448291 0.003153
vt 0.488145 1.004724
vt 0.444672 0.754546
vt 0.532264 0.754546
vt 0.533110 0.504244
vt 0.445518 0.504244
vt 0.534357 0.253821
vt 0.446766 0.253821
vt 0.535883 0.003153
vt 0.448291 0.003153
vt 0.488145 1.004724
vt 0.444672 0.754546
vt 0.532264 0.754546
vt 0.533110 0.504244
vt 0.445518 0.504244
vt 0.534357 0.253821
vt 0.446766 0.253821
vt 0.535883 0.003153
vt 0.448291 0.003153
vt 0.488145 1.004724
vt 0.444672 0.754546
vt 0.532264 0.754546
vt 0.533110 0.504244
vt 0.445518 0.504244
vt 0.534357 0.253821
vt 0.446766 0.253821
vt 0.535883 0.003153
vt 0.448291 0.003153
vt 0.488145 1.004724
vt 0.444672 0.754546
vt 0.532264 0.754546
vt 0.533110 0.504244
vt 0.445518 0.504244
vt 0.534357 0.253821
vt 0.446766 0.253821
vt 0.535883 0.003153
vt 0.448291 0.003153
vt 0.488145 1.004724
vt 0.444672 0.754546
vt 0.532264 0.754546
vt 0.533110 0.504244
vt 0.445518 0.504244
vt 0.534357 0.253821
vt 0.446766 0.253821
vt 0.535883 0.003153
vt 0.448291 0.003153
vt 0.488145 1.004724
vt 0.444672 0.754546
vt 0.532264 0.754546
vt 0.533110 0.504244
vt 0.445518 0.504244
vt 0.534357 0.253821
vt 0.446766 0.253821
vt 0.535883 0.003153
vt 0.448291 0.003153
vt 0.488145 1.004724
vt 0.444672 0.754546
vt 0.532264 0.754546
vt 0.533110 0.504244
vt 0.445518 0.504244
vt 0.534357 0.253821
vt 0.446766 0.253821
vt 0.535883 0.003153
vt 0.448291 0.003153
vt 0.488145 1.004724
vt 0.444672 0.754546
vt 0.532264 0.754546
vt 0.533110 0.504244
vt 0.445518 0.504244
vt 0.534357 0.253821
vt 0.446766 0.253821
vt 0.535883 0.003153
vt 0.448291 0.003153
vt 0.488145 1.004724
vt 0.444672 0.754546
vt 0.532264 0.754546
vt 0.533110 0.504244
vt 0.445518 0.504244
vt 0.534357 0.253821
vt 0.446766 0.253821
vt 0.535883 0.003153
vt 0.448291 0.003153
vt 0.488145 1.004724
vt 0.444672 0.754546
vt 0.532264 0.754546
vt 0.533110 0.504244
vt 0.445518 0.504244
vt 0.534357 0.253821
vt 0.446766 0.253821
vt 0.535883 0.003153
vt 0.448291 0.003153
vt 0.488145 1.004724
vt 0.444672 0.754546
vt 0.532264 0.754546
vt 0.533110 0.504244
vt 0.445518 0.504244
vt 0.534357 0.253821
vt 0.446766 0.253821
vt 0.535883 0.003153
vt 0.448291 0.003153
vt 0.488145 1.004724
vt 0.444672 0.754546
vt 0.532264 0.754546
vt 0.533110 0.504244
vt 0.445518 0.504244
vt 0.534357 0.253821
vt 0.446766 0.253821
vt 0.535883 0.003153
vt 0.448291 0.003153
vt 0.488145 1.004724
vt 0.444672 0.754546
vt 0.532264 0.754546
vt 0.533110 0.504244
vt 0.445518 0.504244
vt 0.534357 0.253821
vt 0.446766 0.253821
vt 0.535883 0.003153
vt 0.448291 0.003153
vt 0.488145 1.004724
vt 0.444672 0.754546
vt 0.532264 0.754546
vt 0.533110 0.504244
vt 0.445518 0.504244
vt 0.534357 0.253821
vt 0.446766 0.253821
vt 0.535883 0.003153
vt 0.448291 0.003153
vt 0.488145 1.004724
vt 0.444672 0.754546
vt 0.532264 0.754546
vt 0.533110 0.504244
vt 0.445518 0.504244
vt 0.534357 0.253821
vt 0.446766 0.253821
vt 0.535883 0.003153
vt 0.448291 0.003153
vt 0.488145 1.004724
vt 0.444672 0.754546
vt 0.532264 0.754546
vt 0.533110 0.504244
vt 0.445518 0.504244
vt 0.534357 0.253821
vt 0.446766 0.253821
vt 0.535883 0.003153
vt 0.448291 0.003153
vt 0.488145 1.004724
vt 0.444672 0.754546
vt 0.532264 0.754546
vt 0.533110 0.504244
vt 0.445518 0.504244
vt 0.534357 0.253821
vt 0.446766 0.253821
vt 0.535883 0.003153
vt 0.448291 0.003153
vt 0.488145 1.004724
vt 0.444672 0.754546
vt 0.532264 0.754546
vt 0.533110 0.504244
vt 0.445518 0.504244
vt 0.534357 0.253821
vt 0.446766 0.253821
vt 0.535883 0.003153
vt 0.448291 0.003153
vt 0.488145 1.004724
vt 0.444672 0.754546
vt 0.532264 0.754546
vt 0.533110 0.504244
vt 0.445518 0.504244
vt 0.534357 0.253821
vt 0.446766 0.253821
vt 0.535883 0.003153
vt 0.448291 0.003153
vt 0.488145 1.004724
vt 0.444672 0.754546
vt 0.532264 0.754546
vt 0.533110 0.504244
vt 0.445518 0.504244
vt 0.534357 0.253821
vt 0.446766 0.253821
vt 0.535883 0.003153
vt 0.448291 0.003153
vt 0.488145 1.004724
vt 0.444672 0.754546
vt 0.532264 0.754546
vt 0.533110 0.504244
vt 0.445518 0.504244
vt 0.534357 0.253821
vt 0.446766 0.253821
vt 0.535883 0.003153
vt 0.448291 0.003153
vt 0.488145 1.004724
vt 0.444672 0.754546
vt 0.532264 0.754546
vt 0.533110 0.504244
vt 0.445518 0.504244
vt 0.534357 0.253821
vt 0.446766 0.253821
vt 0.535883 0.003153
vt 0.448291 0.003153
vt 0.488145 1.004724
vt 0.444672 0.754546
vt 0.532264 0.754546
vt 0.533110 0.504244
vt 0.445518 0.504244
vt 0.534357 0.253821
vt 0.446766 0.253821
vt 0.535883 0.003153
vt 0.448291 0.003153
vt 0.488145 1.004724
vt 0.444672 0.754546
vt 0.532264 0.754546
vt 0.533110 0.504244
vt 0.445518 0.504244
vt 0.534357 0.253821
vt 0.446766 0.253821
vt 0.535883 0.003153
vt 0.448291 0.003153
vt 0.488145 1.004724
vt 0.444672 0.754546
vt 0.532264 0.754546
vt 0.533110 0.504244
vt 0.445518 0.504244
vt 0.534357 0.253821
vt 0.446766 0.253821
vt 0.535883 0.003153
vt 0.448291 0.003153
vt 0.488145 1.004724
vt 0.444672 0.754546
vt 0.532264 0.754546
vt 0.533110 0.504244
vt 0.445518 0.504244
vt 0.534357 0.253821
vt 0.446766 0.253821
vt 0.535883 0.003153
vt 0.448291 0.003153
vt 0.488145 1.004724
vt 0.444672 0.754546
vt 0.532264 0.754546
vt 0.533110 0.504244
vt 0.445518 0.504244
vt 0.534357 0.253821
vt 0.446766 0.253821
vt 0.535883 0.003153
vt 0.448291 0.003153
vt 0.488145 1.004724
vt 0.444672 0.754546
vt 0.532264 0.754546
vt 0.533110 0.504244
vt 0.445518 0.504244
vt 0.534357 0.253821
vt 0.446766 0.253821
vt 0.535883 0.003153
vt 0.448291 0.003153
vt 0.488145 1.004724
vt 0.444672 0.754546
vt 0.532264 0.754546
vt 0.533110 0.504244
vt 0.445518 0.504244
vt 0.534357 0.253821
vt 0.446766 0.253821
vt 0.535883 0.003153
vt 0.448291 0.003153
vt 0.488145 1.004724
vt 0.444672 0.754546
vt 0.532264 0.754546
vt 0.533110 0.504244
vt 0.445518 0.504244
vt 0.534357 0.253821
vt 0.446766 0.253821
vt 0.535883 0.003153
vt 0.448291 0.003153
vt 0.488145 1.004724
vt 0.444672 0.754546
vt 0.532264 0.754546
vt 0.533110 0.504244
vt 0.445518 0.504244
vt 0.534357 0.253821
vt 0.446766 0.253821
vt 0.535883 0.003153
vt 0.448291 0.003153
vt 0.488145 1.004724
vt 0.444672 0.754546
vt 0.532264 0.754546
vt 0.533110 0.504244
vt 0.445518 0.504244
vt 0.534357 0.253821
vt 0.446766 0.253821
vt 0.535883 0.003153
vt 0.448291 0.003153
vt 0.488145 1.004724
vt 0.444672 0.754546
vt 0.532264 0.754546
vt 0.533110 0.504244
vt 0.445518 0.504244
vt 0.534357 0.253821
vt 0.446766 0.253821
vt 0.535883 0.003153
vt 0.448291 0.003153
vt 0.488145 1.004724
vt 0.444672 0.754546
vt 0.532264 0.754546
vt 0.533110 0.504244
vt 0.445518 0.504244
vt 0.534357 0.253821
vt 0.446766 0.253821
vt 0.535883 0.003153
vt 0.448291 0.003153
vt 0.488145 1.004724
vt 0.444672 0.754546
vt 0.532264 0.754546
vt 0.533110 0.504244
vt 0.445518 0.504244
vt 0.534357 0.253821
vt 0.446766 0.253821
vt 0.535883 0.003153
vt 0.448291 0.003153
vt 0.488145 1.004724
vt 0.444672 0.754546
vt 0.532264 0.754546
vt 0.533110 0.504244
vt 0.445518 0.504244
vt 0.534357 0.253821
vt 0.446766 0.253821
vt 0.535883 0.003153
vt 0.448291 0.003153
vt 0.488145 1.004724
vt 0.444672 0.754546
vt 0.532264 0.754546
vt 0.533110 0.504244
vt 0.445518 0.504244
vt 0.534357 0.253821
vt 0.446766 0.253821
vt 0.535883 0.003153
vt 0.448291 0.003153
vt 0.488145 1.004724
vt 0.444672 0.754546
vt 0.532264 0.754546
vt 0.533110 0.504244
vt 0.445518 0.504244
vt 0.534357 0.253821
vt 0.446766 0.253821
vt 0.535883 0.003153
vt 0.448291 0.003153
vt 0.488145 1.004724
vt 0.444672 0.754546
vt 0.532264 0.754546
vt 0.533110 0.504244
vt 0.445518 0.504244
vt 0.534357 0.253821
vt 0.446766 0.253821
vt 0.535883 0.003153
vt 0.448291 0.003153
vt 0.488145 1.004724
vt 0.444672 0.754546
vt 0.532264 0.754546
vt 0.533110 0.504244
vt 0.445518 0.504244
vt 0.534357 0.253821
vt 0.446766 0.253821
vt 0.535883 0.003153
vt 0.448291 0.003153
vt 0.488145 1.004724
vt 0.444672 0.754546
vt 0.532264 0.754546
vt 0.533110 0.504244
vt 0.445518 0.504244
vt 0.534357 0.253821
vt 0.446766 0.253821
vt 0.535883 0.003153
vt 0.448291 0.003153
vt 0.488145 1.004724
vt 0.444672 0.754546
vt 0.532264 0.754546
vt 0.533110 0.504244
vt 0.445518 0.504244
vt 0.534357 0.253821
vt 0.446766 0.253821
vt 0.535883 0.003153
vt 0.448291 0.003153
vt 0.488145 1.004724
vt 0.444672 0.754546
vt 0.532264 0.754546
vt 0.533110 0.504244
vt 0.445518 0.504244
vt 0.534357 0.253821
vt 0.446766 0.253821
vt 0.535883 0.003153
vt 0.448291 0.003153
vt 0.488145 1.004724
vt 0.444672 0.754546
vt 0.532264 0.754546
vt 0.533110 0.504244
vt 0.445518 0.504244
vt 0.534357 0.253821
vt 0.446766 0.253821
vt 0.535883 0.003153
vt 0.448291 0.003153
vt 0.488145 1.004724
vt 0.444672 0.754546
vt 0.532264 0.754546
vt 0.533110 0.504244
vt 0.445518 0.504244
vt 0.534357 0.253821
vt 0.446766 0.253821
vt 0.535883 0.003153
vt 0.448291 0.003153
vt 0.488145 1.004724
vt 0.444672 0.754546
vt 0.532264 0.754546
vt 0.533110 0.504244
vt 0.445518 0.504244
vt 0.534357 0.253821
vt 0.446766 0.253821
vt 0.535883 0.003153
vt 0.448291 0.003153
vt 0.488145 1.004724
vt 0.444672 0.754546
vt 0.532264 0.754546
vt 0.533110 0.504244
vt 0.445518 0.504244
vt 0.534357 0.253821
vt 0.446766 0.253821
vt 0.535883 0.003153
vt 0.448291 0.003153
vt 0.488145 1.004724
vt 0.444672 0.754546
vt 0.532264 0.754546
vt 0.533110 0.504244
vt 0.445518 0.504244
vt 0.534357 0.253821
vt 0.446766 0.253821
vt 0.535883 0.003153
vt 0.448291 0.003153
vt 0.488145 1.004724
vt 0.444672 0.754546
vt 0.532264 0.754546
vt 0.533110 0.504244
vt 0.445518 0.504244
vt 0.534357 0.253821
vt 0.446766 0.253821
vt 0.535883 0.003153
vt 0.448291 0.003153
vt 0.488145 1.004724
vt 0.444672 0.754546
vt 0.532264 0.754546
vt 0.533110 0.504244
vt 0.445518 0.504244
vt 0.534357 0.253821
vt 0.446766 0.253821
vt 0.535883 0.003153
vt 0.448291 0.003153
vt 0.488145 1.004724
vt 0.444672 0.754546
vt 0.532264 0.754546
vt 0.533110 0.504244
vt 0.445518 0.504244
vt 0.534357 0.253821
vt 0.446766 0.253821
vt 0.535883 0.003153
vt 0.448291 0.003153
vt 0.488145 1.004724
vt 0.444672 0.754546
vt 0.532264 0.754546
vt 0.533110 0.504244
vt 0.445518 0.504244
vt 0.534357 0.253821
vt 0.446766 0.253821
vt 0.535883 0.003153
vt 0.448291 0.003153
vt 0.488145 1.004724
vt 0.444672 0.754546
vt 0.532264 0.754546
vt 0.533110 0.504244
vt 0.445518 0.504244
vt 0.534357 0.253821
vt 0.446766 0.253821
vt 0.535883 0.003153
vt 0.448291 0.003153
vt 0.488145 1.004724
vt 0.444672 0.754546
vt 0.532264 0.754546
vt 0.533110 0.504244
vt 0.445518 0.504244
vt 0.534357 0.253821
vt 0.446766 0.253821
vt 0.535883 0.003153
vt 0.448291 0.003153
vt 0.488145 1.004724
vt 0.444672 0.754546
vt 0.532264 0.754546
vt 0.533110 0.504244
vt 0.445518 0.504244
vt 0.534357 0.253821
vt 0.446766 0.253821
vt 0.535883 0.003153
vt 0.448291 0.003153
vt 0.488145 1.004724
vt 0.444672 0.754546
vt 0.532264 0.754546
vt 0.533110 0.504244
vt 0.445518 0.504244
vt 0.534357 0.253821
vt 0.446766 0.253821
vt 0.535883 0.003153
vt 0.448291 0.003153
vt 0.488145 1.004724
vt 0.444672 0.754546
vt 0.532264 0.754546
vt 0.533110 0.504244
vt 0.445518 0.504244
vt 0.534357 0.253821
vt 0.446766 0.253821
vt 0.535883 0.003153
vt 0.448291 0.003153
vt 0.488145 1.004724
vt 0.444672 0.754546
vt 0.532264 0.754546
vt 0.533110 0.504244
vt 0.445518 0.504244
vt 0.534357 0.253821
vt 0.446766 0.253821
vt 0.535883 0.003153
vt 0.448291 0.003153
vt 0.488145 1.004724
vt 0.444672 0.754546
vt 0.532264 0.754546
vt 0.533110 0.504244
vt 0.445518 0.504244
vt 0.534357 0.253821
vt 0.446766 0.253821
vt 0.535883 0.003153
vt 0.448291 0.003153
vt 0.488145 1.004724
vt 0.444672 0.754546
vt 0.532264 0.754546
vt 0.533110 0.504244
vt 0.445518 0.504244
vt 0.534357 0.253821
vt 0.446766 0.253821
vt 0.535883 0.003153
vt 0.448291 0.003153
vt 0.488145 1.004724
vt 0.444672 0.754546
vt 0.532264 0.754546
vt 0.533110 0.504244
vt 0.445518 0.504244
vt 0.534357 0.253821
vt 0.446766 0.253821
vt 0.535883 0.003153
vt 0.448291 0.003153
vt 0.488145 1.004724
vt 0.444672 0.754546
vt 0.532264 0.754546
vt 0.533110 0.504244
vt 0.445518 0.504244
vt 0.534357 0.253821
vt 0.446766 0.253821
vt 0.535883 0.003153
vt 0.448291 0.003153
vt 0.488145 1.004724
vt 0.444672 0.754546
vt 0.532264 0.754546
vt 0.533110 0.504244
vt 0.445518 0.504244
vt 0.534357 0.253821
vt 0.446766 0.253821
vt 0.535883 0.003153
vt 0.448291 0.003153
vt 0.488145 1.004724
vt 0.444672 0.754546
vt 0.532264 0.754546
vt 0.533110 0.504244
vt 0.445518 0.504244
vt 0.534357 0.253821
vt 0.446766 0.253821
vt 0.535883 0.003153
vt 0.448291 0.003153
vt 0.488145 1.004724
vt 0.444672 0.754546
vt 0.532264 0.754546
vt 0.533110 0.504244
vt 0.445518 0.504244
vt 0.534357 0.253821
vt 0.446766 0.253821
vt 0.535883 0.003153
vt 0.448291 0.003153
vt 0.488145 1.004724
vt 0.444672 0.754546
vt 0.532264 0.754546
vt 0.533110 0.504244
vt 0.445518 0.504244
vt 0.534357 0.253821
vt 0.446766 0.253821
vt 0.535883 0.003153
vt 0.448291 0.003153
vt 0.488145 1.004724
vt 0.444672 0.754546
vt 0.532264 0.754546
vt 0.533110 0.504244
vt 0.445518 0.504244
vt 0.534357 0.253821
vt 0.446766 0.253821
vt 0.535883 0.003153
vt 0.448291 0.003153
vt 0.488145 1.004724
vt 0.444672 0.754546
vt 0.532264 0.754546
vt 0.533110 0.504244
vt 0.445518 0.504244
vt 0.534357 0.253821
vt 0.446766 0.253821
vt 0.535883 0.003153
vt 0.448291 0.003153
vt 0.488145 1.004724
vt 0.444672 0.754546
vt 0.532264 0.754546
vt 0.533110 0.504244
vt 0.445518 0.504244
vt 0.534357 0.253821
vt 0.446766 0.253821
vt 0.535883 0.003153
vt 0.448291 0.003153
vt 0.488145 1.004724
vt 0.444672 0.754546
vt 0.532264 0.754546
vt 0.533110 0.504244
vt 0.445518 0.504244
vt 0.534357 0.253821
vt 0.446766 0.253821
vt 0.535883 0.003153
vt 0.448291 0.003153
vt 0.488145 1.004724
vt 0.444672 0.754546
vt 0.532264 0.754546
vt 0.533110 0.504244
vt 0.445518 0.504244
vt 0.534357 0.253821
vt 0.446766 0.253821
vt 0.535883 0.003153
vt 0.448291 0.003153
vt 0.488145 1.004724
vt 0.444672 0.754546
vt 0.532264 0.754546
vt 0.533110 0.504244
vt 0.445518 0.504244
vt 0.534357 0.253821
vt 0.446766 0.253821
vt 0.535883 0.003153
vt 0.448291 0.003153
vt 0.488145 1.004724
vt 0.444672 0.754546
vt 0.532264 0.754546
vt 0.533110 0.504244
vt 0.445518 0.504244
vt 0.534357 0.253821
vt 0.446766 0.253821
vt 0.535883 0.003153
vt 0.448291 0.003153
vt 0.488145 1.004724
vt 0.444672 0.754546
vt 0.532264 0.754546
vt 0.533110 0.504244
vt 0.445518 0.504244
vt 0.534357 0.253821
vt 0.446766 0.253821
vt 0.535883 0.003153
vt 0.448291 0.003153
vt 0.488145 1.004724
vt 0.444672 0.754546
vt 0.532264 0.754546
vt 0.533110 0.504244
vt 0.445518 0.504244
vt 0.534357 0.253821
vt 0.446766 0.253821
vt 0.535883 0.003153
vt 0.448291 0.003153
vt 0.488145 1.004724
vt 0.444672 0.754546
vt 0.532264 0.754546
vt 0.533110 0.504244
vt 0.445518 0.504244
vt 0.534357 0.253821
vt 0.446766 0.253821
vt 0.535883 0.003153
vt 0.448291 0.003153
vt 0.488145 1.004724
vt 0.444672 0.754546
vt 0.532264 0.754546
vt 0.533110 0.504244
vt 0.445518 0.504244
vt 0.534357 0.253821
vt 0.446766 0.253821
vt 0.535883 0.003153
vt 0.448291 0.003153
vt 0.488145 1.004724
vt 0.444672 0.754546
vt 0.532264 0.754546
vt 0.533110 0.504244
vt 0.445518 0.504244
vt 0.534357 0.253821
vt 0.446766 0.253821
vt 0.535883 0.003153
vt 0.448291 0.003153
vt 0.488145 1.004724
vt 0.444672 0.754546
vt 0.532264 0.754546
vt 0.533110 0.504244
vt 0.445518 0.504244
vt 0.534357 0.253821
vt 0.446766 0.253821
vt 0.535883 0.003153
vt 0.448291 0.003153
vt 0.488145 1.004724
vt 0.444672 0.754546
vt 0.532264 0.754546
vt 0.533110 0.504244
vt 0.445518 0.504244
vt 0.534357 0.253821
vt 0.446766 0.253821
vt 0.535883 0.003153
vt 0.448291 0.003153
vt 0.488145 1.004724
vt 0.444672 0.754546
vt 0.532264 0.754546
vt 0.533110 0.504244
vt 0.445518 0.504244
vt 0.534357 0.253821
vt 0.446766 0.253821
vt 0.535883 0.003153
vt 0.448291 0.003153
vt 0.488145 1.004724
vt 0.444672 0.754546
vt 0.532264 0.754546
vt 0.533110 0.504244
vt 0.445518 0.504244
vt 0.534357 0.253821
vt 0.446766 0.253821
vt 0.535883 0.003153
vt 0.448291 0.003153
vt 0.488145 1.004724
vt 0.444672 0.754546
vt 0.532264 0.754546
vt 0.533110 0.504244
vt 0.445518 0.504244
vt 0.534357 0.253821
vt 0.446766 0.253821
vt 0.535883 0.003153
vt 0.448291 0.003153
vt 0.488145 1.004724
vt 0.444672 0.754546
vt 0.532264 0.754546
vt 0.533110 0.504244
vt 0.445518 0.504244
vt 0.534357 0.253821
vt 0.446766 0.253821
vt 0.535883 0.003153
vt 0.448291 0.003153
vt 0.488145 1.004724
vt 0.444672 0.754546
vt 0.532264 0.754546
vt 0.533110 0.504244
vt 0.445518 0.504244
vt 0.534357 0.253821
vt 0.446766 0.253821
vt 0.535883 0.003153
vt 0.448291 0.003153
vt 0.488145 1.004724
vt 0.444672 0.754546
vt 0.532264 0.754546
vt 0.533110 0.504244
vt 0.445518 0.504244
vt 0.534357 0.253821
vt 0.446766 0.253821
vt 0.535883 0.003153
vt 0.448291 0.003153
vt 0.488145 1.004724
vt 0.444672 0.754546
vt 0.532264 0.754546
vt 0.533110 0.504244
vt 0.445518 0.504244
vt 0.534357 0.253821
vt 0.446766 0.253821
vt 0.535883 0.003153
vt 0.448291 0.003153
vt 0.488145 1.004724
vt 0.444672 0.754546
vt 0.532264 0.754546
vt 0.533110 0.504244
vt 0.445518 0.504244
vt 0.534357 0.253821
vt 0.446766 0.253821
vt 0.535883 0.003153
vt 0.448291 0.003153
vt 0.488145 1.004724
vt 0.444672 0.754546
vt 0.532264 0.754546
vt 0.533110 0.504244
vt 0.445518 0.504244
vt 0.534357 0.253821
vt 0.446766 0.253821
vt 0.535883 0.003153
vt 0.448291 0.003153
vt 0.488145 1.004724
vt 0.444672 0.754546
vt 0.532264 0.754546
vt 0.533110 0.504244
vt 0.445518 0.504244
vt 0.534357 0.253821
vt 0.446766 0.253821
vt 0.535883 0.003153
vt 0.448291 0.003153
vt 0.488145 1.004724
vt 0.444672 0.754546
vt 0.532264 0.754546
vt 0.533110 0.504244
vt 0.445518 0.504244
vt 0.534357 0.253821
vt 0.446766 0.253821
vt 0.535883 0.003153
vt 0.448291 0.003153
vt 0.488145 1.004724
vt 0.444672 0.754546
vt 0.532264 0.754546
vt 0.533110 0.504244
vt 0.445518 0.504244
vt 0.534357 0.253821
vt 0.446766 0.253821
vt 0.535883 0.003153
vt 0.448291 0.003153
vt 0.488145 1.004724
vt 0.444672 0.754546
vt 0.532264 0.754546
vt 0.533110 0.504244
vt 0.445518 0.504244
vt 0.534357 0.253821
vt 0.446766 0.253821
vt 0.535883 0.003153
vt 0.448291 0.003153
vt 0.488145 1.004724
vt 0.444672 0.754546
vt 0.532264 0.754546
vt 0.533110 0.504244
vt 0.445518 0.504244
vt 0.534357 0.253821
vt 0.446766 0.253821
vt 0.535883 0.003153
vt 0.448291 0.003153
vt 0.488145 1.004724
vt 0.444672 0.754546
vt 0.532264 0.754546
vt 0.533110 0.504244
vt 0.445518 0.504244
vt 0.534357 0.253821
vt 0.446766 0.253821
vt 0.535883 0.003153
vt 0.448291 0.003153
vt 0.488145 1.004724
vt 0.444672 0.754546
vt 0.532264 0.754546
vt 0.533110 0.504244
vt 0.445518 0.504244
vt 0.534357 0.253821
vt 0.446766 0.253821
vt 0.535883 0.003153
vt 0.448291 0.003153
vt 0.488145 1.004724
vt 0.444672 0.754546
vt 0.532264 0.754546
vt 0.533110 0.504244
vt 0.445518 0.504244
vt 0.534357 0.253821
vt 0.446766 0.253821
vt 0.535883 0.003153
vt 0.448291 0.003153
vt 0.488145 1.004724
vt 0.444672 0.754546
vt 0.532264 0.754546
vt 0.533110 0.504244
vt 0.445518 0.504244
vt 0.534357 0.253821
vt 0.446766 0.253821
vt 0.535883 0.003153
vt 0.448291 0.003153
vt 0.488145 1.004724
vt 0.444672 0.754546
vt 0.532264 0.754546
vt 0.533110 0.504244
vt 0.445518 0.504244
vt 0.534357 0.253821
vt 0.446766 0.253821
vt 0.535883 0.003153
vt 0.448291 0.003153
vt 0.488145 1.004724
vt 0.444672 0.754546
vt 0.532264 0.754546
vt 0.533110 0.504244
vt 0.445518 0.504244
vt 0.534357 0.253821
vt 0.446766 0.253821
vt 0.535883 0.003153
vt 0.448291 0.003153
vt 0.488145 1.004724
vt 0.444672 0.754546
vt 0.532264 0.754546
vt 0.533110 0.504244
vt 0.445518 0.504244
vt 0.534357 0.253821
vt 0.446766 0.253821
vt 0.535883 0.003153
vt 0.448291 0.003153
vt 0.488145 1.004724
vt 0.444672 0.754546
vt 0.532264 0.754546
vt 0.533110 0.504244
vt 0.445518 0.504244
vt 0.534357 0.253821
vt 0.446766 0.253821
vt 0.535883 0.003153
vt 0.448291 0.003153
vt 0.488145 1.004724
vt 0.444672 0.754546
vt 0.532264 0.754546
vt 0.533110 0.504244
vt 0.445518 0.504244
vt 0.534357 0.253821
vt 0.446766 0.253821
vt 0.535883 0.003153
vt 0.448291 0.003153
vt 0.488145 1.004724
vt 0.444672 0.754546
vt 0.532264 0.754546
vt 0.533110 0.504244
vt 0.445518 0.504244
vt 0.534357 0.253821
vt 0.446766 0.253821
vt 0.535883 0.003153
vt 0.448291 0.003153
vt 0.488145 1.004724
vt 0.444672 0.754546
vt 0.532264 0.754546
vt 0.533110 0.504244
vt 0.445518 0.504244
vt 0.534357 0.253821
vt 0.446766 0.253821
vt 0.535883 0.003153
vt 0.448291 0.003153
vt 0.488145 1.004724
vt 0.444672 0.754546
vt 0.532264 0.754546
vt 0.533110 0.504244
vt 0.445518 0.504244
vt 0.534357 0.253821
vt 0.446766 0.253821
vt 0.535883 0.003153
vt 0.448291 0.003153
vt 0.488145 1.004724
vt 0.444672 0.754546
vt 0.532264 0.754546
vt 0.533110 0.504244
vt 0.445518 0.504244
vt 0.534357 0.253821
vt 0.446766 0.253821
vt 0.535883 0.003153
vt 0.448291 0.003153
vt 0.488145 1.004724
vt 0.444672 0.754546
vt 0.532264 0.754546
vt 0.533110 0.504244
vt 0.445518 0.504244
vt 0.534357 0.253821
vt 0.446766 0.253821
vt 0.535883 0.003153
vt 0.448291 0.003153
vt 0.488145 1.004724
vt 0.444672 0.754546
vt 0.532264 0.754546
vt 0.533110 0.504244
vt 0.445518 0.504244
vt 0.534357 0.253821
vt 0.446766 0.253821
vt 0.535883 0.003153
vt 0.448291 0.003153
vt 0.488145 1.004724
vt 0.444672 0.754546
vt 0.532264 0.754546
vt 0.533110 0.504244
vt 0.445518 0.504244
vt 0.534357 0.253821
vt 0.446766 0.253821
vt 0.535883 0.003153
vt 0.448291 0.003153
vt 0.488145 1.004724
vt 0.444672 0.754546
vt 0.532264 0.754546
vt 0.533110 0.504244
vt 0.445518 0.504244
vt 0.534357 0.253821
vt 0.446766 0.253821
vt 0.535883 0.003153
vt 0.448291 0.003153
vt 0.488145 1.004724
vt 0.444672 0.754546
vt 0.532264 0.754546
vt 0.533110 0.504244
vt 0.445518 0.504244
vt 0.534357 0.253821
vt 0.446766 0.253821
vt 0.535883 0.003153
vt 0.448291 0.003153
vt 0.488145 1.004724
vt 0.444672 0.754546
vt 0.532264 0.754546
vt 0.533110 0.504244
vt 0.445518 0.504244
vt 0.534357 0.253821
vt 0.446766 0.253821
vt 0.535883 0.003153
vt 0.448291 0.003153
vt 0.488145 1.004724
vt 0.444672 0.754546
vt 0.532264 0.754546
vt 0.533110 0.504244
vt 0.445518 0.504244
vt 0.534357 0.253821
vt 0.446766 0.253821
vt 0.535883 0.003153
vt 0.448291 0.003153
vt 0.488145 1.004724
vt 0.444672 0.754546
vt 0.532264 0.754546
vt 0.533110 0.504244
vt 0.445518 0.504244
vt 0.534357 0.253821
vt 0.446766 0.253821
vt 0.535883 0.003153
vt 0.448291 0.003153
vt 0.488145 1.004724
vt 0.444672 0.754546
vt 0.532264 0.754546
vt 0.533110 0.504244
vt 0.445518 0.504244
vt 0.534357 0.253821
vt 0.446766 0.253821
vt 0.535883 0.003153
vt 0.448291 0.003153
vt 0.488145 1.004724
vt 0.444672 0.754546
vt 0.532264 0.754546
vt 0.533110 0.504244
vt 0.445518 0.504244
vt 0.534357 0.253821
vt 0.446766 0.253821
vt 0.535883 0.003153
vt 0.448291 0.003153
vt 0.488145 1.004724
vt 0.444672 0.754546
vt 0.532264 0.754546
vt 0.533110 0.504244
vt 0.445518 0.504244
vt 0.534357 0.253821
vt 0.446766 0.253821
vt 0.535883 0.003153
vt 0.448291 0.003153
vt 0.488145 1.004724
vt 0.444672 0.754546
vt 0.532264 0.754546
vt 0.533110 0.504244
vt 0.445518 0.504244
vt 0.534357 0.253821
vt 0.446766 0.253821
vt 0.535883 0.003153
vt 0.448291 0.003153
vt 0.488145 1.004724
vt 0.444672 0.754546
vt 0.532264 0.754546
vt 0.533110 0.504244
vt 0.445518 0.504244
vt 0.534357 0.253821
vt 0.446766 0.253821
vt 0.535883 0.003153
vt 0.448291 0.003153
vt 0.488145 1.004724
vt 0.444672 0.754546
vt 0.532264 0.754546
vt 0.533110 0.504244
vt 0.445518 0.504244
vt 0.534357 0.253821
vt 0.446766 0.253821
vt 0.535883 0.003153
vt 0.448291 0.003153
vt 0.488145 1.004724
vt 0.444672 0.754546
vt 0.532264 0.754546
vt 0.533110 0.504244
vt 0.445518 0.504244
vt 0.534357 0.253821
vt 0.446766 0.253821
vt 0.535883 0.003153
vt 0.448291 0.003153
vt 0.488145 1.004724
vt 0.444672 0.754546
vt 0.532264 0.754546
vt 0.533110 0.504244
vt 0.445518 0.504244
vt 0.534357 0.253821
vt 0.446766 0.253821
vt 0.535883 0.003153
vt 0.448291 0.003153
vt 0.488145 1.004724
vt 0.444672 0.754546
vt 0.532264 0.754546
vt 0.533110 0.504244
vt 0.445518 0.504244
vt 0.534357 0.253821
vt 0.446766 0.253821
vt 0.535883 0.003153
vt 0.448291 0.003153
vt 0.488145 1.004724
vt 0.444672 0.754546
vt 0.532264 0.754546
vt 0.533110 0.504244
vt 0.445518 0.504244
vt 0.534357 0.253821
vt 0.446766 0.253821
vt 0.535883 0.003153
vt 0.448291 0.003153
vt 0.488145 1.004724
vt 0.444672 0.754546
vt 0.532264 0.754546
vt 0.533110 0.504244
vt 0.445518 0.504244
vt 0.534357 0.253821
vt 0.446766 0.253821
vt 0.535883 0.003153
vt 0.448291 0.003153
vt 0.488145 1.004724
vt 0.444672 0.754546
vt 0.532264 0.754546
vt 0.533110 0.504244
vt 0.445518 0.504244
vt 0.534357 0.253821
vt 0.446766 0.253821
vt 0.535883 0.003153
vt 0.448291 0.003153
vt 0.488145 1.004724
vt 0.444672 0.754546
vt 0.532264 0.754546
vt 0.533110 0.504244
vt 0.445518 0.504244
vt 0.534357 0.253821
vt 0.446766 0.253821
vt 0.535883 0.003153
vt 0.448291 0.003153
vt 0.488145 1.004724
vt 0.444672 0.754546
vt 0.532264 0.754546
vt 0.533110 0.504244
vt 0.445518 0.504244
vt 0.534357 0.253821
vt 0.446766 0.253821
vt 0.535883 0.003153
vt 0.448291 0.003153
vt 0.488145 1.004724
vt 0.444672 0.754546
vt 0.532264 0.754546
vt 0.533110 0.504244
vt 0.445518 0.504244
vt 0.534357 0.253821
vt 0.446766 0.253821
vt 0.535883 0.003153
vt 0.448291 0.003153
vt 0.488145 1.004724
vt 0.444672 0.754546
vt 0.532264 0.754546
vt 0.533110 0.504244
vt 0.445518 0.504244
vt 0.534357 0.253821
vt 0.446766 0.253821
vt 0.535883 0.003153
vt 0.448291 0.003153
vt 0.488145 1.004724
vt 0.444672 0.754546
vt 0.532264 0.754546
vt 0.533110 0.504244
vt 0.445518 0.504244
vt 0.534357 0.253821
vt 0.446766 0.253821
vt 0.535883 0.003153
vt 0.448291 0.003153
vt 0.488145 1.004724
vt 0.444672 0.754546
vt 0.532264 0.754546
vt 0.533110 0.504244
vt 0.445518 0.504244
vt 0.534357 0.253821
vt 0.446766 0.253821
vt 0.535883 0.003153
vt 0.448291 0.003153
vt 0.488145 1.004724
vt 0.444672 0.754546
vt 0.532264 0.754546
vt 0.533110 0.504244
vt 0.445518 0.504244
vt 0.534357 0.253821
vt 0.446766 0.253821
vt 0.535883 0.003153
vt 0.448291 0.003153
vt 0.488145 1.004724
vt 0.444672 0.754546
vt 0.532264 0.754546
vt 0.533110 0.504244
vt 0.445518 0.504244
vt 0.534357 0.253821
vt 0.446766 0.253821
vt 0.535883 0.003153
vt 0.448291 0.003153
vt 0.488145 1.004724
vt 0.444672 0.754546
vt 0.532264 0.754546
vt 0.533110 0.504244
vt 0.445518 0.504244
vt 0.534357 0.253821
vt 0.446766 0.253821
vt 0.535883 0.003153
vt 0.448291 0.003153
vt 0.488145 1.004724
vt 0.444672 0.754546
vt 0.532264 0.754546
vt 0.533110 0.504244
vt 0.445518 0.504244
vt 0.534357 0.253821
vt 0.446766 0.253821
vt 0.535883 0.003153
vt 0.448291 0.003153
vt 0.488145 1.004724
vt 0.444672 0.754546
vt 0.532264 0.754546
vt 0.533110 0.504244
vt 0.445518 0.504244
vt 0.534357 0.253821
vt 0.446766 0.253821
vt 0.535883 0.003153
vt 0.448291 0.003153
vt 0.488145 1.004724
vt 0.444672 0.754546
vt 0.532264 0.754546
vt 0.533110 0.504244
vt 0.445518 0.504244
vt 0.534357 0.253821
vt 0.446766 0.253821
vt 0.535883 0.003153
vt 0.448291 0.003153
vt 0.488145 1.004724
vt 0.444672 0.754546
vt 0.532264 0.754546
vt 0.533110 0.504244
vt 0.445518 0.504244
vt 0.534357 0.253821
vt 0.446766 0.253821
vt 0.535883 0.003153
vt 0.448291 0.003153
vt 0.488145 1.004724
vt 0.444672 0.754546
vt 0.532264 0.754546
vt 0.533110 0.504244
vt 0.445518 0.504244
vt 0.534357 0.253821
vt 0.446766 0.253821
vt 0.535883 0.003153
vt 0.448291 0.003153
vt 0.488145 1.004724
vt 0.444672 0.754546
vt 0.532264 0.754546
vt 0.533110 0.504244
vt 0.445518 0.504244
vt 0.534357 0.253821
vt 0.446766 0.253821
vt 0.535883 0.003153
vt 0.448291 0.003153
vt 0.488145 1.004724
vt 0.444672 0.754546
vt 0.532264 0.754546
vt 0.533110 0.504244
vt 0.445518 0.504244
vt 0.534357 0.253821
vt 0.446766 0.253821
vt 0.535883 0.003153
vt 0.448291 0.003153
vt 0.488145 1.004724
vt 0.444672 0.754546
vt 0.532264 0.754546
vt 0.533110 0.504244
vt 0.445518 0.504244
vt 0.534357 0.253821
vt 0.446766 0.253821
vt 0.535883 0.003153
vt 0.448291 0.003153
vt 0.488145 1.004724
vt 0.444672 0.754546
vt 0.532264 0.754546
vt 0.533110 0.504244
vt 0.445518 0.504244
vt 0.534357 0.253821
vt 0.446766 0.253821
vt 0.535883 0.003153
vt 0.448291 0.003153
vt 0.488145 1.004724
vt 0.444672 0.754546
vt 0.532264 0.754546
vt 0.533110 0.504244
vt 0.445518 0.504244
vt 0.534357 0.253821
vt 0.446766 0.253821
vt 0.535883 0.003153
vt 0.448291 0.003153
vt 0.488145 1.004724
vt 0.444672 0.754546
vt 0.532264 0.754546
vt 0.533110 0.504244
vt 0.445518 0.504244
vt 0.534357 0.253821
vt 0.446766 0.253821
vt 0.535883 0.003153
vt 0.448291 0.003153
vt 0.488145 1.004724
vt 0.444672 0.754546
vt 0.532264 0.754546
vt 0.533110 0.504244
vt 0.445518 0.504244
vt 0.534357 0.253821
vt 0.446766 0.253821
vt 0.535883 0.003153
vt 0.448291 0.003153
vt 0.488145 1.004724
vt 0.444672 0.754546
vt 0.532264 0.754546
vt 0.533110 0.504244
vt 0.445518 0.504244
vt 0.534357 0.253821
vt 0.446766 0.253821
vt 0.535883 0.003153
vt 0.448291 0.003153
vt 0.488145 1.004724
vt 0.444672 0.754546
vt 0.532264 0.754546
vt 0.533110 0.504244
vt 0.445518 0.504244
vt 0.534357 0.253821
vt 0.446766 0.253821
vt 0.535883 0.003153
vt 0.448291 0.003153
vt 0.488145 1.004724
vt 0.444672 0.754546
vt 0.532264 0.754546
vt 0.533110 0.504244
vt 0.445518 0.504244
vt 0.534357 0.253821
vt 0.446766 0.253821
vt 0.535883 0.003153
vt 0.448291 0.003153
vt 0.488145 1.004724
vt 0.444672 0.754546
vt 0.532264 0.754546
vt 0.533110 0.504244
vt 0.445518 0.504244
vt 0.534357 0.253821
vt 0.446766 0.253821
vt 0.535883 0.003153
vt 0.448291 0.003153
vt 0.488145 1.004724
vt 0.444672 0.754546
vt 0.532264 0.754546
vt 0.533110 0.504244
vt 0.445518 0.504244
vt 0.534357 0.253821
vt 0.446766 0.253821
vt 0.535883 0.003153
vt 0.448291 0.003153
vt 0.488145 1.004724
vt 0.444672 0.754546
vt 0.532264 0.754546
vt 0.533110 0.504244
vt 0.445518 0.504244
vt 0.534357 0.253821
vt 0.446766 0.253821
vt 0.535883 0.003153
vt 0.448291 0.003153
vt 0.488145 1.004724
vt 0.444672 0.754546
vt 0.532264 0.754546
vt 0.533110 0.504244
vt 0.445518 0.504244
vt 0.534357 0.253821
vt 0.446766 0.253821
vt 0.535883 0.003153
vt 0.448291 0.003153
vt 0.488145 1.004724
vt 0.444672 0.754546
vt 0.532264 0.754546
vt 0.533110 0.504244
vt 0.445518 0.504244
vt 0.534357 0.253821
vt 0.446766 0.253821
vt 0.535883 0.003153
vt 0.448291 0.003153
vt 0.488145 1.004724
vt 0.444672 0.754546
vt 0.532264 0.754546
vt 0.533110 0.504244
vt 0.445518 0.504244
vt 0.534357 0.253821
vt 0.446766 0.253821
vt 0.535883 0.003153
vt 0.448291 0.003153
vt 0.488145 1.004724
vt 0.444672 0.754546
vt 0.532264 0.754546
vt 0.533110 0.504244
vt 0.445518 0.504244
vt 0.534357 0.253821
vt 0.446766 0.253821
vt 0.535883 0.003153
vt 0.448291 0.003153
vt 0.488145 1.004724
vt 0.444672 0.754546
vt 0.532264 0.754546
vt 0.533110 0.504244
vt 0.445518 0.504244
vt 0.534357 0.253821
vt 0.446766 0.253821
vt 0.535883 0.003153
vt 0.448291 0.003153
vt 0.488145 1.004724
vt 0.444672 0.754546
vt 0.532264 0.754546
vt 0.533110 0.504244
vt 0.445518 0.504244
vt 0.534357 0.253821
vt 0.446766 0.253821
vt 0.535883 0.003153
vt 0.448291 0.003153
vt 0.488145 1.004724
vt 0.444672 0.754546
vt 0.532264 0.754546
vt 0.533110 0.504244
vt 0.445518 0.504244
vt 0.534357 0.253821
vt 0.446766 0.253821
vt 0.535883 0.003153
vt 0.448291 0.003153
vt 0.488145 1.004724
vt 0.444672 0.754546
vt 0.532264 0.754546
vt 0.533110 0.504244
vt 0.445518 0.504244
vt 0.534357 0.253821
vt 0.446766 0.253821
vt 0.535883 0.003153
vt 0.448291 0.003153
vt 0.488145 1.004724
vt 0.444672 0.754546
vt 0.532264 0.754546
vt 0.533110 0.504244
vt 0.445518 0.504244
vt 0.534357 0.253821
vt 0.446766 0.253821
vt 0.535883 0.003153
vt 0.448291 0.003153
vt 0.488145 1.004724
vt 0.444672 0.754546
vt 0.532264 0.754546
vt 0.533110 0.504244
vt 0.445518 0.504244
vt 0.534357 0.253821
vt 0.446766 0.253821
vt 0.535883 0.003153
vt 0.448291 0.003153
vt 0.488145 1.004724
vt 0.444672 0.754546
vt 0.532264 0.754546
vt 0.533110 0.504244
vt 0.445518 0.504244
vt 0.534357 0.253821
vt 0.446766 0.253821
vt 0.535883 0.003153
vt 0.448291 0.003153
vt 0.488145 1.004724
vt 0.444672 0.754546
vt 0.532264 0.754546
vt 0.533110 0.504244
vt 0.445518 0.504244
vt 0.534357 0.253821
vt 0.446766 0.253821
vt 0.535883 0.003153
vt 0.448291 0.003153
vt 0.488145 1.004724
vt 0.444672 0.754546
vt 0.532264 0.754546
vt 0.533110 0.504244
vt 0.445518 0.504244
vt 0.534357 0.253821
vt 0.446766 0.253821
vt 0.535883 0.003153
vt 0.448291 0.003153
vt 0.488145 1.004724
vt 0.444672 0.754546
vt 0.532264 0.754546
vt 0.533110 0.504244
vt 0.445518 0.504244
vt 0.534357 0.253821
vt 0.446766 0.253821
vt 0.535883 0.003153
vt 0.448291 0.003153
vt 0.488145 1.004724
vt 0.444672 0.754546
vt 0.532264 0.754546
vt 0.533110 0.504244
vt 0.445518 0.504244
vt 0.534357 0.253821
vt 0.446766 0.253821
vt 0.535883 0.003153
vt 0.448291 0.003153
vt 0.488145 1.004724
vt 0.444672 0.754546
vt 0.532264 0.754546
vt 0.533110 0.504244
vt 0.445518 0.504244
vt 0.534357 0.253821
vt 0.446766 0.253821
vt 0.535883 0.003153
vt 0.448291 0.003153
vt 0.488145 1.004724
vt 0.444672 0.754546
vt 0.532264 0.754546
vt 0.533110 0.504244
vt 0.445518 0.504244
vt 0.534357 0.253821
vt 0.446766 0.253821
vt 0.535883 0.003153
vt 0.448291 0.003153
vt 0.488145 1.004724
vt 0.444672 0.754546
vt 0.532264 0.754546
vt 0.533110 0.504244
vt 0.445518 0.504244
vt 0.534357 0.253821
vt 0.446766 0.253821
vt 0.535883 0.003153
vt 0.448291 0.003153
vt 0.488145 1.004724
vt 0.444672 0.754546
vt 0.532264 0.754546
vt 0.533110 0.504244
vt 0.445518 0.504244
vt 0.534357 0.253821
vt 0.446766 0.253821
vt 0.535883 0.003153
vt 0.448291 0.003153
vt 0.488145 1.004724
vt 0.444672 0.754546
vt 0.532264 0.754546
vt 0.533110 0.504244
vt 0.445518 0.504244
vt 0.534357 0.253821
vt 0.446766 0.253821
vt 0.535883 0.003153
vt 0.448291 0.003153
vt 0.488145 1.004724
vt 0.444672 0.754546
vt 0.532264 0.754546
vt 0.533110 0.504244
vt 0.445518 0.504244
vt 0.534357 0.253821
vt 0.446766 0.253821
vt 0.535883 0.003153
vt 0.448291 0.003153
vt 0.488145 1.004724
vt 0.444672 0.754546
vt 0.532264 0.754546
vt 0.533110 0.504244
vt 0.445518 0.504244
vt 0.534357 0.253821
vt 0.446766 0.253821
vt 0.535883 0.003153
vt 0.448291 0.003153
vt 0.488145 1.004724
vt 0.444672 0.754546
vt 0.532264 0.754546
vt 0.533110 0.504244
vt 0.445518 0.504244
vt 0.534357 0.253821
vt 0.446766 0.253821
vt 0.535883 0.003153
vt 0.448291 0.003153
vt 0.488145 1.004724
vt 0.444672 0.754546
vt 0.532264 0.754546
vt 0.533110 0.504244
vt 0.445518 0.504244
vt 0.534357 0.253821
vt 0.446766 0.253821
vt 0.535883 0.003153
vt 0.448291 0.003153
vt 0.488145 1.004724
vt 0.444672 0.754546
vt 0.532264 0.754546
vt 0.533110 0.504244
vt 0.445518 0.504244
vt 0.534357 0.253821
vt 0.446766 0.253821
vt 0.535883 0.003153
vt 0.448291 0.003153
vt 0.488145 1.004724
vt 0.444672 0.754546
vt 0.532264 0.754546
vt 0.533110 0.504244
vt 0.445518 0.504244
vt 0.534357 0.253821
vt 0.446766 0.253821
vt 0.535883 0.003153
vt 0.448291 0.003153
vt 0.488145 1.004724
vt 0.444672 0.754546
vt 0.532264 0.754546
vt 0.533110 0.504244
vt 0.445518 0.504244
vt 0.534357 0.253821
vt 0.446766 0.253821
vt 0.535883 0.003153
vt 0.448291 0.003153
vt 0.488145 1.004724
vt 0.444672 0.754546
vt 0.532264 0.754546
vt 0.533110 0.504244
vt 0.445518 0.504244
vt 0.534357 0.253821
vt 0.446766 0.253821
vt 0.535883 0.003153
vt 0.448291 0.003153
vt 0.488145 1.004724
vt 0.444672 0.754546
vt 0.532264 0.754546
vt 0.533110 0.504244
vt 0.445518 0.504244
vt 0.534357 0.253821
vt 0.446766 0.253821
vt 0.535883 0.003153
vt 0.448291 0.003153
vt 0.488145 1.004724
vt 0.444672 0.754546
vt 0.532264 0.754546
vt 0.533110 0.504244
vt 0.445518 0.504244
vt 0.534357 0.253821
vt 0.446766 0.253821
vt 0.535883 0.003153
vt 0.448291 0.003153
vt 0.488145 1.004724
vt 0.444672 0.754546
vt 0.532264 0.754546
vt 0.533110 0.504244
vt 0.445518 0.504244
vt 0.534357 0.253821
vt 0.446766 0.253821
vt 0.535883 0.003153
vt 0.448291 0.003153
vt 0.488145 1.004724
vt 0.444672 0.754546
vt 0.532264 0.754546
vt 0.533110 0.504244
vt 0.445518 0.504244
vt 0.534357 0.253821
vt 0.446766 0.253821
vt 0.535883 0.003153
vt 0.448291 0.003153
vt 0.488145 1.004724
vt 0.444672 0.754546
vt 0.532264 0.754546
vt 0.533110 0.504244
vt 0.445518 0.504244
vt 0.534357 0.253821
vt 0.446766 0.253821
vt 0.535883 0.003153
vt 0.448291 0.003153
vt 0.488145 1.004724
vt 0.444672 0.754546
vt 0.532264 0.754546
vt 0.533110 0.504244
vt 0.445518 0.504244
vt 0.534357 0.253821
vt 0.446766 0.253821
vt 0.535883 0.003153
vt 0.448291 0.003153
vt 0.488145 1.004724
vt 0.444672 0.754546
vt 0.532264 0.754546
vt 0.533110 0.504244
vt 0.445518 0.504244
vt 0.534357 0.253821
vt 0.446766 0.253821
vt 0.535883 0.003153
vt 0.448291 0.003153
vt 0.488145 1.004724
vt 0.444672 0.754546
vt 0.532264 0.754546
vt 0.533110 0.504244
vt 0.445518 0.504244
vt 0.534357 0.253821
vt 0.446766 0.253821
vt 0.535883 0.003153
vt 0.448291 0.003153
vt 0.488145 1.004724
vt 0.444672 0.754546
vt 0.532264 0.754546
vt 0.533110 0.504244
vt 0.445518 0.504244
vt 0.534357 0.253821
vt 0.446766 0.253821
vt 0.535883 0.003153
vt 0.448291 0.003153
vt 0.488145 1.004724
vt 0.444672 0.754546
vt 0.532264 0.754546
vt 0.533110 0.504244
vt 0.445518 0.504244
vt 0.534357 0.253821
vt 0.446766 0.253821
vt 0.535883 0.003153
vt 0.448291 0.003153
vt 0.488145 1.004724
vt 0.444672 0.754546
vt 0.532264 0.754546
vt 0.533110 0.504244
vt 0.445518 0.504244
vt 0.534357 0.253821
vt 0.446766 0.253821
vt 0.535883 0.003153
vt 0.448291 0.003153
vt 0.488145 1.004724
vt 0.444672 0.754546
vt 0.532264 0.754546
vt 0.533110 0.504244
vt 0.445518 0.504244
vt 0.534357 0.253821
vt 0.446766 0.253821
vt 0.535883 0.003153
vt 0.448291 0.003153
vt 0.488145 1.004724
vt 0.444672 0.754546
vt 0.532264 0.754546
vt 0.533110 0.504244
vt 0.445518 0.504244
vt 0.534357 0.253821
vt 0.446766 0.253821
vt 0.535883 0.003153
vt 0.448291 0.003153
vt 0.488145 1.004724
vt 0.444672 0.754546
vt 0.532264 0.754546
vt 0.533110 0.504244
vt 0.445518 0.504244
vt 0.534357 0.253821
vt 0.446766 0.253821
vt 0.535883 0.003153
vt 0.448291 0.003153
vt 0.488145 1.004724
vt 0.444672 0.754546
vt 0.532264 0.754546
vt 0.533110 0.504244
vt 0.445518 0.504244
vt 0.534357 0.253821
vt 0.446766 0.253821
vt 0.535883 0.003153
vt 0.448291 0.003153
vt 0.488145 1.004724
vt 0.444672 0.754546
vt 0.532264 0.754546
vt 0.533110 0.504244
vt 0.445518 0.504244
vt 0.534357 0.253821
vt 0.446766 0.253821
vt 0.535883 0.003153
vt 0.448291 0.003153
vt 0.488145 1.004724
vt 0.444672 0.754546
vt 0.532264 0.754546
vt 0.533110 0.504244
vt 0.445518 0.504244
vt 0.534357 0.253821
vt 0.446766 0.253821
vt 0.535883 0.003153
vt 0.448291 0.003153
vt 0.488145 1.004724
vt 0.444672 0.754546
vt 0.532264 0.754546
vt 0.533110 0.504244
vt 0.445518 0.504244
vt 0.534357 0.253821
vt 0.446766 0.253821
vt 0.535883 0.003153
vt 0.448291 0.003153
vt 0.488145 1.004724
vt 0.444672 0.754546
vt 0.532264 0.754546
vt 0.533110 0.504244
vt 0.445518 0.504244
vt 0.534357 0.253821
vt 0.446766 0.253821
vt 0.535883 0.003153
vt 0.448291 0.003153
vt 0.488145 1.004724
vt 0.444672 0.754546
vt 0.532264 0.754546
vt 0.533110 0.504244
vt 0.445518 0.504244
vt 0.534357 0.253821
vt 0.446766 0.253821
vt 0.535883 0.003153
vt 0.448291 0.003153
vt 0.488145 1.004724
vt 0.444672 0.754546
vt 0.532264 0.754546
vt 0.533110 0.504244
vt 0.445518 0.504244
vt 0.534357 0.253821
vt 0.446766 0.253821
vt 0.535883 0.003153
vt 0.448291 0.003153
vt 0.488145 1.004724
vt 0.444672 0.754546
vt 0.532264 0.754546
vt 0.533110 0.504244
vt 0.445518 0.504244
vt 0.534357 0.253821
vt 0.446766 0.253821
vt 0.535883 0.003153
vt 0.448291 0.003153
vt 0.488145 1.004724
vt 0.444672 0.754546
vt 0.532264 0.754546
vt 0.533110 0.504244
vt 0.445518 0.504244
vt 0.534357 0.253821
vt 0.446766 0.253821
vt 0.535883 0.003153
vt 0.448291 0.003153
vt 0.488145 1.004724
vt 0.444672 0.754546
vt 0.532264 0.754546
vt 0.533110 0.504244
vt 0.445518 0.504244
vt 0.534357 0.253821
vt 0.446766 0.253821
vt 0.535883 0.003153
vt 0.448291 0.003153
vt 0.488145 1.004724
vt 0.444672 0.754546
vt 0.532264 0.754546
vt 0.533110 0.504244
vt 0.445518 0.504244
vt 0.534357 0.253821
vt 0.446766 0.253821
vt 0.535883 0.003153
vt 0.448291 0.003153
vt 0.488145 1.004724
vt 0.444672 0.754546
vt 0.532264 0.754546
vt 0.533110 0.504244
vt 0.445518 0.504244
vt 0.534357 0.253821
vt 0.446766 0.253821
vt 0.535883 0.003153
vt 0.448291 0.003153
vt 0.488145 1.004724
vt 0.444672 0.754546
vt 0.532264 0.754546
vt 0.533110 0.504244
vt 0.445518 0.504244
vt 0.534357 0.253821
vt 0.446766 0.253821
vt 0.535883 0.003153
vt 0.448291 0.003153
vt 0.488145 1.004724
vt 0.444672 0.754546
vt 0.532264 0.754546
vt 0.533110 0.504244
vt 0.445518 0.504244
vt 0.534357 0.253821
vt 0.446766 0.253821
vt 0.535883 0.003153
vt 0.448291 0.003153
vt 0.488145 1.004724
vt 0.444672 0.754546
vt 0.532264 0.754546
vt 0.533110 0.504244
vt 0.445518 0.504244
vt 0.534357 0.253821
vt 0.446766 0.253821
vt 0.535883 0.003153
vt 0.448291 0.003153
vt 0.488145 1.004724
vt 0.444672 0.754546
vt 0.532264 0.754546
vt 0.533110 0.504244
vt 0.445518 0.504244
vt 0.534357 0.253821
vt 0.446766 0.253821
vt 0.535883 0.003153
vt 0.448291 0.003153
vt 0.488145 1.004724
vt 0.444672 0.754546
vt 0.532264 0.754546
vt 0.533110 0.504244
vt 0.445518 0.504244
vt 0.534357 0.253821
vt 0.446766 0.253821
vt 0.535883 0.003153
vt 0.448291 0.003153
vt 0.488145 1.004724
vt 0.444672 0.754546
vt 0.532264 0.754546
vt 0.533110 0.504244
vt 0.445518 0.504244
vt 0.534357 0.253821
vt 0.446766 0.253821
vt 0.535883 0.003153
vt 0.448291 0.003153
vt 0.488145 1.004724
vt 0.444672 0.754546
vt 0.532264 0.754546
vt 0.533110 0.504244
vt 0.445518 0.504244
vt 0.534357 0.253821
vt 0.446766 0.253821
vt 0.535883 0.003153
vt 0.448291 0.003153
vt 0.488145 1.004724
vt 0.444672 0.754546
vt 0.532264 0.754546
vt 0.533110 0.504244
vt 0.445518 0.504244
vt 0.534357 0.253821
vt 0.446766 0.253821
vt 0.535883 0.003153
vt 0.448291 0.003153
vt 0.488145 1.004724
vt 0.444672 0.754546
vt 0.532264 0.754546
vt 0.533110 0.504244
vt 0.445518 0.504244
vt 0.534357 0.253821
vt 0.446766 0.253821
vt 0.535883 0.003153
vt 0.448291 0.003153
vt 0.488145 1.004724
vt 0.444672 0.754546
vt 0.532264 0.754546
vt 0.533110 0.504244
vt 0.445518 0.504244
vt 0.534357 0.253821
vt 0.446766 0.253821
vt 0.535883 0.003153
vt 0.448291 0.003153
vt 0.488145 1.004724
vt 0.444672 0.754546
vt 0.532264 0.754546
vt 0.533110 0.504244
vt 0.445518 0.504244
vt 0.534357 0.253821
vt 0.446766 0.253821
vt 0.535883 0.003153
vt 0.448291 0.003153
vt 0.488145 1.004724
vt 0.444672 0.754546
vt 0.532264 0.754546
vt 0.533110 0.504244
vt 0.445518 0.504244
vt 0.534357 0.253821
vt 0.446766 0.253821
vt 0.535883 0.003153
vt 0.448291 0.003153
f 1/1/1 2/2/2 3/3/3
f 3/3/3 2/2/2 4/4/4
f 2/2/2 5/5/5 4/4/4
f 4/4/4 5/5/5 6/6/6
f 5/5/5 7/7/7 6/6/6
f 6/6/6 7/7/7 8/8/8
f 7/7/7 9/9/9 8/8/8
f 10/10/10 11/11/11 12/12/12
f 12/12/12 11/11/11 13/13/13
f 11/11/11 14/14/14 13/13/13
f 13/13/13 14/14/14 15/15/15
f 14/14/14 16/16/16 15/15/15
f 15/15/15 16/16/16 17/17/17
f 16/16/16 18/18/18 17/17/17
f 19/19/19 20/20/20 21/21/21
f 21/21/21 20/20/20 22/22/22
f 20/20/20 23/23/23 22/22/22
f 22/22/22 23/23/23 24/24/24
f 23/23/23 25/25/25 24/24/24
f 24/24/24 25/25/25 26/26/26
f 25/25/25 27/27/27 26/26/26
f 28/28/28 29/29/29 30/30/30
f 30/30/30 29/29/29 31/31/31
f 29/29/29 32/32/32 31/31/31
f 31/31/31 32/32/32 33/33/33
f 32/32/32 34/34/34 33/33/33
f 33/33/33 34/34/34 35/35/35
f 34/34/34 36/36/36 35/35/35
f 37/37/37 38/38/38 39/39/39
f 39/39/39 38/38/38 40/40/40
f 38/38/38 41/41/41 40/40/40
f 40/40/40 41/41/41 42/42/42
f 41/41/41 43/43/43 42/42/42
f 42/42/42 43/43/43 44/44/44
f 43/43/43 45/45/45 44/44/44
f 46/46/46 47/47/47 48/48/48
f 48/48/48 47/47/47 49/49/49
f 47/47/47 50/50/50 49/49/49
f 49/49/49 50/50/50 51/51/51
f 50/50/50 52/52/52 51/51/51
f 51/51/51 52/52/52 53/53/53
f 52/52/52 54/54/54 53/53/53
f 55/55/55 56/56/56 57/57/57
f 57/57/57 56/56/56 58/58/58
f 56/56/56 59/59/59 58/58/58
f 58/58/58 59/59/59 60/60/60
f 59/59/59 61/61/61 60/60/60
f 60/60/60 61/61/61 62/62/62
f 61/61/61 63/63/63 62/62/62
f 64/64/64 65/65/65 66/66/66
f 66/66/66 65/65/65 67/67/67
f 65/65/65 68/68/68 67/67/67
f 67/67/67 68/68/68 69/69/69
f 68/68/68 70/70/70 69/69/69
f 69/69/69 70/70/70 71/71/71
f 70/70/70 72/72/72 71/71/71
f 73/73/73 74/74/74 75/75/75
f 75/75/75 74/74/74 76/76/76
f 74/74/74 77/77/77 76/76/76
f 76/76/76 77/77/77 78/78/78
f 77/77/77 79/79/79 78/78/78
f 78/78/78 79/79/79 80/80/80
f 79/79/79 81/81/81 80/80/80
f 82/82/82 83/83/83 84/84/84
f 84/84/84 83/83/83 85/85/85
f 83/83/83 86/86/86 85/85/85
f 85/85/85 86/86/86 87/87/87
f 86/86/86 88/88/88 87/87/87
f 87/87/87 88/88/88 89/89/89
f 88/88/88 90/90/90 89/89/89
f 91/91/91 92/92/92 93/93/93
f 93/93/93 92/92/92 94/94/94
f 92/92/92 95/95/95 94/94/94
f 94/94/94 95/95/95 96/96/96
f 95/95/95 97/97/97 96/96/96
f 96/96/96 97/97/97 98/98/98
f 97/97/97 99/99/99 98/98/98
f 100/100/100 101/101/101 102/102/102
f 102/102/102 101/101/101 103/103/103
f 101/101/101 104/104/104 103/103/103
f 103/103/103 104/104/104 105/105/105
f 104/104/104 106/106/106 105/105/105
f 105/105/105 106/106/106 107/107/107
f 106/106/106 108/108/108 107/107/107
f 109/109/109 110/110/110 111/111/111
f 111/111/111 110/110/110 112/112/112
f 110/110/110 113/113/113 112/112/112
f 112/112/112 113/113/113 114/114/114
f 113/113/113 115/115/115 114/114/114
f 114/114/114 115/115/115 116/116/116
f 115/115/115 117/117/117 116/116/116
f 118/118/118 119/119/119 120/120/120
f 120/120/120 119/119/119 121/121/121
f 119/119/119 122/122/122 121/121/121
f 121/121/121 122/122/122 123/123/123
f 122/122/122 124/124/124 123/123/123
f 123/123/123 124/124/124 125/125/125
f 124/124/124 126/126/126 125/125/125
f 127/127/127 128/128/128 129/129/129
f 129/129/129 128/128/128 130/130/130
f 128/128/128 131/131/131 130/130/130
f 130/130/130 131/131/131 132/132/132
f 131/131/131 133/133/133 132/132/132
f 132/132/132 133/133/133 134/134/134
f 133/133/133 135/135/135 134/134/134
f 136/136/136 137/137/137 138/138/138
f 138/138/138 137/137/137 139/139/139
f 137/137/137 140/140/140 139/139/139
f 139/139/139 140/140/140 141/141/141
f 140/140/140 142/142/142 141/141/141
f 141/141/141 142/142/142 143/143/143
f 142/142/142 144/144/144 143/143/143
f 145/145/145 146/146/146 147/147/147
f 147/147/147 146/146/146 148/148/148
f 146/146/146 149/149/149 148/148/148
f 148/148/148 149/149/149 150/150/150
f 149/149/149 151/151/151 150/150/150
f 150/150/150 151/151/151 152/152/152
f 151/151/151 153/153/153 152/152/152
f 154/154/154 155/155/155 156/156/156
f 156/156/156 155/155/155 157/157/157
f 155/155/155 158/158/158 157/157/157
f 157/157/157 158/158/158 159/159/159
f 158/158/158 160/160/160 159/159/159
f 159/159/159 160/160/160 161/161/161
f 160/160/160 162/162/162 161/161/161
f 163/163/163 164/164/164 165/165/165
f 165/165/165 164/164/164 166/166/166
f 164/164/164 167/167/167 166/166/166
f 166/166/166 167/167/167 168/168/168
f 167/167/167 169/169/169 168/168/168
f 168/168/168 169/169/169 170/170/170
f 169/169/169 171/171/171 170/170/170
f 172/172/172 173/173/173 174/174/174
f 174/174/174 173/173/173 175/175/175
f 173/173/173 176/176/176 175/175/175
f 175/175/175 176/176/176 177/177/177
f 176/176/176 178/178/178 177/177/177
f 177/177/177 178/178/178 179/179/179
f 178/178/178 180/180/180 179/179/179
f 181/181/181 182/182/182 183/183/183
f 183/183/183 182/182/182 184/184/184
f 182/182/182 185/185/185 184/184/184
f 184/184/184 185/185/185 186/186/186
f 185/185/185 187/187/187 186/186/186
f 186/186/186 187/187/187 188/188/188
f 187/187/187 189/189/189 188/188/188
f 190/190/190 191/191/191 192/192/192
f 192/192/192 191/191/191 193/193/193
f 191/191/191 194/194/194 193/193/193
f 193/193/193 194/194/194 195/195/195
f 194/194/194 196/196/196 195/195/195
f 195/195/195 196/196/196 197/197/197
f 196/196/196 198/198/198 197/197/197
f 199/199/199 200/200/200 201/201/201
f 201/201/201 200/200/200 202/202/202
f 200/200/200 203/203/203 202/202/202
f 202/202/202 203/203/203 204/204/204
f 203/203/203 205/205/205 204/204/204
f 204/204/204 205/205/205 206/206/206
f 205/205/205 207/207/207 206/206/206
f 208/208/208 209/209/209 210/210/210
f 210/210/210 209/209/209 211/211/211
f 209/209/209 212/212/212 211/211/211
f 211/211/211 212/212/212 213/213/213
f 212/212/212 214/214/214 213/213/213
f 213/213/213 214/214/214 215/215/215
f 214/214/214 216/216/216 215/215/215
f 217/217/217 218/218/218 219/219/219
f 219/219/219 218/218/218 220/220/220
f 218/218/218 221/221/221 220/220/220
f 220/220/220 221/221/221 222/222/222
f 221/221/221 223/223/223 222/222/222
f 222/222/222 223/223/223 224/224/224
f 223/223/223 225/225/225 224/224/224
f 226/226/226 227/227/227 228/228/228
f 228/228/228 227/227/227 229/229/229
f 227/227/227 230/230/230 229/229/229
f 229/229/229 230/230/230 231/231/231
f 230/230/230 232/232/232 231/231/231
f 231/231/231 232/232/232 233/233/233
f 232/232/232 234/234/234 233/233/233
f 235/235/235 236/236/236 237/237/237
f 237/237/237 236/236/236 238/238/238
f 236/236/236 239/239/239 238/238/238
f 238/238/238 239/239/239 240/240/240
f 239/239/239 241/241/241 240/240/240
f 240/240/240 241/241/241 242/242/242
f 241/241/241 243/243/243 242/242/242
f 244/244/244 245/245/245 246/246/246
f 246/246/246 245/245/245 247/247/247
f 245/245/245 248/248/248 247/247/247
f 247/247/247 248/248/248 249/249/249
f 248/248/248 250/250/250 249/249/249
f 249/249/249 250/250/250 251/251/251
f 250/250/250 252/252/252 251/251/251
f 253/253/253 254/254/254 255/255/255
f 255/255/255 254/254/254 256/256/256
f 254/254/254 257/257/257 256/256/256
f 256/256/256 257/257/257 258/258/258
f 257/257/257 259/259/259 258/258/258
f 258/258/258 259/259/259 260/260/260
f 259/259/259 261/261/261 260/260/260
f 262/262/262 263/263/263 264/264/264
f 264/264/264 263/263/263 265/265/265
f 263/263/263 266/266/266 265/265/265
f 265/265/265 266/266/266 267/267/267
f 266/266/266 268/268/268 267/267/267
f 267/267/267 268/268/268 269/269/269
f 268/268/268 270/270/270 269/269/269
f 271/271/271 272/272/272 273/273/273
f 273/273/273 272/272/272 274/274/274
f 272/272/272 275/275/275 274/274/274
f 274/274/274 275/275/275 276/276/276
f 275/275/275 277/277/277 276/276/276
f 276/276/276 277/277/277 278/278/278
f 277/277/277 279/279/279 278/278/278
f 280/280/280 281/281/281 282/282/282
f 282/282/282 281/281/281 283/283/283
f 281/281/281 284/284/284 283/283/283
f 283/283/283 284/284/284 285/285/285
f 284/284/284 286/286/286 285/285/285
f 285/285/285 286/286/286 287/287/287
f 286/286/286 288/288/288 287/287/287
f 289/289/289 290/290/290 291/291/291
f 291/291/291 290/290/290 292/292/292
f 290/290/290 293/293/293 292/292/292
f 292/292/292 293/293/293 294/294/294
f 293/293/293 295/295/295 294/294/294
f 294/294/294 295/295/295 296/296/296
f 295/295/295 297/297/297 296/296/296
f 298/298/298 299/299/299 300/300/300
f 300/300/300 299/299/299 301/301/301
f 299/299/299 302/302/302 301/301/301
f 301/301/301 302/302/302 303/303/303
f 302/302/302 304/304/304 303/303/303
f 303/303/303 304/304/304 305/305/305
f 304/304/304 306/306/306 305/305/305
f 307/307/307 308/308/308 309/309/309
f 309/309/309 308/308/308 310/310/310
f 308/308/308 311/311/311 310/310/310
f 310/310/310 311/311/311 312/312/312
f 311/311/311 313/313/313 312/312/312
f 312/312/312 313/313/313 314/314/314
f 313/313/313 315/315/315 314/314/314
f 316/316/316 317/317/317 318/318/318
f 318/318/318 317/317/317 319/319/319
f 317/317/317 320/320/320 319/319/319
f 319/319/319 320/320/320 321/321/321
f 320/320/320 322/322/322 321/321/321
f 321/321/321 322/322/322 323/323/323
f 322/322/322 324/324/324 323/323/323
f 325/325/325 326/326/326 327/327/327
f 327/327/327 326/326/326 328/328/328
f 326/326/326 329/329/329 328/328/328
f 328/328/328 329/329/329 330/330/330
f 329/329/329 331/331/331 330/330/330
f 330/330/330 331/331/331 332/332/332
f 331/331/331 333/333/333 332/332/332
f 334/334/334 335/335/335 336/336/336
f 336/336/336 335/335/335 337/337/337
f 335/335/335 338/338/338 337/337/337
f 337/337/337 338/338/338 339/339/339
f 338/338/338 340/340/340 339/339/339
f 339/339/339 340/340/340 341/341/341
f 340/340/340 342/342/342 341/341/341
f 343/343/343 344/344/344 345/345/345
f 345/345/345 344/344/344 346/346/346
f 344/344/344 347/347/347 346/346/346
f 346/346/346 347/347/347 348/348/348
f 347/347/347 349/349/349 348/348/348
f 348/348/348 349/349/349 350/350/350
f 349/349/349 351/351/351 350/350/350
f 352/352/352 353/353/353 354/354/354
f 354/354/354 353/353/353 355/355/355
f 353/353/353 356/356/356 355/355/355
f 355/355/355 356/356/356 357/357/357
f 356/356/356 358/358/358 357/357/357
f 357/357/357 358/358/358 359/359/359
f 358/358/358 360/360/360 359/359/359
f 361/361/361 362/362/362 363/363/363
f 363/363/363 362/362/362 364/364/364
f 362/362/362 365/365/365 364/364/364
f 364/364/364 365/365/365 366/366/366
f 365/365/365 367/367/367 366/366/366
f 366/366/366 367/367/367 368/368/368
f 367/367/367 369/369/369 368/368/368
f 370/370/370 371/371/371 372/372/372
f 372/372/372 371/371/371 373/373/373
f 371/371/371 374/374/374 373/373/373
f 373/373/373 374/374/374 375/375/375
f 374/374/374 376/376/376 375/375/375
f 375/375/375 376/376/376 377/377/377
f 376/376/376 378/378/378 377/377/377
f 379/379/379 380/380/380 381/381/381
f 381/381/381 380/380/380 382/382/382
f 380/380/380 383/383/383 382/382/382
f 382/382/382 383/383/383 384/384/384
f 383/383/383 385/385/385 384/384/384
f 384/384/384 385/385/385 386/386/386
f 385/385/385 387/387/387 386/386/386
f 388/388/388 389/389/389 390/390/390
f 390/390/390 389/389/389 391/391/391
f 389/389/389 392/392/392 391/391/391
f 391/391/391 392/392/392 393/393/393
f 392/392/392 394/394/394 393/393/393
f 393/393/393 394/394/394 395/395/395
f 394/394/394 396/396/396 395/395/395
f 397/397/397 398/398/398 399/399/399
f 399/399/399 398/398/398 400/400/400
f 398/398/398 401/401/401 400/400/400
f 400/400/400 401/401/401 402/402/402
f 401/401/401 403/403/403 402/402/402
f 402/402/402 403/403/403 404/404/404
f 403/403/403 405/405/405 404/404/404
f 406/406/406 407/407/407 408/408/408
f 408/408/408 407/407/407 409/409/409
f 407/407/407 410/410/410 409/409/409
f 409/409/409 410/410/410 411/411/411
f 410/410/410 412/412/412 411/411/411
f 411/411/411 412/412/412 413/413/413
f 412/412/412 414/414/414 413/413/413
f 415/415/415 416/416/416 417/417/417
f 417/417/417 416/416/416 418/418/418
f 416/416/416 419/419/419 418/418/418
f 418/418/418 419/419/419 420/420/420
f 419/419/419 421/421/421 420/420/420
f 420/420/420 421/421/421 422/422/422
f 421/421/421 423/423/423 422/422/422
f 424/424/424 425/425/425 426/426/426
f 426/426/426 425/425/425 427/427/427
f 425/425/425 428/428/428 427/427/427
f 427/427/427 428/428/428 429/429/429
f 428/428/428 430/430/430 429/429/429
f 429/429/429 430/430/430 431/431/431
f 430/430/430 432/432/432 431/431/431
f 433/433/433 434/434/434 435/435/435
f 435/435/435 434/434/434 436/436/436
f 434/434/434 437/437/437 436/436/436
f 436/436/436 437/437/437 438/438/438
f 437/437/437 439/439/439 438/438/438
f 438/438/438 439/439/439 440/440/440
f 439/439/439 441/441/441 440/440/440
f 442/442/442 443/443/443 444/444/444
f 444/444/444 443/443/443 445/445/445
f 443/443/443 446/446/446 445/445/445
f 445/445/445 446/446/446 447/447/447
f 446/446/446 448/448/448 447/447/447
f 447/447/447 448/448/448 449/449/449
f 448/448/448 450/450/450 449/449/449
f 451/451/451 452/452/452 453/453/453
f 453/453/453 452/452/452 454/454/454
f 452/452/452 455/455/455 454/454/454
f 454/454/454 455/455/455 456/456/456
f 455/455/455 457/457/457 456/456/456
f 456/456/456 457/457/457 458/458/458
f 457/457/457 459/459/459 458/458/458
f 460/460/460 461/461/461 462/462/462
f 462/462/462 461/461/461 463/463/463
f 461/461/461 464/464/464 463/463/463
f 463/463/463 464/464/464 465/465/465
f 464/464/464 466/466/466 465/465/465
f 465/465/465 466/466/466 467/467/467
f 466/466/466 468/468/468 467/467/467
f 469/469/469 470/470/470 471/471/471
f 471/471/471 470/470/470 472/472/472
f 470/470/470 473/473/473 472/472/472
f 472/472/472 473/473/473 474/474/474
f 473/473/473 475/475/475 474/474/474
f 474/474/474 475/475/475 476/476/476
f 475/475/475 477/477/477 476/476/476
f 478/478/478 479/479/479 480/480/480
f 480/480/480 479/479/479 481/481/481
f 479/479/479 482/482/482 481/481/481
f 481/481/481 482/482/482 483/483/483
f 482/482/482 484/484/484 483/483/483
f 483/483/483 484/484/484 485/485/485
f 484/484/484 486/486/486 485/485/485
f 487/487/487 488/488/488 489/489/489
f 489/489/489 488/488/488 490/490/490
f 488/488/488 491/491/491 490/490/490
f 490/490/490 491/491/491 492/492/492
f 491/491/491 493/493/493 492/492/492
f 492/492/492 493/493/493 494/494/494
f 493/493/493 495/495/495 494/494/494
f 496/496/496 497/497/497 498/498/498
f 498/498/498 497/497/497 499/499/499
f 497/497/497 500/500/500 499/499/499
f 499/499/499 500/500/500 501/501/501
f 500/500/500 502/502/502 501/501/501
f 501/501/501 502/502/502 503/503/503
f 502/502/502 504/504/504 503/503/503
f 505/505/505 506/506/506 507/507/507
f 507/507/507 506/506/506 508/508/508
f 506/506/506 509/509/509 508/508/508
f 508/508/508 509/509/509 510/510/510
f 509/509/509 511/511/511 510/510/510
f 510/510/510 511/511/511 512/512/512
f 511/511/511 513/513/513 512/512/512
f 514/514/514 515/515/515 516/516/516
f 516/516/516 515/515/515 517/517/517
f 515/515/515 518/518/518 517/517/517
f 517/517/517 518/518/518 519/519/519
f 518/518/518 520/520/520 519/519/519
f 519/519/519 520/520/520 521/521/521
f 520/520/520 522/522/522 521/521/521
f 523/523/523 524/524/524 525/525/525
f 525/525/525 524/524/524 526/526/526
f 524/524/524 527/527/527 526/526/526
f 526/526/526 527/527/527 528/528/528
f 527/527/527 529/529/529 528/528/528
f 528/528/528 529/529/529 530/530/530
f 529/529/529 531/531/531 530/530/530
f 532/532/532 533/533/533 534/534/534
f 534/534/534 533/533/533 535/535/535
f 533/533/533 536/536/536 535/535/535
f 535/535/535 536/536/536 537/537/537
f 536/536/536 538/538/538 537/537/537
f 537/537/537 538/538/538 539/539/539
f 538/538/538 540/540/540 539/539/539
f 541/541/541 542/542/542 543/543/543
f 543/543/543 542/542/542 544/544/544
f 542/542/542 545/545/545 544/544/544
f 544/544/544 545/545/545 546/546/546
f 545/545/545 547/547/547 546/546/546
f 546/546/546 547/547/547 548/548/548
f 547/547/547 549/549/549 548/548/548
f 550/550/550 551/551/551 552/552/552
f 552/552/552 551/551/551 553/553/553
f 551/551/551 554/554/554 553/553/553
f 553/553/553 554/554/554 555/555/555
f 554/554/554 556/556/556 555/555/555
f 555/555/555 556/556/556 557/557/557
f 556/556/556 558/558/558 557/557/557
f 559/559/559 560/560/560 561/561/561
f 561/561/561 560/560/560 562/562/562
f 560/560/560 563/563/563 562/562/562
f 562/562/562 563/563/563 564/564/564
f 563/563/563 565/565/565 564/564/564
f 564/564/564 565/565/565 566/566/566
f 565/565/565 567/567/567 566/566/566
f 568/568/568 569/569/569 570/570/570
f 570/570/570 569/569/569 571/571/571
f 569/569/569 572/572/572 571/571/571
f 571/571/571 572/572/572 573/573/573
f 572/572/572 574/574/574 573/573/573
f 573/573/573 574/574/574 575/575/575
f 574/574/574 576/576/576 575/575/575
f 577/577/577 578/578/578 579/579/579
f 579/579/579 578/578/578 580/580/580
f 578/578/578 581/581/581 580/580/580
f 580/580/580 581/581/581 582/582/582
f 581/581/581 583/583/583 582/582/582
f 582/582/582 583/583/583 584/584/584
f 583/583/583 585/585/585 584/584/584
f 586/586/586 587/587/587 588/588/588
f 588/588/588 587/587/587 589/589/589
f 587/587/587 590/590/590 589/589/589
f 589/589/589 590/590/590 591/591/591
f 590/590/590 592/592/592 591/591/591
f 591/591/591 592/592/592 593/593/593
f 592/592/592 594/594/594 593/593/593
f 595/595/595 596/596/596 597/597/597
f 597/597/597 596/596/596 598/598/598
f 596/596/596 599/599/599 598/598/598
f 598/598/598 599/599/599 600/600/600
f 599/599/599 601/601/601 600/600/600
f 600/600/600 601/601/601 602/602/602
f 601/601/601 603/603/603 602/602/602
f 604/604/604 605/605/605 606/606/606
f 606/606/606 605/605/605 607/607/607
f 605/605/605 608/608/608 607/607/607
f 607/607/607 608/608/608 609/609/609
f 608/608/608 610/610/610 609/609/609
f 609/609/609 610/610/610 611/611/611
f 610/610/610 612/612/612 611/611/611
f 613/613/613 614/614/614 615/615/615
f 615/615/615 614/614/614 616/616/616
f 614/614/614 617/617/617 616/616/616
f 616/616/616 617/617/617 618/618/618
f 617/617/617 619/619/619 618/618/618
f 618/618/618 619/619/619 620/620/620
f 619/619/619 621/621/621 620/620/620
f 622/622/622 623/623/623 624/624/624
f 624/624/624 623/623/623 625/625/625
f 623/623/623 626/626/626 625/625/625
f 625/625/625 626/626/626 627/627/627
f 626/626/626 628/628/628 627/627/627
f 627/627/627 628/628/628 629/629/629
f 628/628/628 630/630/630 629/629/629
f 631/631/631 632/632/632 633/633/633
f 633/633/633 632/632/632 634/634/634
f 632/632/632 635/635/635 634/634/634
f 634/634/634 635/635/635 636/636/636
f 635/635/635 637/637/637 636/636/636
f 636/636/636 637/637/637 638/638/638
f 637/637/637 639/639/639 638/638/638
f 640/640/640 641/641/641 642/642/642
f 642/642/642 641/641/641 643/643/643
f 641/641/641 644/644/644 643/643/643
f 643/643/643 644/644/644 645/645/645
f 644/644/644 646/646/646 645/645/645
f 645/645/645 646/646/646 647/647/647
f 646/646/646 648/648/648 647/647/647
f 649/649/649 650/650/650 651/651/651
f 651/651/651 650/650/650 652/652/652
f 650/650/650 653/653/653 652/652/652
f 652/652/652 653/653/653 654/654/654
f 653/653/653 655/655/655 654/654/654
f 654/654/654 655/655/655 656/656/656
f 655/655/655 657/657/657 656/656/656
f 658/658/658 659/659/659 660/660/660
f 660/660/660 659/659/659 661/661/661
f 659/659/659 662/662/662 661/661/661
f 661/661/661 662/662/662 663/663/663
f 662/662/662 664/664/664 663/663/663
f 663/663/663 664/664/664 665/665/665
f 664/664/664 666/666/666 665/665/665
f 667/667/667 668/668/668 669/669/669
f 669/669/669 668/668/668 670/670/670
f 668/668/668 671/671/671 670/670/670
f 670/670/670 671/671/671 672/672/672
f 671/671/671 673/673/673 672/672/672
f 672/672/672 673/673/673 674/674/674
f 673/673/673 675/675/675 674/674/674
f 676/676/676 677/677/677 678/678/678
f 678/678/678 677/677/677 679/679/679
f 677/677/677 680/680/680 679/679/679
f 679/679/679 680/680/680 681/681/681
f 680/680/680 682/682/682 681/681/681
f 681/681/681 682/682/682 683/683/683
f 682/682/682 684/684/684 683/683/683
f 685/685/685 686/686/686 687/687/687
f 687/687/687 686/686/686 688/688/688
f 686/686/686 689/689/689 688/688/688
f 688/688/688 689/689/689 690/690/690
f 689/689/689 691/691/691 690/690/690
f 690/690/690 691/691/691 692/692/692
f 691/691/691 693/693/693 692/692/692
f 694/694/694 695/695/695 696/696/696
f 696/696/696 695/695/695 697/697/697
f 695/695/695 698/698/698 697/697/697
f 697/697/697 698/698/698 699/699/699
f 698/698/698 700/700/700 699/699/699
f 699/699/699 700/700/700 701/701/701
f 700/700/700 702/702/702 701/701/701
f 703/703/703 704/704/704 705/705/705
f 705/705/705 704/704/704 706/706/706
f 704/704/704 707/707/707 706/706/706
f 706/706/706 707/707/707 708/708/708
f 707/707/707 709/709/709 708/708/708
f 708/708/708 709/709/709 710/710/710
f 709/709/709 711/711/711 710/710/710
f 712/712/712 713/713/713 714/714/714
f 714/714/714 713/713/713 715/715/715
f 713/713/713 716/716/716 715/715/715
f 715/715/715 716/716/716 717/717/717
f 716/716/716 718/718/718 717/717/717
f 717/717/717 718/718/718 719/719/719
f 718/718/718 720/720/720 719/719/719
f 721/721/721 722/722/722 723/723/723
f 723/723/723 722/722/722 724/724/724
f 722/722/722 725/725/725 724/724/724
f 724/724/724 725/725/725 726/726/726
f 725/725/725 727/727/727 726/726/726
f 726/726/726 727/727/727 728/728/728
f 727/727/727 729/729/729 728/728/728
f 730/730/730 731/731/731 732/732/732
f 732/732/732 731/731/731 733/733/733
f 731/731/731 734/734/734 733/733/733
f 733/733/733 734/734/734 735/735/735
f 734/734/734 736/736/736 735/735/735
f 735/735/735 736/736/736 737/737/737
f 736/736/736 738/738/738 737/737/737
f 739/739/739 740/740/740 741/741/741
f 741/741/741 740/740/740 742/742/742
f 740/740/740 743/743/743 742/742/742
f 742/742/742 743/743/743 744/744/744
f 743/743/743 745/745/745 744/744/744
f 744/744/744 745/745/745 746/746/746
f 745/745/745 747/747/747 746/746/746
f 748/748/748 749/749/749 750/750/750
f 750/750/750 749/749/749 751/751/751
f 749/749/749 752/752/752 751/751/751
f 751/751/751 752/752/752 753/753/753
f 752/752/752 754/754/754 753/753/753
f 753/753/753 754/754/754 755/755/755
f 754/754/754 756/756/756 755/755/755
f 757/757/757 758/758/758 759/759/759
f 759/759/759 758/758/758 760/760/760
f 758/758/758 761/761/761 760/760/760
f 760/760/760 761/761/761 762/762/762
f 761/761/761 763/763/763 762/762/762
f 762/762/762 763/763/763 764/764/764
f 763/763/763 765/765/765 764/764/764
f 766/766/766 767/767/767 768/768/768
f 768/768/768 767/767/767 769/769/769
f 767/767/767 770/770/770 769/769/769
f 769/769/769 770/770/770 771/771/771
f 770/770/770 772/772/772 771/771/771
f 771/771/771 772/772/772 773/773/773
f 772/772/772 774/774/774 773/773/773
f 775/775/775 776/776/776 777/777/777
f 777/777/777 776/776/776 778/778/778
f 776/776/776 779/779/779 778/778/778
f 778/778/778 779/779/779 780/780/780
f 779/779/779 781/781/781 780/780/780
f 780/780/780 781/781/781 782/782/782
f 781/781/781 783/783/783 782/782/782
f 784/784/784 785/785/785 786/786/786
f 786/786/786 785/785/785 787/787/787
f 785/785/785 788/788/788 787/787/787
f 787/787/787 788/788/788 789/789/789
f 788/788/788 790/790/790 789/789/789
f 789/789/789 790/790/790 791/791/791
f 790/790/790 792/792/792 791/791/791
f 793/793/793 794/794/794 795/795/795
f 795/795/795 794/794/794 796/796/796
f 794/794/794 797/797/797 796/796/796
f 796/796/796 797/797/797 798/798/798
f 797/797/797 799/799/799 798/798/798
f 798/798/798 799/799/799 800/800/800
f 799/799/799 801/801/801 800/800/800
f 802/802/802 803/803/803 804/804/804
f 804/804/804 803/803/803 805/805/805
f 803/803/803 806/806/806 805/805/805
f 805/805/805 806/806/806 807/807/807
f 806/806/806 808/808/808 807/807/807
f 807/807/807 808/808/808 809/809/809
f 808/808/808 810/810/810 809/809/809
f 811/811/811 812/812/812 813/813/813
f 813/813/813 812/812/812 814/814/814
f 812/812/812 815/815/815 814/814/814
f 814/814/814 815/815/815 816/816/816
f 815/815/815 817/817/817 816/816/816
f 816/816/816 817/817/817 818/818/818
f 817/817/817 819/819/819 818/818/818
f 820/820/820 821/821/821 822/822/822
f 822/822/822 821/821/821 823/823/823
f 821/821/821 824/824/824 823/823/823
f 823/823/823 824/824/824 825/825/825
f 824/824/824 826/826/826 825/825/825
f 825/825/825 826/826/826 827/827/827
f 826/826/826 828/828/828 827/827/827
f 829/829/829 830/830/830 831/831/831
f 831/831/831 830/830/830 832/832/832
f 830/830/830 833/833/833 832/832/832
f 832/832/832 833/833/833 834/834/834
f 833/833/833 835/835/835 834/834/834
f 834/834/834 835/835/835 836/836/836
f 835/835/835 837/837/837 836/836/836
f 838/838/838 839/839/839 840/840/840
f 840/840/840 839/839/839 841/841/841
f 839/839/839 842/842/842 841/841/841
f 841/841/841 842/842/842 843/843/843
f 842/842/842 844/844/844 843/843/843
f 843/843/843 844/844/844 845/845/845
f 844/844/844 846/846/846 845/845/845
f 847/847/847 848/848/848 849/849/849
f 849/849/849 848/848/848 850/850/850
f 848/848/848 851/851/851 850/850/850
f 850/850/850 851/851/851 852/852/852
f 851/851/851 853/853/853 852/852/852
f 852/852/852 853/853/853 854/854/854
f 853/853/853 855/855/855 854/854/854
f 856/856/856 857/857/857 858/858/858
f 858/858/858 857/857/857 859/859/859
f 857/857/857 860/860/860 859/859/859
f 859/859/859 860/860/860 861/861/861
f 860/860/860 862/862/862 861/861/861
f 861/861/861 862/862/862 863/863/863
f 862/862/862 864/864/864 863/863/863
f 865/865/865 866/866/866 867/867/867
f 867/867/867 866/866/866 868/868/868
f 866/866/866 869/869/869 868/868/868
f 868/868/868 869/869/869 870/870/870
f 869/869/869 871/871/871 870/870/870
f 870/870/870 871/871/871 872/872/872
f 871/871/871 873/873/873 872/872/872
f 874/874/874 875/875/875 876/876/876
f 876/876/876 875/875/875 877/877/877
f 875/875/875 878/878/878 877/877/877
f 877/877/877 878/878/878 879/879/879
f 878/878/878 880/880/880 879/879/879
f 879/879/879 880/880/880 881/881/881
f 880/880/880 882/882/882 881/881/881
f 883/883/883 884/884/884 885/885/885
f 885/885/885 884/884/884 886/886/886
f 884/884/884 887/887/887 886/886/886
f 886/886/886 887/887/887 888/888/888
f 887/887/887 889/889/889 888/888/888
f 888/888/888 889/889/889 890/890/890
f 889/889/889 891/891/891 890/890/890
f 892/892/892 893/893/893 894/894/894
f 894/894/894 893/893/893 895/895/895
f 893/893/893 896/896/896 895/895/895
f 895/895/895 896/896/896 897/897/897
f 896/896/896 898/898/898 897/897/897
f 897/897/897 898/898/898 899/899/899
f 898/898/898 900/900/900 899/899/899
f 901/901/901 902/902/902 903/903/903
f 903/903/903 902/902/902 904/904/904
f 902/902/902 905/905/905 904/904/904
f 904/904/904 905/905/905 906/906/906
f 905/905/905 907/907/907 906/906/906
f 906/906/906 907/907/907 908/908/908
f 907/907/907 909/909/909 908/908/908
f 910/910/910 911/911/911 912/912/912
f 912/912/912 911/911/911 913/913/913
f 911/911/911 914/914/914 913/913/913
f 913/913/913 914/914/914 915/915/915
f 914/914/914 916/916/916 915/915/915
f 915/915/915 916/916/916 917/917/917
f 916/916/916 918/918/918 917/917/917
f 919/919/919 920/920/920 921/921/921
f 921/921/921 920/920/920 922/922/922
f 920/920/920 923/923/923 922/922/922
f 922/922/922 923/923/923 924/924/924
f 923/923/923 925/925/925 924/924/924
f 924/924/924 925/925/925 926/926/926
f 925/925/925 927/927/927 926/926/926
f 928/928/928 929/929/929 930/930/930
f 930/930/930 929/929/929 931/931/931
f 929/929/929 932/932/932 931/931/931
f 931/931/931 932/932/932 933/933/933
f 932/932/932 934/934/934 933/933/933
f 933/933/933 934/934/934 935/935/935
f 934/934/934 936/936/936 935/935/935
f 937/937/937 938/938/938 939/939/939
f 939/939/939 938/938/938 940/940/940
f 938/938/938 941/941/941 940/940/940
f 940/940/940 941/941/941 942/942/942
f 941/941/941 943/943/943 942/942/942
f 942/942/942 943/943/943 944/944/944
f 943/943/943 945/945/945 944/944/944
f 946/946/946 947/947/947 948/948/948
f 948/948/948 947/947/947 949/949/949
f 947/947/947 950/950/950 949/949/949
f 949/949/949 950/950/950 951/951/951
f 950/950/950 952/952/952 951/951/951
f 951/951/951 952/952/952 953/953/953
f 952/952/952 954/954/954 953/953/953
f 955/955/955 956/956/956 957/957/957
f 957/957/957 956/956/956 958/958/958
f 956/956/956 959/959/959 958/958/958
f 958/958/958 959/959/959 960/960/960
f 959/959/959 961/961/961 960/960/960
f 960/960/960 961/961/961 962/962/962
f 961/961/961 963/963/963 962/962/962
f 964/964/964 965/965/965 966/966/966
f 966/966/966 965/965/965 967/967/967
f 965/965/965 968/968/968 967/967/967
f 967/967/967 968/968/968 969/969/969
f 968/968/968 970/970/970 969/969/969
f 969/969/969 970/970/970 971/971/971
f 970/970/970 972/972/972 971/971/971
f 973/973/973 974/974/974 975/975/975
f 975/975/975 974/974/974 976/976/976
f 974/974/974 977/977/977 976/976/976
f 976/976/976 977/977/977 978/978/978
f 977/977/977 979/979/979 978/978/978
f 978/978/978 979/979/979 980/980/980
f 979/979/979 981/981/981 980/980/980
f 982/982/982 983/983/983 984/984/984
f 984/984/984 983/983/983 985/985/985
f 983/983/983 986/986/986 985/985/985
f 985/985/985 986/986/986 987/987/987
f 986/986/986 988/988/988 987/987/987
f 987/987/987 988/988/988 989/989/989
f 988/988/988 990/990/990 989/989/989
f 991/991/991 992/992/992 993/993/993
f 993/993/993 992/992/992 994/994/994
f 992/992/992 995/995/995 994/994/994
f 994/994/994 995/995/995 996/996/996
f 995/995/995 997/997/997 996/996/996
f 996/996/996 997/997/997 998/998/998
f 997/997/997 999/999/999 998/998/998
f 1000/1000/1000 1001/1001/1001 1002/1002/1002
f 1002/1002/1002 1001/1001/1001 1003/1003/1003
f 1001/1001/1001 1004/1004/1004 1003/1003/1003
f 1003/1003/1003 1004/1004/1004 1005/1005/1005
f 1004/1004/1004 1006/1006/1006 1005/1005/1005
f 1005/1005/1005 1006/1006/1006 1007/1007/1007
f 1006/1006/1006 1008/1008/1008 1007/1007/1007
f 1009/1009/1009 1010/1010/1010 1011/1011/1011
f 1011/1011/1011 1010/1010/1010 1012/1012/1012
f 1010/1010/1010 1013/1013/1013 1012/1012/1012
f 1012/1012/1012 1013/1013/1013 1014/1014/1014
f 1013/1013/1013 1015/1015/1015 1014/1014/1014
f 1014/1014/1014 1015/1015/1015 1016/1016/1016
f 1015/1015/1015 1017/1017/1017 1016/1016/1016
f 1018/1018/1018 1019/1019/1019 1020/1020/1020
f 1020/1020/1020 1019/1019/1019 1021/1021/1021
f 1019/1019/1019 1022/1022/1022 1021/1021/1021
f 1021/1021/1021 1022/1022/1022 1023/1023/1023
f 1022/1022/1022 1024/1024/1024 1023/1023/1023
f 1023/1023/1023 1024/1024/1024 1025/1025/1025
f 1024/1024/1024 1026/1026/1026 1025/1025/1025
f 1027/1027/1027 1028/1028/1028 1029/1029/1029
f 1029/1029/1029 1028/1028/1028 1030/1030/1030
f 1028/1028/1028 1031/1031/1031 1030/1030/1030
f 1030/1030/1030 1031/1031/1031 1032/1032/1032
f 1031/1031/1031 1033/1033/1033 1032/1032/1032
f 1032/1032/1032 1033/1033/1033 1034/1034/1034
f 1033/1033/1033 1035/1035/1035 1034/1034/1034
f 1036/1036/1036 1037/1037/1037 1038/1038/1038
f 1038/1038/1038 1037/1037/1037 1039/1039/1039
f 1037/1037/1037 1040/1040/1040 1039/1039/1039
f 1039/1039/1039 1040/1040/1040 1041/1041/1041
f 1040/1040/1040 1042/1042/1042 1041/1041/1041
f 1041/1041/1041 1042/1042/1042 1043/1043/1043
f 1042/1042/1042 1044/1044/1044 1043/1043/1043
f 1045/1045/1045 1046/1046/1046 1047/1047/1047
f 1047/1047/1047 1046/1046/1046 1048/1048/1048
f 1046/1046/1046 1049/1049/1049 1048/1048/1048
f 1048/1048/1048 1049/1049/1049 1050/1050/1050
f 1049/1049/1049 1051/1051/1051 1050/1050/1050
f 1050/1050/1050 1051/1051/1051 1052/1052/1052
f 1051/1051/1051 1053/1053/1053 1052/1052/1052
f 1054/1054/1054 1055/1055/1055 1056/1056/1056
f 1056/1056/1056 1055/1055/1055 1057/1057/1057
f 1055/1055/1055 1058/1058/1058 1057/1057/1057
f 1057/1057/1057 1058/1058/1058 1059/1059/1059
f 1058/1058/1058 1060/1060/1060 1059/1059/1059
f 1059/1059/1059 1060/1060/1060 1061/1061/1061
f 1060/1060/1060 1062/1062/1062 1061/1061/1061
f 1063/1063/1063 1064/1064/1064 1065/1065/1065
f 1065/1065/1065 1064/1064/1064 1066/1066/1066
f 1064/1064/1064 1067/1067/1067 1066/1066/1066
f 1066/1066/1066 1067/1067/1067 1068/1068/1068
f 1067/1067/1067 1069/1069/1069 1068/1068/1068
f 1068/1068/1068 1069/1069/1069 1070/1070/1070
f 1069/1069/1069 1071/1071/1071 1070/1070/1070
f 1072/1072/1072 1073/1073/1073 1074/1074/1074
f 1074/1074/1074 1073/1073/1073 1075/1075/1075
f 1073/1073/1073 1076/1076/1076 1075/1075/1075
f 1075/1075/1075 1076/1076/1076 1077/1077/1077
f 1076/1076/1076 1078/1078/1078 1077/1077/1077
f 1077/1077/1077 1078/1078/1078 1079/1079/1079
f 1078/1078/1078 1080/1080/1080 1079/1079/1079
f 1081/1081/1081 1082/1082/1082 1083/1083/1083
f 1083/1083/1083 1082/1082/1082 1084/1084/1084
f 1082/1082/1082 1085/1085/1085 1084/1084/1084
f 1084/1084/1084 1085/1085/1085 1086/1086/1086
f 1085/1085/1085 1087/1087/1087 1086/1086/1086
f 1086/1086/1086 1087/1087/1087 1088/1088/1088
f 1087/1087/1087 1089/1089/1089 1088/1088/1088
f 1090/1090/1090 1091/1091/1091 1092/1092/1092
f 1092/1092/1092 1091/1091/1091 1093/1093/1093
f 1091/1091/1091 1094/1094/1094 1093/1093/1093
f 1093/1093/1093 1094/1094/1094 1095/1095/1095
f 1094/1094/1094 1096/1096/1096 1095/1095/1095
f 1095/1095/1095 1096/1096/1096 1097/1097/1097
f 1096/1096/1096 1098/1098/1098 1097/1097/1097
f 1099/1099/1099 1100/1100/1100 1101/1101/1101
f 1101/1101/1101 1100/1100/1100 1102/1102/1102
f 1100/1100/1100 1103/1103/1103 1102/1102/1102
f 1102/1102/1102 1103/1103/1103 1104/1104/1104
f 1103/1103/1103 1105/1105/1105 1104/1104/1104
f 1104/1104/1104 1105/1105/1105 1106/1106/1106
f 1105/1105/1105 1107/1107/1107 1106/1106/1106
f 1108/1108/1108 1109/1109/1109 1110/1110/1110
f 1110/1110/1110 1109/1109/1109 1111/1111/1111
f 1109/1109/1109 1112/1112/1112 1111/1111/1111
f 1111/1111/1111 1112/1112/1112 1113/1113/1113
f 1112/1112/1112 1114/1114/1114 1113/1113/1113
f 1113/1113/1113 1114/1114/1114 1115/1115/1115
f 1114/1114/1114 1116/1116/1116 1115/1115/1115
f 1117/1117/1117 1118/1118/1118 1119/1119/1119
f 1119/1119/1119 1118/1118/1118 1120/1120/1120
f 1118/1118/1118 1121/1121/1121 1120/1120/1120
f 1120/1120/1120 1121/1121/1121 1122/1122/1122
f 1121/1121/1121 1123/1123/1123 1122/1122/1122
f 1122/1122/1122 1123/1123/1123 1124/1124/1124
f 1123/1123/1123 1125/1125/1125 1124/1124/1124
f 1126/1126/1126 1127/1127/1127 1128/1128/1128
f 1128/1128/1128 1127/1127/1127 1129/1129/1129
f 1127/1127/1127 1130/1130/1130 1129/1129/1129
f 1129/1129/1129 1130/1130/1130 1131/1131/1131
f 1130/1130/1130 1132/1132/1132 1131/1131/1131
f 1131/1131/1131 1132/1132/1132 1133/1133/1133
f 1132/1132/1132 1134/1134/1134 1133/1133/1133
f 1135/1135/1135 1136/1136/1136 1137/1137/1137
f 1137/1137/1137 1136/1136/1136 1138/1138/1138
f 1136/1136/1136 1139/1139/1139 1138/1138/1138
f 1138/1138/1138 1139/1139/1139 1140/1140/1140
f 1139/1139/1139 1141/1141/1141 1140/1140/1140
f 1140/1140/1140 1141/1141/1141 1142/1142/1142
f 1141/1141/1141 1143/1143/1143 1142/1142/1142
f 1144/1144/1144 1145/1145/1145 1146/1146/1146
f 1146/1146/1146 1145/1145/1145 1147/1147/1147
f 1145/1145/1145 1148/1148/1148 1147/1147/1147
f 1147/1147/1147 1148/1148/1148 1149/1149/1149
f 1148/1148/1148 1150/1150/1150 1149/1149/1149
f 1149/1149/1149 1150/1150/1150 1151/1151/1151
f 1150/1150/1150 1152/1152/1152 1151/1151/1151
f 1153/1153/1153 1154/1154/1154 1155/1155/1155
f 1155/1155/1155 1154/1154/1154 1156/1156/1156
f 1154/1154/1154 1157/1157/1157 1156/1156/1156
f 1156/1156/1156 1157/1157/1157 1158/1158/1158
f 1157/1157/1157 1159/1159/1159 1158/1158/1158
f 1158/1158/1158 1159/1159/1159 1160/1160/1160
f 1159/1159/1159 1161/1161/1161 1160/1160/1160
f 1162/1162/1162 1163/1163/1163 1164/1164/1164
f 1164/1164/1164 1163/1163/1163 1165/1165/1165
f 1163/1163/1163 1166/1166/1166 1165/1165/1165
f 1165/1165/1165 1166/1166/1166 1167/1167/1167
f 1166/1166/1166 1168/1168/1168 1167/1167/1167
f 1167/1167/1167 1168/1168/1168 1169/1169/1169
f 1168/1168/1168 1170/1170/1170 1169/1169/1169
f 1171/1171/1171 1172/1172/1172 1173/1173/1173
f 1173/1173/1173 1172/1172/1172 1174/1174/1174
f 1172/1172/1172 1175/1175/1175 1174/1174/1174
f 1174/1174/1174 1175/1175/1175 1176/1176/1176
f 1175/1175/1175 1177/1177/1177 1176/1176/1176
f 1176/1176/1176 1177/1177/1177 1178/1178/1178
f 1177/1177/1177 1179/1179/1179 1178/1178/1178
f 1180/1180/1180 1181/1181/1181 1182/1182/1182
f 1182/1182/1182 1181/1181/1181 1183/1183/1183
f 1181/1181/1181 1184/1184/1184 1183/1183/1183
f 1183/1183/1183 1184/1184/1184 1185/1185/1185
f 1184/1184/1184 1186/1186/1186 1185/1185/1185
f 1185/1185/1185 1186/1186/1186 1187/1187/1187
f 1186/1186/1186 1188/1188/1188 1187/1187/1187
f 1189/1189/1189 1190/1190/1190 1191/1191/1191
f 1191/1191/1191 1190/1190/1190 1192/1192/1192
f 1190/1190/1190 1193/1193/1193 1192/1192/1192
f 1192/1192/1192 1193/1193/1193 1194/1194/1194
f 1193/1193/1193 1195/1195/1195 1194/1194/1194
f 1194/1194/1194 1195/1195/1195 1196/1196/1196
f 1195/1195/1195 1197/1197/1197 1196/1196/1196
f 1198/1198/1198 1199/1199/1199 1200/1200/1200
f 1200/1200/1200 1199/1199/1199 1201/1201/1201
f 1199/1199/1199 1202/1202/1202 1201/1201/1201
f 1201/1201/1201 1202/1202/1202 1203/1203/1203
f 1202/1202/1202 1204/1204/1204 1203/1203/1203
f 1203/1203/1203 1204/1204/1204 1205/1205/1205
f 1204/1204/1204 1206/1206/1206 1205/1205/1205
f 1207/1207/1207 1208/1208/1208 1209/1209/1209
f 1209/1209/1209 1208/1208/1208 1210/1210/1210
f 1208/1208/1208 1211/1211/1211 1210/1210/1210
f 1210/1210/1210 1211/1211/1211 1212/1212/1212
f 1211/1211/1211 1213/1213/1213 1212/1212/1212
f 1212/1212/1212 1213/1213/1213 1214/1214/1214
f 1213/1213/1213 1215/1215/1215 1214/1214/1214
f 1216/1216/1216 1217/1217/1217 1218/1218/1218
f 1218/1218/1218 1217/1217/1217 1219/1219/1219
f 1217/1217/1217 1220/1220/1220 1219/1219/1219
f 1219/1219/1219 1220/1220/1220 1221/1221/1221
f 1220/1220/1220 1222/1222/1222 1221/1221/1221
f 1221/1221/1221 1222/1222/1222 1223/1223/1223
f 1222/1222/1222 1224/1224/1224 1223/1223/1223
f 1225/1225/1225 1226/1226/1226 1227/1227/1227
f 1227/1227/1227 1226/1226/1226 1228/1228/1228
f 1226/1226/1226 1229/1229/1229 1228/1228/1228
f 1228/1228/1228 1229/1229/1229 1230/1230/1230
f 1229/1229/1229 1231/1231/1231 1230/1230/1230
f 1230/1230/1230 1231/1231/1231 1232/1232/1232
f 1231/1231/1231 1233/1233/1233 1232/1232/1232
f 1234/1234/1234 1235/1235/1235 1236/1236/1236
f 1236/1236/1236 1235/1235/1235 1237/1237/1237
f 1235/1235/1235 1238/1238/1238 1237/1237/1237
f 1237/1237/1237 1238/1238/1238 1239/1239/1239
f 1238/1238/1238 1240/1240/1240 1239/1239/1239
f 1239/1239/1239 1240/1240/1240 1241/1241/1241
f 1240/1240/1240 1242/1242/1242 1241/1241/1241
f 1243/1243/1243 1244/1244/1244 1245/1245/1245
f 1245/1245/1245 1244/1244/1244 1246/1246/1246
f 1244/1244/1244 1247/1247/1247 1246/1246/1246
f 1246/1246/1246 1247/1247/1247 1248/1248/1248
f 1247/1247/1247 1249/1249/1249 1248/1248/1248
f 1248/1248/1248 1249/1249/1249 1250/1250/1250
f 1249/1249/1249 1251/1251/1251 1250/1250/1250
f 1252/1252/1252 1253/1253/1253 1254/1254/1254
f 1254/1254/1254 1253/1253/1253 1255/1255/1255
f 1253/1253/1253 1256/1256/1256 1255/1255/1255
f 1255/1255/1255 1256/1256/1256 1257/1257/1257
f 1256/1256/1256 1258/1258/1258 1257/1257/1257
f 1257/1257/1257 1258/1258/1258 1259/1259/1259
f 1258/1258/1258 1260/1260/1260 1259/1259/1259
f 1261/1261/1261 1262/1262/1262 1263/1263/1263
f 1263/1263/1263 1262/1262/1262 1264/1264/1264
f 1262/1262/1262 1265/1265/1265 1264/1264/1264
f 1264/1264/1264 1265/1265/1265 1266/1266/1266
f 1265/1265/1265 1267/1267/1267 1266/1266/1266
f 1266/1266/1266 1267/1267/1267 1268/1268/1268
f 1267/1267/1267 1269/1269/1269 1268/1268/1268
f 1270/1270/1270 1271/1271/1271 1272/1272/1272
f 1272/1272/1272 1271/1271/1271 1273/1273/1273
f 1271/1271/1271 1274/1274/1274 1273/1273/1273
f 1273/1273/1273 1274/1274/1274 1275/1275/1275
f 1274/1274/1274 1276/1276/1276 1275/1275/1275
f 1275/1275/1275 1276/1276/1276 1277/1277/1277
f 1276/1276/1276 1278/1278/1278 1277/1277/1277
f 1279/1279/1279 1280/1280/1280 1281/1281/1281
f 1281/1281/1281 1280/1280/1280 1282/1282/1282
f 1280/1280/1280 1283/1283/1283 1282/1282/1282
f 1282/1282/1282 1283/1283/1283 1284/1284/1284
f 1283/1283/1283 1285/1285/1285 1284/1284/1284
f 1284/1284/1284 1285/1285/1285 1286/1286/1286
f 1285/1285/1285 1287/1287/1287 1286/1286/1286
f 1288/1288/1288 1289/1289/1289 1290/1290/1290
f 1290/1290/1290 1289/1289/1289 1291/1291/1291
f 1289/1289/1289 1292/1292/1292 1291/1291/1291
f 1291/1291/1291 1292/1292/1292 1293/1293/1293
f 1292/1292/1292 1294/1294/1294 1293/1293/1293
f 1293/1293/1293 1294/1294/1294 1295/1295/1295
f 1294/1294/1294 1296/1296/1296 1295/1295/1295
f 1297/1297/1297 1298/1298/1298 1299/1299/1299
f 1299/1299/1299 1298/1298/1298 1300/1300/1300
f 1298/1298/1298 1301/1301/1301 1300/1300/1300
f 1300/1300/1300 1301/1301/1301 1302/1302/1302
f 1301/1301/1301 1303/1303/1303 1302/1302/1302
f 1302/1302/1302 1303/1303/1303 1304/1304/1304
f 1303/1303/1303 1305/1305/1305 1304/1304/1304
f 1306/1306/1306 1307/1307/1307 1308/1308/1308
f 1308/1308/1308 1307/1307/1307 1309/1309/1309
f 1307/1307/1307 1310/1310/1310 1309/1309/1309
f 1309/1309/1309 1310/1310/1310 1311/1311/1311
f 1310/1310/1310 1312/1312/1312 1311/1311/1311
f 1311/1311/1311 1312/1312/1312 1313/1313/1313
f 1312/1312/1312 1314/1314/1314 1313/1313/1313
f 1315/1315/1315 1316/1316/1316 1317/1317/1317
f 1317/1317/1317 1316/1316/1316 1318/1318/1318
f 1316/1316/1316 1319/1319/1319 1318/1318/1318
f 1318/1318/1318 1319/1319/1319 1320/1320/1320
f 1319/1319/1319 1321/1321/1321 1320/1320/1320
f 1320/1320/1320 1321/1321/1321 1322/1322/1322
f 1321/1321/1321 1323/1323/1323 1322/1322/1322
f 1324/1324/1324 1325/1325/1325 1326/1326/1326
f 1326/1326/1326 1325/1325/1325 1327/1327/1327
f 1325/1325/1325 1328/1328/1328 1327/1327/1327
f 1327/1327/1327 1328/1328/1328 1329/1329/1329
f 1328/1328/1328 1330/1330/1330 1329/1329/1329
f 1329/1329/1329 1330/1330/1330 1331/1331/1331
f 1330/1330/1330 1332/1332/1332 1331/1331/1331
f 1333/1333/1333 1334/1334/1334 1335/1335/1335
f 1335/1335/1335 1334/1334/1334 1336/1336/1336
f 1334/1334/1334 1337/1337/1337 1336/1336/1336
f 1336/1336/1336 1337/1337/1337 1338/1338/1338
f 1337/1337/1337 1339/1339/1339 1338/1338/1338
f 1338/1338/1338 1339/1339/1339 1340/1340/1340
f 1339/1339/1339 1341/1341/1341 1340/1340/1340
f 1342/1342/1342 1343/1343/1343 1344/1344/1344
f 1344/1344/1344 1343/1343/1343 1345/1345/1345
f 1343/1343/1343 1346/1346/1346 1345/1345/1345
f 1345/1345/1345 1346/1346/1346 1347/1347/1347
f 1346/1346/1346 1348/1348/1348 1347/1347/1347
f 1347/1347/1347 1348/1348/1348 1349/1349/1349
f 1348/1348/1348 1350/1350/1350 1349/1349/1349
f 1351/1351/1351 1352/1352/1352 1353/1353/1353
f 1353/1353/1353 1352/1352/1352 1354/1354/1354
f 1352/1352/1352 1355/1355/1355 1354/1354/1354
f 1354/1354/1354 1355/1355/1355 1356/1356/1356
f 1355/1355/1355 1357/1357/1357 1356/1356/1356
f 1356/1356/1356 1357/1357/1357 1358/1358/1358
f 1357/1357/1357 1359/1359/1359 1358/1358/1358
f 1360/1360/1360 1361/1361/1361 1362/1362/1362
f 1362/1362/1362 1361/1361/1361 1363/1363/1363
f 1361/1361/1361 1364/1364/1364 1363/1363/1363
f 1363/1363/1363 1364/1364/1364 1365/1365/1365
f 1364/1364/1364 1366/1366/1366 1365/1365/1365
f 1365/1365/1365 1366/1366/1366 1367/1367/1367
f 1366/1366/1366 1368/1368/1368 1367/1367/1367
f 1369/1369/1369 1370/1370/1370 1371/1371/1371
f 1371/1371/1371 1370/1370/1370 1372/1372/1372
f 1370/1370/1370 1373/1373/1373 1372/1372/1372
f 1372/1372/1372 1373/1373/1373 1374/1374/1374
f 1373/1373/1373 1375/1375/1375 1374/1374/1374
f 1374/1374/1374 1375/1375/1375 1376/1376/1376
f 1375/1375/1375 1377/1377/1377 1376/1376/1376
f 1378/1378/1378 1379/1379/1379 1380/1380/1380
f 1380/1380/1380 1379/1379/1379 1381/1381/1381
f 1379/1379/1379 1382/1382/1382 1381/1381/1381
f 1381/1381/1381 1382/1382/1382 1383/1383/1383
f 1382/1382/1382 1384/1384/1384 1383/1383/1383
f 1383/1383/1383 1384/1384/1384 1385/1385/1385
f 1384/1384/1384 1386/1386/1386 1385/1385/1385
f 1387/1387/1387 1388/1388/1388 1389/1389/1389
f 1389/1389/1389 1388/1388/1388 1390/1390/1390
f 1388/1388/1388 1391/1391/1391 1390/1390/1390
f 1390/1390/1390 1391/1391/1391 1392/1392/1392
f 1391/1391/1391 1393/1393/1393 1392/1392/1392
f 1392/1392/1392 1393/1393/1393 1394/1394/1394
f 1393/1393/1393 1395/1395/1395 1394/1394/1394
f 1396/1396/1396 1397/1397/1397 1398/1398/1398
f 1398/1398/1398 1397/1397/1397 1399/1399/1399
f 1397/1397/1397 1400/1400/1400 1399/1399/1399
f 1399/1399/1399 1400/1400/1400 1401/1401/1401
f 1400/1400/1400 1402/1402/1402 1401/1401/1401
f 1401/1401/1401 1402/1402/1402 1403/1403/1403
f 1402/1402/1402 1404/1404/1404 1403/1403/1403
f 1405/1405/1405 1406/1406/1406 1407/1407/1407
f 1407/1407/1407 1406/1406/1406 1408/1408/1408
f 1406/1406/1406 1409/1409/1409 1408/1408/1408
f 1408/1408/1408 1409/1409/1409 1410/1410/1410
f 1409/1409/1409 1411/1411/1411 1410/1410/1410
f 1410/1410/1410 1411/1411/1411 1412/1412/1412
f 1411/1411/1411 1413/1413/1413 1412/1412/1412
f 1414/1414/1414 1415/1415/1415 1416/1416/1416
f 1416/1416/1416 1415/1415/1415 1417/1417/1417
f 1415/1415/1415 1418/1418/1418 1417/1417/1417
f 1417/1417/1417 1418/1418/1418 1419/1419/1419
f 1418/1418/1418 1420/1420/1420 1419/1419/1419
f 1419/1419/1419 1420/1420/1420 1421/1421/1421
f 1420/1420/1420 1422/1422/1422 1421/1421/1421
f 1423/1423/1423 1424/1424/1424 1425/1425/1425
f 1425/1425/1425 1424/1424/1424 1426/1426/1426
f 1424/1424/1424 1427/1427/1427 1426/1426/1426
f 1426/1426/1426 1427/1427/1427 1428/1428/1428
f 1427/1427/1427 1429/1429/1429 1428/1428/1428
f 1428/1428/1428 1429/1429/1429 1430/1430/1430
f 1429/1429/1429 1431/1431/1431 1430/1430/1430
f 1432/1432/1432 1433/1433/1433 1434/1434/1434
f 1434/1434/1434 1433/1433/1433 1435/1435/1435
f 1433/1433/1433 1436/1436/1436 1435/1435/1435
f 1435/1435/1435 1436/1436/1436 1437/1437/1437
f 1436/1436/1436 1438/1438/1438 1437/1437/1437
f 1437/1437/1437 1438/1438/1438 1439/1439/1439
f 1438/1438/1438 1440/1440/1440 1439/1439/1439
f 1441/1441/1441 1442/1442/1442 1443/1443/1443
f 1443/1443/1443 1442/1442/1442 1444/1444/1444
f 1442/1442/1442 1445/1445/1445 1444/1444/1444
f 1444/1444/1444 1445/1445/1445 1446/1446/1446
f 1445/1445/1445 1447/1447/1447 1446/1446/1446
f 1446/1446/1446 1447/1447/1447 1448/1448/1448
f 1447/1447/1447 1449/1449/1449 1448/1448/1448
f 1450/1450/1450 1451/1451/1451 1452/1452/1452
f 1452/1452/1452 1451/1451/1451 1453/1453/1453
f 1451/1451/1451 1454/1454/1454 1453/1453/1453
f 1453/1453/1453 1454/1454/1454 1455/1455/1455
f 1454/1454/1454 1456/1456/1456 1455/1455/1455
f 1455/1455/1455 1456/1456/1456 1457/1457/1457
f 1456/1456/1456 1458/1458/1458 1457/1457/1457
f 1459/1459/1459 1460/1460/1460 1461/1461/1461
f 1461/1461/1461 1460/1460/1460 1462/1462/1462
f 1460/1460/1460 1463/1463/1463 1462/1462/1462
f 1462/1462/1462 1463/1463/1463 1464/1464/1464
f 1463/1463/1463 1465/1465/1465 1464/1464/1464
f 1464/1464/1464 1465/1465/1465 1466/1466/1466
f 1465/1465/1465 1467/1467/1467 1466/1466/1466
f 1468/1468/1468 1469/1469/1469 1470/1470/1470
f 1470/1470/1470 1469/1469/1469 1471/1471/1471
f 1469/1469/1469 1472/1472/1472 1471/1471/1471
f 1471/1471/1471 1472/1472/1472 1473/1473/1473
f 1472/1472/1472 1474/1474/1474 1473/1473/1473
f 1473/1473/1473 1474/1474/1474 1475/1475/1475
f 1474/1474/1474 1476/1476/1476 1475/1475/1475
f 1477/1477/1477 1478/1478/1478 1479/1479/1479
f 1479/1479/1479 1478/1478/1478 1480/1480/1480
f 1478/1478/1478 1481/1481/1481 1480/1480/1480
f 1480/1480/1480 1481/1481/1481 1482/1482/1482
f 1481/1481/1481 1483/1483/1483 1482/1482/1482
f 1482/1482/1482 1483/1483/1483 1484/1484/1484
f 1483/1483/1483 1485/1485/1485 1484/1484/1484
f 1486/1486/1486 1487/1487/1487 1488/1488/1488
f 1488/1488/1488 1487/1487/1487 1489/1489/1489
f 1487/1487/1487 1490/1490/1490 1489/1489/1489
f 1489/1489/1489 1490/1490/1490 1491/1491/1491
f 1490/1490/1490 1492/1492/1492 1491/1491/1491
f 1491/1491/1491 1492/1492/1492 1493/1493/1493
f 1492/1492/1492 1494/1494/1494 1493/1493/1493
f 1495/1495/1495 1496/1496/1496 1497/1497/1497
f 1497/1497/1497 1496/1496/1496 1498/1498/1498
f 1496/1496/1496 1499/1499/1499 1498/1498/1498
f 1498/1498/1498 1499/1499/1499 1500/1500/1500
f 1499/1499/1499 1501/1501/1501 1500/1500/1500
f 1500/1500/1500 1501/1501/1501 1502/1502/1502
f 1501/1501/1501 1503/1503/1503 1502/1502/1502
f 1504/1504/1504 1505/1505/1505 1506/1506/1506
f 1506/1506/1506 1505/1505/1505 1507/1507/1507
f 1505/1505/1505 1508/1508/1508 1507/1507/1507
f 1507/1507/1507 1508/1508/1508 1509/1509/1509
f 1508/1508/1508 1510/1510/1510 1509/1509/1509
f 1509/1509/1509 1510/1510/1510 1511/1511/1511
f 1510/1510/1510 1512/1512/1512 1511/1511/1511
f 1513/1513/1513 1514/1514/1514 1515/1515/1515
f 1515/1515/1515 1514/1514/1514 1516/1516/1516
f 1514/1514/1514 1517/1517/1517 1516/1516/1516
f 1516/1516/1516 1517/1517/1517 1518/1518/1518
f 1517/1517/1517 1519/1519/1519 1518/1518/1518
f 1518/1518/1518 1519/1519/1519 1520/1520/1520
f 1519/1519/1519 1521/1521/1521 1520/1520/1520
f 1522/1522/1522 1523/1523/1523 1524/1524/1524
f 1524/1524/1524 1523/1523/1523 1525/1525/1525
f 1523/1523/1523 1526/1526/1526 1525/1525/1525
f 1525/1525/1525 1526/1526/1526 1527/1527/1527
f 1526/1526/1526 1528/1528/1528 1527/1527/1527
f 1527/1527/1527 1528/1528/1528 1529/1529/1529
f 1528/1528/1528 1530/1530/1530 1529/1529/1529
f 1531/1531/1531 1532/1532/1532 1533/1533/1533
f 1533/1533/1533 1532/1532/1532 1534/1534/1534
f 1532/1532/1532 1535/1535/1535 1534/1534/1534
f 1534/1534/1534 1535/1535/1535 1536/1536/1536
f 1535/1535/1535 1537/1537/1537 1536/1536/1536
f 1536/1536/1536 1537/1537/1537 1538/1538/1538
f 1537/1537/1537 1539/1539/1539 1538/1538/1538
f 1540/1540/1540 1541/1541/1541 1542/1542/1542
f 1542/1542/1542 1541/1541/1541 1543/1543/1543
f 1541/1541/1541 1544/1544/1544 1543/1543/1543
f 1543/1543/1543 1544/1544/1544 1545/1545/1545
f 1544/1544/1544 1546/1546/1546 1545/1545/1545
f 1545/1545/1545 1546/1546/1546 1547/1547/1547
f 1546/1546/1546 1548/1548/1548 1547/1547/1547
f 1549/1549/1549 1550/1550/1550 1551/1551/1551
f 1551/1551/1551 1550/1550/1550 1552/1552/1552
f 1550/1550/1550 1553/1553/1553 1552/1552/1552
f 1552/1552/1552 1553/1553/1553 1554/1554/1554
f 1553/1553/1553 1555/1555/1555 1554/1554/1554
f 1554/1554/1554 1555/1555/1555 1556/1556/1556
f 1555/1555/1555 1557/1557/1557 1556/1556/1556
f 1558/1558/1558 1559/1559/1559 1560/1560/1560
f 1560/1560/1560 1559/1559/1559 1561/1561/1561
f 1559/1559/1559 1562/1562/1562 1561/1561/1561
f 1561/1561/1561 1562/1562/1562 1563/1563/1563
f 1562/1562/1562 1564/1564/1564 1563/1563/1563
f 1563/1563/1563 1564/1564/1564 1565/1565/1565
f 1564/1564/1564 1566/1566/1566 1565/1565/1565
f 1567/1567/1567 1568/1568/1568 1569/1569/1569
f 1569/1569/1569 1568/1568/1568 1570/1570/1570
f 1568/1568/1568 1571/1571/1571 1570/1570/1570
f 1570/1570/1570 1571/1571/1571 1572/1572/1572
f 1571/1571/1571 1573/1573/1573 1572/1572/1572
f 1572/1572/1572 1573/1573/1573 1574/1574/1574
f 1573/1573/1573 1575/1575/1575 1574/1574/1574
f 1576/1576/1576 1577/1577/1577 1578/1578/1578
f 1578/1578/1578 1577/1577/1577 1579/1579/1579
f 1577/1577/1577 1580/1580/1580 1579/1579/1579
f 1579/1579/1579 1580/1580/1580 1581/1581/1581
f 1580/1580/1580 1582/1582/1582 1581/1581/1581
f 1581/1581/1581 1582/1582/1582 1583/1583/1583
f 1582/1582/1582 1584/1584/1584 1583/1583/1583
f 1585/1585/1585 1586/1586/1586 1587/1587/1587
f 1587/1587/1587 1586/1586/1586 1588/1588/1588
f 1586/1586/1586 1589/1589/1589 1588/1588/1588
f 1588/1588/1588 1589/1589/1589 1590/1590/1590
f 1589/1589/1589 1591/1591/1591 1590/1590/1590
f 1590/1590/1590 1591/1591/1591 1592/1592/1592
f 1591/1591/1591 1593/1593/1593 1592/1592/1592
f 1594/1594/1594 1595/1595/1595 1596/1596/1596
f 1596/1596/1596 1595/1595/1595 1597/1597/1597
f 1595/1595/1595 1598/1598/1598 1597/1597/1597
f 1597/1597/1597 1598/1598/1598 1599/1599/1599
f 1598/1598/1598 1600/1600/1600 1599/1599/1599
f 1599/1599/1599 1600/1600/1600 1601/1601/1601
f 1600/1600/1600 1602/1602/1602 1601/1601/1601
f 1603/1603/1603 1604/1604/1604 1605/1605/1605
f 1605/1605/1605 1604/1604/1604 1606/1606/1606
f 1604/1604/1604 1607/1607/1607 1606/1606/1606
f 1606/1606/1606 1607/1607/1607 1608/1608/1608
f 1607/1607/1607 1609/1609/1609 1608/1608/1608
f 1608/1608/1608 1609/1609/1609 1610/1610/1610
f 1609/1609/1609 1611/1611/1611 1610/1610/1610
f 1612/1612/1612 1613/1613/1613 1614/1614/1614
f 1614/1614/1614 1613/1613/1613 1615/1615/1615
f 1613/1613/1613 1616/1616/1616 1615/1615/1615
f 1615/1615/1615 1616/1616/1616 1617/1617/1617
f 1616/1616/1616 1618/1618/1618 1617/1617/1617
f 1617/1617/1617 1618/1618/1618 1619/1619/1619
f 1618/1618/1618 1620/1620/1620 1619/1619/1619
f 1621/1621/1621 1622/1622/1622 1623/1623/1623
f 1623/1623/1623 1622/1622/1622 1624/1624/1624
f 1622/1622/1622 1625/1625/1625 1624/1624/1624
f 1624/1624/1624 1625/1625/1625 1626/1626/1626
f 1625/1625/1625 1627/1627/1627 1626/1626/1626
f 1626/1626/1626 1627/1627/1627 1628/1628/1628
f 1627/1627/1627 1629/1629/1629 1628/1628/1628
f 1630/1630/1630 1631/1631/1631 1632/1632/1632
f 1632/1632/1632 1631/1631/1631 1633/1633/1633
f 1631/1631/1631 1634/1634/1634 1633/1633/1633
f 1633/1633/1633 1634/1634/1634 1635/1635/1635
f 1634/1634/1634 1636/1636/1636 1635/1635/1635
f 1635/1635/1635 1636/1636/1636 1637/1637/1637
f 1636/1636/1636 1638/1638/1638 1637/1637/1637
f 1639/1639/1639 1640/1640/1640 1641/1641/1641
f 1641/1641/1641 1640/1640/1640 1642/1642/1642
f 1640/1640/1640 1643/1643/1643 1642/1642/1642
f 1642/1642/1642 1643/1643/1643 1644/1644/1644
f 1643/1643/1643 1645/1645/1645 1644/1644/1644
f 1644/1644/1644 1645/1645/1645 1646/1646/1646
f 1645/1645/1645 1647/1647/1647 1646/1646/1646
f 1648/1648/1648 1649/1649/1649 1650/1650/1650
f 1650/1650/1650 1649/1649/1649 1651/1651/1651
f 1649/1649/1649 1652/1652/1652 1651/1651/1651
f 1651/1651/1651 1652/1652/1652 1653/1653/1653
f 1652/1652/1652 1654/1654/1654 1653/1653/1653
f 1653/1653/1653 1654/1654/1654 1655/1655/1655
f 1654/1654/1654 1656/1656/1656 1655/1655/1655
f 1657/1657/1657 1658/1658/1658 1659/1659/1659
f 1659/1659/1659 1658/1658/1658 1660/1660/1660
f 1658/1658/1658 1661/1661/1661 1660/1660/1660
f 1660/1660/1660 1661/1661/1661 1662/1662/1662
f 1661/1661/1661 1663/1663/1663 1662/1662/1662
f 1662/1662/1662 1663/1663/1663 1664/1664/1664
f 1663/1663/1663 1665/1665/1665 1664/1664/1664
f 1666/1666/1666 1667/1667/1667 1668/1668/1668
f 1668/1668/1668 1667/1667/1667 1669/1669/1669
f 1667/1667/1667 1670/1670/1670 1669/1669/1669
f 1669/1669/1669 1670/1670/1670 1671/1671/1671
f 1670/1670/1670 1672/1672/1672 1671/1671/1671
f 1671/1671/1671 1672/1672/1672 1673/1673/1673
f 1672/1672/1672 1674/1674/1674 1673/1673/1673
f 1675/1675/1675 1676/1676/1676 1677/1677/1677
f 1677/1677/1677 1676/1676/1676 1678/1678/1678
f 1676/1676/1676 1679/1679/1679 1678/1678/1678
f 1678/1678/1678 1679/1679/1679 1680/1680/1680
f 1679/1679/1679 1681/1681/1681 1680/1680/1680
f 1680/1680/1680 1681/1681/1681 1682/1682/1682
f 1681/1681/1681 1683/1683/1683 1682/1682/1682
f 1684/1684/1684 1685/1685/1685 1686/1686/1686
f 1686/1686/1686 1685/1685/1685 1687/1687/1687
f 1685/1685/1685 1688/1688/1688 1687/1687/1687
f 1687/1687/1687 1688/1688/1688 1689/1689/1689
f 1688/1688/1688 1690/1690/1690 1689/1689/1689
f 1689/1689/1689 1690/1690/1690 1691/1691/1691
f 1690/1690/1690 1692/1692/1692 1691/1691/1691
f 1693/1693/1693 1694/1694/1694 1695/1695/1695
f 1695/1695/1695 1694/1694/1694 1696/1696/1696
f 1694/1694/1694 1697/1697/1697 1696/1696/1696
f 1696/1696/1696 1697/1697/1697 1698/1698/1698
f 1697/1697/1697 1699/1699/1699 1698/1698/1698
f 1698/1698/1698 1699/1699/1699 1700/1700/1700
f 1699/1699/1699 1701/1701/1701 1700/1700/1700
f 1702/1702/1702 1703/1703/1703 1704/1704/1704
f 1704/1704/1704 1703/1703/1703 1705/1705/1705
f 1703/1703/1703 1706/1706/1706 1705/1705/1705
f 1705/1705/1705 1706/1706/1706 1707/1707/1707
f 1706/1706/1706 1708/1708/1708 1707/1707/1707
f 1707/1707/1707 1708/1708/1708 1709/1709/1709
f 1708/1708/1708 1710/1710/1710 1709/1709/1709
f 1711/1711/1711 1712/1712/1712 1713/1713/1713
f 1713/1713/1713 1712/1712/1712 1714/1714/1714
f 1712/1712/1712 1715/1715/1715 1714/1714/1714
f 1714/1714/1714 1715/1715/1715 1716/1716/1716
f 1715/1715/1715 1717/1717/1717 1716/1716/1716
f 1716/1716/1716 1717/1717/1717 1718/1718/1718
f 1717/1717/1717 1719/1719/1719 1718/1718/1718
f 1720/1720/1720 1721/1721/1721 1722/1722/1722
f 1722/1722/1722 1721/1721/1721 1723/1723/1723
f 1721/1721/1721 1724/1724/1724 1723/1723/1723
f 1723/1723/1723 1724/1724/1724 1725/1725/1725
f 1724/1724/1724 1726/1726/1726 1725/1725/1725
f 1725/1725/1725 1726/1726/1726 1727/1727/1727
f 1726/1726/1726 1728/1728/1728 1727/1727/1727
f 1729/1729/1729 1730/1730/1730 1731/1731/1731
f 1731/1731/1731 1730/1730/1730 1732/1732/1732
f 1730/1730/1730 1733/1733/1733 1732/1732/1732
f 1732/1732/1732 1733/1733/1733 1734/1734/1734
f 1733/1733/1733 1735/1735/1735 1734/1734/1734
f 1734/1734/1734 1735/1735/1735 1736/1736/1736
f 1735/1735/1735 1737/1737/1737 1736/1736/1736
f 1738/1738/1738 1739/1739/1739 1740/1740/1740
f 1740/1740/1740 1739/1739/1739 1741/1741/1741
f 1739/1739/1739 1742/1742/1742 1741/1741/1741
f 1741/1741/1741 1742/1742/1742 1743/1743/1743
f 1742/1742/1742 1744/1744/1744 1743/1743/1743
f 1743/1743/1743 1744/1744/1744 1745/1745/1745
f 1744/1744/1744 1746/1746/1746 1745/1745/1745
f 1747/1747/1747 1748/1748/1748 1749/1749/1749
f 1749/1749/1749 1748/1748/1748 1750/1750/1750
f 1748/1748/1748 1751/1751/1751 1750/1750/1750
f 1750/1750/1750 1751/1751/1751 1752/1752/1752
f 1751/1751/1751 1753/1753/1753 1752/1752/1752
f 1752/1752/1752 1753/1753/1753 1754/1754/1754
f 1753/1753/1753 1755/1755/1755 1754/1754/1754
f 1756/1756/1756 1757/1757/1757 1758/1758/1758
f 1758/1758/1758 1757/1757/1757 1759/1759/1759
f 1757/1757/1757 1760/1760/1760 1759/1759/1759
f 1759/1759/1759 1760/1760/1760 1761/1761/1761
f 1760/1760/1760 1762/1762/1762 1761/1761/1761
f 1761/1761/1761 1762/1762/1762 1763/1763/1763
f 1762/1762/1762 1764/1764/1764 1763/1763/1763
f 1765/1765/1765 1766/1766/1766 1767/1767/1767
f 1767/1767/1767 1766/1766/1766 1768/1768/1768
f 1766/1766/1766 1769/1769/1769 1768/1768/1768
f 1768/1768/1768 1769/1769/1769 1770/1770/1770
f 1769/1769/1769 1771/1771/1771 1770/1770/1770
f 1770/1770/1770 1771/1771/1771 1772/1772/1772
f 1771/1771/1771 1773/1773/1773 1772/1772/1772
f 1774/1774/1774 1775/1775/1775 1776/1776/1776
f 1776/1776/1776 1775/1775/1775 1777/1777/1777
f 1775/1775/1775 1778/1778/1778 1777/1777/1777
f 1777/1777/1777 1778/1778/1778 1779/1779/1779
f 1778/1778/1778 1780/1780/1780 1779/1779/1779
f 1779/1779/1779 1780/1780/1780 1781/1781/1781
f 1780/1780/1780 1782/1782/1782 1781/1781/1781
f 1783/1783/1783 1784/1784/1784 1785/1785/1785
f 1785/1785/1785 1784/1784/1784 1786/1786/1786
f 1784/1784/1784 1787/1787/1787 1786/1786/1786
f 1786/1786/1786 1787/1787/1787 1788/1788/1788
f 1787/1787/1787 1789/1789/1789 1788/1788/1788
f 1788/1788/1788 1789/1789/1789 1790/1790/1790
f 1789/1789/1789 1791/1791/1791 1790/1790/1790
f 1792/1792/1792 1793/1793/1793 1794/1794/1794
f 1794/1794/1794 1793/1793/1793 1795/1795/1795
f 1793/1793/1793 1796/1796/1796 1795/1795/1795
f 1795/1795/1795 1796/1796/1796 1797/1797/1797
f 1796/1796/1796 1798/1798/1798 1797/1797/1797
f 1797/1797/1797 1798/1798/1798 1799/1799/1799
f 1798/1798/1798 1800/1800/1800 1799/1799/1799
f 1801/1801/1801 1802/1802/1802 1803/1803/1803
f 1803/1803/1803 1802/1802/1802 1804/1804/1804
f 1802/1802/1802 1805/1805/1805 1804/1804/1804
f 1804/1804/1804 1805/1805/1805 1806/1806/1806
f 1805/1805/1805 1807/1807/1807 1806/1806/1806
f 1806/1806/1806 1807/1807/1807 1808/1808/1808
f 1807/1807/1807 1809/1809/1809 1808/1808/1808
f 1810/1810/1810 1811/1811/1811 1812/1812/1812
f 1812/1812/1812 1811/1811/1811 1813/1813/1813
f 1811/1811/1811 1814/1814/1814 1813/1813/1813
f 1813/1813/1813 1814/1814/1814 1815/1815/1815
f 1814/1814/1814 1816/1816/1816 1815/1815/1815
f 1815/1815/1815 1816/1816/1816 1817/1817/1817
f 1816/1816/1816 1818/1818/1818 1817/1817/1817
f 1819/1819/1819 1820/1820/1820 1821/1821/1821
f 1821/1821/1821 1820/1820/1820 1822/1822/1822
f 1820/1820/1820 1823/1823/1823 1822/1822/1822
f 1822/1822/1822 1823/1823/1823 1824/1824/1824
f 1823/1823/1823 1825/1825/1825 1824/1824/1824
f 1824/1824/1824 1825/1825/1825 1826/1826/1826
f 1825/1825/1825 1827/1827/1827 1826/1826/1826
f 1828/1828/1828 1829/1829/1829 1830/1830/1830
f 1830/1830/1830 1829/1829/1829 1831/1831/1831
f 1829/1829/1829 1832/1832/1832 1831/1831/1831
f 1831/1831/1831 1832/1832/1832 1833/1833/1833
f 1832/1832/1832 1834/1834/1834 1833/1833/1833
f 1833/1833/1833 1834/1834/1834 1835/1835/1835
f 1834/1834/1834 1836/1836/1836 1835/1835/1835
f 1837/1837/1837 1838/1838/1838 1839/1839/1839
f 1839/1839/1839 1838/1838/1838 1840/1840/1840
f 1838/1838/1838 1841/1841/1841 1840/1840/1840
f 1840/1840/1840 1841/1841/1841 1842/1842/1842
f 1841/1841/1841 1843/1843/1843 1842/1842/1842
f 1842/1842/1842 1843/1843/1843 1844/1844/1844
f 1843/1843/1843 1845/1845/1845 1844/1844/1844
f 1846/1846/1846 1847/1847/1847 1848/1848/1848
f 1848/1848/1848 1847/1847/1847 1849/1849/1849
f 1847/1847/1847 1850/1850/1850 1849/1849/1849
f 1849/1849/1849 1850/1850/1850 1851/1851/1851
f 1850/1850/1850 1852/1852/1852 1851/1851/1851
f 1851/1851/1851 1852/1852/1852 1853/1853/1853
f 1852/1852/1852 1854/1854/1854 1853/1853/1853
f 1855/1855/1855 1856/1856/1856 1857/1857/1857
f 1857/1857/1857 1856/1856/1856 1858/1858/1858
f 1856/1856/1856 1859/1859/1859 1858/1858/1858
f 1858/1858/1858 1859/1859/1859 1860/1860/1860
f 1859/1859/1859 1861/1861/1861 1860/1860/1860
f 1860/1860/1860 1861/1861/1861 1862/1862/1862
f 1861/1861/1861 1863/1863/1863 1862/1862/1862
f 1864/1864/1864 1865/1865/1865 1866/1866/1866
f 1866/1866/1866 1865/1865/1865 1867/1867/1867
f 1865/1865/1865 1868/1868/1868 1867/1867/1867
f 1867/1867/1867 1868/1868/1868 1869/1869/1869
f 1868/1868/1868 1870/1870/1870 1869/1869/1869
f 1869/1869/1869 1870/1870/1870 1871/1871/1871
f 1870/1870/1870 1872/1872/1872 1871/1871/1871
f 1873/1873/1873 1874/1874/1874 1875/1875/1875
f 1875/1875/1875 1874/1874/1874 1876/1876/1876
f 1874/1874/1874 1877/1877/1877 1876/1876/1876
f 1876/1876/1876 1877/1877/1877 1878/1878/1878
f 1877/1877/1877 1879/1879/1879 1878/1878/1878
f 1878/1878/1878 1879/1879/1879 1880/1880/1880
f 1879/1879/1879 1881/1881/1881 1880/1880/1880
f 1882/1882/1882 1883/1883/1883 1884/1884/1884
f 1884/1884/1884 1883/1883/1883 1885/1885/1885
f 1883/1883/1883 1886/1886/1886 1885/1885/1885
f 1885/1885/1885 1886/1886/1886 1887/1887/1887
f 1886/1886/1886 1888/1888/1888 1887/1887/1887
f 1887/1887/1887 1888/1888/1888 1889/1889/1889
f 1888/1888/1888 1890/1890/1890 1889/1889/1889
f 1891/1891/1891 1892/1892/1892 1893/1893/1893
f 1893/1893/1893 1892/1892/1892 1894/1894/1894
f 1892/1892/1892 1895/1895/1895 1894/1894/1894
f 1894/1894/1894 1895/1895/1895 1896/1896/1896
f 1895/1895/1895 1897/1897/1897 1896/1896/1896
f 1896/1896/1896 1897/1897/1897 1898/1898/1898
f 1897/1897/1897 1899/1899/1899 1898/1898/1898
f 1900/1900/1900 1901/1901/1901 1902/1902/1902
f 1902/1902/1902 1901/1901/1901 1903/1903/1903
f 1901/1901/1901 1904/1904/1904 1903/1903/1903
f 1903/1903/1903 1904/1904/1904 1905/1905/1905
f 1904/1904/1904 1906/1906/1906 1905/1905/1905
f 1905/1905/1905 1906/1906/1906 1907/1907/1907
f 1906/1906/1906 1908/1908/1908 1907/1907/1907
f 1909/1909/1909 1910/1910/1910 1911/1911/1911
f 1911/1911/1911 1910/1910/1910 1912/1912/1912
f 1910/1910/1910 1913/1913/1913 1912/1912/1912
f 1912/1912/1912 1913/1913/1913 1914/1914/1914
f 1913/1913/1913 1915/1915/1915 1914/1914/1914
f 1914/1914/1914 1915/1915/1915 1916/1916/1916
f 1915/1915/1915 1917/1917/1917 1916/1916/1916
f 1918/1918/1918 1919/1919/1919 1920/1920/1920
f 1920/1920/1920 1919/1919/1919 1921/1921/1921
f 1919/1919/1919 1922/1922/1922 1921/1921/1921
f 1921/1921/1921 1922/1922/1922 1923/1923/1923
f 1922/1922/1922 1924/1924/1924 1923/1923/1923
f 1923/1923/1923 1924/1924/1924 1925/1925/1925
f 1924/1924/1924 1926/1926/1926 1925/1925/1925
f 1927/1927/1927 1928/1928/1928 1929/1929/1929
f 1929/1929/1929 1928/1928/1928 1930/1930/1930
f 1928/1928/1928 1931/1931/1931 1930/1930/1930
f 1930/1930/1930 1931/1931/1931 1932/1932/1932
f 1931/1931/1931 1933/1933/1933 1932/1932/1932
f 1932/1932/1932 1933/1933/1933 1934/1934/1934
f 1933/1933/1933 1935/1935/1935 1934/1934/1934
f 1936/1936/1936 1937/1937/1937 1938/1938/1938
f 1938/1938/1938 1937/1937/1937 1939/1939/1939
f 1937/1937/1937 1940/1940/1940 1939/1939/1939
f 1939/1939/1939 1940/1940/1940 1941/1941/1941
f 1940/1940/1940 1942/1942/1942 1941/1941/1941
f 1941/1941/1941 1942/1942/1942 1943/1943/1943
f 1942/1942/1942 1944/1944/1944 1943/1943/1943
f 1945/1945/1945 1946/1946/1946 1947/1947/1947
f 1947/1947/1947 1946/1946/1946 1948/1948/1948
f 1946/1946/1946 1949/1949/1949 1948/1948/1948
f 1948/1948/1948 1949/1949/1949 1950/1950/1950
f 1949/1949/1949 1951/1951/1951 1950/1950/1950
f 1950/1950/1950 1951/1951/1951 1952/1952/1952
f 1951/1951/1951 1953/1953/1953 1952/1952/1952
f 1954/1954/1954 1955/1955/1955 1956/1956/1956
f 1956/1956/1956 1955/1955/1955 1957/1957/1957
f 1955/1955/1955 1958/1958/1958 1957/1957/1957
f 1957/1957/1957 1958/1958/1958 1959/1959/1959
f 1958/1958/1958 1960/1960/1960 1959/1959/1959
f 1959/1959/1959 1960/1960/1960 1961/1961/1961
f 1960/1960/1960 1962/1962/1962 1961/1961/1961
f 1963/1963/1963 1964/1964/1964 1965/1965/1965
f 1965/1965/1965 1964/1964/1964 1966/1966/1966
f 1964/1964/1964 1967/1967/1967 1966/1966/1966
f 1966/1966/1966 1967/1967/1967 1968/1968/1968
f 1967/1967/1967 1969/1969/1969 1968/1968/1968
f 1968/1968/1968 1969/1969/1969 1970/1970/1970
f 1969/1969/1969 1971/1971/1971 1970/1970/1970
f 1972/1972/1972 1973/1973/1973 1974/1974/1974
f 1974/1974/1974 1973/1973/1973 1975/1975/1975
f 1973/1973/1973 1976/1976/1976 1975/1975/1975
f 1975/1975/1975 1976/1976/1976 1977/1977/1977
f 1976/1976/1976 1978/1978/1978 1977/1977/1977
f 1977/1977/1977 1978/1978/1978 1979/1979/1979
f 1978/1978/1978 1980/1980/1980 1979/1979/1979
f 1981/1981/1981 1982/1982/1982 1983/1983/1983
f 1983/1983/1983 1982/1982/1982 1984/1984/1984
f 1982/1982/1982 1985/1985/1985 1984/1984/1984
f 1984/1984/1984 1985/1985/1985 1986/1986/1986
f 1985/1985/1985 1987/1987/1987 1986/1986/1986
f 1986/1986/1986 1987/1987/1987 1988/1988/1988
f 1987/1987/1987 1989/1989/1989 1988/1988/1988
f 1990/1990/1990 1991/1991/1991 1992/1992/1992
f 1992/1992/1992 1991/1991/1991 1993/1993/1993
f 1991/1991/1991 1994/1994/1994 1993/1993/1993
f 1993/1993/1993 1994/1994/1994 1995/1995/1995
f 1994/1994/1994 1996/1996/1996 1995/1995/1995
f 1995/1995/1995 1996/1996/1996 1997/1997/1997
f 1996/1996/1996 1998/1998/1998 1997/1997/1997
f 1999/1999/1999 2000/2000/2000 2001/2001/2001
f 2001/2001/2001 2000/2000/2000 2002/2002/2002
f 2000/2000/2000 2003/2003/2003 2002/2002/2002
f 2002/2002/2002 2003/2003/2003 2004/2004/2004
f 2003/2003/2003 2005/2005/2005 2004/2004/2004
f 2004/2004/2004 2005/2005/2005 2006/2006/2006
f 2005/2005/2005 2007/2007/2007 2006/2006/2006
f 2008/2008/2008 2009/2009/2009 2010/2010/2010
f 2010/2010/2010 2009/2009/2009 2011/2011/2011
f 2009/2009/2009 2012/2012/2012 2011/2011/2011
f 2011/2011/2011 2012/2012/2012 2013/2013/2013
f 2012/2012/2012 2014/2014/2014 2013/2013/2013
f 2013/2013/2013 2014/2014/2014 2015/2015/2015
f 2014/2014/2014 2016/2016/2016 2015/2015/2015
f 2017/2017/2017 2018/2018/2018 2019/2019/2019
f 2019/2019/2019 2018/2018/2018 2020/2020/2020
f 2018/2018/2018 2021/2021/2021 2020/2020/2020
f 2020/2020/2020 2021/2021/2021 2022/2022/2022
f 2021/2021/2021 2023/2023/2023 2022/2022/2022
f 2022/2022/2022 2023/2023/2023 2024/2024/2024
f 2023/2023/2023 2025/2025/2025 2024/2024/2024
f 2026/2026/2026 2027/2027/2027 2028/2028/2028
f 2028/2028/2028 2027/2027/2027 2029/2029/2029
f 2027/2027/2027 2030/2030/2030 2029/2029/2029
f 2029/2029/2029 2030/2030/2030 2031/2031/2031
f 2030/2030/2030 2032/2032/2032 2031/2031/2031
f 2031/2031/2031 2032/2032/2032 2033/2033/2033
f 2032/2032/2032 2034/2034/2034 2033/2033/2033
f 2035/2035/2035 2036/2036/2036 2037/2037/2037
f 2037/2037/2037 2036/2036/2036 2038/2038/2038
f 2036/2036/2036 2039/2039/2039 2038/2038/2038
f 2038/2038/2038 2039/2039/2039 2040/2040/2040
f 2039/2039/2039 2041/2041/2041 2040/2040/2040
f 2040/2040/2040 2041/2041/2041 2042/2042/2042
f 2041/2041/2041 2043/2043/2043 2042/2042/2042
f 2044/2044/2044 2045/2045/2045 2046/2046/2046
f 2046/2046/2046 2045/2045/2045 2047/2047/2047
f 2045/2045/2045 2048/2048/2048 2047/2047/2047
f 2047/2047/2047 2048/2048/2048 2049/2049/2049
f 2048/2048/2048 2050/2050/2050 2049/2049/2049
f 2049/2049/2049 2050/2050/2050 2051/2051/2051
f 2050/2050/2050 2052/2052/2052 2051/2051/2051
f 2053/2053/2053 2054/2054/2054 2055/2055/2055
f 2055/2055/2055 2054/2054/2054 2056/2056/2056
f 2054/2054/2054 2057/2057/2057 2056/2056/2056
f 2056/2056/2056 2057/2057/2057 2058/2058/2058
f 2057/2057/2057 2059/2059/2059 2058/2058/2058
f 2058/2058/2058 2059/2059/2059 2060/2060/2060
f 2059/2059/2059 2061/2061/2061 2060/2060/2060
f 2062/2062/2062 2063/2063/2063 2064/2064/2064
f 2064/2064/2064 2063/2063/2063 2065/2065/2065
f 2063/2063/2063 2066/2066/2066 2065/2065/2065
f 2065/2065/2065 2066/2066/2066 2067/2067/2067
f 2066/2066/2066 2068/2068/2068 2067/2067/2067
f 2067/2067/2067 2068/2068/2068 2069/2069/2069
f 2068/2068/2068 2070/2070/2070 2069/2069/2069
f 2071/2071/2071 2072/2072/2072 2073/2073/2073
f 2073/2073/2073 2072/2072/2072 2074/2074/2074
f 2072/2072/2072 2075/2075/2075 2074/2074/2074
f 2074/2074/2074 2075/2075/2075 2076/2076/2076
f 2075/2075/2075 2077/2077/2077 2076/2076/2076
f 2076/2076/2076 2077/2077/2077 2078/2078/2078
f 2077/2077/2077 2079/2079/2079 2078/2078/2078
f 2080/2080/2080 2081/2081/2081 2082/2082/2082
f 2082/2082/2082 2081/2081/2081 2083/2083/2083
f 2081/2081/2081 2084/2084/2084 2083/2083/2083
f 2083/2083/2083 2084/2084/2084 2085/2085/2085
f 2084/2084/2084 2086/2086/2086 2085/2085/2085
f 2085/2085/2085 2086/2086/2086 2087/2087/2087
f 2086/2086/2086 2088/2088/2088 2087/2087/2087
f 2089/2089/2089 2090/2090/2090 2091/2091/2091
f 2091/2091/2091 2090/2090/2090 2092/2092/2092
f 2090/2090/2090 2093/2093/2093 2092/2092/2092
f 2092/2092/2092 2093/2093/2093 2094/2094/2094
f 2093/2093/2093 2095/2095/2095 2094/2094/2094
f 2094/2094/2094 2095/2095/2095 2096/2096/2096
f 2095/2095/2095 2097/2097/2097 2096/2096/2096
f 2098/2098/2098 2099/2099/2099 2100/2100/2100
f 2100/2100/2100 2099/2099/2099 2101/2101/2101
f 2099/2099/2099 2102/2102/2102 2101/2101/2101
f 2101/2101/2101 2102/2102/2102 2103/2103/2103
f 2102/2102/2102 2104/2104/2104 2103/2103/2103
f 2103/2103/2103 2104/2104/2104 2105/2105/2105
f 2104/2104/2104 2106/2106/2106 2105/2105/2105
f 2107/2107/2107 2108/2108/2108 2109/2109/2109
f 2109/2109/2109 2108/2108/2108 2110/2110/2110
f 2108/2108/2108 2111/2111/2111 2110/2110/2110
f 2110/2110/2110 2111/2111/2111 2112/2112/2112
f 2111/2111/2111 2113/2113/2113 2112/2112/2112
f 2112/2112/2112 2113/2113/2113 2114/2114/2114
f 2113/2113/2113 2115/2115/2115 2114/2114/2114
f 2116/2116/2116 2117/2117/2117 2118/2118/2118
f 2118/2118/2118 2117/2117/2117 2119/2119/2119
f 2117/2117/2117 2120/2120/2120 2119/2119/2119
f 2119/2119/2119 2120/2120/2120 2121/2121/2121
f 2120/2120/2120 2122/2122/2122 2121/2121/2121
f 2121/2121/2121 2122/2122/2122 2123/2123/2123
f 2122/2122/2122 2124/2124/2124 2123/2123/2123
f 2125/2125/2125 2126/2126/2126 2127/2127/2127
f 2127/2127/2127 2126/2126/2126 2128/2128/2128
f 2126/2126/2126 2129/2129/2129 2128/2128/2128
f 2128/2128/2128 2129/2129/2129 2130/2130/2130
f 2129/2129/2129 2131/2131/2131 2130/2130/2130
f 2130/2130/2130 2131/2131/2131 2132/2132/2132
f 2131/2131/2131 2133/2133/2133 2132/2132/2132
f 2134/2134/2134 2135/2135/2135 2136/2136/2136
f 2136/2136/2136 2135/2135/2135 2137/2137/2137
f 2135/2135/2135 2138/2138/2138 2137/2137/2137
f 2137/2137/2137 2138/2138/2138 2139/2139/2139
f 2138/2138/2138 2140/2140/2140 2139/2139/2139
f 2139/2139/2139 2140/2140/2140 2141/2141/2141
f 2140/2140/2140 2142/2142/2142 2141/2141/2141
f 2143/2143/2143 2144/2144/2144 2145/2145/2145
f 2145/2145/2145 2144/2144/2144 2146/2146/2146
f 2144/2144/2144 2147/2147/2147 2146/2146/2146
f 2146/2146/2146 2147/2147/2147 2148/2148/2148
f 2147/2147/2147 2149/2149/2149 2148/2148/2148
f 2148/2148/2148 2149/2149/2149 2150/2150/2150
f 2149/2149/2149 2151/2151/2151 2150/2150/2150
f 2152/2152/2152 2153/2153/2153 2154/2154/2154
f 2154/2154/2154 2153/2153/2153 2155/2155/2155
f 2153/2153/2153 2156/2156/2156 2155/2155/2155
f 2155/2155/2155 2156/2156/2156 2157/2157/2157
f 2156/2156/2156 2158/2158/2158 2157/2157/2157
f 2157/2157/2157 2158/2158/2158 2159/2159/2159
f 2158/2158/2158 2160/2160/2160 2159/2159/2159
f 2161/2161/2161 2162/2162/2162 2163/2163/2163
f 2163/2163/2163 2162/2162/2162 2164/2164/2164
f 2162/2162/2162 2165/2165/2165 2164/2164/2164
f 2164/2164/2164 2165/2165/2165 2166/2166/2166
f 2165/2165/2165 2167/2167/2167 2166/2166/2166
f 2166/2166/2166 2167/2167/2167 2168/2168/2168
f 2167/2167/2167 2169/2169/2169 2168/2168/2168
f 2170/2170/2170 2171/2171/2171 2172/2172/2172
f 2172/2172/2172 2171/2171/2171 2173/2173/2173
f 2171/2171/2171 2174/2174/2174 2173/2173/2173
f 2173/2173/2173 2174/2174/2174 2175/2175/2175
f 2174/2174/2174 2176/2176/2176 2175/2175/2175
f 2175/2175/2175 2176/2176/2176 2177/2177/2177
f 2176/2176/2176 2178/2178/2178 2177/2177/2177
f 2179/2179/2179 2180/2180/2180 2181/2181/2181
f 2181/2181/2181 2180/2180/2180 2182/2182/2182
f 2180/2180/2180 2183/2183/2183 2182/2182/2182
f 2182/2182/2182 2183/2183/2183 2184/2184/2184
f 2183/2183/2183 2185/2185/2185 2184/2184/2184
f 2184/2184/2184 2185/2185/2185 2186/2186/2186
f 2185/2185/2185 2187/2187/2187 2186/2186/2186
f 2188/2188/2188 2189/2189/2189 2190/2190/2190
f 2190/2190/2190 2189/2189/2189 2191/2191/2191
f 2189/2189/2189 2192/2192/2192 2191/2191/2191
f 2191/2191/2191 2192/2192/2192 2193/2193/2193
f 2192/2192/2192 2194/2194/2194 2193/2193/2193
f 2193/2193/2193 2194/2194/2194 2195/2195/2195
f 2194/2194/2194 2196/2196/2196 2195/2195/2195
f 2197/2197/2197 2198/2198/2198 2199/2199/2199
f 2199/2199/2199 2198/2198/2198 2200/2200/2200
f 2198/2198/2198 2201/2201/2201 2200/2200/2200
f 2200/2200/2200 2201/2201/2201 2202/2202/2202
f 2201/2201/2201 2203/2203/2203 2202/2202/2202
f 2202/2202/2202 2203/2203/2203 2204/2204/2204
f 2203/2203/2203 2205/2205/2205 2204/2204/2204
f 2206/2206/2206 2207/2207/2207 2208/2208/2208
f 2208/2208/2208 2207/2207/2207 2209/2209/2209
f 2207/2207/2207 2210/2210/2210 2209/2209/2209
f 2209/2209/2209 2210/2210/2210 2211/2211/2211
f 2210/2210/2210 2212/2212/2212 2211/2211/2211
f 2211/2211/2211 2212/2212/2212 2213/2213/2213
f 2212/2212/2212 2214/2214/2214 2213/2213/2213
f 2215/2215/2215 2216/2216/2216 2217/2217/2217
f 2217/2217/2217 2216/2216/2216 2218/2218/2218
f 2216/2216/2216 2219/2219/2219 2218/2218/2218
f 2218/2218/2218 2219/2219/2219 2220/2220/2220
f 2219/2219/2219 2221/2221/2221 2220/2220/2220
f 2220/2220/2220 2221/2221/2221 2222/2222/2222
f 2221/2221/2221 2223/2223/2223 2222/2222/2222
f 2224/2224/2224 2225/2225/2225 2226/2226/2226
f 2226/2226/2226 2225/2225/2225 2227/2227/2227
f 2225/2225/2225 2228/2228/2228 2227/2227/2227
f 2227/2227/2227 2228/2228/2228 2229/2229/2229
f 2228/2228/2228 2230/2230/2230 2229/2229/2229
f 2229/2229/2229 2230/2230/2230 2231/2231/2231
f 2230/2230/2230 2232/2232/2232 2231/2231/2231
f 2233/2233/2233 2234/2234/2234 2235/2235/2235
f 2235/2235/2235 2234/2234/2234 2236/2236/2236
f 2234/2234/2234 2237/2237/2237 2236/2236/2236
f 2236/2236/2236 2237/2237/2237 2238/2238/2238
f 2237/2237/2237 2239/2239/2239 2238/2238/2238
f 2238/2238/2238 2239/2239/2239 2240/2240/2240
f 2239/2239/2239 2241/2241/2241 2240/2240/2240
f 2242/2242/2242 2243/2243/2243 2244/2244/2244
f 2244/2244/2244 2243/2243/2243 2245/2245/2245
f 2243/2243/2243 2246/2246/2246 2245/2245/2245
f 2245/2245/2245 2246/2246/2246 2247/2247/2247
f 2246/2246/2246 2248/2248/2248 2247/2247/2247
f 2247/2247/2247 2248/2248/2248 2249/2249/2249
f 2248/2248/2248 2250/2250/2250 2249/2249/2249
f 2251/2251/2251 2252/2252/2252 2253/2253/2253
f 2253/2253/2253 2252/2252/2252 2254/2254/2254
f 2252/2252/2252 2255/2255/2255 2254/2254/2254
f 2254/2254/2254 2255/2255/2255 2256/2256/2256
f 2255/2255/2255 2257/2257/2257 2256/2256/2256
f 2256/2256/2256 2257/2257/2257 2258/2258/2258
f 2257/2257/2257 2259/2259/2259 2258/2258/2258
f 2260/2260/2260 2261/2261/2261 2262/2262/2262
f 2262/2262/2262 2261/2261/2261 2263/2263/2263
f 2261/2261/2261 2264/2264/2264 2263/2263/2263
f 2263/2263/2263 2264/2264/2264 2265/2265/2265
f 2264/2264/2264 2266/2266/2266 2265/2265/2265
f 2265/2265/2265 2266/2266/2266 2267/2267/2267
f 2266/2266/2266 2268/2268/2268 2267/2267/2267
f 2269/2269/2269 2270/2270/2270 2271/2271/2271
f 2271/2271/2271 2270/2270/2270 2272/2272/2272
f 2270/2270/2270 2273/2273/2273 2272/2272/2272
f 2272/2272/2272 2273/2273/2273 2274/2274/2274
f 2273/2273/2273 2275/2275/2275 2274/2274/2274
f 2274/2274/2274 2275/2275/2275 2276/2276/2276
f 2275/2275/2275 2277/2277/2277 2276/2276/2276
f 2278/2278/2278 2279/2279/2279 2280/2280/2280
f 2280/2280/2280 2279/2279/2279 2281/2281/2281
f 2279/2279/2279 2282/2282/2282 2281/2281/2281
f 2281/2281/2281 2282/2282/2282 2283/2283/2283
f 2282/2282/2282 2284/2284/2284 2283/2283/2283
f 2283/2283/2283 2284/2284/2284 2285/2285/2285
f 2284/2284/2284 2286/2286/2286 2285/2285/2285
f 2287/2287/2287 2288/2288/2288 2289/2289/2289
f 2289/2289/2289 2288/2288/2288 2290/2290/2290
f 2288/2288/2288 2291/2291/2291 2290/2290/2290
f 2290/2290/2290 2291/2291/2291 2292/2292/2292
f 2291/2291/2291 2293/2293/2293 2292/2292/2292
f 2292/2292/2292 2293/2293/2293 2294/2294/2294
f 2293/2293/2293 2295/2295/2295 2294/2294/2294
f 2296/2296/2296 2297/2297/2297 2298/2298/2298
f 2298/2298/2298 2297/2297/2297 2299/2299/2299
f 2297/2297/2297 2300/2300/2300 2299/2299/2299
f 2299/2299/2299 2300/2300/2300 2301/2301/2301
f 2300/2300/2300 2302/2302/2302 2301/2301/2301
f 2301/2301/2301 2302/2302/2302 2303/2303/2303
f 2302/2302/2302 2304/2304/2304 2303/2303/2303
f 2305/2305/2305 2306/2306/2306 2307/2307/2307
f 2307/2307/2307 2306/2306/2306 2308/2308/2308
f 2306/2306/2306 2309/2309/2309 2308/2308/2308
f 2308/2308/2308 2309/2309/2309 2310/2310/2310
f 2309/2309/2309 2311/2311/2311 2310/2310/2310
f 2310/2310/2310 2311/2311/2311 2312/2312/2312
f 2311/2311/2311 2313/2313/2313 2312/2312/2312
f 2314/2314/2314 2315/2315/2315 2316/2316/2316
f 2316/2316/2316 2315/2315/2315 2317/2317/2317
f 2315/2315/2315 2318/2318/2318 2317/2317/2317
f 2317/2317/2317 2318/2318/2318 2319/2319/2319
f 2318/2318/2318 2320/2320/2320 2319/2319/2319
f 2319/2319/2319 2320/2320/2320 2321/2321/2321
f 2320/2320/2320 2322/2322/2322 2321/2321/2321
f 2323/2323/2323 2324/2324/2324 2325/2325/2325
f 2325/2325/2325 2324/2324/2324 2326/2326/2326
f 2324/2324/2324 2327/2327/2327 2326/2326/2326
f 2326/2326/2326 2327/2327/2327 2328/2328/2328
f 2327/2327/2327 2329/2329/2329 2328/2328/2328
f 2328/2328/2328 2329/2329/2329 2330/2330/2330
f 2329/2329/2329 2331/2331/2331 2330/2330/2330
f 2332/2332/2332 2333/2333/2333 2334/2334/2334
f 2334/2334/2334 2333/2333/2333 2335/2335/2335
f 2333/2333/2333 2336/2336/2336 2335/2335/2335
f 2335/2335/2335 2336/2336/2336 2337/2337/2337
f 2336/2336/2336 2338/2338/2338 2337/2337/2337
f 2337/2337/2337 2338/2338/2338 2339/2339/2339
f 2338/2338/2338 2340/2340/2340 2339/2339/2339
f 2341/2341/2341 2342/2342/2342 2343/2343/2343
f 2343/2343/2343 2342/2342/2342 2344/2344/2344
f 2342/2342/2342 2345/2345/2345 2344/2344/2344
f 2344/2344/2344 2345/2345/2345 2346/2346/2346
f 2345/2345/2345 2347/2347/2347 2346/2346/2346
f 2346/2346/2346 2347/2347/2347 2348/2348/2348
f 2347/2347/2347 2349/2349/2349 2348/2348/2348
f 2350/2350/2350 2351/2351/2351 2352/2352/2352
f 2352/2352/2352 2351/2351/2351 2353/2353/2353
f 2351/2351/2351 2354/2354/2354 2353/2353/2353
f 2353/2353/2353 2354/2354/2354 2355/2355/2355
f 2354/2354/2354 2356/2356/2356 2355/2355/2355
f 2355/2355/2355 2356/2356/2356 2357/2357/2357
f 2356/2356/2356 2358/2358/2358 2357/2357/2357
f 2359/2359/2359 2360/2360/2360 2361/2361/2361
f 2361/2361/2361 2360/2360/2360 2362/2362/2362
f 2360/2360/2360 2363/2363/2363 2362/2362/2362
f 2362/2362/2362 2363/2363/2363 2364/2364/2364
f 2363/2363/2363 2365/2365/2365 2364/2364/2364
f 2364/2364/2364 2365/2365/2365 2366/2366/2366
f 2365/2365/2365 2367/2367/2367 2366/2366/2366
f 2368/2368/2368 2369/2369/2369 2370/2370/2370
f 2370/2370/2370 2369/2369/2369 2371/2371/2371
f 2369/2369/2369 2372/2372/2372 2371/2371/2371
f 2371/2371/2371 2372/2372/2372 2373/2373/2373
f 2372/2372/2372 2374/2374/2374 2373/2373/2373
f 2373/2373/2373 2374/2374/2374 2375/2375/2375
f 2374/2374/2374 2376/2376/2376 2375/2375/2375
f 2377/2377/2377 2378/2378/2378 2379/2379/2379
f 2379/2379/2379 2378/2378/2378 2380/2380/2380
f 2378/2378/2378 2381/2381/2381 2380/2380/2380
f 2380/2380/2380 2381/2381/2381 2382/2382/2382
f 2381/2381/2381 2383/2383/2383 2382/2382/2382
f 2382/2382/2382 2383/2383/2383 2384/2384/2384
f 2383/2383/2383 2385/2385/2385 2384/2384/2384
f 2386/2386/2386 2387/2387/2387 2388/2388/2388
f 2388/2388/2388 2387/2387/2387 2389/2389/2389
f 2387/2387/2387 2390/2390/2390 2389/2389/2389
f 2389/2389/2389 2390/2390/2390 2391/2391/2391
f 2390/2390/2390 2392/2392/2392 2391/2391/2391
f 2391/2391/2391 2392/2392/2392 2393/2393/2393
f 2392/2392/2392 2394/2394/2394 2393/2393/2393
f 2395/2395/2395 2396/2396/2396 2397/2397/2397
f 2397/2397/2397 2396/2396/2396 2398/2398/2398
f 2396/2396/2396 2399/2399/2399 2398/2398/2398
f 2398/2398/2398 2399/2399/2399 2400/2400/2400
f 2399/2399/2399 2401/2401/2401 2400/2400/2400
f 2400/2400/2400 2401/2401/2401 2402/2402/2402
f 2401/2401/2401 2403/2403/2403 2402/2402/2402
f 2404/2404/2404 2405/2405/2405 2406/2406/2406
f 2406/2406/2406 2405/2405/2405 2407/2407/2407
f 2405/2405/2405 2408/2408/2408 2407/2407/2407
f 2407/2407/2407 2408/2408/2408 2409/2409/2409
f 2408/2408/2408 2410/2410/2410 2409/2409/2409
f 2409/2409/2409 2410/2410/2410 2411/2411/2411
f 2410/2410/2410 2412/2412/2412 2411/2411/2411
f 2413/2413/2413 2414/2414/2414 2415/2415/2415
f 2415/2415/2415 2414/2414/2414 2416/2416/2416
f 2414/2414/2414 2417/2417/2417 2416/2416/2416
f 2416/2416/2416 2417/2417/2417 2418/2418/2418
f 2417/2417/2417 2419/2419/2419 2418/2418/2418
f 2418/2418/2418 2419/2419/2419 2420/2420/2420
f 2419/2419/2419 2421/2421/2421 2420/2420/2420
f 2422/2422/2422 2423/2423/2423 2424/2424/2424
f 2424/2424/2424 2423/2423/2423 2425/2425/2425
f 2423/2423/2423 2426/2426/2426 2425/2425/2425
f 2425/2425/2425 2426/2426/2426 2427/2427/2427
f 2426/2426/2426 2428/2428/2428 2427/2427/2427
f 2427/2427/2427 2428/2428/2428 2429/2429/2429
f 2428/2428/2428 2430/2430/2430 2429/2429/2429
f 2431/2431/2431 2432/2432/2432 2433/2433/2433
f 2433/2433/2433 2432/2432/2432 2434/2434/2434
f 2432/2432/2432 2435/2435/2435 2434/2434/2434
f 2434/2434/2434 2435/2435/2435 2436/2436/2436
f 2435/2435/2435 2437/2437/2437 2436/2436/2436
f 2436/2436/2436 2437/2437/2437 2438/2438/2438
f 2437/2437/2437 2439/2439/2439 2438/2438/2438
f 2440/2440/2440 2441/2441/2441 2442/2442/2442
f 2442/2442/2442 2441/2441/2441 2443/2443/2443
f 2441/2441/2441 2444/2444/2444 2443/2443/2443
f 2443/2443/2443 2444/2444/2444 2445/2445/2445
f 2444/2444/2444 2446/2446/2446 2445/2445/2445
f 2445/2445/2445 2446/2446/2446 2447/2447/2447
f 2446/2446/2446 2448/2448/2448 2447/2447/2447
f 2449/2449/2449 2450/2450/2450 2451/2451/2451
f 2451/2451/2451 2450/2450/2450 2452/2452/2452
f 2450/2450/2450 2453/2453/2453 2452/2452/2452
f 2452/2452/2452 2453/2453/2453 2454/2454/2454
f 2453/2453/2453 2455/2455/2455 2454/2454/2454
f 2454/2454/2454 2455/2455/2455 2456/2456/2456
f 2455/2455/2455 2457/2457/2457 2456/2456/2456
f 2458/2458/2458 2459/2459/2459 2460/2460/2460
f 2460/2460/2460 2459/2459/2459 2461/2461/2461
f 2459/2459/2459 2462/2462/2462 2461/2461/2461
f 2461/2461/2461 2462/2462/2462 2463/2463/2463
f 2462/2462/2462 2464/2464/2464 2463/2463/2463
f 2463/2463/2463 2464/2464/2464 2465/2465/2465
f 2464/2464/2464 2466/2466/2466 2465/2465/2465
f 2467/2467/2467 2468/2468/2468 2469/2469/2469
f 2469/2469/2469 2468/2468/2468 2470/2470/2470
f 2468/2468/2468 2471/2471/2471 2470/2470/2470
f 2470/2470/2470 2471/2471/2471 2472/2472/2472
f 2471/2471/2471 2473/2473/2473 2472/2472/2472
f 2472/2472/2472 2473/2473/2473 2474/2474/2474
f 2473/2473/2473 2475/2475/2475 2474/2474/2474
f 2476/2476/2476 2477/2477/2477 2478/2478/2478
f 2478/2478/2478 2477/2477/2477 2479/2479/2479
f 2477/2477/2477 2480/2480/2480 2479/2479/2479
f 2479/2479/2479 2480/2480/2480 2481/2481/2481
f 2480/2480/2480 2482/2482/2482 2481/2481/2481
f 2481/2481/2481 2482/2482/2482 2483/2483/2483
f 2482/2482/2482 2484/2484/2484 2483/2483/2483
f 2485/2485/2485 2486/2486/2486 2487/2487/2487
f 2487/2487/2487 2486/2486/2486 2488/2488/2488
f 2486/2486/2486 2489/2489/2489 2488/2488/2488
f 2488/2488/2488 2489/2489/2489 2490/2490/2490
f 2489/2489/2489 2491/2491/2491 2490/2490/2490
f 2490/2490/2490 2491/2491/2491 2492/2492/2492
f 2491/2491/2491 2493/2493/2493 2492/2492/2492
f 2494/2494/2494 2495/2495/2495 2496/2496/2496
f 2496/2496/2496 2495/2495/2495 2497/2497/2497
f 2495/2495/2495 2498/2498/2498 2497/2497/2497
f 2497/2497/2497 2498/2498/2498 2499/2499/2499
f 2498/2498/2498 2500/2500/2500 2499/2499/2499
f 2499/2499/2499 2500/2500/2500 2501/2501/2501
f 2500/2500/2500 2502/2502/2502 2501/2501/2501
f 2503/2503/2503 2504/2504/2504 2505/2505/2505
f 2505/2505/2505 2504/2504/2504 2506/2506/2506
f 2504/2504/2504 2507/2507/2507 2506/2506/2506
f 2506/2506/2506 2507/2507/2507 2508/2508/2508
f 2507/2507/2507 2509/2509/2509 2508/2508/2508
f 2508/2508/2508 2509/2509/2509 2510/2510/2510
f 2509/2509/2509 2511/2511/2511 2510/2510/2510
f 2512/2512/2512 2513/2513/2513 2514/2514/2514
f 2514/2514/2514 2513/2513/2513 2515/2515/2515
f 2513/2513/2513 2516/2516/2516 2515/2515/2515
f 2515/2515/2515 2516/2516/2516 2517/2517/2517
f 2516/2516/2516 2518/2518/2518 2517/2517/2517
f 2517/2517/2517 2518/2518/2518 2519/2519/2519
f 2518/2518/2518 2520/2520/2520 2519/2519/2519
f 2521/2521/2521 2522/2522/2522 2523/2523/2523
f 2523/2523/2523 2522/2522/2522 2524/2524/2524
f 2522/2522/2522 2525/2525/2525 2524/2524/2524
f 2524/2524/2524 2525/2525/2525 2526/2526/2526
f 2525/2525/2525 2527/2527/2527 2526/2526/2526
f 2526/2526/2526 2527/2527/2527 2528/2528/2528
f 2527/2527/2527 2529/2529/2529 2528/2528/2528
f 2530/2530/2530 2531/2531/2531 2532/2532/2532
f 2532/2532/2532 2531/2531/2531 2533/2533/2533
f 2531/2531/2531 2534/2534/2534 2533/2533/2533
f 2533/2533/2533 2534/2534/2534 2535/2535/2535
f 2534/2534/2534 2536/2536/2536 2535/2535/2535
f 2535/2535/2535 2536/2536/2536 2537/2537/2537
f 2536/2536/2536 2538/2538/2538 2537/2537/2537
f 2539/2539/2539 2540/2540/2540 2541/2541/2541
f 2541/2541/2541 2540/2540/2540 2542/2542/2542
f 2540/2540/2540 2543/2543/2543 2542/2542/2542
f 2542/2542/2542 2543/2543/2543 2544/2544/2544
f 2543/2543/2543 2545/2545/2545 2544/2544/2544
f 2544/2544/2544 2545/2545/2545 2546/2546/2546
f 2545/2545/2545 2547/2547/2547 2546/2546/2546
f 2548/2548/2548 2549/2549/2549 2550/2550/2550
f 2550/2550/2550 2549/2549/2549 2551/2551/2551
f 2549/2549/2549 2552/2552/2552 2551/2551/2551
f 2551/2551/2551 2552/2552/2552 2553/2553/2553
f 2552/2552/2552 2554/2554/2554 2553/2553/2553
f 2553/2553/2553 2554/2554/2554 2555/2555/2555
f 2554/2554/2554 2556/2556/2556 2555/2555/2555
f 2557/2557/2557 2558/2558/2558 2559/2559/2559
f 2559/2559/2559 2558/2558/2558 2560/2560/2560
f 2558/2558/2558 2561/2561/2561 2560/2560/2560
f 2560/2560/2560 2561/2561/2561 2562/2562/2562
f 2561/2561/2561 2563/2563/2563 2562/2562/2562
f 2562/2562/2562 2563/2563/2563 2564/2564/2564
f 2563/2563/2563 2565/2565/2565 2564/2564/2564
f 2566/2566/2566 2567/2567/2567 2568/2568/2568
f 2568/2568/2568 2567/2567/2567 2569/2569/2569
f 2567/2567/2567 2570/2570/2570 2569/2569/2569
f 2569/2569/2569 2570/2570/2570 2571/2571/2571
f 2570/2570/2570 2572/2572/2572 2571/2571/2571
f 2571/2571/2571 2572/2572/2572 2573/2573/2573
f 2572/2572/2572 2574/2574/2574 2573/2573/2573
